url,http_status,markdown_file,combined,coverage,output_path
http://www.annavinpadaippugal.info/annavin_english_katturaigal_part1.htm,200,english/annavin_english_katturaigal.md,yes,covered,/Users/pugazhendhirajendran/Documents/Codex/2026-07-09/https-www-annavinpadaippugal-info/outputs/annavin_text_extractor/organized_contents/english/annavin_english_katturaigal.md
http://www.annavinpadaippugal.info/annavin_english_katturaigal_part2.htm,200,english/annavin_english_katturaigal.md,yes,covered,/Users/pugazhendhirajendran/Documents/Codex/2026-07-09/https-www-annavinpadaippugal-info/outputs/annavin_text_extractor/organized_contents/english/annavin_english_katturaigal.md
http://www.annavinpadaippugal.info/annavin_kadithangal.htm,200,kadithangal/annavin_kadithangal.md,yes,covered,/Users/pugazhendhirajendran/Documents/Codex/2026-07-09/https-www-annavinpadaippugal-info/outputs/annavin_text_extractor/organized_contents/kadithangal/annavin_kadithangal.md
http://www.annavinpadaippugal.info/annavin_kadithangal_part2.htm,200,kadithangal/annavin_kadithangal.md,yes,covered,/Users/pugazhendhirajendran/Documents/Codex/2026-07-09/https-www-annavinpadaippugal-info/outputs/annavin_text_extractor/organized_contents/kadithangal/annavin_kadithangal.md
http://www.annavinpadaippugal.info/annavin_kadithangal_part3.htm,200,kadithangal/annavin_kadithangal.md,yes,covered,/Users/pugazhendhirajendran/Documents/Codex/2026-07-09/https-www-annavinpadaippugal-info/outputs/annavin_text_extractor/organized_contents/kadithangal/annavin_kadithangal.md
http://www.annavinpadaippugal.info/annavin_katturaigal.htm,200,katturaigal/annavin_katturaigal.md,no,covered,/Users/pugazhendhirajendran/Documents/Codex/2026-07-09/https-www-annavinpadaippugal-info/outputs/annavin_text_extractor/organized_contents/katturaigal/annavin_katturaigal.md
http://www.annavinpadaippugal.info/annavin_katturaigal_1.htm,200,katturaigal/annavin_katturaigal.md,yes,covered,/Users/pugazhendhirajendran/Documents/Codex/2026-07-09/https-www-annavinpadaippugal-info/outputs/annavin_text_extractor/organized_contents/katturaigal/annavin_katturaigal.md
http://www.annavinpadaippugal.info/annavin_katturaigal_10.htm,200,katturaigal/annavin_katturaigal.md,yes,covered,/Users/pugazhendhirajendran/Documents/Codex/2026-07-09/https-www-annavinpadaippugal-info/outputs/annavin_text_extractor/organized_contents/katturaigal/annavin_katturaigal.md
http://www.annavinpadaippugal.info/annavin_katturaigal_11.htm,200,katturaigal/annavin_katturaigal.md,yes,covered,/Users/pugazhendhirajendran/Documents/Codex/2026-07-09/https-www-annavinpadaippugal-info/outputs/annavin_text_extractor/organized_contents/katturaigal/annavin_katturaigal.md
http://www.annavinpadaippugal.info/annavin_katturaigal_12.htm,200,katturaigal/annavin_katturaigal.md,yes,covered,/Users/pugazhendhirajendran/Documents/Codex/2026-07-09/https-www-annavinpadaippugal-info/outputs/annavin_text_extractor/organized_contents/katturaigal/annavin_katturaigal.md
http://www.annavinpadaippugal.info/annavin_katturaigal_13.htm,200,katturaigal/annavin_katturaigal.md,yes,covered,/Users/pugazhendhirajendran/Documents/Codex/2026-07-09/https-www-annavinpadaippugal-info/outputs/annavin_text_extractor/organized_contents/katturaigal/annavin_katturaigal.md
http://www.annavinpadaippugal.info/annavin_katturaigal_14.htm,200,katturaigal/annavin_katturaigal.md,yes,covered,/Users/pugazhendhirajendran/Documents/Codex/2026-07-09/https-www-annavinpadaippugal-info/outputs/annavin_text_extractor/organized_contents/katturaigal/annavin_katturaigal.md
http://www.annavinpadaippugal.info/annavin_katturaigal_15.htm,200,katturaigal/annavin_katturaigal.md,yes,covered,/Users/pugazhendhirajendran/Documents/Codex/2026-07-09/https-www-annavinpadaippugal-info/outputs/annavin_text_extractor/organized_contents/katturaigal/annavin_katturaigal.md
http://www.annavinpadaippugal.info/annavin_katturaigal_2.htm,200,katturaigal/annavin_katturaigal.md,yes,covered,/Users/pugazhendhirajendran/Documents/Codex/2026-07-09/https-www-annavinpadaippugal-info/outputs/annavin_text_extractor/organized_contents/katturaigal/annavin_katturaigal.md
http://www.annavinpadaippugal.info/annavin_katturaigal_3.htm,200,katturaigal/annavin_katturaigal.md,yes,covered,/Users/pugazhendhirajendran/Documents/Codex/2026-07-09/https-www-annavinpadaippugal-info/outputs/annavin_text_extractor/organized_contents/katturaigal/annavin_katturaigal.md
http://www.annavinpadaippugal.info/annavin_katturaigal_4.htm,200,katturaigal/annavin_katturaigal.md,yes,covered,/Users/pugazhendhirajendran/Documents/Codex/2026-07-09/https-www-annavinpadaippugal-info/outputs/annavin_text_extractor/organized_contents/katturaigal/annavin_katturaigal.md
http://www.annavinpadaippugal.info/annavin_katturaigal_5.htm,200,katturaigal/annavin_katturaigal.md,yes,covered,/Users/pugazhendhirajendran/Documents/Codex/2026-07-09/https-www-annavinpadaippugal-info/outputs/annavin_text_extractor/organized_contents/katturaigal/annavin_katturaigal.md
http://www.annavinpadaippugal.info/annavin_katturaigal_6.htm,200,katturaigal/annavin_katturaigal.md,yes,covered,/Users/pugazhendhirajendran/Documents/Codex/2026-07-09/https-www-annavinpadaippugal-info/outputs/annavin_text_extractor/organized_contents/katturaigal/annavin_katturaigal.md
http://www.annavinpadaippugal.info/annavin_katturaigal_7.htm,200,katturaigal/annavin_katturaigal.md,yes,covered,/Users/pugazhendhirajendran/Documents/Codex/2026-07-09/https-www-annavinpadaippugal-info/outputs/annavin_text_extractor/organized_contents/katturaigal/annavin_katturaigal.md
http://www.annavinpadaippugal.info/annavin_katturaigal_8.htm,200,katturaigal/annavin_katturaigal.md,yes,covered,/Users/pugazhendhirajendran/Documents/Codex/2026-07-09/https-www-annavinpadaippugal-info/outputs/annavin_text_extractor/organized_contents/katturaigal/annavin_katturaigal.md
http://www.annavinpadaippugal.info/annavin_katturaigal_9.htm,200,katturaigal/annavin_katturaigal.md,yes,covered,/Users/pugazhendhirajendran/Documents/Codex/2026-07-09/https-www-annavinpadaippugal-info/outputs/annavin_text_extractor/organized_contents/katturaigal/annavin_katturaigal.md
http://www.annavinpadaippugal.info/annavin_kavithaigal.htm,200,kavithaigal/annavin_kavithaigal.md,no,covered,/Users/pugazhendhirajendran/Documents/Codex/2026-07-09/https-www-annavinpadaippugal-info/outputs/annavin_text_extractor/organized_contents/kavithaigal/annavin_kavithaigal.md
http://www.annavinpadaippugal.info/annavin_kurunavalgal.htm,200,Kurunavalgal/annavin_kurunavalgal.md,no,covered,/Users/pugazhendhirajendran/Documents/Codex/2026-07-09/https-www-annavinpadaippugal-info/outputs/annavin_text_extractor/organized_contents/Kurunavalgal/annavin_kurunavalgal.md
http://www.annavinpadaippugal.info/annavin_nadagangal.htm,200,nadagangal/annavin_nadagangal.md,no,covered,/Users/pugazhendhirajendran/Documents/Codex/2026-07-09/https-www-annavinpadaippugal-info/outputs/annavin_text_extractor/organized_contents/nadagangal/annavin_nadagangal.md
http://www.annavinpadaippugal.info/annavin_navalgal.htm,200,navalgal/annavin_navalgal.md,no,covered,/Users/pugazhendhirajendran/Documents/Codex/2026-07-09/https-www-annavinpadaippugal-info/outputs/annavin_text_extractor/organized_contents/navalgal/annavin_navalgal.md
http://www.annavinpadaippugal.info/annavin_oviyam_attai.htm,200,oviyam/annavin_oviyam_attai.md,no,covered,/Users/pugazhendhirajendran/Documents/Codex/2026-07-09/https-www-annavinpadaippugal-info/outputs/annavin_text_extractor/organized_contents/oviyam/annavin_oviyam_attai.md
http://www.annavinpadaippugal.info/annavin_oviyam_kaiezhuthu.htm,200,oviyam/annavin_oviyam_kaiezhuthu.md,no,covered,/Users/pugazhendhirajendran/Documents/Codex/2026-07-09/https-www-annavinpadaippugal-info/outputs/annavin_text_extractor/organized_contents/oviyam/annavin_oviyam_kaiezhuthu.md
http://www.annavinpadaippugal.info/annavin_oviyam_kpadam.htm,200,oviyam/annavin_oviyam_kpadam.md,no,covered,/Users/pugazhendhirajendran/Documents/Codex/2026-07-09/https-www-annavinpadaippugal-info/outputs/annavin_text_extractor/organized_contents/oviyam/annavin_oviyam_kpadam.md
http://www.annavinpadaippugal.info/annavin_oviyam_pathirikai.htm,200,oviyam/annavin_oviyam_pathirikai.md,no,covered,/Users/pugazhendhirajendran/Documents/Codex/2026-07-09/https-www-annavinpadaippugal-info/outputs/annavin_text_extractor/organized_contents/oviyam/annavin_oviyam_pathirikai.md
http://www.annavinpadaippugal.info/annavin_oviyam_suvarotti.htm,200,oviyam/annavin_oviyam_suvarotti.md,no,covered,/Users/pugazhendhirajendran/Documents/Codex/2026-07-09/https-www-annavinpadaippugal-info/outputs/annavin_text_extractor/organized_contents/oviyam/annavin_oviyam_suvarotti.md
http://www.annavinpadaippugal.info/annavin_oviyam_vilambaram.htm,200,oviyam/annavin_oviyam_vilambaram.md,no,covered,/Users/pugazhendhirajendran/Documents/Codex/2026-07-09/https-www-annavinpadaippugal-info/outputs/annavin_text_extractor/organized_contents/oviyam/annavin_oviyam_vilambaram.md
http://www.annavinpadaippugal.info/annavin_pugaipadangal_1.html,200,photos/annavin_pugaipadangal.md,yes,covered,/Users/pugazhendhirajendran/Documents/Codex/2026-07-09/https-www-annavinpadaippugal-info/outputs/annavin_text_extractor/organized_contents/photos/annavin_pugaipadangal.md
http://www.annavinpadaippugal.info/annavin_pugaipadangal_10.html,200,photos/annavin_pugaipadangal.md,yes,covered,/Users/pugazhendhirajendran/Documents/Codex/2026-07-09/https-www-annavinpadaippugal-info/outputs/annavin_text_extractor/organized_contents/photos/annavin_pugaipadangal.md
http://www.annavinpadaippugal.info/annavin_pugaipadangal_1909_19.htm,200,photos/annavin_pugaipadangal_1909_19.md,no,covered,/Users/pugazhendhirajendran/Documents/Codex/2026-07-09/https-www-annavinpadaippugal-info/outputs/annavin_text_extractor/organized_contents/photos/annavin_pugaipadangal_1909_19.md
http://www.annavinpadaippugal.info/annavin_pugaipadangal_1920_29.htm,200,photos/annavin_pugaipadangal_1920_29.md,no,covered,/Users/pugazhendhirajendran/Documents/Codex/2026-07-09/https-www-annavinpadaippugal-info/outputs/annavin_text_extractor/organized_contents/photos/annavin_pugaipadangal_1920_29.md
http://www.annavinpadaippugal.info/annavin_pugaipadangal_1930_39.htm,200,photos/annavin_pugaipadangal_1930_39.md,no,covered,/Users/pugazhendhirajendran/Documents/Codex/2026-07-09/https-www-annavinpadaippugal-info/outputs/annavin_text_extractor/organized_contents/photos/annavin_pugaipadangal_1930_39.md
http://www.annavinpadaippugal.info/annavin_pugaipadangal_1940_49.htm,200,photos/annavin_pugaipadangal_1940_49.md,no,covered,/Users/pugazhendhirajendran/Documents/Codex/2026-07-09/https-www-annavinpadaippugal-info/outputs/annavin_text_extractor/organized_contents/photos/annavin_pugaipadangal_1940_49.md
http://www.annavinpadaippugal.info/annavin_pugaipadangal_1950_59.htm,200,photos/annavin_pugaipadangal_1950_59.md,no,covered,/Users/pugazhendhirajendran/Documents/Codex/2026-07-09/https-www-annavinpadaippugal-info/outputs/annavin_text_extractor/organized_contents/photos/annavin_pugaipadangal_1950_59.md
http://www.annavinpadaippugal.info/annavin_pugaipadangal_1960_69.htm,200,photos/annavin_pugaipadangal_1960_69.md,no,covered,/Users/pugazhendhirajendran/Documents/Codex/2026-07-09/https-www-annavinpadaippugal-info/outputs/annavin_text_extractor/organized_contents/photos/annavin_pugaipadangal_1960_69.md
http://www.annavinpadaippugal.info/annavin_pugaipadangal_1960_69_1.htm,200,photos/annavin_pugaipadangal_1960_69.md,yes,covered,/Users/pugazhendhirajendran/Documents/Codex/2026-07-09/https-www-annavinpadaippugal-info/outputs/annavin_text_extractor/organized_contents/photos/annavin_pugaipadangal_1960_69.md
http://www.annavinpadaippugal.info/annavin_pugaipadangal_1960_69_10.htm,200,photos/annavin_pugaipadangal_1960_69.md,yes,covered,/Users/pugazhendhirajendran/Documents/Codex/2026-07-09/https-www-annavinpadaippugal-info/outputs/annavin_text_extractor/organized_contents/photos/annavin_pugaipadangal_1960_69.md
http://www.annavinpadaippugal.info/annavin_pugaipadangal_1960_69_2.htm,200,photos/annavin_pugaipadangal_1960_69.md,yes,covered,/Users/pugazhendhirajendran/Documents/Codex/2026-07-09/https-www-annavinpadaippugal-info/outputs/annavin_text_extractor/organized_contents/photos/annavin_pugaipadangal_1960_69.md
http://www.annavinpadaippugal.info/annavin_pugaipadangal_1960_69_3.htm,200,photos/annavin_pugaipadangal_1960_69.md,yes,covered,/Users/pugazhendhirajendran/Documents/Codex/2026-07-09/https-www-annavinpadaippugal-info/outputs/annavin_text_extractor/organized_contents/photos/annavin_pugaipadangal_1960_69.md
http://www.annavinpadaippugal.info/annavin_pugaipadangal_1960_69_4.htm,200,photos/annavin_pugaipadangal_1960_69.md,yes,covered,/Users/pugazhendhirajendran/Documents/Codex/2026-07-09/https-www-annavinpadaippugal-info/outputs/annavin_text_extractor/organized_contents/photos/annavin_pugaipadangal_1960_69.md
http://www.annavinpadaippugal.info/annavin_pugaipadangal_1960_69_5.htm,200,photos/annavin_pugaipadangal_1960_69.md,yes,covered,/Users/pugazhendhirajendran/Documents/Codex/2026-07-09/https-www-annavinpadaippugal-info/outputs/annavin_text_extractor/organized_contents/photos/annavin_pugaipadangal_1960_69.md
http://www.annavinpadaippugal.info/annavin_pugaipadangal_1960_69_6.htm,200,photos/annavin_pugaipadangal_1960_69.md,yes,covered,/Users/pugazhendhirajendran/Documents/Codex/2026-07-09/https-www-annavinpadaippugal-info/outputs/annavin_text_extractor/organized_contents/photos/annavin_pugaipadangal_1960_69.md
http://www.annavinpadaippugal.info/annavin_pugaipadangal_1960_69_7.htm,200,photos/annavin_pugaipadangal_1960_69.md,yes,covered,/Users/pugazhendhirajendran/Documents/Codex/2026-07-09/https-www-annavinpadaippugal-info/outputs/annavin_text_extractor/organized_contents/photos/annavin_pugaipadangal_1960_69.md
http://www.annavinpadaippugal.info/annavin_pugaipadangal_1960_69_8.htm,200,photos/annavin_pugaipadangal_1960_69.md,yes,covered,/Users/pugazhendhirajendran/Documents/Codex/2026-07-09/https-www-annavinpadaippugal-info/outputs/annavin_text_extractor/organized_contents/photos/annavin_pugaipadangal_1960_69.md
http://www.annavinpadaippugal.info/annavin_pugaipadangal_1960_69_9.htm,200,photos/annavin_pugaipadangal_1960_69.md,yes,covered,/Users/pugazhendhirajendran/Documents/Codex/2026-07-09/https-www-annavinpadaippugal-info/outputs/annavin_text_extractor/organized_contents/photos/annavin_pugaipadangal_1960_69.md
http://www.annavinpadaippugal.info/annavin_pugaipadangal_2.html,200,photos/annavin_pugaipadangal.md,yes,covered,/Users/pugazhendhirajendran/Documents/Codex/2026-07-09/https-www-annavinpadaippugal-info/outputs/annavin_text_extractor/organized_contents/photos/annavin_pugaipadangal.md
http://www.annavinpadaippugal.info/annavin_pugaipadangal_3.html,200,photos/annavin_pugaipadangal.md,yes,covered,/Users/pugazhendhirajendran/Documents/Codex/2026-07-09/https-www-annavinpadaippugal-info/outputs/annavin_text_extractor/organized_contents/photos/annavin_pugaipadangal.md
http://www.annavinpadaippugal.info/annavin_pugaipadangal_4.html,200,photos/annavin_pugaipadangal.md,yes,covered,/Users/pugazhendhirajendran/Documents/Codex/2026-07-09/https-www-annavinpadaippugal-info/outputs/annavin_text_extractor/organized_contents/photos/annavin_pugaipadangal.md
http://www.annavinpadaippugal.info/annavin_pugaipadangal_5.html,200,photos/annavin_pugaipadangal.md,yes,covered,/Users/pugazhendhirajendran/Documents/Codex/2026-07-09/https-www-annavinpadaippugal-info/outputs/annavin_text_extractor/organized_contents/photos/annavin_pugaipadangal.md
http://www.annavinpadaippugal.info/annavin_pugaipadangal_6.html,200,photos/annavin_pugaipadangal.md,yes,covered,/Users/pugazhendhirajendran/Documents/Codex/2026-07-09/https-www-annavinpadaippugal-info/outputs/annavin_text_extractor/organized_contents/photos/annavin_pugaipadangal.md
http://www.annavinpadaippugal.info/annavin_pugaipadangal_7.html,200,photos/annavin_pugaipadangal.md,yes,covered,/Users/pugazhendhirajendran/Documents/Codex/2026-07-09/https-www-annavinpadaippugal-info/outputs/annavin_text_extractor/organized_contents/photos/annavin_pugaipadangal.md
http://www.annavinpadaippugal.info/annavin_pugaipadangal_8.html,200,photos/annavin_pugaipadangal.md,yes,covered,/Users/pugazhendhirajendran/Documents/Codex/2026-07-09/https-www-annavinpadaippugal-info/outputs/annavin_text_extractor/organized_contents/photos/annavin_pugaipadangal.md
http://www.annavinpadaippugal.info/annavin_pugaipadangal_9.html,200,photos/annavin_pugaipadangal.md,yes,covered,/Users/pugazhendhirajendran/Documents/Codex/2026-07-09/https-www-annavinpadaippugal-info/outputs/annavin_text_extractor/organized_contents/photos/annavin_pugaipadangal.md
http://www.annavinpadaippugal.info/annavin_sirukathaigal.htm,200,sirukathaigal/annavin_sirukathaigal.md,no,covered,/Users/pugazhendhirajendran/Documents/Codex/2026-07-09/https-www-annavinpadaippugal-info/outputs/annavin_text_extractor/organized_contents/sirukathaigal/annavin_sirukathaigal.md
http://www.annavinpadaippugal.info/contact.htm,200,contact.md,no,covered,/Users/pugazhendhirajendran/Documents/Codex/2026-07-09/https-www-annavinpadaippugal-info/outputs/annavin_text_extractor/organized_contents/contact.md
http://www.annavinpadaippugal.info/home.htm,200,home.md,no,covered,/Users/pugazhendhirajendran/Documents/Codex/2026-07-09/https-www-annavinpadaippugal-info/outputs/annavin_text_extractor/organized_contents/home.md
http://www.annavinpadaippugal.info/kadithangal/1961_kaana_thittama.htm,200,kadithangal/1961_kaana_thittama.md,no,covered,/Users/pugazhendhirajendran/Documents/Codex/2026-07-09/https-www-annavinpadaippugal-info/outputs/annavin_text_extractor/organized_contents/kadithangal/1961_kaana_thittama.md
http://www.annavinpadaippugal.info/kadithangal/aalayilla_ooril.htm,200,kadithangal/aalayilla_ooril.md,no,covered,/Users/pugazhendhirajendran/Documents/Codex/2026-07-09/https-www-annavinpadaippugal-info/outputs/annavin_text_extractor/organized_contents/kadithangal/aalayilla_ooril.md
http://www.annavinpadaippugal.info/kadithangal/aalinganamum_1.htm,200,kadithangal/aalinganamum.md,yes,covered,/Users/pugazhendhirajendran/Documents/Codex/2026-07-09/https-www-annavinpadaippugal-info/outputs/annavin_text_extractor/organized_contents/kadithangal/aalinganamum.md
http://www.annavinpadaippugal.info/kadithangal/aalinganamum_2.htm,200,kadithangal/aalinganamum.md,yes,covered,/Users/pugazhendhirajendran/Documents/Codex/2026-07-09/https-www-annavinpadaippugal-info/outputs/annavin_text_extractor/organized_contents/kadithangal/aalinganamum.md
http://www.annavinpadaippugal.info/kadithangal/aanai_piranthathu_1.htm,200,kadithangal/aanai_piranthathu_1.md,no,covered,/Users/pugazhendhirajendran/Documents/Codex/2026-07-09/https-www-annavinpadaippugal-info/outputs/annavin_text_extractor/organized_contents/kadithangal/aanai_piranthathu_1.md
http://www.annavinpadaippugal.info/kadithangal/aanal_agavae_1.htm,200,kadithangal/aanal_agavae.md,yes,covered,/Users/pugazhendhirajendran/Documents/Codex/2026-07-09/https-www-annavinpadaippugal-info/outputs/annavin_text_extractor/organized_contents/kadithangal/aanal_agavae.md
http://www.annavinpadaippugal.info/kadithangal/aanal_agavae_2.htm,200,kadithangal/aanal_agavae.md,yes,covered,/Users/pugazhendhirajendran/Documents/Codex/2026-07-09/https-www-annavinpadaippugal-info/outputs/annavin_text_extractor/organized_contents/kadithangal/aanal_agavae.md
http://www.annavinpadaippugal.info/kadithangal/aariyam_irukum_idam.htm,200,kadithangal/aariyam_irukum_idam.md,no,covered,/Users/pugazhendhirajendran/Documents/Codex/2026-07-09/https-www-annavinpadaippugal-info/outputs/annavin_text_extractor/organized_contents/kadithangal/aariyam_irukum_idam.md
http://www.annavinpadaippugal.info/kadithangal/aavadiyum_kaavadiyum.htm,200,kadithangal/aavadiyum_kaavadiyum.md,no,covered,/Users/pugazhendhirajendran/Documents/Codex/2026-07-09/https-www-annavinpadaippugal-info/outputs/annavin_text_extractor/organized_contents/kadithangal/aavadiyum_kaavadiyum.md
http://www.annavinpadaippugal.info/kadithangal/aazhamam_kuzhiyam_1.htm,200,kadithangal/aazhamam_kuzhiyam.md,yes,covered,/Users/pugazhendhirajendran/Documents/Codex/2026-07-09/https-www-annavinpadaippugal-info/outputs/annavin_text_extractor/organized_contents/kadithangal/aazhamam_kuzhiyam.md
http://www.annavinpadaippugal.info/kadithangal/aazhamam_kuzhiyam_2.htm,200,kadithangal/aazhamam_kuzhiyam.md,yes,covered,/Users/pugazhendhirajendran/Documents/Codex/2026-07-09/https-www-annavinpadaippugal-info/outputs/annavin_text_extractor/organized_contents/kadithangal/aazhamam_kuzhiyam.md
http://www.annavinpadaippugal.info/kadithangal/adakkumurai_kural_1.htm,200,kadithangal/adakkumurai_kural.md,yes,covered,/Users/pugazhendhirajendran/Documents/Codex/2026-07-09/https-www-annavinpadaippugal-info/outputs/annavin_text_extractor/organized_contents/kadithangal/adakkumurai_kural.md
http://www.annavinpadaippugal.info/kadithangal/adakkumurai_kural_2.htm,200,kadithangal/adakkumurai_kural.md,yes,covered,/Users/pugazhendhirajendran/Documents/Codex/2026-07-09/https-www-annavinpadaippugal-info/outputs/annavin_text_extractor/organized_contents/kadithangal/adakkumurai_kural.md
http://www.annavinpadaippugal.info/kadithangal/adithalum_anaithalum.htm,200,kadithangal/adithalum_anaithalum.md,no,covered,/Users/pugazhendhirajendran/Documents/Codex/2026-07-09/https-www-annavinpadaippugal-info/outputs/annavin_text_extractor/organized_contents/kadithangal/adithalum_anaithalum.md
http://www.annavinpadaippugal.info/kadithangal/aezhai_soll_1.htm,200,kadithangal/aezhai_soll.md,yes,covered,/Users/pugazhendhirajendran/Documents/Codex/2026-07-09/https-www-annavinpadaippugal-info/outputs/annavin_text_extractor/organized_contents/kadithangal/aezhai_soll.md
http://www.annavinpadaippugal.info/kadithangal/aezhai_soll_2.htm,200,kadithangal/aezhai_soll.md,yes,covered,/Users/pugazhendhirajendran/Documents/Codex/2026-07-09/https-www-annavinpadaippugal-info/outputs/annavin_text_extractor/organized_contents/kadithangal/aezhai_soll.md
http://www.annavinpadaippugal.info/kadithangal/aezhmayin_ezhilkettu_1.htm,200,kadithangal/aezhmayin_ezhilkettu.md,yes,covered,/Users/pugazhendhirajendran/Documents/Codex/2026-07-09/https-www-annavinpadaippugal-info/outputs/annavin_text_extractor/organized_contents/kadithangal/aezhmayin_ezhilkettu.md
http://www.annavinpadaippugal.info/kadithangal/aezhmayin_ezhilkettu_2.htm,200,kadithangal/aezhmayin_ezhilkettu.md,yes,covered,/Users/pugazhendhirajendran/Documents/Codex/2026-07-09/https-www-annavinpadaippugal-info/outputs/annavin_text_extractor/organized_contents/kadithangal/aezhmayin_ezhilkettu.md
http://www.annavinpadaippugal.info/kadithangal/aezhmayin_ezhilkettu_3.htm,200,kadithangal/aezhmayin_ezhilkettu.md,yes,covered,/Users/pugazhendhirajendran/Documents/Codex/2026-07-09/https-www-annavinpadaippugal-info/outputs/annavin_text_extractor/organized_contents/kadithangal/aezhmayin_ezhilkettu.md
http://www.annavinpadaippugal.info/kadithangal/agalikayum_achariyarum.htm,200,kadithangal/agalikayum_achariyarum.md,no,covered,/Users/pugazhendhirajendran/Documents/Codex/2026-07-09/https-www-annavinpadaippugal-info/outputs/annavin_text_extractor/organized_contents/kadithangal/agalikayum_achariyarum.md
http://www.annavinpadaippugal.info/kadithangal/agamum_puramum_1.htm,200,kadithangal/agamum_puramum.md,yes,covered,/Users/pugazhendhirajendran/Documents/Codex/2026-07-09/https-www-annavinpadaippugal-info/outputs/annavin_text_extractor/organized_contents/kadithangal/agamum_puramum.md
http://www.annavinpadaippugal.info/kadithangal/agamum_puramum_2.htm,200,kadithangal/agamum_puramum.md,yes,covered,/Users/pugazhendhirajendran/Documents/Codex/2026-07-09/https-www-annavinpadaippugal-info/outputs/annavin_text_extractor/organized_contents/kadithangal/agamum_puramum.md
http://www.annavinpadaippugal.info/kadithangal/ainthukaal_pasu_1.htm,200,kadithangal/ainthukaal_pasu.md,yes,covered,/Users/pugazhendhirajendran/Documents/Codex/2026-07-09/https-www-annavinpadaippugal-info/outputs/annavin_text_extractor/organized_contents/kadithangal/ainthukaal_pasu.md
http://www.annavinpadaippugal.info/kadithangal/ainthukaal_pasu_2.htm,200,kadithangal/ainthukaal_pasu.md,yes,covered,/Users/pugazhendhirajendran/Documents/Codex/2026-07-09/https-www-annavinpadaippugal-info/outputs/annavin_text_extractor/organized_contents/kadithangal/ainthukaal_pasu.md
http://www.annavinpadaippugal.info/kadithangal/alavukol_ethu.htm,200,kadithangal/alavukol_ethu.md,no,covered,/Users/pugazhendhirajendran/Documents/Codex/2026-07-09/https-www-annavinpadaippugal-info/outputs/annavin_text_extractor/organized_contents/kadithangal/alavukol_ethu.md
http://www.annavinpadaippugal.info/kadithangal/ambum_aeniyum_1.htm,200,kadithangal/ambum_aeniyum.md,yes,covered,/Users/pugazhendhirajendran/Documents/Codex/2026-07-09/https-www-annavinpadaippugal-info/outputs/annavin_text_extractor/organized_contents/kadithangal/ambum_aeniyum.md
http://www.annavinpadaippugal.info/kadithangal/ambum_aeniyum_2.htm,200,kadithangal/ambum_aeniyum.md,yes,covered,/Users/pugazhendhirajendran/Documents/Codex/2026-07-09/https-www-annavinpadaippugal-info/outputs/annavin_text_extractor/organized_contents/kadithangal/ambum_aeniyum.md
http://www.annavinpadaippugal.info/kadithangal/anbil_azhaikirar_1.htm,200,kadithangal/anbil_azhaikirar.md,yes,covered,/Users/pugazhendhirajendran/Documents/Codex/2026-07-09/https-www-annavinpadaippugal-info/outputs/annavin_text_extractor/organized_contents/kadithangal/anbil_azhaikirar.md
http://www.annavinpadaippugal.info/kadithangal/anbil_azhaikirar_2.htm,200,kadithangal/anbil_azhaikirar.md,yes,covered,/Users/pugazhendhirajendran/Documents/Codex/2026-07-09/https-www-annavinpadaippugal-info/outputs/annavin_text_extractor/organized_contents/kadithangal/anbil_azhaikirar.md
http://www.annavinpadaippugal.info/kadithangal/angae_bavanam.htm,200,kadithangal/angae_bavanam.md,no,covered,/Users/pugazhendhirajendran/Documents/Codex/2026-07-09/https-www-annavinpadaippugal-info/outputs/annavin_text_extractor/organized_contents/kadithangal/angae_bavanam.md
http://www.annavinpadaippugal.info/kadithangal/annamendrum_sornamendrum_1.htm,200,kadithangal/annamendrum_sornamendrum_1.md,no,covered,/Users/pugazhendhirajendran/Documents/Codex/2026-07-09/https-www-annavinpadaippugal-info/outputs/annavin_text_extractor/organized_contents/kadithangal/annamendrum_sornamendrum_1.md
http://www.annavinpadaippugal.info/kadithangal/annamendrum_sornamendrum_2_1.htm,200,kadithangal/annamendrum_sornamendrum_2.md,yes,covered,/Users/pugazhendhirajendran/Documents/Codex/2026-07-09/https-www-annavinpadaippugal-info/outputs/annavin_text_extractor/organized_contents/kadithangal/annamendrum_sornamendrum_2.md
http://www.annavinpadaippugal.info/kadithangal/annamendrum_sornamendrum_2_2.htm,200,kadithangal/annamendrum_sornamendrum_2.md,yes,covered,/Users/pugazhendhirajendran/Documents/Codex/2026-07-09/https-www-annavinpadaippugal-info/outputs/annavin_text_extractor/organized_contents/kadithangal/annamendrum_sornamendrum_2.md
http://www.annavinpadaippugal.info/kadithangal/anubavi_raja_1.htm,200,kadithangal/anubavi_raja.md,yes,covered,/Users/pugazhendhirajendran/Documents/Codex/2026-07-09/https-www-annavinpadaippugal-info/outputs/annavin_text_extractor/organized_contents/kadithangal/anubavi_raja.md
http://www.annavinpadaippugal.info/kadithangal/anubavi_raja_2.htm,200,kadithangal/anubavi_raja.md,yes,covered,/Users/pugazhendhirajendran/Documents/Codex/2026-07-09/https-www-annavinpadaippugal-info/outputs/annavin_text_extractor/organized_contents/kadithangal/anubavi_raja.md
http://www.annavinpadaippugal.info/kadithangal/appothae_seitha_mudivu_1.htm,200,kadithangal/appothae_seitha_mudivu.md,yes,covered,/Users/pugazhendhirajendran/Documents/Codex/2026-07-09/https-www-annavinpadaippugal-info/outputs/annavin_text_extractor/organized_contents/kadithangal/appothae_seitha_mudivu.md
http://www.annavinpadaippugal.info/kadithangal/appothae_seitha_mudivu_2.htm,200,kadithangal/appothae_seitha_mudivu.md,yes,covered,/Users/pugazhendhirajendran/Documents/Codex/2026-07-09/https-www-annavinpadaippugal-info/outputs/annavin_text_extractor/organized_contents/kadithangal/appothae_seitha_mudivu.md
http://www.annavinpadaippugal.info/kadithangal/arachalai_1.htm,200,kadithangal/arachalai.md,yes,covered,/Users/pugazhendhirajendran/Documents/Codex/2026-07-09/https-www-annavinpadaippugal-info/outputs/annavin_text_extractor/organized_contents/kadithangal/arachalai.md
http://www.annavinpadaippugal.info/kadithangal/arachalai_2.htm,200,kadithangal/arachalai.md,yes,covered,/Users/pugazhendhirajendran/Documents/Codex/2026-07-09/https-www-annavinpadaippugal-info/outputs/annavin_text_extractor/organized_contents/kadithangal/arachalai.md
http://www.annavinpadaippugal.info/kadithangal/araikoovuhirar_1.htm,200,kadithangal/araikoovuhirar.md,yes,covered,/Users/pugazhendhirajendran/Documents/Codex/2026-07-09/https-www-annavinpadaippugal-info/outputs/annavin_text_extractor/organized_contents/kadithangal/araikoovuhirar.md
http://www.annavinpadaippugal.info/kadithangal/araikoovuhirar_2.htm,200,kadithangal/araikoovuhirar.md,yes,covered,/Users/pugazhendhirajendran/Documents/Codex/2026-07-09/https-www-annavinpadaippugal-info/outputs/annavin_text_extractor/organized_contents/kadithangal/araikoovuhirar.md
http://www.annavinpadaippugal.info/kadithangal/arappor_ninaivugal_1.htm,200,kadithangal/arappor_ninaivugal.md,yes,covered,/Users/pugazhendhirajendran/Documents/Codex/2026-07-09/https-www-annavinpadaippugal-info/outputs/annavin_text_extractor/organized_contents/kadithangal/arappor_ninaivugal.md
http://www.annavinpadaippugal.info/kadithangal/arappor_ninaivugal_2.htm,200,kadithangal/arappor_ninaivugal.md,yes,covered,/Users/pugazhendhirajendran/Documents/Codex/2026-07-09/https-www-annavinpadaippugal-info/outputs/annavin_text_extractor/organized_contents/kadithangal/arappor_ninaivugal.md
http://www.annavinpadaippugal.info/kadithangal/arasiyal_matrum_1.htm,200,kadithangal/arasiyal_matrum.md,yes,covered,/Users/pugazhendhirajendran/Documents/Codex/2026-07-09/https-www-annavinpadaippugal-info/outputs/annavin_text_extractor/organized_contents/kadithangal/arasiyal_matrum.md
http://www.annavinpadaippugal.info/kadithangal/arasiyal_matrum_2.htm,200,kadithangal/arasiyal_matrum.md,yes,covered,/Users/pugazhendhirajendran/Documents/Codex/2026-07-09/https-www-annavinpadaippugal-info/outputs/annavin_text_extractor/organized_contents/kadithangal/arasiyal_matrum.md
http://www.annavinpadaippugal.info/kadithangal/arasiyal_vinthaigal_1.htm,200,kadithangal/arasiyal_vinthaigal.md,yes,covered,/Users/pugazhendhirajendran/Documents/Codex/2026-07-09/https-www-annavinpadaippugal-info/outputs/annavin_text_extractor/organized_contents/kadithangal/arasiyal_vinthaigal.md
http://www.annavinpadaippugal.info/kadithangal/arasiyal_vinthaigal_2.htm,200,kadithangal/arasiyal_vinthaigal.md,yes,covered,/Users/pugazhendhirajendran/Documents/Codex/2026-07-09/https-www-annavinpadaippugal-info/outputs/annavin_text_extractor/organized_contents/kadithangal/arasiyal_vinthaigal.md
http://www.annavinpadaippugal.info/kadithangal/arimaa_noaku.htm,200,kadithangal/arimaa_noaku.md,no,covered,/Users/pugazhendhirajendran/Documents/Codex/2026-07-09/https-www-annavinpadaippugal-info/outputs/annavin_text_extractor/organized_contents/kadithangal/arimaa_noaku.md
http://www.annavinpadaippugal.info/kadithangal/aruvadayum_anivaguppum_1_1.htm,200,kadithangal/aruvadayum_anivaguppum_1.md,yes,covered,/Users/pugazhendhirajendran/Documents/Codex/2026-07-09/https-www-annavinpadaippugal-info/outputs/annavin_text_extractor/organized_contents/kadithangal/aruvadayum_anivaguppum_1.md
http://www.annavinpadaippugal.info/kadithangal/aruvadayum_anivaguppum_1_2.htm,200,kadithangal/aruvadayum_anivaguppum_1.md,yes,covered,/Users/pugazhendhirajendran/Documents/Codex/2026-07-09/https-www-annavinpadaippugal-info/outputs/annavin_text_extractor/organized_contents/kadithangal/aruvadayum_anivaguppum_1.md
http://www.annavinpadaippugal.info/kadithangal/aruvadayum_anivaguppum_2_1.htm,200,kadithangal/aruvadayum_anivaguppum_2.md,yes,covered,/Users/pugazhendhirajendran/Documents/Codex/2026-07-09/https-www-annavinpadaippugal-info/outputs/annavin_text_extractor/organized_contents/kadithangal/aruvadayum_anivaguppum_2.md
http://www.annavinpadaippugal.info/kadithangal/aruvadayum_anivaguppum_2_2.htm,200,kadithangal/aruvadayum_anivaguppum_2.md,yes,covered,/Users/pugazhendhirajendran/Documents/Codex/2026-07-09/https-www-annavinpadaippugal-info/outputs/annavin_text_extractor/organized_contents/kadithangal/aruvadayum_anivaguppum_2.md
http://www.annavinpadaippugal.info/kadithangal/aruvadayum_anivaguppum_3_1.htm,200,kadithangal/aruvadayum_anivaguppum_3.md,yes,covered,/Users/pugazhendhirajendran/Documents/Codex/2026-07-09/https-www-annavinpadaippugal-info/outputs/annavin_text_extractor/organized_contents/kadithangal/aruvadayum_anivaguppum_3.md
http://www.annavinpadaippugal.info/kadithangal/aruvadayum_anivaguppum_3_2.htm,200,kadithangal/aruvadayum_anivaguppum_3.md,yes,covered,/Users/pugazhendhirajendran/Documents/Codex/2026-07-09/https-www-annavinpadaippugal-info/outputs/annavin_text_extractor/organized_contents/kadithangal/aruvadayum_anivaguppum_3.md
http://www.annavinpadaippugal.info/kadithangal/aruvadayum_anivaguppum_4_1.htm,200,kadithangal/aruvadayum_anivaguppum_4.md,yes,covered,/Users/pugazhendhirajendran/Documents/Codex/2026-07-09/https-www-annavinpadaippugal-info/outputs/annavin_text_extractor/organized_contents/kadithangal/aruvadayum_anivaguppum_4.md
http://www.annavinpadaippugal.info/kadithangal/aruvadayum_anivaguppum_4_2.htm,200,kadithangal/aruvadayum_anivaguppum_4.md,yes,covered,/Users/pugazhendhirajendran/Documents/Codex/2026-07-09/https-www-annavinpadaippugal-info/outputs/annavin_text_extractor/organized_contents/kadithangal/aruvadayum_anivaguppum_4.md
http://www.annavinpadaippugal.info/kadithangal/atchiyalar_manappokku_1.htm,200,kadithangal/atchiyalar_manappokku.md,yes,covered,/Users/pugazhendhirajendran/Documents/Codex/2026-07-09/https-www-annavinpadaippugal-info/outputs/annavin_text_extractor/organized_contents/kadithangal/atchiyalar_manappokku.md
http://www.annavinpadaippugal.info/kadithangal/atchiyalar_manappokku_2.htm,200,kadithangal/atchiyalar_manappokku.md,yes,covered,/Users/pugazhendhirajendran/Documents/Codex/2026-07-09/https-www-annavinpadaippugal-info/outputs/annavin_text_extractor/organized_contents/kadithangal/atchiyalar_manappokku.md
http://www.annavinpadaippugal.info/kadithangal/atom_bohm_aandiyappan_1.htm,200,kadithangal/atom_bohm_aandiyappan.md,yes,covered,/Users/pugazhendhirajendran/Documents/Codex/2026-07-09/https-www-annavinpadaippugal-info/outputs/annavin_text_extractor/organized_contents/kadithangal/atom_bohm_aandiyappan.md
http://www.annavinpadaippugal.info/kadithangal/atom_bohm_aandiyappan_2.htm,200,kadithangal/atom_bohm_aandiyappan.md,yes,covered,/Users/pugazhendhirajendran/Documents/Codex/2026-07-09/https-www-annavinpadaippugal-info/outputs/annavin_text_extractor/organized_contents/kadithangal/atom_bohm_aandiyappan.md
http://www.annavinpadaippugal.info/kadithangal/atthar_viyabaram.htm,200,kadithangal/atthar_viyabaram.md,no,covered,/Users/pugazhendhirajendran/Documents/Codex/2026-07-09/https-www-annavinpadaippugal-info/outputs/annavin_text_extractor/organized_contents/kadithangal/atthar_viyabaram.md
http://www.annavinpadaippugal.info/kadithangal/avar_padum_allal.htm,200,kadithangal/avar_padum_allal.md,no,covered,/Users/pugazhendhirajendran/Documents/Codex/2026-07-09/https-www-annavinpadaippugal-info/outputs/annavin_text_extractor/organized_contents/kadithangal/avar_padum_allal.md
http://www.annavinpadaippugal.info/kadithangal/ayya_soaru_1.htm,200,kadithangal/ayya_soaru.md,yes,covered,/Users/pugazhendhirajendran/Documents/Codex/2026-07-09/https-www-annavinpadaippugal-info/outputs/annavin_text_extractor/organized_contents/kadithangal/ayya_soaru.md
http://www.annavinpadaippugal.info/kadithangal/ayya_soaru_2.htm,200,kadithangal/ayya_soaru.md,yes,covered,/Users/pugazhendhirajendran/Documents/Codex/2026-07-09/https-www-annavinpadaippugal-info/outputs/annavin_text_extractor/organized_contents/kadithangal/ayya_soaru.md
http://www.annavinpadaippugal.info/kadithangal/azhiya_selvam_1.htm,200,kadithangal/azhiya_selvam.md,yes,covered,/Users/pugazhendhirajendran/Documents/Codex/2026-07-09/https-www-annavinpadaippugal-info/outputs/annavin_text_extractor/organized_contents/kadithangal/azhiya_selvam.md
http://www.annavinpadaippugal.info/kadithangal/azhiya_selvam_2.htm,200,kadithangal/azhiya_selvam.md,yes,covered,/Users/pugazhendhirajendran/Documents/Codex/2026-07-09/https-www-annavinpadaippugal-info/outputs/annavin_text_extractor/organized_contents/kadithangal/azhiya_selvam.md
http://www.annavinpadaippugal.info/kadithangal/azhiya_selvam_3.htm,200,kadithangal/azhiya_selvam.md,yes,covered,/Users/pugazhendhirajendran/Documents/Codex/2026-07-09/https-www-annavinpadaippugal-info/outputs/annavin_text_extractor/organized_contents/kadithangal/azhiya_selvam.md
http://www.annavinpadaippugal.info/kadithangal/babuvin_bavani_1.htm,200,kadithangal/babuvin_bavani.md,yes,covered,/Users/pugazhendhirajendran/Documents/Codex/2026-07-09/https-www-annavinpadaippugal-info/outputs/annavin_text_extractor/organized_contents/kadithangal/babuvin_bavani.md
http://www.annavinpadaippugal.info/kadithangal/babuvin_bavani_2.htm,200,kadithangal/babuvin_bavani.md,yes,covered,/Users/pugazhendhirajendran/Documents/Codex/2026-07-09/https-www-annavinpadaippugal-info/outputs/annavin_text_extractor/organized_contents/kadithangal/babuvin_bavani.md
http://www.annavinpadaippugal.info/kadithangal/bayilvaan_veetu_kaalai_1.htm,200,kadithangal/bayilvaan_veetu_kaalai.md,yes,covered,/Users/pugazhendhirajendran/Documents/Codex/2026-07-09/https-www-annavinpadaippugal-info/outputs/annavin_text_extractor/organized_contents/kadithangal/bayilvaan_veetu_kaalai.md
http://www.annavinpadaippugal.info/kadithangal/bayilvaan_veetu_kaalai_2.htm,200,kadithangal/bayilvaan_veetu_kaalai.md,yes,covered,/Users/pugazhendhirajendran/Documents/Codex/2026-07-09/https-www-annavinpadaippugal-info/outputs/annavin_text_extractor/organized_contents/kadithangal/bayilvaan_veetu_kaalai.md
http://www.annavinpadaippugal.info/kadithangal/bojarajarum_kamarajarum_1.htm,200,kadithangal/bojarajarum_kamarajarum.md,yes,covered,/Users/pugazhendhirajendran/Documents/Codex/2026-07-09/https-www-annavinpadaippugal-info/outputs/annavin_text_extractor/organized_contents/kadithangal/bojarajarum_kamarajarum.md
http://www.annavinpadaippugal.info/kadithangal/bojarajarum_kamarajarum_2.htm,200,kadithangal/bojarajarum_kamarajarum.md,yes,covered,/Users/pugazhendhirajendran/Documents/Codex/2026-07-09/https-www-annavinpadaippugal-info/outputs/annavin_text_extractor/organized_contents/kadithangal/bojarajarum_kamarajarum.md
http://www.annavinpadaippugal.info/kadithangal/canada_payanam_1.htm,200,kadithangal/canada_payanam_1.md,no,covered,/Users/pugazhendhirajendran/Documents/Codex/2026-07-09/https-www-annavinpadaippugal-info/outputs/annavin_text_extractor/organized_contents/kadithangal/canada_payanam_1.md
http://www.annavinpadaippugal.info/kadithangal/canada_payanam_2_1.htm,200,kadithangal/canada_payanam_2.md,yes,covered,/Users/pugazhendhirajendran/Documents/Codex/2026-07-09/https-www-annavinpadaippugal-info/outputs/annavin_text_extractor/organized_contents/kadithangal/canada_payanam_2.md
http://www.annavinpadaippugal.info/kadithangal/canada_payanam_2_2.htm,200,kadithangal/canada_payanam_2.md,yes,covered,/Users/pugazhendhirajendran/Documents/Codex/2026-07-09/https-www-annavinpadaippugal-info/outputs/annavin_text_extractor/organized_contents/kadithangal/canada_payanam_2.md
http://www.annavinpadaippugal.info/kadithangal/damaskas_muthal_1.htm,200,kadithangal/damaskas_muthal.md,yes,covered,/Users/pugazhendhirajendran/Documents/Codex/2026-07-09/https-www-annavinpadaippugal-info/outputs/annavin_text_extractor/organized_contents/kadithangal/damaskas_muthal.md
http://www.annavinpadaippugal.info/kadithangal/damaskas_muthal_2.htm,200,kadithangal/damaskas_muthal.md,yes,covered,/Users/pugazhendhirajendran/Documents/Codex/2026-07-09/https-www-annavinpadaippugal-info/outputs/annavin_text_extractor/organized_contents/kadithangal/damaskas_muthal.md
http://www.annavinpadaippugal.info/kadithangal/delhi_kaditham_1.htm,200,kadithangal/delhi_kaditham.md,yes,covered,/Users/pugazhendhirajendran/Documents/Codex/2026-07-09/https-www-annavinpadaippugal-info/outputs/annavin_text_extractor/organized_contents/kadithangal/delhi_kaditham.md
http://www.annavinpadaippugal.info/kadithangal/delhi_kaditham_2.htm,200,kadithangal/delhi_kaditham.md,yes,covered,/Users/pugazhendhirajendran/Documents/Codex/2026-07-09/https-www-annavinpadaippugal-info/outputs/annavin_text_extractor/organized_contents/kadithangal/delhi_kaditham.md
http://www.annavinpadaippugal.info/kadithangal/doctorgal_thaethal_mudivu_1.htm,200,kadithangal/doctorgal_thaethal_mudivu.md,yes,covered,/Users/pugazhendhirajendran/Documents/Codex/2026-07-09/https-www-annavinpadaippugal-info/outputs/annavin_text_extractor/organized_contents/kadithangal/doctorgal_thaethal_mudivu.md
http://www.annavinpadaippugal.info/kadithangal/doctorgal_thaethal_mudivu_2.htm,200,kadithangal/doctorgal_thaethal_mudivu.md,yes,covered,/Users/pugazhendhirajendran/Documents/Codex/2026-07-09/https-www-annavinpadaippugal-info/outputs/annavin_text_extractor/organized_contents/kadithangal/doctorgal_thaethal_mudivu.md
http://www.annavinpadaippugal.info/kadithangal/ellam_dharmathukku_1.htm,200,kadithangal/ellam_dharmathukku.md,yes,covered,/Users/pugazhendhirajendran/Documents/Codex/2026-07-09/https-www-annavinpadaippugal-info/outputs/annavin_text_extractor/organized_contents/kadithangal/ellam_dharmathukku.md
http://www.annavinpadaippugal.info/kadithangal/ellam_dharmathukku_2.htm,200,kadithangal/ellam_dharmathukku.md,yes,covered,/Users/pugazhendhirajendran/Documents/Codex/2026-07-09/https-www-annavinpadaippugal-info/outputs/annavin_text_extractor/organized_contents/kadithangal/ellam_dharmathukku.md
http://www.annavinpadaippugal.info/kadithangal/ellorum_innattu_mannar_1_1.htm,200,kadithangal/ellorum_innattu_mannar_1.md,yes,covered,/Users/pugazhendhirajendran/Documents/Codex/2026-07-09/https-www-annavinpadaippugal-info/outputs/annavin_text_extractor/organized_contents/kadithangal/ellorum_innattu_mannar_1.md
http://www.annavinpadaippugal.info/kadithangal/ellorum_innattu_mannar_1_2.htm,200,kadithangal/ellorum_innattu_mannar_1.md,yes,covered,/Users/pugazhendhirajendran/Documents/Codex/2026-07-09/https-www-annavinpadaippugal-info/outputs/annavin_text_extractor/organized_contents/kadithangal/ellorum_innattu_mannar_1.md
http://www.annavinpadaippugal.info/kadithangal/ellorum_innattu_mannar_2_1.htm,200,kadithangal/ellorum_innattu_mannar_2.md,yes,covered,/Users/pugazhendhirajendran/Documents/Codex/2026-07-09/https-www-annavinpadaippugal-info/outputs/annavin_text_extractor/organized_contents/kadithangal/ellorum_innattu_mannar_2.md
http://www.annavinpadaippugal.info/kadithangal/ellorum_innattu_mannar_2_2.htm,200,kadithangal/ellorum_innattu_mannar_2.md,yes,covered,/Users/pugazhendhirajendran/Documents/Codex/2026-07-09/https-www-annavinpadaippugal-info/outputs/annavin_text_extractor/organized_contents/kadithangal/ellorum_innattu_mannar_2.md
http://www.annavinpadaippugal.info/kadithangal/ellorum_innattu_mannar_3.htm,200,kadithangal/ellorum_innattu_mannar_3.md,no,covered,/Users/pugazhendhirajendran/Documents/Codex/2026-07-09/https-www-annavinpadaippugal-info/outputs/annavin_text_extractor/organized_contents/kadithangal/ellorum_innattu_mannar_3.md
http://www.annavinpadaippugal.info/kadithangal/ellorum_innattu_mannar_4_1.htm,200,kadithangal/ellorum_innattu_mannar_4.md,yes,covered,/Users/pugazhendhirajendran/Documents/Codex/2026-07-09/https-www-annavinpadaippugal-info/outputs/annavin_text_extractor/organized_contents/kadithangal/ellorum_innattu_mannar_4.md
http://www.annavinpadaippugal.info/kadithangal/ellorum_innattu_mannar_4_2.htm,200,kadithangal/ellorum_innattu_mannar_4.md,yes,covered,/Users/pugazhendhirajendran/Documents/Codex/2026-07-09/https-www-annavinpadaippugal-info/outputs/annavin_text_extractor/organized_contents/kadithangal/ellorum_innattu_mannar_4.md
http://www.annavinpadaippugal.info/kadithangal/ellorum_innattu_mannar_5_1.htm,200,kadithangal/ellorum_innattu_mannar_5.md,yes,covered,/Users/pugazhendhirajendran/Documents/Codex/2026-07-09/https-www-annavinpadaippugal-info/outputs/annavin_text_extractor/organized_contents/kadithangal/ellorum_innattu_mannar_5.md
http://www.annavinpadaippugal.info/kadithangal/ellorum_innattu_mannar_5_2.htm,200,kadithangal/ellorum_innattu_mannar_5.md,yes,covered,/Users/pugazhendhirajendran/Documents/Codex/2026-07-09/https-www-annavinpadaippugal-info/outputs/annavin_text_extractor/organized_contents/kadithangal/ellorum_innattu_mannar_5.md
http://www.annavinpadaippugal.info/kadithangal/engal_naadu_1.htm,200,kadithangal/engal_naadu.md,yes,covered,/Users/pugazhendhirajendran/Documents/Codex/2026-07-09/https-www-annavinpadaippugal-info/outputs/annavin_text_extractor/organized_contents/kadithangal/engal_naadu.md
http://www.annavinpadaippugal.info/kadithangal/engal_naadu_2.htm,200,kadithangal/engal_naadu.md,yes,covered,/Users/pugazhendhirajendran/Documents/Codex/2026-07-09/https-www-annavinpadaippugal-info/outputs/annavin_text_extractor/organized_contents/kadithangal/engal_naadu.md
http://www.annavinpadaippugal.info/kadithangal/engal_periyar_1.htm,200,kadithangal/engal_periyar.md,yes,covered,/Users/pugazhendhirajendran/Documents/Codex/2026-07-09/https-www-annavinpadaippugal-info/outputs/annavin_text_extractor/organized_contents/kadithangal/engal_periyar.md
http://www.annavinpadaippugal.info/kadithangal/engal_periyar_2.htm,200,kadithangal/engal_periyar.md,yes,covered,/Users/pugazhendhirajendran/Documents/Codex/2026-07-09/https-www-annavinpadaippugal-info/outputs/annavin_text_extractor/organized_contents/kadithangal/engal_periyar.md
http://www.annavinpadaippugal.info/kadithangal/engu_sendralum_1.htm,200,kadithangal/engu_sendralum.md,yes,covered,/Users/pugazhendhirajendran/Documents/Codex/2026-07-09/https-www-annavinpadaippugal-info/outputs/annavin_text_extractor/organized_contents/kadithangal/engu_sendralum.md
http://www.annavinpadaippugal.info/kadithangal/engu_sendralum_2.htm,200,kadithangal/engu_sendralum.md,yes,covered,/Users/pugazhendhirajendran/Documents/Codex/2026-07-09/https-www-annavinpadaippugal-info/outputs/annavin_text_extractor/organized_contents/kadithangal/engu_sendralum.md
http://www.annavinpadaippugal.info/kadithangal/enna_pinaippu_1.htm,200,kadithangal/enna_pinaippu.md,yes,covered,/Users/pugazhendhirajendran/Documents/Codex/2026-07-09/https-www-annavinpadaippugal-info/outputs/annavin_text_extractor/organized_contents/kadithangal/enna_pinaippu.md
http://www.annavinpadaippugal.info/kadithangal/enna_pinaippu_2.htm,200,kadithangal/enna_pinaippu.md,yes,covered,/Users/pugazhendhirajendran/Documents/Codex/2026-07-09/https-www-annavinpadaippugal-info/outputs/annavin_text_extractor/organized_contents/kadithangal/enna_pinaippu.md
http://www.annavinpadaippugal.info/kadithangal/ennai_vaazhavidu_1.htm,200,kadithangal/ennai_vaazhavidu.md,yes,covered,/Users/pugazhendhirajendran/Documents/Codex/2026-07-09/https-www-annavinpadaippugal-info/outputs/annavin_text_extractor/organized_contents/kadithangal/ennai_vaazhavidu.md
http://www.annavinpadaippugal.info/kadithangal/ennai_vaazhavidu_2.htm,200,kadithangal/ennai_vaazhavidu.md,yes,covered,/Users/pugazhendhirajendran/Documents/Codex/2026-07-09/https-www-annavinpadaippugal-info/outputs/annavin_text_extractor/organized_contents/kadithangal/ennai_vaazhavidu.md
http://www.annavinpadaippugal.info/kadithangal/ennal_mudinthathai_1.htm,200,kadithangal/ennal_mudinthathai.md,yes,covered,/Users/pugazhendhirajendran/Documents/Codex/2026-07-09/https-www-annavinpadaippugal-info/outputs/annavin_text_extractor/organized_contents/kadithangal/ennal_mudinthathai.md
http://www.annavinpadaippugal.info/kadithangal/ennal_mudinthathai_2.htm,200,kadithangal/ennal_mudinthathai.md,yes,covered,/Users/pugazhendhirajendran/Documents/Codex/2026-07-09/https-www-annavinpadaippugal-info/outputs/annavin_text_extractor/organized_contents/kadithangal/ennal_mudinthathai.md
http://www.annavinpadaippugal.info/kadithangal/erigira_thazhalil_1.htm,200,kadithangal/erigira_thazhalil.md,yes,covered,/Users/pugazhendhirajendran/Documents/Codex/2026-07-09/https-www-annavinpadaippugal-info/outputs/annavin_text_extractor/organized_contents/kadithangal/erigira_thazhalil.md
http://www.annavinpadaippugal.info/kadithangal/erigira_thazhalil_2.htm,200,kadithangal/erigira_thazhalil.md,yes,covered,/Users/pugazhendhirajendran/Documents/Codex/2026-07-09/https-www-annavinpadaippugal-info/outputs/annavin_text_extractor/organized_contents/kadithangal/erigira_thazhalil.md
http://www.annavinpadaippugal.info/kadithangal/ezhiloviyam.htm,200,kadithangal/ezhiloviyam.md,no,covered,/Users/pugazhendhirajendran/Documents/Codex/2026-07-09/https-www-annavinpadaippugal-info/outputs/annavin_text_extractor/organized_contents/kadithangal/ezhiloviyam.md
http://www.annavinpadaippugal.info/kadithangal/ezhuchi_vellam.htm,200,kadithangal/ezhuchi_vellam.md,no,covered,/Users/pugazhendhirajendran/Documents/Codex/2026-07-09/https-www-annavinpadaippugal-info/outputs/annavin_text_extractor/organized_contents/kadithangal/ezhuchi_vellam.md
http://www.annavinpadaippugal.info/kadithangal/ganavan_kaatru_vaangugirar.htm,200,kadithangal/ganavan_kaatru_vaangugirar.md,no,covered,/Users/pugazhendhirajendran/Documents/Codex/2026-07-09/https-www-annavinpadaippugal-info/outputs/annavin_text_extractor/organized_contents/kadithangal/ganavan_kaatru_vaangugirar.md
http://www.annavinpadaippugal.info/kadithangal/ganga_theertham_1.htm,200,kadithangal/ganga_theertham_1.md,no,covered,/Users/pugazhendhirajendran/Documents/Codex/2026-07-09/https-www-annavinpadaippugal-info/outputs/annavin_text_extractor/organized_contents/kadithangal/ganga_theertham_1.md
http://www.annavinpadaippugal.info/kadithangal/ganga_theertham_2_1.htm,200,kadithangal/ganga_theertham_2.md,yes,covered,/Users/pugazhendhirajendran/Documents/Codex/2026-07-09/https-www-annavinpadaippugal-info/outputs/annavin_text_extractor/organized_contents/kadithangal/ganga_theertham_2.md
http://www.annavinpadaippugal.info/kadithangal/ganga_theertham_2_2.htm,200,kadithangal/ganga_theertham_2.md,yes,covered,/Users/pugazhendhirajendran/Documents/Codex/2026-07-09/https-www-annavinpadaippugal-info/outputs/annavin_text_extractor/organized_contents/kadithangal/ganga_theertham_2.md
http://www.annavinpadaippugal.info/kadithangal/gno_gna_1.htm,200,kadithangal/gno_gna.md,yes,covered,/Users/pugazhendhirajendran/Documents/Codex/2026-07-09/https-www-annavinpadaippugal-info/outputs/annavin_text_extractor/organized_contents/kadithangal/gno_gna.md
http://www.annavinpadaippugal.info/kadithangal/gno_gna_2.htm,200,kadithangal/gno_gna.md,yes,covered,/Users/pugazhendhirajendran/Documents/Codex/2026-07-09/https-www-annavinpadaippugal-info/outputs/annavin_text_extractor/organized_contents/kadithangal/gno_gna.md
http://www.annavinpadaippugal.info/kadithangal/gurubakthi_1.htm,200,kadithangal/gurubakthi.md,yes,covered,/Users/pugazhendhirajendran/Documents/Codex/2026-07-09/https-www-annavinpadaippugal-info/outputs/annavin_text_extractor/organized_contents/kadithangal/gurubakthi.md
http://www.annavinpadaippugal.info/kadithangal/gurubakthi_2.htm,200,kadithangal/gurubakthi.md,yes,covered,/Users/pugazhendhirajendran/Documents/Codex/2026-07-09/https-www-annavinpadaippugal-info/outputs/annavin_text_extractor/organized_contents/kadithangal/gurubakthi.md
http://www.annavinpadaippugal.info/kadithangal/gurupeedam.htm,200,kadithangal/gurupeedam.md,no,covered,/Users/pugazhendhirajendran/Documents/Codex/2026-07-09/https-www-annavinpadaippugal-info/outputs/annavin_text_extractor/organized_contents/kadithangal/gurupeedam.md
http://www.annavinpadaippugal.info/kadithangal/gyayiru_potruthum_1.htm,200,kadithangal/gyayiru_potruthum.md,yes,covered,/Users/pugazhendhirajendran/Documents/Codex/2026-07-09/https-www-annavinpadaippugal-info/outputs/annavin_text_extractor/organized_contents/kadithangal/gyayiru_potruthum.md
http://www.annavinpadaippugal.info/kadithangal/gyayiru_potruthum_2.htm,200,kadithangal/gyayiru_potruthum.md,yes,covered,/Users/pugazhendhirajendran/Documents/Codex/2026-07-09/https-www-annavinpadaippugal-info/outputs/annavin_text_extractor/organized_contents/kadithangal/gyayiru_potruthum.md
http://www.annavinpadaippugal.info/kadithangal/gyayiru_potruthum_3.htm,200,kadithangal/gyayiru_potruthum.md,yes,covered,/Users/pugazhendhirajendran/Documents/Codex/2026-07-09/https-www-annavinpadaippugal-info/outputs/annavin_text_extractor/organized_contents/kadithangal/gyayiru_potruthum.md
http://www.annavinpadaippugal.info/kadithangal/helicopterum_rathamum_1.htm,200,kadithangal/helicopterum_rathamum.md,yes,covered,/Users/pugazhendhirajendran/Documents/Codex/2026-07-09/https-www-annavinpadaippugal-info/outputs/annavin_text_extractor/organized_contents/kadithangal/helicopterum_rathamum.md
http://www.annavinpadaippugal.info/kadithangal/helicopterum_rathamum_2.htm,200,kadithangal/helicopterum_rathamum.md,yes,covered,/Users/pugazhendhirajendran/Documents/Codex/2026-07-09/https-www-annavinpadaippugal-info/outputs/annavin_text_extractor/organized_contents/kadithangal/helicopterum_rathamum.md
http://www.annavinpadaippugal.info/kadithangal/hindi_tamail_marabu_1.htm,200,kadithangal/hindi_tamail_marabu.md,yes,covered,/Users/pugazhendhirajendran/Documents/Codex/2026-07-09/https-www-annavinpadaippugal-info/outputs/annavin_text_extractor/organized_contents/kadithangal/hindi_tamail_marabu.md
http://www.annavinpadaippugal.info/kadithangal/hindi_tamail_marabu_2.htm,200,kadithangal/hindi_tamail_marabu.md,yes,covered,/Users/pugazhendhirajendran/Documents/Codex/2026-07-09/https-www-annavinpadaippugal-info/outputs/annavin_text_extractor/organized_contents/kadithangal/hindi_tamail_marabu.md
http://www.annavinpadaippugal.info/kadithangal/hitler_kooda.htm,200,kadithangal/hitler_kooda.md,no,covered,/Users/pugazhendhirajendran/Documents/Codex/2026-07-09/https-www-annavinpadaippugal-info/outputs/annavin_text_extractor/organized_contents/kadithangal/hitler_kooda.md
http://www.annavinpadaippugal.info/kadithangal/idhayam_irukkirathae_1.htm,200,kadithangal/idhayam_irukkirathae.md,yes,covered,/Users/pugazhendhirajendran/Documents/Codex/2026-07-09/https-www-annavinpadaippugal-info/outputs/annavin_text_extractor/organized_contents/kadithangal/idhayam_irukkirathae.md
http://www.annavinpadaippugal.info/kadithangal/idhayam_irukkirathae_2.htm,200,kadithangal/idhayam_irukkirathae.md,yes,covered,/Users/pugazhendhirajendran/Documents/Codex/2026-07-09/https-www-annavinpadaippugal-info/outputs/annavin_text_extractor/organized_contents/kadithangal/idhayam_irukkirathae.md
http://www.annavinpadaippugal.info/kadithangal/idhayam_irukkirathae_3.htm,200,kadithangal/idhayam_irukkirathae.md,yes,covered,/Users/pugazhendhirajendran/Documents/Codex/2026-07-09/https-www-annavinpadaippugal-info/outputs/annavin_text_extractor/organized_contents/kadithangal/idhayam_irukkirathae.md
http://www.annavinpadaippugal.info/kadithangal/idhayam_irukkirathae_4.htm,200,kadithangal/idhayam_irukkirathae.md,yes,covered,/Users/pugazhendhirajendran/Documents/Codex/2026-07-09/https-www-annavinpadaippugal-info/outputs/annavin_text_extractor/organized_contents/kadithangal/idhayam_irukkirathae.md
http://www.annavinpadaippugal.info/kadithangal/idhayam_vendrida_1_1.htm,200,kadithangal/idhayam_vendrida_1.md,yes,covered,/Users/pugazhendhirajendran/Documents/Codex/2026-07-09/https-www-annavinpadaippugal-info/outputs/annavin_text_extractor/organized_contents/kadithangal/idhayam_vendrida_1.md
http://www.annavinpadaippugal.info/kadithangal/idhayam_vendrida_1_2.htm,200,kadithangal/idhayam_vendrida_1.md,yes,covered,/Users/pugazhendhirajendran/Documents/Codex/2026-07-09/https-www-annavinpadaippugal-info/outputs/annavin_text_extractor/organized_contents/kadithangal/idhayam_vendrida_1.md
http://www.annavinpadaippugal.info/kadithangal/idhayam_vendrida_2_1.htm,200,kadithangal/idhayam_vendrida_2.md,yes,covered,/Users/pugazhendhirajendran/Documents/Codex/2026-07-09/https-www-annavinpadaippugal-info/outputs/annavin_text_extractor/organized_contents/kadithangal/idhayam_vendrida_2.md
http://www.annavinpadaippugal.info/kadithangal/idhayam_vendrida_2_2.htm,200,kadithangal/idhayam_vendrida_2.md,yes,covered,/Users/pugazhendhirajendran/Documents/Codex/2026-07-09/https-www-annavinpadaippugal-info/outputs/annavin_text_extractor/organized_contents/kadithangal/idhayam_vendrida_2.md
http://www.annavinpadaippugal.info/kadithangal/idhayam_vendrida_2_3.htm,200,kadithangal/idhayam_vendrida_2.md,yes,covered,/Users/pugazhendhirajendran/Documents/Codex/2026-07-09/https-www-annavinpadaippugal-info/outputs/annavin_text_extractor/organized_contents/kadithangal/idhayam_vendrida_2.md
http://www.annavinpadaippugal.info/kadithangal/idhayam_vendrida_3_1.htm,200,kadithangal/idhayam_vendrida_3.md,yes,covered,/Users/pugazhendhirajendran/Documents/Codex/2026-07-09/https-www-annavinpadaippugal-info/outputs/annavin_text_extractor/organized_contents/kadithangal/idhayam_vendrida_3.md
http://www.annavinpadaippugal.info/kadithangal/idhayam_vendrida_3_2.htm,200,kadithangal/idhayam_vendrida_3.md,yes,covered,/Users/pugazhendhirajendran/Documents/Codex/2026-07-09/https-www-annavinpadaippugal-info/outputs/annavin_text_extractor/organized_contents/kadithangal/idhayam_vendrida_3.md
http://www.annavinpadaippugal.info/kadithangal/idhayathil_pootha_malar_1.htm,200,kadithangal/idhayathil_pootha_malar.md,yes,covered,/Users/pugazhendhirajendran/Documents/Codex/2026-07-09/https-www-annavinpadaippugal-info/outputs/annavin_text_extractor/organized_contents/kadithangal/idhayathil_pootha_malar.md
http://www.annavinpadaippugal.info/kadithangal/idhayathil_pootha_malar_2.htm,200,kadithangal/idhayathil_pootha_malar.md,yes,covered,/Users/pugazhendhirajendran/Documents/Codex/2026-07-09/https-www-annavinpadaippugal-info/outputs/annavin_text_extractor/organized_contents/kadithangal/idhayathil_pootha_malar.md
http://www.annavinpadaippugal.info/kadithangal/idiosayal_kidaikkathu_1.htm,200,kadithangal/idiosayal_kidaikkathu.md,yes,covered,/Users/pugazhendhirajendran/Documents/Codex/2026-07-09/https-www-annavinpadaippugal-info/outputs/annavin_text_extractor/organized_contents/kadithangal/idiosayal_kidaikkathu.md
http://www.annavinpadaippugal.info/kadithangal/idiosayal_kidaikkathu_2.htm,200,kadithangal/idiosayal_kidaikkathu.md,yes,covered,/Users/pugazhendhirajendran/Documents/Codex/2026-07-09/https-www-annavinpadaippugal-info/outputs/annavin_text_extractor/organized_contents/kadithangal/idiosayal_kidaikkathu.md
http://www.annavinpadaippugal.info/kadithangal/ilavukatha_kili_1.htm,200,kadithangal/ilavukatha_kili.md,yes,covered,/Users/pugazhendhirajendran/Documents/Codex/2026-07-09/https-www-annavinpadaippugal-info/outputs/annavin_text_extractor/organized_contents/kadithangal/ilavukatha_kili.md
http://www.annavinpadaippugal.info/kadithangal/ilavukatha_kili_2.htm,200,kadithangal/ilavukatha_kili.md,yes,covered,/Users/pugazhendhirajendran/Documents/Codex/2026-07-09/https-www-annavinpadaippugal-info/outputs/annavin_text_extractor/organized_contents/kadithangal/ilavukatha_kili.md
http://www.annavinpadaippugal.info/kadithangal/illam_inba_poonga_1.htm,200,kadithangal/illam_inba_poonga.md,yes,covered,/Users/pugazhendhirajendran/Documents/Codex/2026-07-09/https-www-annavinpadaippugal-info/outputs/annavin_text_extractor/organized_contents/kadithangal/illam_inba_poonga.md
http://www.annavinpadaippugal.info/kadithangal/illam_inba_poonga_2.htm,200,kadithangal/illam_inba_poonga.md,yes,covered,/Users/pugazhendhirajendran/Documents/Codex/2026-07-09/https-www-annavinpadaippugal-info/outputs/annavin_text_extractor/organized_contents/kadithangal/illam_inba_poonga.md
http://www.annavinpadaippugal.info/kadithangal/inba_naalithu_1.htm,200,kadithangal/inba_naalithu_1.md,no,covered,/Users/pugazhendhirajendran/Documents/Codex/2026-07-09/https-www-annavinpadaippugal-info/outputs/annavin_text_extractor/organized_contents/kadithangal/inba_naalithu_1.md
http://www.annavinpadaippugal.info/kadithangal/indhirani_saelai.htm,200,kadithangal/indhirani_saelai.md,no,covered,/Users/pugazhendhirajendran/Documents/Codex/2026-07-09/https-www-annavinpadaippugal-info/outputs/annavin_text_extractor/organized_contents/kadithangal/indhirani_saelai.md
http://www.annavinpadaippugal.info/kadithangal/indiyar_aahindranar_1_1.htm,200,kadithangal/indiyar_aahindranar_1.md,yes,covered,/Users/pugazhendhirajendran/Documents/Codex/2026-07-09/https-www-annavinpadaippugal-info/outputs/annavin_text_extractor/organized_contents/kadithangal/indiyar_aahindranar_1.md
http://www.annavinpadaippugal.info/kadithangal/indiyar_aahindranar_1_2.htm,200,kadithangal/indiyar_aahindranar_1.md,yes,covered,/Users/pugazhendhirajendran/Documents/Codex/2026-07-09/https-www-annavinpadaippugal-info/outputs/annavin_text_extractor/organized_contents/kadithangal/indiyar_aahindranar_1.md
http://www.annavinpadaippugal.info/kadithangal/indiyar_aahindranar_2_1.htm,200,kadithangal/indiyar_aahindranar_2.md,yes,covered,/Users/pugazhendhirajendran/Documents/Codex/2026-07-09/https-www-annavinpadaippugal-info/outputs/annavin_text_extractor/organized_contents/kadithangal/indiyar_aahindranar_2.md
http://www.annavinpadaippugal.info/kadithangal/indiyar_aahindranar_2_2.htm,200,kadithangal/indiyar_aahindranar_2.md,yes,covered,/Users/pugazhendhirajendran/Documents/Codex/2026-07-09/https-www-annavinpadaippugal-info/outputs/annavin_text_extractor/organized_contents/kadithangal/indiyar_aahindranar_2.md
http://www.annavinpadaippugal.info/kadithangal/indiyar_aahindranar_2_3.htm,200,kadithangal/indiyar_aahindranar_2.md,yes,covered,/Users/pugazhendhirajendran/Documents/Codex/2026-07-09/https-www-annavinpadaippugal-info/outputs/annavin_text_extractor/organized_contents/kadithangal/indiyar_aahindranar_2.md
http://www.annavinpadaippugal.info/kadithangal/indiyar_aahindranar_2_4.htm,200,kadithangal/indiyar_aahindranar_2.md,yes,covered,/Users/pugazhendhirajendran/Documents/Codex/2026-07-09/https-www-annavinpadaippugal-info/outputs/annavin_text_extractor/organized_contents/kadithangal/indiyar_aahindranar_2.md
http://www.annavinpadaippugal.info/kadithangal/indraya_pagaivar_1.htm,200,kadithangal/indraya_pagaivar.md,yes,covered,/Users/pugazhendhirajendran/Documents/Codex/2026-07-09/https-www-annavinpadaippugal-info/outputs/annavin_text_extractor/organized_contents/kadithangal/indraya_pagaivar.md
http://www.annavinpadaippugal.info/kadithangal/indraya_pagaivar_2.htm,200,kadithangal/indraya_pagaivar.md,yes,covered,/Users/pugazhendhirajendran/Documents/Codex/2026-07-09/https-www-annavinpadaippugal-info/outputs/annavin_text_extractor/organized_contents/kadithangal/indraya_pagaivar.md
http://www.annavinpadaippugal.info/kadithangal/iniyana_pala_ini.htm,200,kadithangal/iniyana_pala_ini.md,no,covered,/Users/pugazhendhirajendran/Documents/Codex/2026-07-09/https-www-annavinpadaippugal-info/outputs/annavin_text_extractor/organized_contents/kadithangal/iniyana_pala_ini.md
http://www.annavinpadaippugal.info/kadithangal/innattil_vazhvatharku_1.htm,200,kadithangal/innattil_vazhvatharku.md,yes,covered,/Users/pugazhendhirajendran/Documents/Codex/2026-07-09/https-www-annavinpadaippugal-info/outputs/annavin_text_extractor/organized_contents/kadithangal/innattil_vazhvatharku.md
http://www.annavinpadaippugal.info/kadithangal/innattil_vazhvatharku_2.htm,200,kadithangal/innattil_vazhvatharku.md,yes,covered,/Users/pugazhendhirajendran/Documents/Codex/2026-07-09/https-www-annavinpadaippugal-info/outputs/annavin_text_extractor/organized_contents/kadithangal/innattil_vazhvatharku.md
http://www.annavinpadaippugal.info/kadithangal/isaipada_vaazhvoam_1.htm,200,kadithangal/isaipada_vaazhvoam.md,yes,covered,/Users/pugazhendhirajendran/Documents/Codex/2026-07-09/https-www-annavinpadaippugal-info/outputs/annavin_text_extractor/organized_contents/kadithangal/isaipada_vaazhvoam.md
http://www.annavinpadaippugal.info/kadithangal/isaipada_vaazhvoam_2.htm,200,kadithangal/isaipada_vaazhvoam.md,yes,covered,/Users/pugazhendhirajendran/Documents/Codex/2026-07-09/https-www-annavinpadaippugal-info/outputs/annavin_text_extractor/organized_contents/kadithangal/isaipada_vaazhvoam.md
http://www.annavinpadaippugal.info/kadithangal/ithu_pothatha_1.htm,200,kadithangal/ithu_pothatha.md,yes,covered,/Users/pugazhendhirajendran/Documents/Codex/2026-07-09/https-www-annavinpadaippugal-info/outputs/annavin_text_extractor/organized_contents/kadithangal/ithu_pothatha.md
http://www.annavinpadaippugal.info/kadithangal/ithu_pothatha_2.htm,200,kadithangal/ithu_pothatha.md,yes,covered,/Users/pugazhendhirajendran/Documents/Codex/2026-07-09/https-www-annavinpadaippugal-info/outputs/annavin_text_extractor/organized_contents/kadithangal/ithu_pothatha.md
http://www.annavinpadaippugal.info/kadithangal/ivanae_tamil_maravan_1.htm,200,kadithangal/ivanae_tamil_maravan.md,yes,covered,/Users/pugazhendhirajendran/Documents/Codex/2026-07-09/https-www-annavinpadaippugal-info/outputs/annavin_text_extractor/organized_contents/kadithangal/ivanae_tamil_maravan.md
http://www.annavinpadaippugal.info/kadithangal/ivanae_tamil_maravan_2.htm,200,kadithangal/ivanae_tamil_maravan.md,yes,covered,/Users/pugazhendhirajendran/Documents/Codex/2026-07-09/https-www-annavinpadaippugal-info/outputs/annavin_text_extractor/organized_contents/kadithangal/ivanae_tamil_maravan.md
http://www.annavinpadaippugal.info/kadithangal/ivanae_tamil_maravan_3.htm,200,kadithangal/ivanae_tamil_maravan.md,yes,covered,/Users/pugazhendhirajendran/Documents/Codex/2026-07-09/https-www-annavinpadaippugal-info/outputs/annavin_text_extractor/organized_contents/kadithangal/ivanae_tamil_maravan.md
http://www.annavinpadaippugal.info/kadithangal/ivanae_tamil_maravan_4.htm,200,kadithangal/ivanae_tamil_maravan.md,yes,covered,/Users/pugazhendhirajendran/Documents/Codex/2026-07-09/https-www-annavinpadaippugal-info/outputs/annavin_text_extractor/organized_contents/kadithangal/ivanae_tamil_maravan.md
http://www.annavinpadaippugal.info/kadithangal/iyarkai_konjugirathu_1.htm,200,kadithangal/iyarkai_konjugirathu.md,yes,covered,/Users/pugazhendhirajendran/Documents/Codex/2026-07-09/https-www-annavinpadaippugal-info/outputs/annavin_text_extractor/organized_contents/kadithangal/iyarkai_konjugirathu.md
http://www.annavinpadaippugal.info/kadithangal/iyarkai_konjugirathu_2.htm,200,kadithangal/iyarkai_konjugirathu.md,yes,covered,/Users/pugazhendhirajendran/Documents/Codex/2026-07-09/https-www-annavinpadaippugal-info/outputs/annavin_text_extractor/organized_contents/kadithangal/iyarkai_konjugirathu.md
http://www.annavinpadaippugal.info/kadithangal/jananayaka_sarvathikari_1.htm,200,kadithangal/jananayaka_sarvathikari.md,yes,covered,/Users/pugazhendhirajendran/Documents/Codex/2026-07-09/https-www-annavinpadaippugal-info/outputs/annavin_text_extractor/organized_contents/kadithangal/jananayaka_sarvathikari.md
http://www.annavinpadaippugal.info/kadithangal/jananayaka_sarvathikari_2.htm,200,kadithangal/jananayaka_sarvathikari.md,yes,covered,/Users/pugazhendhirajendran/Documents/Codex/2026-07-09/https-www-annavinpadaippugal-info/outputs/annavin_text_extractor/organized_contents/kadithangal/jananayaka_sarvathikari.md
http://www.annavinpadaippugal.info/kadithangal/kaadu_ithu_naadalla.htm,200,kadithangal/kaadu_ithu_naadalla.md,no,covered,/Users/pugazhendhirajendran/Documents/Codex/2026-07-09/https-www-annavinpadaippugal-info/outputs/annavin_text_extractor/organized_contents/kadithangal/kaadu_ithu_naadalla.md
http://www.annavinpadaippugal.info/kadithangal/kaakum_karangal.htm,200,kadithangal/kaakum_karangal.md,no,covered,/Users/pugazhendhirajendran/Documents/Codex/2026-07-09/https-www-annavinpadaippugal-info/outputs/annavin_text_extractor/organized_contents/kadithangal/kaakum_karangal.md
http://www.annavinpadaippugal.info/kadithangal/kaalamillai_athigam.htm,200,kadithangal/kaalamillai_athigam.md,no,covered,/Users/pugazhendhirajendran/Documents/Codex/2026-07-09/https-www-annavinpadaippugal-info/outputs/annavin_text_extractor/organized_contents/kadithangal/kaalamillai_athigam.md
http://www.annavinpadaippugal.info/kadithangal/kaattatchi.htm,200,kadithangal/kaattatchi.md,no,covered,/Users/pugazhendhirajendran/Documents/Codex/2026-07-09/https-www-annavinpadaippugal-info/outputs/annavin_text_extractor/organized_contents/kadithangal/kaattatchi.md
http://www.annavinpadaippugal.info/kadithangal/kadamai_ninaivugal_1.htm,200,kadithangal/kadamai_ninaivugal.md,yes,covered,/Users/pugazhendhirajendran/Documents/Codex/2026-07-09/https-www-annavinpadaippugal-info/outputs/annavin_text_extractor/organized_contents/kadithangal/kadamai_ninaivugal.md
http://www.annavinpadaippugal.info/kadithangal/kadamai_ninaivugal_2.htm,200,kadithangal/kadamai_ninaivugal.md,yes,covered,/Users/pugazhendhirajendran/Documents/Codex/2026-07-09/https-www-annavinpadaippugal-info/outputs/annavin_text_extractor/organized_contents/kadithangal/kadamai_ninaivugal.md
http://www.annavinpadaippugal.info/kadithangal/kadamayatrida_1.htm,200,kadithangal/kadamayatrida.md,yes,covered,/Users/pugazhendhirajendran/Documents/Codex/2026-07-09/https-www-annavinpadaippugal-info/outputs/annavin_text_extractor/organized_contents/kadithangal/kadamayatrida.md
http://www.annavinpadaippugal.info/kadithangal/kadamayatrida_2.htm,200,kadithangal/kadamayatrida.md,yes,covered,/Users/pugazhendhirajendran/Documents/Codex/2026-07-09/https-www-annavinpadaippugal-info/outputs/annavin_text_extractor/organized_contents/kadithangal/kadamayatrida.md
http://www.annavinpadaippugal.info/kadithangal/kagitha_kappalil.htm,200,kadithangal/kagitha_kappalil.md,no,covered,/Users/pugazhendhirajendran/Documents/Codex/2026-07-09/https-www-annavinpadaippugal-info/outputs/annavin_text_extractor/organized_contents/kadithangal/kagitha_kappalil.md
http://www.annavinpadaippugal.info/kadithangal/kai_valiyum_sirai_nilayum.htm,200,kadithangal/kai_valiyum_sirai_nilayum.md,no,covered,/Users/pugazhendhirajendran/Documents/Codex/2026-07-09/https-www-annavinpadaippugal-info/outputs/annavin_text_extractor/organized_contents/kadithangal/kai_valiyum_sirai_nilayum.md
http://www.annavinpadaippugal.info/kadithangal/kairattai_kauveri_1_1.htm,200,kadithangal/kairattai_kauveri_1.md,yes,covered,/Users/pugazhendhirajendran/Documents/Codex/2026-07-09/https-www-annavinpadaippugal-info/outputs/annavin_text_extractor/organized_contents/kadithangal/kairattai_kauveri_1.md
http://www.annavinpadaippugal.info/kadithangal/kairattai_kauveri_1_2.htm,200,kadithangal/kairattai_kauveri_1.md,yes,covered,/Users/pugazhendhirajendran/Documents/Codex/2026-07-09/https-www-annavinpadaippugal-info/outputs/annavin_text_extractor/organized_contents/kadithangal/kairattai_kauveri_1.md
http://www.annavinpadaippugal.info/kadithangal/kairattai_kauveri_2_1.htm,200,kadithangal/kairattai_kauveri_2.md,yes,covered,/Users/pugazhendhirajendran/Documents/Codex/2026-07-09/https-www-annavinpadaippugal-info/outputs/annavin_text_extractor/organized_contents/kadithangal/kairattai_kauveri_2.md
http://www.annavinpadaippugal.info/kadithangal/kairattai_kauveri_2_2.htm,200,kadithangal/kairattai_kauveri_2.md,yes,covered,/Users/pugazhendhirajendran/Documents/Codex/2026-07-09/https-www-annavinpadaippugal-info/outputs/annavin_text_extractor/organized_contents/kadithangal/kairattai_kauveri_2.md
http://www.annavinpadaippugal.info/kadithangal/kaithi_enn_6342_1.htm,200,kadithangal/kaithi_enn_6342.md,yes,covered,/Users/pugazhendhirajendran/Documents/Codex/2026-07-09/https-www-annavinpadaippugal-info/outputs/annavin_text_extractor/organized_contents/kadithangal/kaithi_enn_6342.md
http://www.annavinpadaippugal.info/kadithangal/kaithi_enn_6342_2.htm,200,kadithangal/kaithi_enn_6342.md,yes,covered,/Users/pugazhendhirajendran/Documents/Codex/2026-07-09/https-www-annavinpadaippugal-info/outputs/annavin_text_extractor/organized_contents/kadithangal/kaithi_enn_6342.md
http://www.annavinpadaippugal.info/kadithangal/kalai_ulaga_kaanickai.htm,200,kadithangal/kalai_ulaga_kaanickai.md,no,covered,/Users/pugazhendhirajendran/Documents/Codex/2026-07-09/https-www-annavinpadaippugal-info/outputs/annavin_text_extractor/organized_contents/kadithangal/kalai_ulaga_kaanickai.md
http://www.annavinpadaippugal.info/kadithangal/kallanai.htm,200,kadithangal/kallanai.md,no,covered,/Users/pugazhendhirajendran/Documents/Codex/2026-07-09/https-www-annavinpadaippugal-info/outputs/annavin_text_extractor/organized_contents/kadithangal/kallanai.md
http://www.annavinpadaippugal.info/kadithangal/kana_nigazhchi_1.htm,200,kadithangal/kana_nigazhchi.md,yes,covered,/Users/pugazhendhirajendran/Documents/Codex/2026-07-09/https-www-annavinpadaippugal-info/outputs/annavin_text_extractor/organized_contents/kadithangal/kana_nigazhchi.md
http://www.annavinpadaippugal.info/kadithangal/kana_nigazhchi_2.htm,200,kadithangal/kana_nigazhchi.md,yes,covered,/Users/pugazhendhirajendran/Documents/Codex/2026-07-09/https-www-annavinpadaippugal-info/outputs/annavin_text_extractor/organized_contents/kadithangal/kana_nigazhchi.md
http://www.annavinpadaippugal.info/kadithangal/kanakku_theerkum_kalam.htm,200,kadithangal/kanakku_theerkum_kalam.md,no,covered,/Users/pugazhendhirajendran/Documents/Codex/2026-07-09/https-www-annavinpadaippugal-info/outputs/annavin_text_extractor/organized_contents/kadithangal/kanakku_theerkum_kalam.md
http://www.annavinpadaippugal.info/kadithangal/kanivum_kasappum_1.htm,200,kadithangal/kanivum_kasappum.md,yes,covered,/Users/pugazhendhirajendran/Documents/Codex/2026-07-09/https-www-annavinpadaippugal-info/outputs/annavin_text_extractor/organized_contents/kadithangal/kanivum_kasappum.md
http://www.annavinpadaippugal.info/kadithangal/kanivum_kasappum_2.htm,200,kadithangal/kanivum_kasappum.md,yes,covered,/Users/pugazhendhirajendran/Documents/Codex/2026-07-09/https-www-annavinpadaippugal-info/outputs/annavin_text_extractor/organized_contents/kadithangal/kanivum_kasappum.md
http://www.annavinpadaippugal.info/kadithangal/kaniyum_malarum_neeyae.htm,200,kadithangal/kaniyum_malarum_neeyae.md,no,covered,/Users/pugazhendhirajendran/Documents/Codex/2026-07-09/https-www-annavinpadaippugal-info/outputs/annavin_text_extractor/organized_contents/kadithangal/kaniyum_malarum_neeyae.md
http://www.annavinpadaippugal.info/kadithangal/kanneer_1.htm,200,kadithangal/kanneer.md,yes,covered,/Users/pugazhendhirajendran/Documents/Codex/2026-07-09/https-www-annavinpadaippugal-info/outputs/annavin_text_extractor/organized_contents/kadithangal/kanneer.md
http://www.annavinpadaippugal.info/kadithangal/kanneer_2.htm,200,kadithangal/kanneer.md,yes,covered,/Users/pugazhendhirajendran/Documents/Codex/2026-07-09/https-www-annavinpadaippugal-info/outputs/annavin_text_extractor/organized_contents/kadithangal/kanneer.md
http://www.annavinpadaippugal.info/kadithangal/kanneer_pongum_1.htm,200,kadithangal/kanneer_pongum.md,yes,covered,/Users/pugazhendhirajendran/Documents/Codex/2026-07-09/https-www-annavinpadaippugal-info/outputs/annavin_text_extractor/organized_contents/kadithangal/kanneer_pongum.md
http://www.annavinpadaippugal.info/kadithangal/kanneer_pongum_2.htm,200,kadithangal/kanneer_pongum.md,yes,covered,/Users/pugazhendhirajendran/Documents/Codex/2026-07-09/https-www-annavinpadaippugal-info/outputs/annavin_text_extractor/organized_contents/kadithangal/kanneer_pongum.md
http://www.annavinpadaippugal.info/kadithangal/kanneerum_panneerum.htm,200,kadithangal/kanneerum_panneerum.md,no,covered,/Users/pugazhendhirajendran/Documents/Codex/2026-07-09/https-www-annavinpadaippugal-info/outputs/annavin_text_extractor/organized_contents/kadithangal/kanneerum_panneerum.md
http://www.annavinpadaippugal.info/kadithangal/kannoli_pothum_1.htm,200,kadithangal/kannoli_pothum.md,yes,covered,/Users/pugazhendhirajendran/Documents/Codex/2026-07-09/https-www-annavinpadaippugal-info/outputs/annavin_text_extractor/organized_contents/kadithangal/kannoli_pothum.md
http://www.annavinpadaippugal.info/kadithangal/kannoli_pothum_2.htm,200,kadithangal/kannoli_pothum.md,yes,covered,/Users/pugazhendhirajendran/Documents/Codex/2026-07-09/https-www-annavinpadaippugal-info/outputs/annavin_text_extractor/organized_contents/kadithangal/kannoli_pothum.md
http://www.annavinpadaippugal.info/kadithangal/karuppu_malli_1.htm,200,kadithangal/karuppu_malli.md,yes,covered,/Users/pugazhendhirajendran/Documents/Codex/2026-07-09/https-www-annavinpadaippugal-info/outputs/annavin_text_extractor/organized_contents/kadithangal/karuppu_malli.md
http://www.annavinpadaippugal.info/kadithangal/karuppu_malli_2.htm,200,kadithangal/karuppu_malli.md,yes,covered,/Users/pugazhendhirajendran/Documents/Codex/2026-07-09/https-www-annavinpadaippugal-info/outputs/annavin_text_extractor/organized_contents/kadithangal/karuppu_malli.md
http://www.annavinpadaippugal.info/kadithangal/karuthoviyam_1.htm,200,kadithangal/karuthoviyam.md,yes,covered,/Users/pugazhendhirajendran/Documents/Codex/2026-07-09/https-www-annavinpadaippugal-info/outputs/annavin_text_extractor/organized_contents/kadithangal/karuthoviyam.md
http://www.annavinpadaippugal.info/kadithangal/karuthoviyam_2.htm,200,kadithangal/karuthoviyam.md,yes,covered,/Users/pugazhendhirajendran/Documents/Codex/2026-07-09/https-www-annavinpadaippugal-info/outputs/annavin_text_extractor/organized_contents/kadithangal/karuthoviyam.md
http://www.annavinpadaippugal.info/kadithangal/karuthoviyam_3.htm,200,kadithangal/karuthoviyam.md,yes,covered,/Users/pugazhendhirajendran/Documents/Codex/2026-07-09/https-www-annavinpadaippugal-info/outputs/annavin_text_extractor/organized_contents/kadithangal/karuthoviyam.md
http://www.annavinpadaippugal.info/kadithangal/kathaigal_karuthalikka_1.htm,200,kadithangal/kathaigal_karuthalikka.md,yes,covered,/Users/pugazhendhirajendran/Documents/Codex/2026-07-09/https-www-annavinpadaippugal-info/outputs/annavin_text_extractor/organized_contents/kadithangal/kathaigal_karuthalikka.md
http://www.annavinpadaippugal.info/kadithangal/kathaigal_karuthalikka_2.htm,200,kadithangal/kathaigal_karuthalikka.md,yes,covered,/Users/pugazhendhirajendran/Documents/Codex/2026-07-09/https-www-annavinpadaippugal-info/outputs/annavin_text_extractor/organized_contents/kadithangal/kathaigal_karuthalikka.md
http://www.annavinpadaippugal.info/kadithangal/kazhugum_kiliyum_1.htm,200,kadithangal/kazhugum_kiliyum.md,yes,covered,/Users/pugazhendhirajendran/Documents/Codex/2026-07-09/https-www-annavinpadaippugal-info/outputs/annavin_text_extractor/organized_contents/kadithangal/kazhugum_kiliyum.md
http://www.annavinpadaippugal.info/kadithangal/kazhugum_kiliyum_2.htm,200,kadithangal/kazhugum_kiliyum.md,yes,covered,/Users/pugazhendhirajendran/Documents/Codex/2026-07-09/https-www-annavinpadaippugal-info/outputs/annavin_text_extractor/organized_contents/kadithangal/kazhugum_kiliyum.md
http://www.annavinpadaippugal.info/kadithangal/kilikku_pachai_1.htm,200,kadithangal/kilikku_pachai.md,yes,covered,/Users/pugazhendhirajendran/Documents/Codex/2026-07-09/https-www-annavinpadaippugal-info/outputs/annavin_text_extractor/organized_contents/kadithangal/kilikku_pachai.md
http://www.annavinpadaippugal.info/kadithangal/kilikku_pachai_2.htm,200,kadithangal/kilikku_pachai.md,yes,covered,/Users/pugazhendhirajendran/Documents/Codex/2026-07-09/https-www-annavinpadaippugal-info/outputs/annavin_text_extractor/organized_contents/kadithangal/kilikku_pachai.md
http://www.annavinpadaippugal.info/kadithangal/kizhakkuveluthidum_vaelai_1.htm,200,kadithangal/kizhakkuveluthidum_vaelai.md,yes,covered,/Users/pugazhendhirajendran/Documents/Codex/2026-07-09/https-www-annavinpadaippugal-info/outputs/annavin_text_extractor/organized_contents/kadithangal/kizhakkuveluthidum_vaelai.md
http://www.annavinpadaippugal.info/kadithangal/kizhakkuveluthidum_vaelai_2.htm,200,kadithangal/kizhakkuveluthidum_vaelai.md,yes,covered,/Users/pugazhendhirajendran/Documents/Codex/2026-07-09/https-www-annavinpadaippugal-info/outputs/annavin_text_extractor/organized_contents/kadithangal/kizhakkuveluthidum_vaelai.md
http://www.annavinpadaippugal.info/kadithangal/koattai_veliyil.htm,200,kadithangal/koattai_veliyil.md,no,covered,/Users/pugazhendhirajendran/Documents/Codex/2026-07-09/https-www-annavinpadaippugal-info/outputs/annavin_text_extractor/organized_contents/kadithangal/koattai_veliyil.md
http://www.annavinpadaippugal.info/kadithangal/kollimalai.htm,200,kadithangal/kollimalai.md,no,covered,/Users/pugazhendhirajendran/Documents/Codex/2026-07-09/https-www-annavinpadaippugal-info/outputs/annavin_text_extractor/organized_contents/kadithangal/kollimalai.md
http://www.annavinpadaippugal.info/kadithangal/kottadi_enn_1.htm,200,kadithangal/kottadi_enn.md,yes,covered,/Users/pugazhendhirajendran/Documents/Codex/2026-07-09/https-www-annavinpadaippugal-info/outputs/annavin_text_extractor/organized_contents/kadithangal/kottadi_enn.md
http://www.annavinpadaippugal.info/kadithangal/kottadi_enn_2.htm,200,kadithangal/kottadi_enn.md,yes,covered,/Users/pugazhendhirajendran/Documents/Codex/2026-07-09/https-www-annavinpadaippugal-info/outputs/annavin_text_extractor/organized_contents/kadithangal/kottadi_enn.md
http://www.annavinpadaippugal.info/kadithangal/kudumba_paasam_1.htm,200,kadithangal/kudumba_paasam.md,yes,covered,/Users/pugazhendhirajendran/Documents/Codex/2026-07-09/https-www-annavinpadaippugal-info/outputs/annavin_text_extractor/organized_contents/kadithangal/kudumba_paasam.md
http://www.annavinpadaippugal.info/kadithangal/kudumba_paasam_2.htm,200,kadithangal/kudumba_paasam.md,yes,covered,/Users/pugazhendhirajendran/Documents/Codex/2026-07-09/https-www-annavinpadaippugal-info/outputs/annavin_text_extractor/organized_contents/kadithangal/kudumba_paasam.md
http://www.annavinpadaippugal.info/kadithangal/kundram_pala_sendrirunthaen_1.htm,200,kadithangal/kundram_pala_sendrirunthaen.md,yes,covered,/Users/pugazhendhirajendran/Documents/Codex/2026-07-09/https-www-annavinpadaippugal-info/outputs/annavin_text_extractor/organized_contents/kadithangal/kundram_pala_sendrirunthaen.md
http://www.annavinpadaippugal.info/kadithangal/kundram_pala_sendrirunthaen_2.htm,200,kadithangal/kundram_pala_sendrirunthaen.md,yes,covered,/Users/pugazhendhirajendran/Documents/Codex/2026-07-09/https-www-annavinpadaippugal-info/outputs/annavin_text_extractor/organized_contents/kadithangal/kundram_pala_sendrirunthaen.md
http://www.annavinpadaippugal.info/kadithangal/kundrellam_kaetkirathu.htm,200,kadithangal/kundrellam_kaetkirathu.md,no,covered,/Users/pugazhendhirajendran/Documents/Codex/2026-07-09/https-www-annavinpadaippugal-info/outputs/annavin_text_extractor/organized_contents/kadithangal/kundrellam_kaetkirathu.md
http://www.annavinpadaippugal.info/kadithangal/kundril_maelitta_vilakku_1.htm,200,kadithangal/kundril_maelitta_vilakku.md,yes,covered,/Users/pugazhendhirajendran/Documents/Codex/2026-07-09/https-www-annavinpadaippugal-info/outputs/annavin_text_extractor/organized_contents/kadithangal/kundril_maelitta_vilakku.md
http://www.annavinpadaippugal.info/kadithangal/kundril_maelitta_vilakku_2.htm,200,kadithangal/kundril_maelitta_vilakku.md,yes,covered,/Users/pugazhendhirajendran/Documents/Codex/2026-07-09/https-www-annavinpadaippugal-info/outputs/annavin_text_extractor/organized_contents/kadithangal/kundril_maelitta_vilakku.md
http://www.annavinpadaippugal.info/kadithangal/kundril_maelitta_vilakku_3.htm,200,kadithangal/kundril_maelitta_vilakku.md,yes,covered,/Users/pugazhendhirajendran/Documents/Codex/2026-07-09/https-www-annavinpadaippugal-info/outputs/annavin_text_extractor/organized_contents/kadithangal/kundril_maelitta_vilakku.md
http://www.annavinpadaippugal.info/kadithangal/kundril_maelitta_vilakku_4.htm,200,kadithangal/kundril_maelitta_vilakku.md,yes,covered,/Users/pugazhendhirajendran/Documents/Codex/2026-07-09/https-www-annavinpadaippugal-info/outputs/annavin_text_extractor/organized_contents/kadithangal/kundril_maelitta_vilakku.md
http://www.annavinpadaippugal.info/kadithangal/kundril_maelitta_vilakku_5.htm,200,kadithangal/kundril_maelitta_vilakku.md,yes,covered,/Users/pugazhendhirajendran/Documents/Codex/2026-07-09/https-www-annavinpadaippugal-info/outputs/annavin_text_extractor/organized_contents/kadithangal/kundril_maelitta_vilakku.md
http://www.annavinpadaippugal.info/kadithangal/kundril_maelitta_vilakku_6.htm,200,kadithangal/kundril_maelitta_vilakku.md,yes,covered,/Users/pugazhendhirajendran/Documents/Codex/2026-07-09/https-www-annavinpadaippugal-info/outputs/annavin_text_extractor/organized_contents/kadithangal/kundril_maelitta_vilakku.md
http://www.annavinpadaippugal.info/kadithangal/kundril_maelitta_vilakku_7.htm,200,kadithangal/kundril_maelitta_vilakku.md,yes,covered,/Users/pugazhendhirajendran/Documents/Codex/2026-07-09/https-www-annavinpadaippugal-info/outputs/annavin_text_extractor/organized_contents/kadithangal/kundril_maelitta_vilakku.md
http://www.annavinpadaippugal.info/kadithangal/kundril_maelitta_vilakku_8.htm,200,kadithangal/kundril_maelitta_vilakku.md,yes,covered,/Users/pugazhendhirajendran/Documents/Codex/2026-07-09/https-www-annavinpadaippugal-info/outputs/annavin_text_extractor/organized_contents/kadithangal/kundril_maelitta_vilakku.md
http://www.annavinpadaippugal.info/kadithangal/kundril_maelitta_vilakku_9.htm,200,kadithangal/kundril_maelitta_vilakku.md,yes,covered,/Users/pugazhendhirajendran/Documents/Codex/2026-07-09/https-www-annavinpadaippugal-info/outputs/annavin_text_extractor/organized_contents/kadithangal/kundril_maelitta_vilakku.md
http://www.annavinpadaippugal.info/kadithangal/kundru_kudai.htm,200,kadithangal/kundru_kudai.md,no,covered,/Users/pugazhendhirajendran/Documents/Codex/2026-07-09/https-www-annavinpadaippugal-info/outputs/annavin_text_extractor/organized_contents/kadithangal/kundru_kudai.md
http://www.annavinpadaippugal.info/kadithangal/kuruthi_kalantha_mann_1.htm,200,kadithangal/kuruthi_kalantha_mann.md,yes,covered,/Users/pugazhendhirajendran/Documents/Codex/2026-07-09/https-www-annavinpadaippugal-info/outputs/annavin_text_extractor/organized_contents/kadithangal/kuruthi_kalantha_mann.md
http://www.annavinpadaippugal.info/kadithangal/kuruthi_kalantha_mann_2.htm,200,kadithangal/kuruthi_kalantha_mann.md,yes,covered,/Users/pugazhendhirajendran/Documents/Codex/2026-07-09/https-www-annavinpadaippugal-info/outputs/annavin_text_extractor/organized_contents/kadithangal/kuruthi_kalantha_mann.md
http://www.annavinpadaippugal.info/kadithangal/kuttram_paarkin_1.htm,200,kadithangal/kuttram_paarkin.md,yes,covered,/Users/pugazhendhirajendran/Documents/Codex/2026-07-09/https-www-annavinpadaippugal-info/outputs/annavin_text_extractor/organized_contents/kadithangal/kuttram_paarkin.md
http://www.annavinpadaippugal.info/kadithangal/kuttram_paarkin_2.htm,200,kadithangal/kuttram_paarkin.md,yes,covered,/Users/pugazhendhirajendran/Documents/Codex/2026-07-09/https-www-annavinpadaippugal-info/outputs/annavin_text_extractor/organized_contents/kadithangal/kuttram_paarkin.md
http://www.annavinpadaippugal.info/kadithangal/kuttram_paarkin_3.htm,200,kadithangal/kuttram_paarkin.md,yes,covered,/Users/pugazhendhirajendran/Documents/Codex/2026-07-09/https-www-annavinpadaippugal-info/outputs/annavin_text_extractor/organized_contents/kadithangal/kuttram_paarkin.md
http://www.annavinpadaippugal.info/kadithangal/kuttram_paarkin_4.htm,200,kadithangal/kuttram_paarkin.md,yes,covered,/Users/pugazhendhirajendran/Documents/Codex/2026-07-09/https-www-annavinpadaippugal-info/outputs/annavin_text_extractor/organized_contents/kadithangal/kuttram_paarkin.md
http://www.annavinpadaippugal.info/kadithangal/maamiyar_veettil_1.htm,200,kadithangal/maamiyar_veettil.md,yes,covered,/Users/pugazhendhirajendran/Documents/Codex/2026-07-09/https-www-annavinpadaippugal-info/outputs/annavin_text_extractor/organized_contents/kadithangal/maamiyar_veettil.md
http://www.annavinpadaippugal.info/kadithangal/maamiyar_veettil_2.htm,200,kadithangal/maamiyar_veettil.md,yes,covered,/Users/pugazhendhirajendran/Documents/Codex/2026-07-09/https-www-annavinpadaippugal-info/outputs/annavin_text_extractor/organized_contents/kadithangal/maamiyar_veettil.md
http://www.annavinpadaippugal.info/kadithangal/maeni_silirkuthu.htm,200,kadithangal/maeni_silirkuthu.md,no,covered,/Users/pugazhendhirajendran/Documents/Codex/2026-07-09/https-www-annavinpadaippugal-info/outputs/annavin_text_extractor/organized_contents/kadithangal/maeni_silirkuthu.md
http://www.annavinpadaippugal.info/kadithangal/maerkonda_melanapani.htm,200,kadithangal/maerkonda_melanapani.md,no,covered,/Users/pugazhendhirajendran/Documents/Codex/2026-07-09/https-www-annavinpadaippugal-info/outputs/annavin_text_extractor/organized_contents/kadithangal/maerkonda_melanapani.md
http://www.annavinpadaippugal.info/kadithangal/magudi_oothum.htm,200,kadithangal/magudi_oothum.md,no,covered,/Users/pugazhendhirajendran/Documents/Codex/2026-07-09/https-www-annavinpadaippugal-info/outputs/annavin_text_extractor/organized_contents/kadithangal/magudi_oothum.md
http://www.annavinpadaippugal.info/kadithangal/malar_manam.htm,200,kadithangal/malar_manam.md,no,covered,/Users/pugazhendhirajendran/Documents/Codex/2026-07-09/https-www-annavinpadaippugal-info/outputs/annavin_text_extractor/organized_contents/kadithangal/malar_manam.md
http://www.annavinpadaippugal.info/kadithangal/manae_thaenae_1.htm,200,kadithangal/manae_thaenae.md,yes,covered,/Users/pugazhendhirajendran/Documents/Codex/2026-07-09/https-www-annavinpadaippugal-info/outputs/annavin_text_extractor/organized_contents/kadithangal/manae_thaenae.md
http://www.annavinpadaippugal.info/kadithangal/manae_thaenae_2.htm,200,kadithangal/manae_thaenae.md,yes,covered,/Users/pugazhendhirajendran/Documents/Codex/2026-07-09/https-www-annavinpadaippugal-info/outputs/annavin_text_extractor/organized_contents/kadithangal/manae_thaenae.md
http://www.annavinpadaippugal.info/kadithangal/manithanum_mirugamum_1.htm,200,kadithangal/manithanum_mirugamum.md,yes,covered,/Users/pugazhendhirajendran/Documents/Codex/2026-07-09/https-www-annavinpadaippugal-info/outputs/annavin_text_extractor/organized_contents/kadithangal/manithanum_mirugamum.md
http://www.annavinpadaippugal.info/kadithangal/manithanum_mirugamum_2.htm,200,kadithangal/manithanum_mirugamum.md,yes,covered,/Users/pugazhendhirajendran/Documents/Codex/2026-07-09/https-www-annavinpadaippugal-info/outputs/annavin_text_extractor/organized_contents/kadithangal/manithanum_mirugamum.md
http://www.annavinpadaippugal.info/kadithangal/marana_adi_kodupparam.htm,200,kadithangal/marana_adi_kodupparam.md,no,covered,/Users/pugazhendhirajendran/Documents/Codex/2026-07-09/https-www-annavinpadaippugal-info/outputs/annavin_text_extractor/organized_contents/kadithangal/marana_adi_kodupparam.md
http://www.annavinpadaippugal.info/kadithangal/matroru_koovam_1.htm,200,kadithangal/matroru_koovam.md,yes,covered,/Users/pugazhendhirajendran/Documents/Codex/2026-07-09/https-www-annavinpadaippugal-info/outputs/annavin_text_extractor/organized_contents/kadithangal/matroru_koovam.md
http://www.annavinpadaippugal.info/kadithangal/matroru_koovam_2.htm,200,kadithangal/matroru_koovam.md,yes,covered,/Users/pugazhendhirajendran/Documents/Codex/2026-07-09/https-www-annavinpadaippugal-info/outputs/annavin_text_extractor/organized_contents/kadithangal/matroru_koovam.md
http://www.annavinpadaippugal.info/kadithangal/matthappu.htm,200,kadithangal/matthappu.md,no,covered,/Users/pugazhendhirajendran/Documents/Codex/2026-07-09/https-www-annavinpadaippugal-info/outputs/annavin_text_extractor/organized_contents/kadithangal/matthappu.md
http://www.annavinpadaippugal.info/kadithangal/mayer_thaerthal_mgr.htm,200,kadithangal/mayer_thaerthal_mgr.md,no,covered,/Users/pugazhendhirajendran/Documents/Codex/2026-07-09/https-www-annavinpadaippugal-info/outputs/annavin_text_extractor/organized_contents/kadithangal/mayer_thaerthal_mgr.md
http://www.annavinpadaippugal.info/kadithangal/minnal_vaega_maethavilasam.htm,200,kadithangal/minnal_vaega_maethavilasam.md,no,covered,/Users/pugazhendhirajendran/Documents/Codex/2026-07-09/https-www-annavinpadaippugal-info/outputs/annavin_text_extractor/organized_contents/kadithangal/minnal_vaega_maethavilasam.md
http://www.annavinpadaippugal.info/kadithangal/mirattal_virattal_1.htm,200,kadithangal/mirattal_virattal.md,yes,covered,/Users/pugazhendhirajendran/Documents/Codex/2026-07-09/https-www-annavinpadaippugal-info/outputs/annavin_text_extractor/organized_contents/kadithangal/mirattal_virattal.md
http://www.annavinpadaippugal.info/kadithangal/mirattal_virattal_2.htm,200,kadithangal/mirattal_virattal.md,yes,covered,/Users/pugazhendhirajendran/Documents/Codex/2026-07-09/https-www-annavinpadaippugal-info/outputs/annavin_text_extractor/organized_contents/kadithangal/mirattal_virattal.md
http://www.annavinpadaippugal.info/kadithangal/miruga_aatchi_1.htm,200,kadithangal/miruga_aatchi.md,yes,covered,/Users/pugazhendhirajendran/Documents/Codex/2026-07-09/https-www-annavinpadaippugal-info/outputs/annavin_text_extractor/organized_contents/kadithangal/miruga_aatchi.md
http://www.annavinpadaippugal.info/kadithangal/miruga_aatchi_2.htm,200,kadithangal/miruga_aatchi.md,yes,covered,/Users/pugazhendhirajendran/Documents/Codex/2026-07-09/https-www-annavinpadaippugal-info/outputs/annavin_text_extractor/organized_contents/kadithangal/miruga_aatchi.md
http://www.annavinpadaippugal.info/kadithangal/moolavar_moovar_1.htm,200,kadithangal/moolavar_moovar.md,yes,covered,/Users/pugazhendhirajendran/Documents/Codex/2026-07-09/https-www-annavinpadaippugal-info/outputs/annavin_text_extractor/organized_contents/kadithangal/moolavar_moovar.md
http://www.annavinpadaippugal.info/kadithangal/moolavar_moovar_2.htm,200,kadithangal/moolavar_moovar.md,yes,covered,/Users/pugazhendhirajendran/Documents/Codex/2026-07-09/https-www-annavinpadaippugal-info/outputs/annavin_text_extractor/organized_contents/kadithangal/moolavar_moovar.md
http://www.annavinpadaippugal.info/kadithangal/moovar_murasu_1.htm,200,kadithangal/moovar_murasu.md,yes,covered,/Users/pugazhendhirajendran/Documents/Codex/2026-07-09/https-www-annavinpadaippugal-info/outputs/annavin_text_extractor/organized_contents/kadithangal/moovar_murasu.md
http://www.annavinpadaippugal.info/kadithangal/moovar_murasu_2.htm,200,kadithangal/moovar_murasu.md,yes,covered,/Users/pugazhendhirajendran/Documents/Codex/2026-07-09/https-www-annavinpadaippugal-info/outputs/annavin_text_extractor/organized_contents/kadithangal/moovar_murasu.md
http://www.annavinpadaippugal.info/kadithangal/mudiyum_muyandral_1.htm,200,kadithangal/mudiyum_muyandral.md,yes,covered,/Users/pugazhendhirajendran/Documents/Codex/2026-07-09/https-www-annavinpadaippugal-info/outputs/annavin_text_extractor/organized_contents/kadithangal/mudiyum_muyandral.md
http://www.annavinpadaippugal.info/kadithangal/mudiyum_muyandral_2.htm,200,kadithangal/mudiyum_muyandral.md,yes,covered,/Users/pugazhendhirajendran/Documents/Codex/2026-07-09/https-www-annavinpadaippugal-info/outputs/annavin_text_extractor/organized_contents/kadithangal/mudiyum_muyandral.md
http://www.annavinpadaippugal.info/kadithangal/mullu_munayilae_1.htm,200,kadithangal/mullu_munayilae.md,yes,covered,/Users/pugazhendhirajendran/Documents/Codex/2026-07-09/https-www-annavinpadaippugal-info/outputs/annavin_text_extractor/organized_contents/kadithangal/mullu_munayilae.md
http://www.annavinpadaippugal.info/kadithangal/mullu_munayilae_2.htm,200,kadithangal/mullu_munayilae.md,yes,covered,/Users/pugazhendhirajendran/Documents/Codex/2026-07-09/https-www-annavinpadaippugal-info/outputs/annavin_text_extractor/organized_contents/kadithangal/mullu_munayilae.md
http://www.annavinpadaippugal.info/kadithangal/muthal_panthi_1.htm,200,kadithangal/muthal_panthi.md,yes,covered,/Users/pugazhendhirajendran/Documents/Codex/2026-07-09/https-www-annavinpadaippugal-info/outputs/annavin_text_extractor/organized_contents/kadithangal/muthal_panthi.md
http://www.annavinpadaippugal.info/kadithangal/muthal_panthi_2.htm,200,kadithangal/muthal_panthi.md,yes,covered,/Users/pugazhendhirajendran/Documents/Codex/2026-07-09/https-www-annavinpadaippugal-info/outputs/annavin_text_extractor/organized_contents/kadithangal/muthal_panthi.md
http://www.annavinpadaippugal.info/kadithangal/muthal_panthi_3.htm,200,kadithangal/muthal_panthi.md,yes,covered,/Users/pugazhendhirajendran/Documents/Codex/2026-07-09/https-www-annavinpadaippugal-info/outputs/annavin_text_extractor/organized_contents/kadithangal/muthal_panthi.md
http://www.annavinpadaippugal.info/kadithangal/mutthana_vaaithiranthu.htm,200,kadithangal/mutthana_vaaithiranthu.md,no,covered,/Users/pugazhendhirajendran/Documents/Codex/2026-07-09/https-www-annavinpadaippugal-info/outputs/annavin_text_extractor/organized_contents/kadithangal/mutthana_vaaithiranthu.md
http://www.annavinpadaippugal.info/kadithangal/muyandral_mudiyum_1.htm,200,kadithangal/muyandral_mudiyum.md,yes,covered,/Users/pugazhendhirajendran/Documents/Codex/2026-07-09/https-www-annavinpadaippugal-info/outputs/annavin_text_extractor/organized_contents/kadithangal/muyandral_mudiyum.md
http://www.annavinpadaippugal.info/kadithangal/muyandral_mudiyum_2.htm,200,kadithangal/muyandral_mudiyum.md,yes,covered,/Users/pugazhendhirajendran/Documents/Codex/2026-07-09/https-www-annavinpadaippugal-info/outputs/annavin_text_extractor/organized_contents/kadithangal/muyandral_mudiyum.md
http://www.annavinpadaippugal.info/kadithangal/muyandral_mudiyum_3.htm,200,kadithangal/muyandral_mudiyum.md,yes,covered,/Users/pugazhendhirajendran/Documents/Codex/2026-07-09/https-www-annavinpadaippugal-info/outputs/annavin_text_extractor/organized_contents/kadithangal/muyandral_mudiyum.md
http://www.annavinpadaippugal.info/kadithangal/naadagamadidalam_1.htm,200,kadithangal/naadagamadidalam_1.md,no,covered,/Users/pugazhendhirajendran/Documents/Codex/2026-07-09/https-www-annavinpadaippugal-info/outputs/annavin_text_extractor/organized_contents/kadithangal/naadagamadidalam_1.md
http://www.annavinpadaippugal.info/kadithangal/naadagamadidalam_2_1.htm,200,kadithangal/naadagamadidalam_2.md,yes,covered,/Users/pugazhendhirajendran/Documents/Codex/2026-07-09/https-www-annavinpadaippugal-info/outputs/annavin_text_extractor/organized_contents/kadithangal/naadagamadidalam_2.md
http://www.annavinpadaippugal.info/kadithangal/naadagamadidalam_2_2.htm,200,kadithangal/naadagamadidalam_2.md,yes,covered,/Users/pugazhendhirajendran/Documents/Codex/2026-07-09/https-www-annavinpadaippugal-info/outputs/annavin_text_extractor/organized_contents/kadithangal/naadagamadidalam_2.md
http://www.annavinpadaippugal.info/kadithangal/naalum_naalum_1.htm,200,kadithangal/naalum_naalum.md,yes,covered,/Users/pugazhendhirajendran/Documents/Codex/2026-07-09/https-www-annavinpadaippugal-info/outputs/annavin_text_extractor/organized_contents/kadithangal/naalum_naalum.md
http://www.annavinpadaippugal.info/kadithangal/naalum_naalum_2.htm,200,kadithangal/naalum_naalum.md,yes,covered,/Users/pugazhendhirajendran/Documents/Codex/2026-07-09/https-www-annavinpadaippugal-info/outputs/annavin_text_extractor/organized_contents/kadithangal/naalum_naalum.md
http://www.annavinpadaippugal.info/kadithangal/naamaavathu.htm,200,kadithangal/naamaavathu.md,no,covered,/Users/pugazhendhirajendran/Documents/Codex/2026-07-09/https-www-annavinpadaippugal-info/outputs/annavin_text_extractor/organized_contents/kadithangal/naamaavathu.md
http://www.annavinpadaippugal.info/kadithangal/naanalam_1.htm,200,kadithangal/naanalam.md,yes,covered,/Users/pugazhendhirajendran/Documents/Codex/2026-07-09/https-www-annavinpadaippugal-info/outputs/annavin_text_extractor/organized_contents/kadithangal/naanalam.md
http://www.annavinpadaippugal.info/kadithangal/naanalam_2.htm,200,kadithangal/naanalam.md,yes,covered,/Users/pugazhendhirajendran/Documents/Codex/2026-07-09/https-www-annavinpadaippugal-info/outputs/annavin_text_extractor/organized_contents/kadithangal/naanalam.md
http://www.annavinpadaippugal.info/kadithangal/naattunilai_palaninaivugal_1.htm,200,kadithangal/naattunilai_palaninaivugal.md,yes,covered,/Users/pugazhendhirajendran/Documents/Codex/2026-07-09/https-www-annavinpadaippugal-info/outputs/annavin_text_extractor/organized_contents/kadithangal/naattunilai_palaninaivugal.md
http://www.annavinpadaippugal.info/kadithangal/naattunilai_palaninaivugal_2.htm,200,kadithangal/naattunilai_palaninaivugal.md,yes,covered,/Users/pugazhendhirajendran/Documents/Codex/2026-07-09/https-www-annavinpadaippugal-info/outputs/annavin_text_extractor/organized_contents/kadithangal/naattunilai_palaninaivugal.md
http://www.annavinpadaippugal.info/kadithangal/naavalar_nam_kavalar_1.htm,200,kadithangal/naavalar_nam_kavalar.md,yes,covered,/Users/pugazhendhirajendran/Documents/Codex/2026-07-09/https-www-annavinpadaippugal-info/outputs/annavin_text_extractor/organized_contents/kadithangal/naavalar_nam_kavalar.md
http://www.annavinpadaippugal.info/kadithangal/naavalar_nam_kavalar_2.htm,200,kadithangal/naavalar_nam_kavalar.md,yes,covered,/Users/pugazhendhirajendran/Documents/Codex/2026-07-09/https-www-annavinpadaippugal-info/outputs/annavin_text_extractor/organized_contents/kadithangal/naavalar_nam_kavalar.md
http://www.annavinpadaippugal.info/kadithangal/nacharivu_seigirargal_1.htm,200,kadithangal/nacharivu_seigirargal.md,yes,covered,/Users/pugazhendhirajendran/Documents/Codex/2026-07-09/https-www-annavinpadaippugal-info/outputs/annavin_text_extractor/organized_contents/kadithangal/nacharivu_seigirargal.md
http://www.annavinpadaippugal.info/kadithangal/nacharivu_seigirargal_2.htm,200,kadithangal/nacharivu_seigirargal.md,yes,covered,/Users/pugazhendhirajendran/Documents/Codex/2026-07-09/https-www-annavinpadaippugal-info/outputs/annavin_text_extractor/organized_contents/kadithangal/nacharivu_seigirargal.md
http://www.annavinpadaippugal.info/kadithangal/nallatheerpu_1.htm,200,kadithangal/nallatheerpu.md,yes,covered,/Users/pugazhendhirajendran/Documents/Codex/2026-07-09/https-www-annavinpadaippugal-info/outputs/annavin_text_extractor/organized_contents/kadithangal/nallatheerpu.md
http://www.annavinpadaippugal.info/kadithangal/nallatheerpu_2.htm,200,kadithangal/nallatheerpu.md,yes,covered,/Users/pugazhendhirajendran/Documents/Codex/2026-07-09/https-www-annavinpadaippugal-info/outputs/annavin_text_extractor/organized_contents/kadithangal/nallatheerpu.md
http://www.annavinpadaippugal.info/kadithangal/nallorin_theerpu_1.htm,200,kadithangal/nallorin_theerpu.md,yes,covered,/Users/pugazhendhirajendran/Documents/Codex/2026-07-09/https-www-annavinpadaippugal-info/outputs/annavin_text_extractor/organized_contents/kadithangal/nallorin_theerpu.md
http://www.annavinpadaippugal.info/kadithangal/nallorin_theerpu_2.htm,200,kadithangal/nallorin_theerpu.md,yes,covered,/Users/pugazhendhirajendran/Documents/Codex/2026-07-09/https-www-annavinpadaippugal-info/outputs/annavin_text_extractor/organized_contents/kadithangal/nallorin_theerpu.md
http://www.annavinpadaippugal.info/kadithangal/nari_pariyana_kathai_1.htm,200,kadithangal/nari_pariyana_kathai.md,yes,covered,/Users/pugazhendhirajendran/Documents/Codex/2026-07-09/https-www-annavinpadaippugal-info/outputs/annavin_text_extractor/organized_contents/kadithangal/nari_pariyana_kathai.md
http://www.annavinpadaippugal.info/kadithangal/nari_pariyana_kathai_2.htm,200,kadithangal/nari_pariyana_kathai.md,yes,covered,/Users/pugazhendhirajendran/Documents/Codex/2026-07-09/https-www-annavinpadaippugal-info/outputs/annavin_text_extractor/organized_contents/kadithangal/nari_pariyana_kathai.md
http://www.annavinpadaippugal.info/kadithangal/nari_pariyana_kathai_3.htm,200,kadithangal/nari_pariyana_kathai.md,yes,covered,/Users/pugazhendhirajendran/Documents/Codex/2026-07-09/https-www-annavinpadaippugal-info/outputs/annavin_text_extractor/organized_contents/kadithangal/nari_pariyana_kathai.md
http://www.annavinpadaippugal.info/kadithangal/nedunallvaadai.htm,200,kadithangal/nedunallvaadai.md,no,covered,/Users/pugazhendhirajendran/Documents/Codex/2026-07-09/https-www-annavinpadaippugal-info/outputs/annavin_text_extractor/organized_contents/kadithangal/nedunallvaadai.md
http://www.annavinpadaippugal.info/kadithangal/nedunchezhiyan_andrum_indrum.htm,200,kadithangal/nedunchezhiyan_andrum_indrum.md,no,covered,/Users/pugazhendhirajendran/Documents/Codex/2026-07-09/https-www-annavinpadaippugal-info/outputs/annavin_text_extractor/organized_contents/kadithangal/nedunchezhiyan_andrum_indrum.md
http://www.annavinpadaippugal.info/kadithangal/neenda_idaivelikku_1.htm,200,kadithangal/neenda_idaivelikku.md,yes,covered,/Users/pugazhendhirajendran/Documents/Codex/2026-07-09/https-www-annavinpadaippugal-info/outputs/annavin_text_extractor/organized_contents/kadithangal/neenda_idaivelikku.md
http://www.annavinpadaippugal.info/kadithangal/neenda_idaivelikku_2.htm,200,kadithangal/neenda_idaivelikku.md,yes,covered,/Users/pugazhendhirajendran/Documents/Codex/2026-07-09/https-www-annavinpadaippugal-info/outputs/annavin_text_extractor/organized_contents/kadithangal/neenda_idaivelikku.md
http://www.annavinpadaippugal.info/kadithangal/neenda_idaivelikku_3.htm,200,kadithangal/neenda_idaivelikku.md,yes,covered,/Users/pugazhendhirajendran/Documents/Codex/2026-07-09/https-www-annavinpadaippugal-info/outputs/annavin_text_extractor/organized_contents/kadithangal/neenda_idaivelikku.md
http://www.annavinpadaippugal.info/kadithangal/netrikannai_kaattinalum.htm,200,kadithangal/netrikannai_kaattinalum.md,no,covered,/Users/pugazhendhirajendran/Documents/Codex/2026-07-09/https-www-annavinpadaippugal-info/outputs/annavin_text_extractor/organized_contents/kadithangal/netrikannai_kaattinalum.md
http://www.annavinpadaippugal.info/kadithangal/nilavu_kazhagavetri_1.htm,200,kadithangal/nilavu_kazhagavetri.md,yes,covered,/Users/pugazhendhirajendran/Documents/Codex/2026-07-09/https-www-annavinpadaippugal-info/outputs/annavin_text_extractor/organized_contents/kadithangal/nilavu_kazhagavetri.md
http://www.annavinpadaippugal.info/kadithangal/nilavu_kazhagavetri_2.htm,200,kadithangal/nilavu_kazhagavetri.md,yes,covered,/Users/pugazhendhirajendran/Documents/Codex/2026-07-09/https-www-annavinpadaippugal-info/outputs/annavin_text_extractor/organized_contents/kadithangal/nilavu_kazhagavetri.md
http://www.annavinpadaippugal.info/kadithangal/ninaivalaigal_1.htm,200,kadithangal/ninaivalaigal.md,yes,covered,/Users/pugazhendhirajendran/Documents/Codex/2026-07-09/https-www-annavinpadaippugal-info/outputs/annavin_text_extractor/organized_contents/kadithangal/ninaivalaigal.md
http://www.annavinpadaippugal.info/kadithangal/ninaivalaigal_2.htm,200,kadithangal/ninaivalaigal.md,yes,covered,/Users/pugazhendhirajendran/Documents/Codex/2026-07-09/https-www-annavinpadaippugal-info/outputs/annavin_text_extractor/organized_contents/kadithangal/ninaivalaigal.md
http://www.annavinpadaippugal.info/kadithangal/oattandiyakkivittu_1_1.htm,200,kadithangal/oattandiyakkivittu_1.md,yes,covered,/Users/pugazhendhirajendran/Documents/Codex/2026-07-09/https-www-annavinpadaippugal-info/outputs/annavin_text_extractor/organized_contents/kadithangal/oattandiyakkivittu_1.md
http://www.annavinpadaippugal.info/kadithangal/oattandiyakkivittu_1_2.htm,200,kadithangal/oattandiyakkivittu_1.md,yes,covered,/Users/pugazhendhirajendran/Documents/Codex/2026-07-09/https-www-annavinpadaippugal-info/outputs/annavin_text_extractor/organized_contents/kadithangal/oattandiyakkivittu_1.md
http://www.annavinpadaippugal.info/kadithangal/oattandiyakkivittu_2_1.htm,200,kadithangal/oattandiyakkivittu_2.md,yes,covered,/Users/pugazhendhirajendran/Documents/Codex/2026-07-09/https-www-annavinpadaippugal-info/outputs/annavin_text_extractor/organized_contents/kadithangal/oattandiyakkivittu_2.md
http://www.annavinpadaippugal.info/kadithangal/oattandiyakkivittu_2_2.htm,200,kadithangal/oattandiyakkivittu_2.md,yes,covered,/Users/pugazhendhirajendran/Documents/Codex/2026-07-09/https-www-annavinpadaippugal-info/outputs/annavin_text_extractor/organized_contents/kadithangal/oattandiyakkivittu_2.md
http://www.annavinpadaippugal.info/kadithangal/oattu_chavadi_pogumun_1.htm,200,kadithangal/oattu_chavadi_pogumun.md,yes,covered,/Users/pugazhendhirajendran/Documents/Codex/2026-07-09/https-www-annavinpadaippugal-info/outputs/annavin_text_extractor/organized_contents/kadithangal/oattu_chavadi_pogumun.md
http://www.annavinpadaippugal.info/kadithangal/oattu_chavadi_pogumun_2.htm,200,kadithangal/oattu_chavadi_pogumun.md,yes,covered,/Users/pugazhendhirajendran/Documents/Codex/2026-07-09/https-www-annavinpadaippugal-info/outputs/annavin_text_extractor/organized_contents/kadithangal/oattu_chavadi_pogumun.md
http://www.annavinpadaippugal.info/kadithangal/olipadaitha_kanninai_1.htm,200,kadithangal/olipadaitha_kanninai.md,yes,covered,/Users/pugazhendhirajendran/Documents/Codex/2026-07-09/https-www-annavinpadaippugal-info/outputs/annavin_text_extractor/organized_contents/kadithangal/olipadaitha_kanninai.md
http://www.annavinpadaippugal.info/kadithangal/olipadaitha_kanninai_2.htm,200,kadithangal/olipadaitha_kanninai.md,yes,covered,/Users/pugazhendhirajendran/Documents/Codex/2026-07-09/https-www-annavinpadaippugal-info/outputs/annavin_text_extractor/organized_contents/kadithangal/olipadaitha_kanninai.md
http://www.annavinpadaippugal.info/kadithangal/oliyum_oliyum_1.htm,200,kadithangal/oliyum_oliyum.md,yes,covered,/Users/pugazhendhirajendran/Documents/Codex/2026-07-09/https-www-annavinpadaippugal-info/outputs/annavin_text_extractor/organized_contents/kadithangal/oliyum_oliyum.md
http://www.annavinpadaippugal.info/kadithangal/oliyum_oliyum_2.htm,200,kadithangal/oliyum_oliyum.md,yes,covered,/Users/pugazhendhirajendran/Documents/Codex/2026-07-09/https-www-annavinpadaippugal-info/outputs/annavin_text_extractor/organized_contents/kadithangal/oliyum_oliyum.md
http://www.annavinpadaippugal.info/kadithangal/ondraga_koodi_1.htm,200,kadithangal/ondraga_koodi.md,yes,covered,/Users/pugazhendhirajendran/Documents/Codex/2026-07-09/https-www-annavinpadaippugal-info/outputs/annavin_text_extractor/organized_contents/kadithangal/ondraga_koodi.md
http://www.annavinpadaippugal.info/kadithangal/ondraga_koodi_2.htm,200,kadithangal/ondraga_koodi.md,yes,covered,/Users/pugazhendhirajendran/Documents/Codex/2026-07-09/https-www-annavinpadaippugal-info/outputs/annavin_text_extractor/organized_contents/kadithangal/ondraga_koodi.md
http://www.annavinpadaippugal.info/kadithangal/orae_oru_prachinai.htm,200,kadithangal/orae_oru_prachinai.md,no,covered,/Users/pugazhendhirajendran/Documents/Codex/2026-07-09/https-www-annavinpadaippugal-info/outputs/annavin_text_extractor/organized_contents/kadithangal/orae_oru_prachinai.md
http://www.annavinpadaippugal.info/kadithangal/paal_padi_etthanai_1.htm,200,kadithangal/paal_padi_etthanai.md,yes,covered,/Users/pugazhendhirajendran/Documents/Codex/2026-07-09/https-www-annavinpadaippugal-info/outputs/annavin_text_extractor/organized_contents/kadithangal/paal_padi_etthanai.md
http://www.annavinpadaippugal.info/kadithangal/paal_padi_etthanai_2.htm,200,kadithangal/paal_padi_etthanai.md,yes,covered,/Users/pugazhendhirajendran/Documents/Codex/2026-07-09/https-www-annavinpadaippugal-info/outputs/annavin_text_extractor/organized_contents/kadithangal/paal_padi_etthanai.md
http://www.annavinpadaippugal.info/kadithangal/paavi_pollathavan.htm,200,kadithangal/paavi_pollathavan.md,no,covered,/Users/pugazhendhirajendran/Documents/Codex/2026-07-09/https-www-annavinpadaippugal-info/outputs/annavin_text_extractor/organized_contents/kadithangal/paavi_pollathavan.md
http://www.annavinpadaippugal.info/kadithangal/padamam_padam_1.htm,200,kadithangal/padamam_padam.md,yes,covered,/Users/pugazhendhirajendran/Documents/Codex/2026-07-09/https-www-annavinpadaippugal-info/outputs/annavin_text_extractor/organized_contents/kadithangal/padamam_padam.md
http://www.annavinpadaippugal.info/kadithangal/padamam_padam_2.htm,200,kadithangal/padamam_padam.md,yes,covered,/Users/pugazhendhirajendran/Documents/Codex/2026-07-09/https-www-annavinpadaippugal-info/outputs/annavin_text_extractor/organized_contents/kadithangal/padamam_padam.md
http://www.annavinpadaippugal.info/kadithangal/padamum_paadamum.htm,200,kadithangal/padamum_paadamum.md,no,covered,/Users/pugazhendhirajendran/Documents/Codex/2026-07-09/https-www-annavinpadaippugal-info/outputs/annavin_text_extractor/organized_contents/kadithangal/padamum_paadamum.md
http://www.annavinpadaippugal.info/kadithangal/padamum_paadamum_2_1.htm,200,kadithangal/padamum_paadamum_2.md,yes,covered,/Users/pugazhendhirajendran/Documents/Codex/2026-07-09/https-www-annavinpadaippugal-info/outputs/annavin_text_extractor/organized_contents/kadithangal/padamum_paadamum_2.md
http://www.annavinpadaippugal.info/kadithangal/padamum_paadamum_2_2.htm,200,kadithangal/padamum_paadamum_2.md,yes,covered,/Users/pugazhendhirajendran/Documents/Codex/2026-07-09/https-www-annavinpadaippugal-info/outputs/annavin_text_extractor/organized_contents/kadithangal/padamum_paadamum_2.md
http://www.annavinpadaippugal.info/kadithangal/padamum_paadamum_3_1.htm,200,kadithangal/padamum_paadamum_3.md,yes,covered,/Users/pugazhendhirajendran/Documents/Codex/2026-07-09/https-www-annavinpadaippugal-info/outputs/annavin_text_extractor/organized_contents/kadithangal/padamum_paadamum_3.md
http://www.annavinpadaippugal.info/kadithangal/padamum_paadamum_3_2.htm,200,kadithangal/padamum_paadamum_3.md,yes,covered,/Users/pugazhendhirajendran/Documents/Codex/2026-07-09/https-www-annavinpadaippugal-info/outputs/annavin_text_extractor/organized_contents/kadithangal/padamum_paadamum_3.md
http://www.annavinpadaippugal.info/kadithangal/padamum_paadamum_4_1.htm,200,kadithangal/padamum_paadamum_4.md,yes,covered,/Users/pugazhendhirajendran/Documents/Codex/2026-07-09/https-www-annavinpadaippugal-info/outputs/annavin_text_extractor/organized_contents/kadithangal/padamum_paadamum_4.md
http://www.annavinpadaippugal.info/kadithangal/padamum_paadamum_4_2.htm,200,kadithangal/padamum_paadamum_4.md,yes,covered,/Users/pugazhendhirajendran/Documents/Codex/2026-07-09/https-www-annavinpadaippugal-info/outputs/annavin_text_extractor/organized_contents/kadithangal/padamum_paadamum_4.md
http://www.annavinpadaippugal.info/kadithangal/paeragarathi.htm,200,kadithangal/paeragarathi.md,no,covered,/Users/pugazhendhirajendran/Documents/Codex/2026-07-09/https-www-annavinpadaippugal-info/outputs/annavin_text_extractor/organized_contents/kadithangal/paeragarathi.md
http://www.annavinpadaippugal.info/kadithangal/paesattum_thambi_1.htm,200,kadithangal/paesattum_thambi.md,yes,covered,/Users/pugazhendhirajendran/Documents/Codex/2026-07-09/https-www-annavinpadaippugal-info/outputs/annavin_text_extractor/organized_contents/kadithangal/paesattum_thambi.md
http://www.annavinpadaippugal.info/kadithangal/paesattum_thambi_2.htm,200,kadithangal/paesattum_thambi.md,yes,covered,/Users/pugazhendhirajendran/Documents/Codex/2026-07-09/https-www-annavinpadaippugal-info/outputs/annavin_text_extractor/organized_contents/kadithangal/paesattum_thambi.md
http://www.annavinpadaippugal.info/kadithangal/pagaivan_paniyal_1.htm,200,kadithangal/pagaivan_paniyal_1.md,no,covered,/Users/pugazhendhirajendran/Documents/Codex/2026-07-09/https-www-annavinpadaippugal-info/outputs/annavin_text_extractor/organized_contents/kadithangal/pagaivan_paniyal_1.md
http://www.annavinpadaippugal.info/kadithangal/panabaanam_1.htm,200,kadithangal/panabaanam.md,yes,covered,/Users/pugazhendhirajendran/Documents/Codex/2026-07-09/https-www-annavinpadaippugal-info/outputs/annavin_text_extractor/organized_contents/kadithangal/panabaanam.md
http://www.annavinpadaippugal.info/kadithangal/panabaanam_2.htm,200,kadithangal/panabaanam.md,yes,covered,/Users/pugazhendhirajendran/Documents/Codex/2026-07-09/https-www-annavinpadaippugal-info/outputs/annavin_text_extractor/organized_contents/kadithangal/panabaanam.md
http://www.annavinpadaippugal.info/kadithangal/panneer_thelithalum_1.htm,200,kadithangal/panneer_thelithalum.md,yes,covered,/Users/pugazhendhirajendran/Documents/Codex/2026-07-09/https-www-annavinpadaippugal-info/outputs/annavin_text_extractor/organized_contents/kadithangal/panneer_thelithalum.md
http://www.annavinpadaippugal.info/kadithangal/panneer_thelithalum_2.htm,200,kadithangal/panneer_thelithalum.md,yes,covered,/Users/pugazhendhirajendran/Documents/Codex/2026-07-09/https-www-annavinpadaippugal-info/outputs/annavin_text_extractor/organized_contents/kadithangal/panneer_thelithalum.md
http://www.annavinpadaippugal.info/kadithangal/parakkum_kuthirai_1.htm,200,kadithangal/parakkum_kuthirai.md,yes,covered,/Users/pugazhendhirajendran/Documents/Codex/2026-07-09/https-www-annavinpadaippugal-info/outputs/annavin_text_extractor/organized_contents/kadithangal/parakkum_kuthirai.md
http://www.annavinpadaippugal.info/kadithangal/parakkum_kuthirai_2.htm,200,kadithangal/parakkum_kuthirai.md,yes,covered,/Users/pugazhendhirajendran/Documents/Codex/2026-07-09/https-www-annavinpadaippugal-info/outputs/annavin_text_extractor/organized_contents/kadithangal/parakkum_kuthirai.md
http://www.annavinpadaippugal.info/kadithangal/patru_1_1.htm,200,kadithangal/patru_1.md,yes,covered,/Users/pugazhendhirajendran/Documents/Codex/2026-07-09/https-www-annavinpadaippugal-info/outputs/annavin_text_extractor/organized_contents/kadithangal/patru_1.md
http://www.annavinpadaippugal.info/kadithangal/patru_1_2.htm,200,kadithangal/patru_1.md,yes,covered,/Users/pugazhendhirajendran/Documents/Codex/2026-07-09/https-www-annavinpadaippugal-info/outputs/annavin_text_extractor/organized_contents/kadithangal/patru_1.md
http://www.annavinpadaippugal.info/kadithangal/patru_2_1.htm,200,kadithangal/patru_2.md,yes,covered,/Users/pugazhendhirajendran/Documents/Codex/2026-07-09/https-www-annavinpadaippugal-info/outputs/annavin_text_extractor/organized_contents/kadithangal/patru_2.md
http://www.annavinpadaippugal.info/kadithangal/patru_2_2.htm,200,kadithangal/patru_2.md,yes,covered,/Users/pugazhendhirajendran/Documents/Codex/2026-07-09/https-www-annavinpadaippugal-info/outputs/annavin_text_extractor/organized_contents/kadithangal/patru_2.md
http://www.annavinpadaippugal.info/kadithangal/pattapahalil_1.htm,200,kadithangal/pattapahalil.md,yes,covered,/Users/pugazhendhirajendran/Documents/Codex/2026-07-09/https-www-annavinpadaippugal-info/outputs/annavin_text_extractor/organized_contents/kadithangal/pattapahalil.md
http://www.annavinpadaippugal.info/kadithangal/pattapahalil_2.htm,200,kadithangal/pattapahalil.md,yes,covered,/Users/pugazhendhirajendran/Documents/Codex/2026-07-09/https-www-annavinpadaippugal-info/outputs/annavin_text_extractor/organized_contents/kadithangal/pattapahalil.md
http://www.annavinpadaippugal.info/kadithangal/pattapahalil_3.htm,200,kadithangal/pattapahalil.md,yes,covered,/Users/pugazhendhirajendran/Documents/Codex/2026-07-09/https-www-annavinpadaippugal-info/outputs/annavin_text_extractor/organized_contents/kadithangal/pattapahalil.md
http://www.annavinpadaippugal.info/kadithangal/periya_pulligal_1.htm,200,kadithangal/periya_pulligal.md,yes,covered,/Users/pugazhendhirajendran/Documents/Codex/2026-07-09/https-www-annavinpadaippugal-info/outputs/annavin_text_extractor/organized_contents/kadithangal/periya_pulligal.md
http://www.annavinpadaippugal.info/kadithangal/periya_pulligal_2.htm,200,kadithangal/periya_pulligal.md,yes,covered,/Users/pugazhendhirajendran/Documents/Codex/2026-07-09/https-www-annavinpadaippugal-info/outputs/annavin_text_extractor/organized_contents/kadithangal/periya_pulligal.md
http://www.annavinpadaippugal.info/kadithangal/poar_poar.htm,200,kadithangal/poar_poar.md,no,covered,/Users/pugazhendhirajendran/Documents/Codex/2026-07-09/https-www-annavinpadaippugal-info/outputs/annavin_text_extractor/organized_contents/kadithangal/poar_poar.md
http://www.annavinpadaippugal.info/kadithangal/police_police_1.htm,200,kadithangal/police_police.md,yes,covered,/Users/pugazhendhirajendran/Documents/Codex/2026-07-09/https-www-annavinpadaippugal-info/outputs/annavin_text_extractor/organized_contents/kadithangal/police_police.md
http://www.annavinpadaippugal.info/kadithangal/police_police_2.htm,200,kadithangal/police_police.md,yes,covered,/Users/pugazhendhirajendran/Documents/Codex/2026-07-09/https-www-annavinpadaippugal-info/outputs/annavin_text_extractor/organized_contents/kadithangal/police_police.md
http://www.annavinpadaippugal.info/kadithangal/porkalam_kaana_1.htm,200,kadithangal/porkalam_kaana.md,yes,covered,/Users/pugazhendhirajendran/Documents/Codex/2026-07-09/https-www-annavinpadaippugal-info/outputs/annavin_text_extractor/organized_contents/kadithangal/porkalam_kaana.md
http://www.annavinpadaippugal.info/kadithangal/porkalam_kaana_2.htm,200,kadithangal/porkalam_kaana.md,yes,covered,/Users/pugazhendhirajendran/Documents/Codex/2026-07-09/https-www-annavinpadaippugal-info/outputs/annavin_text_extractor/organized_contents/kadithangal/porkalam_kaana.md
http://www.annavinpadaippugal.info/kadithangal/porkalam_kaana_3.htm,200,kadithangal/porkalam_kaana.md,yes,covered,/Users/pugazhendhirajendran/Documents/Codex/2026-07-09/https-www-annavinpadaippugal-info/outputs/annavin_text_extractor/organized_contents/kadithangal/porkalam_kaana.md
http://www.annavinpadaippugal.info/kadithangal/porutham_1.htm,200,kadithangal/porutham.md,yes,covered,/Users/pugazhendhirajendran/Documents/Codex/2026-07-09/https-www-annavinpadaippugal-info/outputs/annavin_text_extractor/organized_contents/kadithangal/porutham.md
http://www.annavinpadaippugal.info/kadithangal/porutham_2.htm,200,kadithangal/porutham.md,yes,covered,/Users/pugazhendhirajendran/Documents/Codex/2026-07-09/https-www-annavinpadaippugal-info/outputs/annavin_text_extractor/organized_contents/kadithangal/porutham.md
http://www.annavinpadaippugal.info/kadithangal/pulittholum_elivalum_1.htm,200,kadithangal/pulittholum_elivalum.md,yes,covered,/Users/pugazhendhirajendran/Documents/Codex/2026-07-09/https-www-annavinpadaippugal-info/outputs/annavin_text_extractor/organized_contents/kadithangal/pulittholum_elivalum.md
http://www.annavinpadaippugal.info/kadithangal/pulittholum_elivalum_2.htm,200,kadithangal/pulittholum_elivalum.md,yes,covered,/Users/pugazhendhirajendran/Documents/Codex/2026-07-09/https-www-annavinpadaippugal-info/outputs/annavin_text_extractor/organized_contents/kadithangal/pulittholum_elivalum.md
http://www.annavinpadaippugal.info/kadithangal/puthiya_padai_1.htm,200,kadithangal/puthiya_padai_1.md,no,covered,/Users/pugazhendhirajendran/Documents/Codex/2026-07-09/https-www-annavinpadaippugal-info/outputs/annavin_text_extractor/organized_contents/kadithangal/puthiya_padai_1.md
http://www.annavinpadaippugal.info/kadithangal/puthiya_urchagam.htm,200,kadithangal/puthiya_urchagam.md,no,covered,/Users/pugazhendhirajendran/Documents/Codex/2026-07-09/https-www-annavinpadaippugal-info/outputs/annavin_text_extractor/organized_contents/kadithangal/puthiya_urchagam.md
http://www.annavinpadaippugal.info/kadithangal/puthumai_inbam.htm,200,kadithangal/puthumai_inbam.md,no,covered,/Users/pugazhendhirajendran/Documents/Codex/2026-07-09/https-www-annavinpadaippugal-info/outputs/annavin_text_extractor/organized_contents/kadithangal/puthumai_inbam.md
http://www.annavinpadaippugal.info/kadithangal/puthuppa_1.htm,200,kadithangal/puthuppa.md,yes,covered,/Users/pugazhendhirajendran/Documents/Codex/2026-07-09/https-www-annavinpadaippugal-info/outputs/annavin_text_extractor/organized_contents/kadithangal/puthuppa.md
http://www.annavinpadaippugal.info/kadithangal/puthuppa_2.htm,200,kadithangal/puthuppa.md,yes,covered,/Users/pugazhendhirajendran/Documents/Codex/2026-07-09/https-www-annavinpadaippugal-info/outputs/annavin_text_extractor/organized_contents/kadithangal/puthuppa.md
http://www.annavinpadaippugal.info/kadithangal/rajya_sabayil_1_1.htm,200,kadithangal/rajya_sabayil_1.md,yes,covered,/Users/pugazhendhirajendran/Documents/Codex/2026-07-09/https-www-annavinpadaippugal-info/outputs/annavin_text_extractor/organized_contents/kadithangal/rajya_sabayil_1.md
http://www.annavinpadaippugal.info/kadithangal/rajya_sabayil_1_2.htm,200,kadithangal/rajya_sabayil_1.md,yes,covered,/Users/pugazhendhirajendran/Documents/Codex/2026-07-09/https-www-annavinpadaippugal-info/outputs/annavin_text_extractor/organized_contents/kadithangal/rajya_sabayil_1.md
http://www.annavinpadaippugal.info/kadithangal/rajya_sabayil_2_1.htm,200,kadithangal/rajya_sabayil_2.md,yes,covered,/Users/pugazhendhirajendran/Documents/Codex/2026-07-09/https-www-annavinpadaippugal-info/outputs/annavin_text_extractor/organized_contents/kadithangal/rajya_sabayil_2.md
http://www.annavinpadaippugal.info/kadithangal/rajya_sabayil_2_2.htm,200,kadithangal/rajya_sabayil_2.md,yes,covered,/Users/pugazhendhirajendran/Documents/Codex/2026-07-09/https-www-annavinpadaippugal-info/outputs/annavin_text_extractor/organized_contents/kadithangal/rajya_sabayil_2.md
http://www.annavinpadaippugal.info/kadithangal/rajya_sabayil_2_3.htm,200,kadithangal/rajya_sabayil_2.md,yes,covered,/Users/pugazhendhirajendran/Documents/Codex/2026-07-09/https-www-annavinpadaippugal-info/outputs/annavin_text_extractor/organized_contents/kadithangal/rajya_sabayil_2.md
http://www.annavinpadaippugal.info/kadithangal/santhanam_araitha_karam_1.htm,200,kadithangal/santhanam_araitha_karam.md,yes,covered,/Users/pugazhendhirajendran/Documents/Codex/2026-07-09/https-www-annavinpadaippugal-info/outputs/annavin_text_extractor/organized_contents/kadithangal/santhanam_araitha_karam.md
http://www.annavinpadaippugal.info/kadithangal/santhanam_araitha_karam_2.htm,200,kadithangal/santhanam_araitha_karam.md,yes,covered,/Users/pugazhendhirajendran/Documents/Codex/2026-07-09/https-www-annavinpadaippugal-info/outputs/annavin_text_extractor/organized_contents/kadithangal/santhanam_araitha_karam.md
http://www.annavinpadaippugal.info/kadithangal/sattam_vazhakkumandrathil_1.htm,200,kadithangal/sattam_vazhakkumandrathil.md,yes,covered,/Users/pugazhendhirajendran/Documents/Codex/2026-07-09/https-www-annavinpadaippugal-info/outputs/annavin_text_extractor/organized_contents/kadithangal/sattam_vazhakkumandrathil.md
http://www.annavinpadaippugal.info/kadithangal/sattam_vazhakkumandrathil_2.htm,200,kadithangal/sattam_vazhakkumandrathil.md,yes,covered,/Users/pugazhendhirajendran/Documents/Codex/2026-07-09/https-www-annavinpadaippugal-info/outputs/annavin_text_extractor/organized_contents/kadithangal/sattam_vazhakkumandrathil.md
http://www.annavinpadaippugal.info/kadithangal/senthamizhae_vaa_1.htm,200,kadithangal/senthamizhae_vaa.md,yes,covered,/Users/pugazhendhirajendran/Documents/Codex/2026-07-09/https-www-annavinpadaippugal-info/outputs/annavin_text_extractor/organized_contents/kadithangal/senthamizhae_vaa.md
http://www.annavinpadaippugal.info/kadithangal/senthamizhae_vaa_2.htm,200,kadithangal/senthamizhae_vaa.md,yes,covered,/Users/pugazhendhirajendran/Documents/Codex/2026-07-09/https-www-annavinpadaippugal-info/outputs/annavin_text_extractor/organized_contents/kadithangal/senthamizhae_vaa.md
http://www.annavinpadaippugal.info/kadithangal/silar_palar_1.htm,200,kadithangal/silar_palar.md,yes,covered,/Users/pugazhendhirajendran/Documents/Codex/2026-07-09/https-www-annavinpadaippugal-info/outputs/annavin_text_extractor/organized_contents/kadithangal/silar_palar.md
http://www.annavinpadaippugal.info/kadithangal/silar_palar_2.htm,200,kadithangal/silar_palar.md,yes,covered,/Users/pugazhendhirajendran/Documents/Codex/2026-07-09/https-www-annavinpadaippugal-info/outputs/annavin_text_extractor/organized_contents/kadithangal/silar_palar.md
http://www.annavinpadaippugal.info/kadithangal/singathai_adakkinaen_1.htm,200,kadithangal/singathai_adakkinaen.md,yes,covered,/Users/pugazhendhirajendran/Documents/Codex/2026-07-09/https-www-annavinpadaippugal-info/outputs/annavin_text_extractor/organized_contents/kadithangal/singathai_adakkinaen.md
http://www.annavinpadaippugal.info/kadithangal/singathai_adakkinaen_2.htm,200,kadithangal/singathai_adakkinaen.md,yes,covered,/Users/pugazhendhirajendran/Documents/Codex/2026-07-09/https-www-annavinpadaippugal-info/outputs/annavin_text_extractor/organized_contents/kadithangal/singathai_adakkinaen.md
http://www.annavinpadaippugal.info/kadithangal/siraguvirithu_1.htm,200,kadithangal/siraguvirithu.md,yes,covered,/Users/pugazhendhirajendran/Documents/Codex/2026-07-09/https-www-annavinpadaippugal-info/outputs/annavin_text_extractor/organized_contents/kadithangal/siraguvirithu.md
http://www.annavinpadaippugal.info/kadithangal/siraguvirithu_2.htm,200,kadithangal/siraguvirithu.md,yes,covered,/Users/pugazhendhirajendran/Documents/Codex/2026-07-09/https-www-annavinpadaippugal-info/outputs/annavin_text_extractor/organized_contents/kadithangal/siraguvirithu.md
http://www.annavinpadaippugal.info/kadithangal/sirai_anubavangal.htm,200,kadithangal/sirai_anubavangal.md,no,covered,/Users/pugazhendhirajendran/Documents/Codex/2026-07-09/https-www-annavinpadaippugal-info/outputs/annavin_text_extractor/organized_contents/kadithangal/sirai_anubavangal.md
http://www.annavinpadaippugal.info/kadithangal/sirai_nirvagamae_thani_1.htm,200,kadithangal/sirai_nirvagamae_thani.md,yes,covered,/Users/pugazhendhirajendran/Documents/Codex/2026-07-09/https-www-annavinpadaippugal-info/outputs/annavin_text_extractor/organized_contents/kadithangal/sirai_nirvagamae_thani.md
http://www.annavinpadaippugal.info/kadithangal/sirai_nirvagamae_thani_2.htm,200,kadithangal/sirai_nirvagamae_thani.md,yes,covered,/Users/pugazhendhirajendran/Documents/Codex/2026-07-09/https-www-annavinpadaippugal-info/outputs/annavin_text_extractor/organized_contents/kadithangal/sirai_nirvagamae_thani.md
http://www.annavinpadaippugal.info/kadithangal/sitrannayin_iruthi_1.htm,200,kadithangal/sitrannayin_iruthi.md,yes,covered,/Users/pugazhendhirajendran/Documents/Codex/2026-07-09/https-www-annavinpadaippugal-info/outputs/annavin_text_extractor/organized_contents/kadithangal/sitrannayin_iruthi.md
http://www.annavinpadaippugal.info/kadithangal/sitrannayin_iruthi_2.htm,200,kadithangal/sitrannayin_iruthi.md,yes,covered,/Users/pugazhendhirajendran/Documents/Codex/2026-07-09/https-www-annavinpadaippugal-info/outputs/annavin_text_extractor/organized_contents/kadithangal/sitrannayin_iruthi.md
http://www.annavinpadaippugal.info/kadithangal/sokkappanidam.htm,200,kadithangal/sokkappanidam.md,no,covered,/Users/pugazhendhirajendran/Documents/Codex/2026-07-09/https-www-annavinpadaippugal-info/outputs/annavin_text_extractor/organized_contents/kadithangal/sokkappanidam.md
http://www.annavinpadaippugal.info/kadithangal/soodum_suvayum_1_1.htm,200,kadithangal/soodum_suvayum_1.md,yes,covered,/Users/pugazhendhirajendran/Documents/Codex/2026-07-09/https-www-annavinpadaippugal-info/outputs/annavin_text_extractor/organized_contents/kadithangal/soodum_suvayum_1.md
http://www.annavinpadaippugal.info/kadithangal/soodum_suvayum_1_2.htm,200,kadithangal/soodum_suvayum_1.md,yes,covered,/Users/pugazhendhirajendran/Documents/Codex/2026-07-09/https-www-annavinpadaippugal-info/outputs/annavin_text_extractor/organized_contents/kadithangal/soodum_suvayum_1.md
http://www.annavinpadaippugal.info/kadithangal/soodum_suvayum_2_1.htm,200,kadithangal/soodum_suvayum_2.md,yes,covered,/Users/pugazhendhirajendran/Documents/Codex/2026-07-09/https-www-annavinpadaippugal-info/outputs/annavin_text_extractor/organized_contents/kadithangal/soodum_suvayum_2.md
http://www.annavinpadaippugal.info/kadithangal/soodum_suvayum_2_2.htm,200,kadithangal/soodum_suvayum_2.md,yes,covered,/Users/pugazhendhirajendran/Documents/Codex/2026-07-09/https-www-annavinpadaippugal-info/outputs/annavin_text_extractor/organized_contents/kadithangal/soodum_suvayum_2.md
http://www.annavinpadaippugal.info/kadithangal/soodum_suvayum_3_1.htm,200,kadithangal/soodum_suvayum_3.md,yes,covered,/Users/pugazhendhirajendran/Documents/Codex/2026-07-09/https-www-annavinpadaippugal-info/outputs/annavin_text_extractor/organized_contents/kadithangal/soodum_suvayum_3.md
http://www.annavinpadaippugal.info/kadithangal/soodum_suvayum_3_2.htm,200,kadithangal/soodum_suvayum_3.md,yes,covered,/Users/pugazhendhirajendran/Documents/Codex/2026-07-09/https-www-annavinpadaippugal-info/outputs/annavin_text_extractor/organized_contents/kadithangal/soodum_suvayum_3.md
http://www.annavinpadaippugal.info/kadithangal/soodum_suvayum_4_1.htm,200,kadithangal/soodum_suvayum_4.md,yes,covered,/Users/pugazhendhirajendran/Documents/Codex/2026-07-09/https-www-annavinpadaippugal-info/outputs/annavin_text_extractor/organized_contents/kadithangal/soodum_suvayum_4.md
http://www.annavinpadaippugal.info/kadithangal/soodum_suvayum_4_2.htm,200,kadithangal/soodum_suvayum_4.md,yes,covered,/Users/pugazhendhirajendran/Documents/Codex/2026-07-09/https-www-annavinpadaippugal-info/outputs/annavin_text_extractor/organized_contents/kadithangal/soodum_suvayum_4.md
http://www.annavinpadaippugal.info/kadithangal/soodum_suvayum_5.htm,200,kadithangal/soodum_suvayum_5.md,no,covered,/Users/pugazhendhirajendran/Documents/Codex/2026-07-09/https-www-annavinpadaippugal-info/outputs/annavin_text_extractor/organized_contents/kadithangal/soodum_suvayum_5.md
http://www.annavinpadaippugal.info/kadithangal/sugasthan_vaasi_1.htm,200,kadithangal/sugasthan_vaasi.md,yes,covered,/Users/pugazhendhirajendran/Documents/Codex/2026-07-09/https-www-annavinpadaippugal-info/outputs/annavin_text_extractor/organized_contents/kadithangal/sugasthan_vaasi.md
http://www.annavinpadaippugal.info/kadithangal/sugasthan_vaasi_2.htm,200,kadithangal/sugasthan_vaasi.md,yes,covered,/Users/pugazhendhirajendran/Documents/Codex/2026-07-09/https-www-annavinpadaippugal-info/outputs/annavin_text_extractor/organized_contents/kadithangal/sugasthan_vaasi.md
http://www.annavinpadaippugal.info/kadithangal/thadaikarkal_padikarkal.htm,200,kadithangal/thadaikarkal_padikarkal.md,no,covered,/Users/pugazhendhirajendran/Documents/Codex/2026-07-09/https-www-annavinpadaippugal-info/outputs/annavin_text_extractor/organized_contents/kadithangal/thadaikarkal_padikarkal.md
http://www.annavinpadaippugal.info/kadithangal/thaenil_thoytha_1.htm,200,kadithangal/thaenil_thoytha.md,yes,covered,/Users/pugazhendhirajendran/Documents/Codex/2026-07-09/https-www-annavinpadaippugal-info/outputs/annavin_text_extractor/organized_contents/kadithangal/thaenil_thoytha.md
http://www.annavinpadaippugal.info/kadithangal/thaenil_thoytha_2.htm,200,kadithangal/thaenil_thoytha.md,yes,covered,/Users/pugazhendhirajendran/Documents/Codex/2026-07-09/https-www-annavinpadaippugal-info/outputs/annavin_text_extractor/organized_contents/kadithangal/thaenil_thoytha.md
http://www.annavinpadaippugal.info/kadithangal/thaenil_thoytha_3.htm,200,kadithangal/thaenil_thoytha.md,yes,covered,/Users/pugazhendhirajendran/Documents/Codex/2026-07-09/https-www-annavinpadaippugal-info/outputs/annavin_text_extractor/organized_contents/kadithangal/thaenil_thoytha.md
http://www.annavinpadaippugal.info/kadithangal/thala_yathirai_1.htm,200,kadithangal/thala_yathirai.md,yes,covered,/Users/pugazhendhirajendran/Documents/Codex/2026-07-09/https-www-annavinpadaippugal-info/outputs/annavin_text_extractor/organized_contents/kadithangal/thala_yathirai.md
http://www.annavinpadaippugal.info/kadithangal/thala_yathirai_2.htm,200,kadithangal/thala_yathirai.md,yes,covered,/Users/pugazhendhirajendran/Documents/Codex/2026-07-09/https-www-annavinpadaippugal-info/outputs/annavin_text_extractor/organized_contents/kadithangal/thala_yathirai.md
http://www.annavinpadaippugal.info/kadithangal/thambi_thayar_1.htm,200,kadithangal/thambi_thayar.md,yes,covered,/Users/pugazhendhirajendran/Documents/Codex/2026-07-09/https-www-annavinpadaippugal-info/outputs/annavin_text_extractor/organized_contents/kadithangal/thambi_thayar.md
http://www.annavinpadaippugal.info/kadithangal/thambi_thayar_2.htm,200,kadithangal/thambi_thayar.md,yes,covered,/Users/pugazhendhirajendran/Documents/Codex/2026-07-09/https-www-annavinpadaippugal-info/outputs/annavin_text_extractor/organized_contents/kadithangal/thambi_thayar.md
http://www.annavinpadaippugal.info/kadithangal/thambi_udayan_1.htm,200,kadithangal/thambi_udayan.md,yes,covered,/Users/pugazhendhirajendran/Documents/Codex/2026-07-09/https-www-annavinpadaippugal-info/outputs/annavin_text_extractor/organized_contents/kadithangal/thambi_udayan.md
http://www.annavinpadaippugal.info/kadithangal/thambi_udayan_2.htm,200,kadithangal/thambi_udayan.md,yes,covered,/Users/pugazhendhirajendran/Documents/Codex/2026-07-09/https-www-annavinpadaippugal-info/outputs/annavin_text_extractor/organized_contents/kadithangal/thambi_udayan.md
http://www.annavinpadaippugal.info/kadithangal/thamizhar_thirunaal_1.htm,200,kadithangal/thamizhar_thirunaal.md,yes,covered,/Users/pugazhendhirajendran/Documents/Codex/2026-07-09/https-www-annavinpadaippugal-info/outputs/annavin_text_extractor/organized_contents/kadithangal/thamizhar_thirunaal.md
http://www.annavinpadaippugal.info/kadithangal/thamizhar_thirunaal_2.htm,200,kadithangal/thamizhar_thirunaal.md,yes,covered,/Users/pugazhendhirajendran/Documents/Codex/2026-07-09/https-www-annavinpadaippugal-info/outputs/annavin_text_extractor/organized_contents/kadithangal/thamizhar_thirunaal.md
http://www.annavinpadaippugal.info/kadithangal/thandora_sarkar_1_1.htm,200,kadithangal/thandora_sarkar_1.md,yes,covered,/Users/pugazhendhirajendran/Documents/Codex/2026-07-09/https-www-annavinpadaippugal-info/outputs/annavin_text_extractor/organized_contents/kadithangal/thandora_sarkar_1.md
http://www.annavinpadaippugal.info/kadithangal/thandora_sarkar_1_2.htm,200,kadithangal/thandora_sarkar_1.md,yes,covered,/Users/pugazhendhirajendran/Documents/Codex/2026-07-09/https-www-annavinpadaippugal-info/outputs/annavin_text_extractor/organized_contents/kadithangal/thandora_sarkar_1.md
http://www.annavinpadaippugal.info/kadithangal/thandora_sarkar_2_1.htm,200,kadithangal/thandora_sarkar_2.md,yes,covered,/Users/pugazhendhirajendran/Documents/Codex/2026-07-09/https-www-annavinpadaippugal-info/outputs/annavin_text_extractor/organized_contents/kadithangal/thandora_sarkar_2.md
http://www.annavinpadaippugal.info/kadithangal/thandora_sarkar_2_2.htm,200,kadithangal/thandora_sarkar_2.md,yes,covered,/Users/pugazhendhirajendran/Documents/Codex/2026-07-09/https-www-annavinpadaippugal-info/outputs/annavin_text_extractor/organized_contents/kadithangal/thandora_sarkar_2.md
http://www.annavinpadaippugal.info/kadithangal/thandora_sarkar_3_1.htm,200,kadithangal/thandora_sarkar_3.md,yes,covered,/Users/pugazhendhirajendran/Documents/Codex/2026-07-09/https-www-annavinpadaippugal-info/outputs/annavin_text_extractor/organized_contents/kadithangal/thandora_sarkar_3.md
http://www.annavinpadaippugal.info/kadithangal/thandora_sarkar_3_2.htm,200,kadithangal/thandora_sarkar_3.md,yes,covered,/Users/pugazhendhirajendran/Documents/Codex/2026-07-09/https-www-annavinpadaippugal-info/outputs/annavin_text_extractor/organized_contents/kadithangal/thandora_sarkar_3.md
http://www.annavinpadaippugal.info/kadithangal/thangatthirai_1.htm,200,kadithangal/thangatthirai.md,yes,covered,/Users/pugazhendhirajendran/Documents/Codex/2026-07-09/https-www-annavinpadaippugal-info/outputs/annavin_text_extractor/organized_contents/kadithangal/thangatthirai.md
http://www.annavinpadaippugal.info/kadithangal/thangatthirai_2.htm,200,kadithangal/thangatthirai.md,yes,covered,/Users/pugazhendhirajendran/Documents/Codex/2026-07-09/https-www-annavinpadaippugal-info/outputs/annavin_text_extractor/organized_contents/kadithangal/thangatthirai.md
http://www.annavinpadaippugal.info/kadithangal/thannai_velvan_1.htm,200,kadithangal/thannai_velvan.md,yes,covered,/Users/pugazhendhirajendran/Documents/Codex/2026-07-09/https-www-annavinpadaippugal-info/outputs/annavin_text_extractor/organized_contents/kadithangal/thannai_velvan.md
http://www.annavinpadaippugal.info/kadithangal/thannai_velvan_2.htm,200,kadithangal/thannai_velvan.md,yes,covered,/Users/pugazhendhirajendran/Documents/Codex/2026-07-09/https-www-annavinpadaippugal-info/outputs/annavin_text_extractor/organized_contents/kadithangal/thannai_velvan.md
http://www.annavinpadaippugal.info/kadithangal/theemaigalai_ozhithukatta_1.htm,200,kadithangal/theemaigalai_ozhithukatta.md,yes,covered,/Users/pugazhendhirajendran/Documents/Codex/2026-07-09/https-www-annavinpadaippugal-info/outputs/annavin_text_extractor/organized_contents/kadithangal/theemaigalai_ozhithukatta.md
http://www.annavinpadaippugal.info/kadithangal/theemaigalai_ozhithukatta_2.htm,200,kadithangal/theemaigalai_ozhithukatta.md,yes,covered,/Users/pugazhendhirajendran/Documents/Codex/2026-07-09/https-www-annavinpadaippugal-info/outputs/annavin_text_extractor/organized_contents/kadithangal/theemaigalai_ozhithukatta.md
http://www.annavinpadaippugal.info/kadithangal/theemaigalai_ozhithukatta_3.htm,200,kadithangal/theemaigalai_ozhithukatta.md,yes,covered,/Users/pugazhendhirajendran/Documents/Codex/2026-07-09/https-www-annavinpadaippugal-info/outputs/annavin_text_extractor/organized_contents/kadithangal/theemaigalai_ozhithukatta.md
http://www.annavinpadaippugal.info/kadithangal/theemaigalai_ozhithukatta_4.htm,200,kadithangal/theemaigalai_ozhithukatta.md,yes,covered,/Users/pugazhendhirajendran/Documents/Codex/2026-07-09/https-www-annavinpadaippugal-info/outputs/annavin_text_extractor/organized_contents/kadithangal/theemaigalai_ozhithukatta.md
http://www.annavinpadaippugal.info/kadithangal/theemithi_thiruvizha_1.htm,200,kadithangal/theemithi_thiruvizha.md,yes,covered,/Users/pugazhendhirajendran/Documents/Codex/2026-07-09/https-www-annavinpadaippugal-info/outputs/annavin_text_extractor/organized_contents/kadithangal/theemithi_thiruvizha.md
http://www.annavinpadaippugal.info/kadithangal/theemithi_thiruvizha_2.htm,200,kadithangal/theemithi_thiruvizha.md,yes,covered,/Users/pugazhendhirajendran/Documents/Codex/2026-07-09/https-www-annavinpadaippugal-info/outputs/annavin_text_extractor/organized_contents/kadithangal/theemithi_thiruvizha.md
http://www.annavinpadaippugal.info/kadithangal/theevil_thangiyavan_kathai_1.htm,200,kadithangal/theevil_thangiyavan_kathai.md,yes,covered,/Users/pugazhendhirajendran/Documents/Codex/2026-07-09/https-www-annavinpadaippugal-info/outputs/annavin_text_extractor/organized_contents/kadithangal/theevil_thangiyavan_kathai.md
http://www.annavinpadaippugal.info/kadithangal/theevil_thangiyavan_kathai_2.htm,200,kadithangal/theevil_thangiyavan_kathai.md,yes,covered,/Users/pugazhendhirajendran/Documents/Codex/2026-07-09/https-www-annavinpadaippugal-info/outputs/annavin_text_extractor/organized_contents/kadithangal/theevil_thangiyavan_kathai.md
http://www.annavinpadaippugal.info/kadithangal/thennagam_ponnagam_1.htm,200,kadithangal/thennagam_ponnagam.md,yes,covered,/Users/pugazhendhirajendran/Documents/Codex/2026-07-09/https-www-annavinpadaippugal-info/outputs/annavin_text_extractor/organized_contents/kadithangal/thennagam_ponnagam.md
http://www.annavinpadaippugal.info/kadithangal/thennagam_ponnagam_2.htm,200,kadithangal/thennagam_ponnagam.md,yes,covered,/Users/pugazhendhirajendran/Documents/Codex/2026-07-09/https-www-annavinpadaippugal-info/outputs/annavin_text_extractor/organized_contents/kadithangal/thennagam_ponnagam.md
http://www.annavinpadaippugal.info/kadithangal/thirumanam.htm,200,kadithangal/thirumanam.md,no,covered,/Users/pugazhendhirajendran/Documents/Codex/2026-07-09/https-www-annavinpadaippugal-info/outputs/annavin_text_extractor/organized_contents/kadithangal/thirumanam.md
http://www.annavinpadaippugal.info/kadithangal/thirumbippar_1.htm,200,kadithangal/thirumbippar.md,yes,covered,/Users/pugazhendhirajendran/Documents/Codex/2026-07-09/https-www-annavinpadaippugal-info/outputs/annavin_text_extractor/organized_contents/kadithangal/thirumbippar.md
http://www.annavinpadaippugal.info/kadithangal/thirumbippar_2.htm,200,kadithangal/thirumbippar.md,yes,covered,/Users/pugazhendhirajendran/Documents/Codex/2026-07-09/https-www-annavinpadaippugal-info/outputs/annavin_text_extractor/organized_contents/kadithangal/thirumbippar.md
http://www.annavinpadaippugal.info/kadithangal/thiruvika_koorugirar_1.htm,200,kadithangal/thiruvika_koorugirar.md,yes,covered,/Users/pugazhendhirajendran/Documents/Codex/2026-07-09/https-www-annavinpadaippugal-info/outputs/annavin_text_extractor/organized_contents/kadithangal/thiruvika_koorugirar.md
http://www.annavinpadaippugal.info/kadithangal/thiruvika_koorugirar_2.htm,200,kadithangal/thiruvika_koorugirar.md,yes,covered,/Users/pugazhendhirajendran/Documents/Codex/2026-07-09/https-www-annavinpadaippugal-info/outputs/annavin_text_extractor/organized_contents/kadithangal/thiruvika_koorugirar.md
http://www.annavinpadaippugal.info/kadithangal/thiyaga_varalaru_1.htm,200,kadithangal/thiyaga_varalaru.md,yes,covered,/Users/pugazhendhirajendran/Documents/Codex/2026-07-09/https-www-annavinpadaippugal-info/outputs/annavin_text_extractor/organized_contents/kadithangal/thiyaga_varalaru.md
http://www.annavinpadaippugal.info/kadithangal/thiyaga_varalaru_2.htm,200,kadithangal/thiyaga_varalaru.md,yes,covered,/Users/pugazhendhirajendran/Documents/Codex/2026-07-09/https-www-annavinpadaippugal-info/outputs/annavin_text_extractor/organized_contents/kadithangal/thiyaga_varalaru.md
http://www.annavinpadaippugal.info/kadithangal/thozhuthur_vanthom_1.htm,200,kadithangal/thozhuthur_vanthom.md,yes,covered,/Users/pugazhendhirajendran/Documents/Codex/2026-07-09/https-www-annavinpadaippugal-info/outputs/annavin_text_extractor/organized_contents/kadithangal/thozhuthur_vanthom.md
http://www.annavinpadaippugal.info/kadithangal/thozhuthur_vanthom_2.htm,200,kadithangal/thozhuthur_vanthom.md,yes,covered,/Users/pugazhendhirajendran/Documents/Codex/2026-07-09/https-www-annavinpadaippugal-info/outputs/annavin_text_extractor/organized_contents/kadithangal/thozhuthur_vanthom.md
http://www.annavinpadaippugal.info/kadithangal/thuravi_kaaviyillai_1.htm,200,kadithangal/thuravi_kaaviyillai.md,yes,covered,/Users/pugazhendhirajendran/Documents/Codex/2026-07-09/https-www-annavinpadaippugal-info/outputs/annavin_text_extractor/organized_contents/kadithangal/thuravi_kaaviyillai.md
http://www.annavinpadaippugal.info/kadithangal/thuravi_kaaviyillai_2.htm,200,kadithangal/thuravi_kaaviyillai.md,yes,covered,/Users/pugazhendhirajendran/Documents/Codex/2026-07-09/https-www-annavinpadaippugal-info/outputs/annavin_text_extractor/organized_contents/kadithangal/thuravi_kaaviyillai.md
http://www.annavinpadaippugal.info/kadithangal/thuravi_kaaviyillai_3.htm,200,kadithangal/thuravi_kaaviyillai.md,yes,covered,/Users/pugazhendhirajendran/Documents/Codex/2026-07-09/https-www-annavinpadaippugal-info/outputs/annavin_text_extractor/organized_contents/kadithangal/thuravi_kaaviyillai.md
http://www.annavinpadaippugal.info/kadithangal/ulavum_oozhalum.htm,200,kadithangal/ulavum_oozhalum.md,no,covered,/Users/pugazhendhirajendran/Documents/Codex/2026-07-09/https-www-annavinpadaippugal-info/outputs/annavin_text_extractor/organized_contents/kadithangal/ulavum_oozhalum.md
http://www.annavinpadaippugal.info/kadithangal/ullunarvu_1.htm,200,kadithangal/ullunarvu.md,yes,covered,/Users/pugazhendhirajendran/Documents/Codex/2026-07-09/https-www-annavinpadaippugal-info/outputs/annavin_text_extractor/organized_contents/kadithangal/ullunarvu.md
http://www.annavinpadaippugal.info/kadithangal/ullunarvu_2.htm,200,kadithangal/ullunarvu.md,yes,covered,/Users/pugazhendhirajendran/Documents/Codex/2026-07-09/https-www-annavinpadaippugal-info/outputs/annavin_text_extractor/organized_contents/kadithangal/ullunarvu.md
http://www.annavinpadaippugal.info/kadithangal/unnaithan_nambiyirukkiraen_1.htm,200,kadithangal/unnaithan_nambiyirukkiraen.md,yes,covered,/Users/pugazhendhirajendran/Documents/Codex/2026-07-09/https-www-annavinpadaippugal-info/outputs/annavin_text_extractor/organized_contents/kadithangal/unnaithan_nambiyirukkiraen.md
http://www.annavinpadaippugal.info/kadithangal/unnaithan_nambiyirukkiraen_2.htm,200,kadithangal/unnaithan_nambiyirukkiraen.md,yes,covered,/Users/pugazhendhirajendran/Documents/Codex/2026-07-09/https-www-annavinpadaippugal-info/outputs/annavin_text_extractor/organized_contents/kadithangal/unnaithan_nambiyirukkiraen.md
http://www.annavinpadaippugal.info/kadithangal/unnal_mudiyum.htm,200,kadithangal/unnal_mudiyum.md,no,covered,/Users/pugazhendhirajendran/Documents/Codex/2026-07-09/https-www-annavinpadaippugal-info/outputs/annavin_text_extractor/organized_contents/kadithangal/unnal_mudiyum.md
http://www.annavinpadaippugal.info/kadithangal/uzhaipae_selvam.htm,200,kadithangal/uzhaipae_selvam.md,no,covered,/Users/pugazhendhirajendran/Documents/Codex/2026-07-09/https-www-annavinpadaippugal-info/outputs/annavin_text_extractor/organized_contents/kadithangal/uzhaipae_selvam.md
http://www.annavinpadaippugal.info/kadithangal/vaagayur_1.htm,200,kadithangal/vaagayur.md,yes,covered,/Users/pugazhendhirajendran/Documents/Codex/2026-07-09/https-www-annavinpadaippugal-info/outputs/annavin_text_extractor/organized_contents/kadithangal/vaagayur.md
http://www.annavinpadaippugal.info/kadithangal/vaagayur_2.htm,200,kadithangal/vaagayur.md,yes,covered,/Users/pugazhendhirajendran/Documents/Codex/2026-07-09/https-www-annavinpadaippugal-info/outputs/annavin_text_extractor/organized_contents/kadithangal/vaagayur.md
http://www.annavinpadaippugal.info/kadithangal/vaanulaga_veethiyilae.htm,200,kadithangal/vaanulaga_veethiyilae.md,no,covered,/Users/pugazhendhirajendran/Documents/Codex/2026-07-09/https-www-annavinpadaippugal-info/outputs/annavin_text_extractor/organized_contents/kadithangal/vaanulaga_veethiyilae.md
http://www.annavinpadaippugal.info/kadithangal/vaazhga_tamilagam.htm,200,kadithangal/vaazhga_tamilagam.md,no,covered,/Users/pugazhendhirajendran/Documents/Codex/2026-07-09/https-www-annavinpadaippugal-info/outputs/annavin_text_extractor/organized_contents/kadithangal/vaazhga_tamilagam.md
http://www.annavinpadaippugal.info/kadithangal/vaazhu_vazhavidu.htm,200,kadithangal/vaazhu_vazhavidu.md,no,covered,/Users/pugazhendhirajendran/Documents/Codex/2026-07-09/https-www-annavinpadaippugal-info/outputs/annavin_text_extractor/organized_contents/kadithangal/vaazhu_vazhavidu.md
http://www.annavinpadaippugal.info/kadithangal/vaelai_athigam_natkal_kuraivu.htm,200,kadithangal/vaelai_athigam_natkal_kuraivu.md,no,covered,/Users/pugazhendhirajendran/Documents/Codex/2026-07-09/https-www-annavinpadaippugal-info/outputs/annavin_text_extractor/organized_contents/kadithangal/vaelai_athigam_natkal_kuraivu.md
http://www.annavinpadaippugal.info/kadithangal/vaelai_irukkuthu_niramba_1.htm,200,kadithangal/vaelai_irukkuthu_niramba.md,yes,covered,/Users/pugazhendhirajendran/Documents/Codex/2026-07-09/https-www-annavinpadaippugal-info/outputs/annavin_text_extractor/organized_contents/kadithangal/vaelai_irukkuthu_niramba.md
http://www.annavinpadaippugal.info/kadithangal/vaelai_irukkuthu_niramba_2.htm,200,kadithangal/vaelai_irukkuthu_niramba.md,yes,covered,/Users/pugazhendhirajendran/Documents/Codex/2026-07-09/https-www-annavinpadaippugal-info/outputs/annavin_text_extractor/organized_contents/kadithangal/vaelai_irukkuthu_niramba.md
http://www.annavinpadaippugal.info/kadithangal/vaethanai_vellam.htm,200,kadithangal/vaethanai_vellam.md,no,covered,/Users/pugazhendhirajendran/Documents/Codex/2026-07-09/https-www-annavinpadaippugal-info/outputs/annavin_text_extractor/organized_contents/kadithangal/vaethanai_vellam.md
http://www.annavinpadaippugal.info/kadithangal/valai_oli_kaetkiratha.htm,200,kadithangal/valai_oli_kaetkiratha.md,no,covered,/Users/pugazhendhirajendran/Documents/Codex/2026-07-09/https-www-annavinpadaippugal-info/outputs/annavin_text_extractor/organized_contents/kadithangal/valai_oli_kaetkiratha.md
http://www.annavinpadaippugal.info/kadithangal/vanthidu_oli_thanthidu_1.htm,200,kadithangal/vanthidu_oli_thanthidu.md,yes,covered,/Users/pugazhendhirajendran/Documents/Codex/2026-07-09/https-www-annavinpadaippugal-info/outputs/annavin_text_extractor/organized_contents/kadithangal/vanthidu_oli_thanthidu.md
http://www.annavinpadaippugal.info/kadithangal/vanthidu_oli_thanthidu_2.htm,200,kadithangal/vanthidu_oli_thanthidu.md,yes,covered,/Users/pugazhendhirajendran/Documents/Codex/2026-07-09/https-www-annavinpadaippugal-info/outputs/annavin_text_extractor/organized_contents/kadithangal/vanthidu_oli_thanthidu.md
http://www.annavinpadaippugal.info/kadithangal/vazhakkum_arasiyal_poakkum.htm,200,kadithangal/vazhakkum_arasiyal_poakkum.md,no,covered,/Users/pugazhendhirajendran/Documents/Codex/2026-07-09/https-www-annavinpadaippugal-info/outputs/annavin_text_extractor/organized_contents/kadithangal/vazhakkum_arasiyal_poakkum.md
http://www.annavinpadaippugal.info/kadithangal/veera_thiyagi_1.htm,200,kadithangal/veera_thiyagi.md,yes,covered,/Users/pugazhendhirajendran/Documents/Codex/2026-07-09/https-www-annavinpadaippugal-info/outputs/annavin_text_extractor/organized_contents/kadithangal/veera_thiyagi.md
http://www.annavinpadaippugal.info/kadithangal/veera_thiyagi_2.htm,200,kadithangal/veera_thiyagi.md,yes,covered,/Users/pugazhendhirajendran/Documents/Codex/2026-07-09/https-www-annavinpadaippugal-info/outputs/annavin_text_extractor/organized_contents/kadithangal/veera_thiyagi.md
http://www.annavinpadaippugal.info/kadithangal/veettu_vilakku.htm,200,kadithangal/veettu_vilakku.md,no,covered,/Users/pugazhendhirajendran/Documents/Codex/2026-07-09/https-www-annavinpadaippugal-info/outputs/annavin_text_extractor/organized_contents/kadithangal/veettu_vilakku.md
http://www.annavinpadaippugal.info/kadithangal/vegundezhunthan_1.htm,200,kadithangal/vegundezhunthan_1.md,no,covered,/Users/pugazhendhirajendran/Documents/Codex/2026-07-09/https-www-annavinpadaippugal-info/outputs/annavin_text_extractor/organized_contents/kadithangal/vegundezhunthan_1.md
http://www.annavinpadaippugal.info/kadithangal/vegundezhunthan_2_1.htm,200,kadithangal/vegundezhunthan_2.md,yes,covered,/Users/pugazhendhirajendran/Documents/Codex/2026-07-09/https-www-annavinpadaippugal-info/outputs/annavin_text_extractor/organized_contents/kadithangal/vegundezhunthan_2.md
http://www.annavinpadaippugal.info/kadithangal/vegundezhunthan_2_2.htm,200,kadithangal/vegundezhunthan_2.md,yes,covered,/Users/pugazhendhirajendran/Documents/Codex/2026-07-09/https-www-annavinpadaippugal-info/outputs/annavin_text_extractor/organized_contents/kadithangal/vegundezhunthan_2.md
http://www.annavinpadaippugal.info/kadithangal/vellai_maaligayil_10.htm,200,kadithangal/vellai_maaligayil.md,yes,covered,/Users/pugazhendhirajendran/Documents/Codex/2026-07-09/https-www-annavinpadaippugal-info/outputs/annavin_text_extractor/organized_contents/kadithangal/vellai_maaligayil.md
http://www.annavinpadaippugal.info/kadithangal/vellai_maaligayil_1_1.htm,200,kadithangal/vellai_maaligayil_1.md,yes,covered,/Users/pugazhendhirajendran/Documents/Codex/2026-07-09/https-www-annavinpadaippugal-info/outputs/annavin_text_extractor/organized_contents/kadithangal/vellai_maaligayil_1.md
http://www.annavinpadaippugal.info/kadithangal/vellai_maaligayil_1_2.htm,200,kadithangal/vellai_maaligayil_1.md,yes,covered,/Users/pugazhendhirajendran/Documents/Codex/2026-07-09/https-www-annavinpadaippugal-info/outputs/annavin_text_extractor/organized_contents/kadithangal/vellai_maaligayil_1.md
http://www.annavinpadaippugal.info/kadithangal/vellai_maaligayil_2.htm,200,kadithangal/vellai_maaligayil.md,yes,covered,/Users/pugazhendhirajendran/Documents/Codex/2026-07-09/https-www-annavinpadaippugal-info/outputs/annavin_text_extractor/organized_contents/kadithangal/vellai_maaligayil.md
http://www.annavinpadaippugal.info/kadithangal/vellai_maaligayil_3.htm,200,kadithangal/vellai_maaligayil.md,yes,covered,/Users/pugazhendhirajendran/Documents/Codex/2026-07-09/https-www-annavinpadaippugal-info/outputs/annavin_text_extractor/organized_contents/kadithangal/vellai_maaligayil.md
http://www.annavinpadaippugal.info/kadithangal/vellai_maaligayil_4.htm,200,kadithangal/vellai_maaligayil.md,yes,covered,/Users/pugazhendhirajendran/Documents/Codex/2026-07-09/https-www-annavinpadaippugal-info/outputs/annavin_text_extractor/organized_contents/kadithangal/vellai_maaligayil.md
http://www.annavinpadaippugal.info/kadithangal/vellai_maaligayil_5_1.htm,200,kadithangal/vellai_maaligayil_5.md,yes,covered,/Users/pugazhendhirajendran/Documents/Codex/2026-07-09/https-www-annavinpadaippugal-info/outputs/annavin_text_extractor/organized_contents/kadithangal/vellai_maaligayil_5.md
http://www.annavinpadaippugal.info/kadithangal/vellai_maaligayil_5_2.htm,200,kadithangal/vellai_maaligayil_5.md,yes,covered,/Users/pugazhendhirajendran/Documents/Codex/2026-07-09/https-www-annavinpadaippugal-info/outputs/annavin_text_extractor/organized_contents/kadithangal/vellai_maaligayil_5.md
http://www.annavinpadaippugal.info/kadithangal/vellai_maaligayil_6_1.htm,200,kadithangal/vellai_maaligayil_6.md,yes,covered,/Users/pugazhendhirajendran/Documents/Codex/2026-07-09/https-www-annavinpadaippugal-info/outputs/annavin_text_extractor/organized_contents/kadithangal/vellai_maaligayil_6.md
http://www.annavinpadaippugal.info/kadithangal/vellai_maaligayil_6_2.htm,200,kadithangal/vellai_maaligayil_6.md,yes,covered,/Users/pugazhendhirajendran/Documents/Codex/2026-07-09/https-www-annavinpadaippugal-info/outputs/annavin_text_extractor/organized_contents/kadithangal/vellai_maaligayil_6.md
http://www.annavinpadaippugal.info/kadithangal/vellai_maaligayil_7.htm,200,kadithangal/vellai_maaligayil.md,yes,covered,/Users/pugazhendhirajendran/Documents/Codex/2026-07-09/https-www-annavinpadaippugal-info/outputs/annavin_text_extractor/organized_contents/kadithangal/vellai_maaligayil.md
http://www.annavinpadaippugal.info/kadithangal/vellai_maaligayil_8.htm,200,kadithangal/vellai_maaligayil.md,yes,covered,/Users/pugazhendhirajendran/Documents/Codex/2026-07-09/https-www-annavinpadaippugal-info/outputs/annavin_text_extractor/organized_contents/kadithangal/vellai_maaligayil.md
http://www.annavinpadaippugal.info/kadithangal/vellai_maaligayil_9.htm,200,kadithangal/vellai_maaligayil.md,yes,covered,/Users/pugazhendhirajendran/Documents/Codex/2026-07-09/https-www-annavinpadaippugal-info/outputs/annavin_text_extractor/organized_contents/kadithangal/vellai_maaligayil.md
http://www.annavinpadaippugal.info/kadithangal/ventha_punnil_vael_1.htm,200,kadithangal/ventha_punnil_vael.md,yes,covered,/Users/pugazhendhirajendran/Documents/Codex/2026-07-09/https-www-annavinpadaippugal-info/outputs/annavin_text_extractor/organized_contents/kadithangal/ventha_punnil_vael.md
http://www.annavinpadaippugal.info/kadithangal/ventha_punnil_vael_2.htm,200,kadithangal/ventha_punnil_vael.md,yes,covered,/Users/pugazhendhirajendran/Documents/Codex/2026-07-09/https-www-annavinpadaippugal-info/outputs/annavin_text_extractor/organized_contents/kadithangal/ventha_punnil_vael.md
http://www.annavinpadaippugal.info/kadithangal/vetrigal_kuvinthana_1.htm,200,kadithangal/vetrigal_kuvinthana.md,yes,covered,/Users/pugazhendhirajendran/Documents/Codex/2026-07-09/https-www-annavinpadaippugal-info/outputs/annavin_text_extractor/organized_contents/kadithangal/vetrigal_kuvinthana.md
http://www.annavinpadaippugal.info/kadithangal/vetrigal_kuvinthana_2.htm,200,kadithangal/vetrigal_kuvinthana.md,yes,covered,/Users/pugazhendhirajendran/Documents/Codex/2026-07-09/https-www-annavinpadaippugal-info/outputs/annavin_text_extractor/organized_contents/kadithangal/vetrigal_kuvinthana.md
http://www.annavinpadaippugal.info/kadithangal/vetrikavithai_paadiduvai_1.htm,200,kadithangal/vetrikavithai_paadiduvai.md,yes,covered,/Users/pugazhendhirajendran/Documents/Codex/2026-07-09/https-www-annavinpadaippugal-info/outputs/annavin_text_extractor/organized_contents/kadithangal/vetrikavithai_paadiduvai.md
http://www.annavinpadaippugal.info/kadithangal/vetrikavithai_paadiduvai_2.htm,200,kadithangal/vetrikavithai_paadiduvai.md,yes,covered,/Users/pugazhendhirajendran/Documents/Codex/2026-07-09/https-www-annavinpadaippugal-info/outputs/annavin_text_extractor/organized_contents/kadithangal/vetrikavithai_paadiduvai.md
http://www.annavinpadaippugal.info/kadithangal/vetripuri_sella_1.htm,200,kadithangal/vetripuri_sella.md,yes,covered,/Users/pugazhendhirajendran/Documents/Codex/2026-07-09/https-www-annavinpadaippugal-info/outputs/annavin_text_extractor/organized_contents/kadithangal/vetripuri_sella.md
http://www.annavinpadaippugal.info/kadithangal/vetripuri_sella_2.htm,200,kadithangal/vetripuri_sella.md,yes,covered,/Users/pugazhendhirajendran/Documents/Codex/2026-07-09/https-www-annavinpadaippugal-info/outputs/annavin_text_extractor/organized_contents/kadithangal/vetripuri_sella.md
http://www.annavinpadaippugal.info/kadithangal/vetrivizha_kaana.htm,200,kadithangal/vetrivizha_kaana.md,no,covered,/Users/pugazhendhirajendran/Documents/Codex/2026-07-09/https-www-annavinpadaippugal-info/outputs/annavin_text_extractor/organized_contents/kadithangal/vetrivizha_kaana.md
http://www.annavinpadaippugal.info/kadithangal/vilakku_anainthuvittathu.htm,200,kadithangal/vilakku_anainthuvittathu.md,no,covered,/Users/pugazhendhirajendran/Documents/Codex/2026-07-09/https-www-annavinpadaippugal-info/outputs/annavin_text_extractor/organized_contents/kadithangal/vilakku_anainthuvittathu.md
http://www.annavinpadaippugal.info/kadithangal/vilangin_kathai.htm,200,kadithangal/vilangin_kathai.md,no,covered,/Users/pugazhendhirajendran/Documents/Codex/2026-07-09/https-www-annavinpadaippugal-info/outputs/annavin_text_extractor/organized_contents/kadithangal/vilangin_kathai.md
http://www.annavinpadaippugal.info/kadithangal/vindhai_manthargal.htm,200,kadithangal/vindhai_manthargal.md,no,covered,/Users/pugazhendhirajendran/Documents/Codex/2026-07-09/https-www-annavinpadaippugal-info/outputs/annavin_text_extractor/organized_contents/kadithangal/vindhai_manthargal.md
http://www.annavinpadaippugal.info/kadithangal/vinobavai_kandaen_1.htm,200,kadithangal/vinobavai_kandaen.md,yes,covered,/Users/pugazhendhirajendran/Documents/Codex/2026-07-09/https-www-annavinpadaippugal-info/outputs/annavin_text_extractor/organized_contents/kadithangal/vinobavai_kandaen.md
http://www.annavinpadaippugal.info/kadithangal/vinobavai_kandaen_2.htm,200,kadithangal/vinobavai_kandaen.md,yes,covered,/Users/pugazhendhirajendran/Documents/Codex/2026-07-09/https-www-annavinpadaippugal-info/outputs/annavin_text_extractor/organized_contents/kadithangal/vinobavai_kandaen.md
http://www.annavinpadaippugal.info/kadithangal/vizhakoalam.htm,200,kadithangal/vizhakoalam.md,no,covered,/Users/pugazhendhirajendran/Documents/Codex/2026-07-09/https-www-annavinpadaippugal-info/outputs/annavin_text_extractor/organized_contents/kadithangal/vizhakoalam.md
http://www.annavinpadaippugal.info/kadithangal/vizhavum_vilakkamum_1.htm,200,kadithangal/vizhavum_vilakkamum.md,yes,covered,/Users/pugazhendhirajendran/Documents/Codex/2026-07-09/https-www-annavinpadaippugal-info/outputs/annavin_text_extractor/organized_contents/kadithangal/vizhavum_vilakkamum.md
http://www.annavinpadaippugal.info/kadithangal/vizhavum_vilakkamum_2.htm,200,kadithangal/vizhavum_vilakkamum.md,yes,covered,/Users/pugazhendhirajendran/Documents/Codex/2026-07-09/https-www-annavinpadaippugal-info/outputs/annavin_text_extractor/organized_contents/kadithangal/vizhavum_vilakkamum.md
http://www.annavinpadaippugal.info/kadithangal/zhagaramum_ragaramum.htm,200,kadithangal/zhagaramum_ragaramum.md,no,covered,/Users/pugazhendhirajendran/Documents/Codex/2026-07-09/https-www-annavinpadaippugal-info/outputs/annavin_text_extractor/organized_contents/kadithangal/zhagaramum_ragaramum.md
http://www.annavinpadaippugal.info/katturaigal/15_koadi_paazh.htm,200,katturaigal/15_koadi_paazh.md,no,covered,/Users/pugazhendhirajendran/Documents/Codex/2026-07-09/https-www-annavinpadaippugal-info/outputs/annavin_text_extractor/organized_contents/katturaigal/15_koadi_paazh.md
http://www.annavinpadaippugal.info/katturaigal/1858-1948_1.htm,200,katturaigal/1858-1948.md,yes,covered,/Users/pugazhendhirajendran/Documents/Codex/2026-07-09/https-www-annavinpadaippugal-info/outputs/annavin_text_extractor/organized_contents/katturaigal/1858-1948.md
http://www.annavinpadaippugal.info/katturaigal/1858-1948_2.htm,200,katturaigal/1858-1948.md,yes,covered,/Users/pugazhendhirajendran/Documents/Codex/2026-07-09/https-www-annavinpadaippugal-info/outputs/annavin_text_extractor/organized_contents/katturaigal/1858-1948.md
http://www.annavinpadaippugal.info/katturaigal/1858-1948_3.htm,200,katturaigal/1858-1948.md,yes,covered,/Users/pugazhendhirajendran/Documents/Codex/2026-07-09/https-www-annavinpadaippugal-info/outputs/annavin_text_extractor/organized_contents/katturaigal/1858-1948.md
http://www.annavinpadaippugal.info/katturaigal/1858-1948_4.htm,200,katturaigal/1858-1948.md,yes,covered,/Users/pugazhendhirajendran/Documents/Codex/2026-07-09/https-www-annavinpadaippugal-info/outputs/annavin_text_extractor/organized_contents/katturaigal/1858-1948.md
http://www.annavinpadaippugal.info/katturaigal/1858-1948_5.htm,200,katturaigal/1858-1948.md,yes,covered,/Users/pugazhendhirajendran/Documents/Codex/2026-07-09/https-www-annavinpadaippugal-info/outputs/annavin_text_extractor/organized_contents/katturaigal/1858-1948.md
http://www.annavinpadaippugal.info/katturaigal/1858-1948_6.htm,200,katturaigal/1858-1948.md,yes,covered,/Users/pugazhendhirajendran/Documents/Codex/2026-07-09/https-www-annavinpadaippugal-info/outputs/annavin_text_extractor/organized_contents/katturaigal/1858-1948.md
http://www.annavinpadaippugal.info/katturaigal/1915-1951.htm,200,katturaigal/1915-1951.md,no,covered,/Users/pugazhendhirajendran/Documents/Codex/2026-07-09/https-www-annavinpadaippugal-info/outputs/annavin_text_extractor/organized_contents/katturaigal/1915-1951.md
http://www.annavinpadaippugal.info/katturaigal/1942-1948.htm,200,katturaigal/1942-1948.md,no,covered,/Users/pugazhendhirajendran/Documents/Codex/2026-07-09/https-www-annavinpadaippugal-info/outputs/annavin_text_extractor/organized_contents/katturaigal/1942-1948.md
http://www.annavinpadaippugal.info/katturaigal/1942_masco.htm,200,katturaigal/1942_masco.md,no,covered,/Users/pugazhendhirajendran/Documents/Codex/2026-07-09/https-www-annavinpadaippugal-info/outputs/annavin_text_extractor/organized_contents/katturaigal/1942_masco.md
http://www.annavinpadaippugal.info/katturaigal/1942_ulagaveeran.htm,200,katturaigal/1942_ulagaveeran.md,no,covered,/Users/pugazhendhirajendran/Documents/Codex/2026-07-09/https-www-annavinpadaippugal-info/outputs/annavin_text_extractor/organized_contents/katturaigal/1942_ulagaveeran.md
http://www.annavinpadaippugal.info/katturaigal/1957kku_1946_aerpada.htm,200,katturaigal/1957kku_1946_aerpada.md,no,covered,/Users/pugazhendhirajendran/Documents/Codex/2026-07-09/https-www-annavinpadaippugal-info/outputs/annavin_text_extractor/organized_contents/katturaigal/1957kku_1946_aerpada.md
http://www.annavinpadaippugal.info/katturaigal/22_il_22.htm,200,katturaigal/22_il_22.md,no,covered,/Users/pugazhendhirajendran/Documents/Codex/2026-07-09/https-www-annavinpadaippugal-info/outputs/annavin_text_extractor/organized_contents/katturaigal/22_il_22.md
http://www.annavinpadaippugal.info/katturaigal/24_maninerathil_suyarajyam.htm,200,katturaigal/24_maninerathil_suyarajyam.md,no,covered,/Users/pugazhendhirajendran/Documents/Codex/2026-07-09/https-www-annavinpadaippugal-info/outputs/annavin_text_extractor/organized_contents/katturaigal/24_maninerathil_suyarajyam.md
http://www.annavinpadaippugal.info/katturaigal/4-5-7-10.htm,200,katturaigal/4-5-7-10.md,no,covered,/Users/pugazhendhirajendran/Documents/Codex/2026-07-09/https-www-annavinpadaippugal-info/outputs/annavin_text_extractor/organized_contents/katturaigal/4-5-7-10.md
http://www.annavinpadaippugal.info/katturaigal/a_dravidian.htm,200,katturaigal/a_dravidian.md,no,covered,/Users/pugazhendhirajendran/Documents/Codex/2026-07-09/https-www-annavinpadaippugal-info/outputs/annavin_text_extractor/organized_contents/katturaigal/a_dravidian.md
http://www.annavinpadaippugal.info/katturaigal/a_noble_cause.htm,200,katturaigal/a_noble_cause.md,no,covered,/Users/pugazhendhirajendran/Documents/Codex/2026-07-09/https-www-annavinpadaippugal-info/outputs/annavin_text_extractor/organized_contents/katturaigal/a_noble_cause.md
http://www.annavinpadaippugal.info/katturaigal/a_pothujana_unarchiyae.htm,200,katturaigal/a_pothujana_unarchiyae.md,no,covered,/Users/pugazhendhirajendran/Documents/Codex/2026-07-09/https-www-annavinpadaippugal-info/outputs/annavin_text_extractor/organized_contents/katturaigal/a_pothujana_unarchiyae.md
http://www.annavinpadaippugal.info/katturaigal/a_tainted_tenner.htm,200,katturaigal/a_tainted_tenner.md,no,covered,/Users/pugazhendhirajendran/Documents/Codex/2026-07-09/https-www-annavinpadaippugal-info/outputs/annavin_text_extractor/organized_contents/katturaigal/a_tainted_tenner.md
http://www.annavinpadaippugal.info/katturaigal/aachariar_varugirar.htm,200,katturaigal/aachariar_varugirar.md,no,covered,/Users/pugazhendhirajendran/Documents/Codex/2026-07-09/https-www-annavinpadaippugal-info/outputs/annavin_text_extractor/organized_contents/katturaigal/aachariar_varugirar.md
http://www.annavinpadaippugal.info/katturaigal/aachariyar_adaintha.htm,200,katturaigal/aachariyar_adaintha.md,no,covered,/Users/pugazhendhirajendran/Documents/Codex/2026-07-09/https-www-annavinpadaippugal-info/outputs/annavin_text_extractor/organized_contents/katturaigal/aachariyar_adaintha.md
http://www.annavinpadaippugal.info/katturaigal/aachariyar_kuritha.htm,200,katturaigal/aachariyar_kuritha.md,no,covered,/Users/pugazhendhirajendran/Documents/Codex/2026-07-09/https-www-annavinpadaippugal-info/outputs/annavin_text_extractor/organized_contents/katturaigal/aachariyar_kuritha.md
http://www.annavinpadaippugal.info/katturaigal/aachariyarin_aarudam.htm,200,katturaigal/aachariyarin_aarudam.md,no,covered,/Users/pugazhendhirajendran/Documents/Codex/2026-07-09/https-www-annavinpadaippugal-info/outputs/annavin_text_extractor/organized_contents/katturaigal/aachariyarin_aarudam.md
http://www.annavinpadaippugal.info/katturaigal/aachariyarin_kuttu.htm,200,katturaigal/aachariyarin_kuttu.md,no,covered,/Users/pugazhendhirajendran/Documents/Codex/2026-07-09/https-www-annavinpadaippugal-info/outputs/annavin_text_extractor/organized_contents/katturaigal/aachariyarin_kuttu.md
http://www.annavinpadaippugal.info/katturaigal/aaduraattey.htm,200,katturaigal/aaduraattey.md,no,covered,/Users/pugazhendhirajendran/Documents/Codex/2026-07-09/https-www-annavinpadaippugal-info/outputs/annavin_text_extractor/organized_contents/katturaigal/aaduraattey.md
http://www.annavinpadaippugal.info/katturaigal/aakiramippai.htm,200,katturaigal/aakiramippai.md,no,covered,/Users/pugazhendhirajendran/Documents/Codex/2026-07-09/https-www-annavinpadaippugal-info/outputs/annavin_text_extractor/organized_contents/katturaigal/aakiramippai.md
http://www.annavinpadaippugal.info/katturaigal/aal_mayakkiyum.htm,200,katturaigal/aal_mayakkiyum.md,no,covered,/Users/pugazhendhirajendran/Documents/Codex/2026-07-09/https-www-annavinpadaippugal-info/outputs/annavin_text_extractor/organized_contents/katturaigal/aal_mayakkiyum.md
http://www.annavinpadaippugal.info/katturaigal/aal_thaedu.htm,200,katturaigal/aal_thaedu.md,no,covered,/Users/pugazhendhirajendran/Documents/Codex/2026-07-09/https-www-annavinpadaippugal-info/outputs/annavin_text_extractor/organized_contents/katturaigal/aal_thaedu.md
http://www.annavinpadaippugal.info/katturaigal/aal_thaevai.htm,200,katturaigal/aal_thaevai.md,no,covered,/Users/pugazhendhirajendran/Documents/Codex/2026-07-09/https-www-annavinpadaippugal-info/outputs/annavin_text_extractor/organized_contents/katturaigal/aal_thaevai.md
http://www.annavinpadaippugal.info/katturaigal/aalayurar_ubathesam_1.htm,200,katturaigal/aalayurar_ubathesam.md,yes,covered,/Users/pugazhendhirajendran/Documents/Codex/2026-07-09/https-www-annavinpadaippugal-info/outputs/annavin_text_extractor/organized_contents/katturaigal/aalayurar_ubathesam.md
http://www.annavinpadaippugal.info/katturaigal/aalayurar_ubathesam_2.htm,200,katturaigal/aalayurar_ubathesam.md,yes,covered,/Users/pugazhendhirajendran/Documents/Codex/2026-07-09/https-www-annavinpadaippugal-info/outputs/annavin_text_extractor/organized_contents/katturaigal/aalayurar_ubathesam.md
http://www.annavinpadaippugal.info/katturaigal/aalayurar_ubathesam_3.htm,200,katturaigal/aalayurar_ubathesam.md,yes,covered,/Users/pugazhendhirajendran/Documents/Codex/2026-07-09/https-www-annavinpadaippugal-info/outputs/annavin_text_extractor/organized_contents/katturaigal/aalayurar_ubathesam.md
http://www.annavinpadaippugal.info/katturaigal/aalukkoru_thuppakki.htm,200,katturaigal/aalukkoru_thuppakki.md,no,covered,/Users/pugazhendhirajendran/Documents/Codex/2026-07-09/https-www-annavinpadaippugal-info/outputs/annavin_text_extractor/organized_contents/katturaigal/aalukkoru_thuppakki.md
http://www.annavinpadaippugal.info/katturaigal/aam_kaettukkollathan_vaendum.htm,200,katturaigal/aam_kaettukkollathan_vaendum.md,no,covered,/Users/pugazhendhirajendran/Documents/Codex/2026-07-09/https-www-annavinpadaippugal-info/outputs/annavin_text_extractor/organized_contents/katturaigal/aam_kaettukkollathan_vaendum.md
http://www.annavinpadaippugal.info/katturaigal/aamai_vaegam.htm,200,katturaigal/aamai_vaegam.md,no,covered,/Users/pugazhendhirajendran/Documents/Codex/2026-07-09/https-www-annavinpadaippugal-info/outputs/annavin_text_extractor/organized_contents/katturaigal/aamai_vaegam.md
http://www.annavinpadaippugal.info/katturaigal/aamam_nadakkirathu.htm,200,katturaigal/aamam_nadakkirathu.md,no,covered,/Users/pugazhendhirajendran/Documents/Codex/2026-07-09/https-www-annavinpadaippugal-info/outputs/annavin_text_extractor/organized_contents/katturaigal/aamam_nadakkirathu.md
http://www.annavinpadaippugal.info/katturaigal/aanalum.htm,200,katturaigal/aanalum.md,no,covered,/Users/pugazhendhirajendran/Documents/Codex/2026-07-09/https-www-annavinpadaippugal-info/outputs/annavin_text_extractor/organized_contents/katturaigal/aanalum.md
http://www.annavinpadaippugal.info/katturaigal/aandavanai_alikkirar.htm,200,katturaigal/aandavanai_alikkirar.md,no,covered,/Users/pugazhendhirajendran/Documents/Codex/2026-07-09/https-www-annavinpadaippugal-info/outputs/annavin_text_extractor/organized_contents/katturaigal/aandavanai_alikkirar.md
http://www.annavinpadaippugal.info/katturaigal/aandu14.htm,200,katturaigal/aandu14.md,no,covered,/Users/pugazhendhirajendran/Documents/Codex/2026-07-09/https-www-annavinpadaippugal-info/outputs/annavin_text_extractor/organized_contents/katturaigal/aandu14.md
http://www.annavinpadaippugal.info/katturaigal/aandu_pathimoondru.htm,200,katturaigal/aandu_pathimoondru.md,no,covered,/Users/pugazhendhirajendran/Documents/Codex/2026-07-09/https-www-annavinpadaippugal-info/outputs/annavin_text_extractor/organized_contents/katturaigal/aandu_pathimoondru.md
http://www.annavinpadaippugal.info/katturaigal/aangilam_iruntha_idathil.htm,200,katturaigal/aangilam_iruntha_idathil.md,no,covered,/Users/pugazhendhirajendran/Documents/Codex/2026-07-09/https-www-annavinpadaippugal-info/outputs/annavin_text_extractor/organized_contents/katturaigal/aangilam_iruntha_idathil.md
http://www.annavinpadaippugal.info/katturaigal/aangilampol.htm,200,katturaigal/aangilampol.md,no,covered,/Users/pugazhendhirajendran/Documents/Codex/2026-07-09/https-www-annavinpadaippugal-info/outputs/annavin_text_extractor/organized_contents/katturaigal/aangilampol.md
http://www.annavinpadaippugal.info/katturaigal/aangilar_meethu_paayumun.htm,200,katturaigal/aangilar_meethu_paayumun.md,no,covered,/Users/pugazhendhirajendran/Documents/Codex/2026-07-09/https-www-annavinpadaippugal-info/outputs/annavin_text_extractor/organized_contents/katturaigal/aangilar_meethu_paayumun.md
http://www.annavinpadaippugal.info/katturaigal/aar_kae_ess_maraivu.htm,200,katturaigal/aar_kae_ess_maraivu.md,no,covered,/Users/pugazhendhirajendran/Documents/Codex/2026-07-09/https-www-annavinpadaippugal-info/outputs/annavin_text_extractor/organized_contents/katturaigal/aar_kae_ess_maraivu.md
http://www.annavinpadaippugal.info/katturaigal/aarambamayitru.htm,200,katturaigal/aarambamayitru.md,no,covered,/Users/pugazhendhirajendran/Documents/Codex/2026-07-09/https-www-annavinpadaippugal-info/outputs/annavin_text_extractor/organized_contents/katturaigal/aarambamayitru.md
http://www.annavinpadaippugal.info/katturaigal/aariya_kadavutkalukku.htm,200,katturaigal/aariya_kadavutkalukku.md,no,covered,/Users/pugazhendhirajendran/Documents/Codex/2026-07-09/https-www-annavinpadaippugal-info/outputs/annavin_text_extractor/organized_contents/katturaigal/aariya_kadavutkalukku.md
http://www.annavinpadaippugal.info/katturaigal/aariyamaayai.htm,200,katturaigal/aariyamaayai.md,no,covered,/Users/pugazhendhirajendran/Documents/Codex/2026-07-09/https-www-annavinpadaippugal-info/outputs/annavin_text_extractor/organized_contents/katturaigal/aariyamaayai.md
http://www.annavinpadaippugal.info/katturaigal/aariyamaayai.htm_2.htm,200,katturaigal/aariyamaayai.htm.md,yes,covered,/Users/pugazhendhirajendran/Documents/Codex/2026-07-09/https-www-annavinpadaippugal-info/outputs/annavin_text_extractor/organized_contents/katturaigal/aariyamaayai.htm.md
http://www.annavinpadaippugal.info/katturaigal/aariyamaayai.htm_3.htm,200,katturaigal/aariyamaayai.htm.md,yes,covered,/Users/pugazhendhirajendran/Documents/Codex/2026-07-09/https-www-annavinpadaippugal-info/outputs/annavin_text_extractor/organized_contents/katturaigal/aariyamaayai.htm.md
http://www.annavinpadaippugal.info/katturaigal/aariyamaayai.htm_4.htm,200,katturaigal/aariyamaayai.htm.md,yes,covered,/Users/pugazhendhirajendran/Documents/Codex/2026-07-09/https-www-annavinpadaippugal-info/outputs/annavin_text_extractor/organized_contents/katturaigal/aariyamaayai.htm.md
http://www.annavinpadaippugal.info/katturaigal/aariyamaayai.htm_5.htm,200,katturaigal/aariyamaayai.htm.md,yes,covered,/Users/pugazhendhirajendran/Documents/Codex/2026-07-09/https-www-annavinpadaippugal-info/outputs/annavin_text_extractor/organized_contents/katturaigal/aariyamaayai.htm.md
http://www.annavinpadaippugal.info/katturaigal/aariyamaayai.htm_6.htm,200,katturaigal/aariyamaayai.htm.md,yes,covered,/Users/pugazhendhirajendran/Documents/Codex/2026-07-09/https-www-annavinpadaippugal-info/outputs/annavin_text_extractor/organized_contents/katturaigal/aariyamaayai.htm.md
http://www.annavinpadaippugal.info/katturaigal/aariyamaayai.htm_7.htm,200,katturaigal/aariyamaayai.htm.md,yes,covered,/Users/pugazhendhirajendran/Documents/Codex/2026-07-09/https-www-annavinpadaippugal-info/outputs/annavin_text_extractor/organized_contents/katturaigal/aariyamaayai.htm.md
http://www.annavinpadaippugal.info/katturaigal/aariyamaayai_theerpu.htm,200,katturaigal/aariyamaayai_theerpu.md,no,covered,/Users/pugazhendhirajendran/Documents/Codex/2026-07-09/https-www-annavinpadaippugal-info/outputs/annavin_text_extractor/organized_contents/katturaigal/aariyamaayai_theerpu.md
http://www.annavinpadaippugal.info/katturaigal/aariyar_samayam.htm,200,katturaigal/aariyar_samayam.md,no,covered,/Users/pugazhendhirajendran/Documents/Codex/2026-07-09/https-www-annavinpadaippugal-info/outputs/annavin_text_extractor/organized_contents/katturaigal/aariyar_samayam.md
http://www.annavinpadaippugal.info/katturaigal/aariyar_seitha_akramam.htm,200,katturaigal/aariyar_seitha_akramam.md,no,covered,/Users/pugazhendhirajendran/Documents/Codex/2026-07-09/https-www-annavinpadaippugal-info/outputs/annavin_text_extractor/organized_contents/katturaigal/aariyar_seitha_akramam.md
http://www.annavinpadaippugal.info/katturaigal/aariyarin_antharanga.htm,200,katturaigal/aariyarin_antharanga.md,no,covered,/Users/pugazhendhirajendran/Documents/Codex/2026-07-09/https-www-annavinpadaippugal-info/outputs/annavin_text_extractor/organized_contents/katturaigal/aariyarin_antharanga.md
http://www.annavinpadaippugal.info/katturaigal/aariyathil_attuzhiyam.htm,200,katturaigal/aariyathil_attuzhiyam.md,no,covered,/Users/pugazhendhirajendran/Documents/Codex/2026-07-09/https-www-annavinpadaippugal-info/outputs/annavin_text_extractor/organized_contents/katturaigal/aariyathil_attuzhiyam.md
http://www.annavinpadaippugal.info/katturaigal/aarparippu_kadaisikattam.htm,200,katturaigal/aarparippu_kadaisikattam.md,no,covered,/Users/pugazhendhirajendran/Documents/Codex/2026-07-09/https-www-annavinpadaippugal-info/outputs/annavin_text_extractor/organized_contents/katturaigal/aarparippu_kadaisikattam.md
http://www.annavinpadaippugal.info/katturaigal/aarumuganaeri_akkiramam.htm,200,katturaigal/aarumuganaeri_akkiramam.md,no,covered,/Users/pugazhendhirajendran/Documents/Codex/2026-07-09/https-www-annavinpadaippugal-info/outputs/annavin_text_extractor/organized_contents/katturaigal/aarumuganaeri_akkiramam.md
http://www.annavinpadaippugal.info/katturaigal/aaruthal_kooru.htm,200,katturaigal/aaruthal_kooru.md,no,covered,/Users/pugazhendhirajendran/Documents/Codex/2026-07-09/https-www-annavinpadaippugal-info/outputs/annavin_text_extractor/organized_contents/katturaigal/aaruthal_kooru.md
http://www.annavinpadaippugal.info/katturaigal/aaruthal_perattum.htm,200,katturaigal/aaruthal_perattum.md,no,covered,/Users/pugazhendhirajendran/Documents/Codex/2026-07-09/https-www-annavinpadaippugal-info/outputs/annavin_text_extractor/organized_contents/katturaigal/aaruthal_perattum.md
http://www.annavinpadaippugal.info/katturaigal/aasai_vetkam.htm,200,katturaigal/aasai_vetkam.md,no,covered,/Users/pugazhendhirajendran/Documents/Codex/2026-07-09/https-www-annavinpadaippugal-info/outputs/annavin_text_extractor/organized_contents/katturaigal/aasai_vetkam.md
http://www.annavinpadaippugal.info/katturaigal/aasaithambi_vazhakku.htm,200,katturaigal/aasaithambi_vazhakku.md,no,covered,/Users/pugazhendhirajendran/Documents/Codex/2026-07-09/https-www-annavinpadaippugal-info/outputs/annavin_text_extractor/organized_contents/katturaigal/aasaithambi_vazhakku.md
http://www.annavinpadaippugal.info/katturaigal/aasiriyar_kaditham.htm,200,katturaigal/aasiriyar_kaditham.md,no,covered,/Users/pugazhendhirajendran/Documents/Codex/2026-07-09/https-www-annavinpadaippugal-info/outputs/annavin_text_extractor/organized_contents/katturaigal/aasiriyar_kaditham.md
http://www.annavinpadaippugal.info/katturaigal/aasthigamum_nathigamum.htm,200,katturaigal/aasthigamum_nathigamum.md,no,covered,/Users/pugazhendhirajendran/Documents/Codex/2026-07-09/https-www-annavinpadaippugal-info/outputs/annavin_text_extractor/organized_contents/katturaigal/aasthigamum_nathigamum.md
http://www.annavinpadaippugal.info/katturaigal/aatchi_mozhi.htm,200,katturaigal/aatchi_mozhi.md,no,covered,/Users/pugazhendhirajendran/Documents/Codex/2026-07-09/https-www-annavinpadaippugal-info/outputs/annavin_text_extractor/organized_contents/katturaigal/aatchi_mozhi.md
http://www.annavinpadaippugal.info/katturaigal/aathiramum.htm,200,katturaigal/aathiramum.md,no,covered,/Users/pugazhendhirajendran/Documents/Codex/2026-07-09/https-www-annavinpadaippugal-info/outputs/annavin_text_extractor/organized_contents/katturaigal/aathiramum.md
http://www.annavinpadaippugal.info/katturaigal/aathithan_kanavu.htm,200,katturaigal/aathithan_kanavu.md,no,covered,/Users/pugazhendhirajendran/Documents/Codex/2026-07-09/https-www-annavinpadaippugal-info/outputs/annavin_text_extractor/organized_contents/katturaigal/aathithan_kanavu.md
http://www.annavinpadaippugal.info/katturaigal/aayiram_koadi.htm,200,katturaigal/aayiram_koadi.md,no,covered,/Users/pugazhendhirajendran/Documents/Codex/2026-07-09/https-www-annavinpadaippugal-info/outputs/annavin_text_extractor/organized_contents/katturaigal/aayiram_koadi.md
http://www.annavinpadaippugal.info/katturaigal/aazham_ariyamal.htm,200,katturaigal/aazham_ariyamal.md,no,covered,/Users/pugazhendhirajendran/Documents/Codex/2026-07-09/https-www-annavinpadaippugal-info/outputs/annavin_text_extractor/organized_contents/katturaigal/aazham_ariyamal.md
http://www.annavinpadaippugal.info/katturaigal/abalai_azhugiral.htm,200,katturaigal/abalai_azhugiral.md,no,covered,/Users/pugazhendhirajendran/Documents/Codex/2026-07-09/https-www-annavinpadaippugal-info/outputs/annavin_text_extractor/organized_contents/katturaigal/abalai_azhugiral.md
http://www.annavinpadaippugal.info/katturaigal/abaya_arivippu.htm,200,katturaigal/abaya_arivippu.md,no,covered,/Users/pugazhendhirajendran/Documents/Codex/2026-07-09/https-www-annavinpadaippugal-info/outputs/annavin_text_extractor/organized_contents/katturaigal/abaya_arivippu.md
http://www.annavinpadaippugal.info/katturaigal/abethavetham.htm,200,katturaigal/abethavetham.md,no,covered,/Users/pugazhendhirajendran/Documents/Codex/2026-07-09/https-www-annavinpadaippugal-info/outputs/annavin_text_extractor/organized_contents/katturaigal/abethavetham.md
http://www.annavinpadaippugal.info/katturaigal/achi_murintha_vandi.htm,200,katturaigal/achi_murintha_vandi.md,no,covered,/Users/pugazhendhirajendran/Documents/Codex/2026-07-09/https-www-annavinpadaippugal-info/outputs/annavin_text_extractor/organized_contents/katturaigal/achi_murintha_vandi.md
http://www.annavinpadaippugal.info/katturaigal/adakkumurai_aarambam.htm,200,katturaigal/adakkumurai_aarambam.md,no,covered,/Users/pugazhendhirajendran/Documents/Codex/2026-07-09/https-www-annavinpadaippugal-info/outputs/annavin_text_extractor/organized_contents/katturaigal/adakkumurai_aarambam.md
http://www.annavinpadaippugal.info/katturaigal/adakkumurai_att.htm,200,katturaigal/adakkumurai_att.md,no,covered,/Users/pugazhendhirajendran/Documents/Codex/2026-07-09/https-www-annavinpadaippugal-info/outputs/annavin_text_extractor/organized_contents/katturaigal/adakkumurai_att.md
http://www.annavinpadaippugal.info/katturaigal/adakkumurai_dharbar.htm,200,katturaigal/adakkumurai_dharbar.md,no,covered,/Users/pugazhendhirajendran/Documents/Codex/2026-07-09/https-www-annavinpadaippugal-info/outputs/annavin_text_extractor/organized_contents/katturaigal/adakkumurai_dharbar.md
http://www.annavinpadaippugal.info/katturaigal/adakkumurai_kanikkai.htm,200,katturaigal/adakkumurai_kanikkai.md,no,covered,/Users/pugazhendhirajendran/Documents/Codex/2026-07-09/https-www-annavinpadaippugal-info/outputs/annavin_text_extractor/organized_contents/katturaigal/adakkumurai_kanikkai.md
http://www.annavinpadaippugal.info/katturaigal/adakkumurayai.htm,200,katturaigal/adakkumurayai.md,no,covered,/Users/pugazhendhirajendran/Documents/Codex/2026-07-09/https-www-annavinpadaippugal-info/outputs/annavin_text_extractor/organized_contents/katturaigal/adakkumurayai.md
http://www.annavinpadaippugal.info/katturaigal/admission_and_confession.htm,200,katturaigal/admission_and_confession.md,no,covered,/Users/pugazhendhirajendran/Documents/Codex/2026-07-09/https-www-annavinpadaippugal-info/outputs/annavin_text_extractor/organized_contents/katturaigal/admission_and_confession.md
http://www.annavinpadaippugal.info/katturaigal/aduthakkattam.htm,200,katturaigal/aduthakkattam.md,no,covered,/Users/pugazhendhirajendran/Documents/Codex/2026-07-09/https-www-annavinpadaippugal-info/outputs/annavin_text_extractor/organized_contents/katturaigal/aduthakkattam.md
http://www.annavinpadaippugal.info/katturaigal/aduttha_kizhamai.htm,200,katturaigal/aduttha_kizhamai.md,no,covered,/Users/pugazhendhirajendran/Documents/Codex/2026-07-09/https-www-annavinpadaippugal-info/outputs/annavin_text_extractor/organized_contents/katturaigal/aduttha_kizhamai.md
http://www.annavinpadaippugal.info/katturaigal/aduttha_veetu_agilandam.htm,200,katturaigal/aduttha_veetu_agilandam.md,no,covered,/Users/pugazhendhirajendran/Documents/Codex/2026-07-09/https-www-annavinpadaippugal-info/outputs/annavin_text_extractor/organized_contents/katturaigal/aduttha_veetu_agilandam.md
http://www.annavinpadaippugal.info/katturaigal/adyar_sagasam.htm,200,katturaigal/adyar_sagasam.md,no,covered,/Users/pugazhendhirajendran/Documents/Codex/2026-07-09/https-www-annavinpadaippugal-info/outputs/annavin_text_extractor/organized_contents/katturaigal/adyar_sagasam.md
http://www.annavinpadaippugal.info/katturaigal/aedugalae_puratchi.htm,200,katturaigal/aedugalae_puratchi.md,no,covered,/Users/pugazhendhirajendran/Documents/Codex/2026-07-09/https-www-annavinpadaippugal-info/outputs/annavin_text_extractor/organized_contents/katturaigal/aedugalae_puratchi.md
http://www.annavinpadaippugal.info/katturaigal/aen_azhamattar.htm,200,katturaigal/aen_azhamattar.md,no,covered,/Users/pugazhendhirajendran/Documents/Codex/2026-07-09/https-www-annavinpadaippugal-info/outputs/annavin_text_extractor/organized_contents/katturaigal/aen_azhamattar.md
http://www.annavinpadaippugal.info/katturaigal/aen_ethirkkiroam.htm,200,katturaigal/aen_ethirkkiroam.md,no,covered,/Users/pugazhendhirajendran/Documents/Codex/2026-07-09/https-www-annavinpadaippugal-info/outputs/annavin_text_extractor/organized_contents/katturaigal/aen_ethirkkiroam.md
http://www.annavinpadaippugal.info/katturaigal/aen_ethirppu.htm,200,katturaigal/aen_ethirppu.md,no,covered,/Users/pugazhendhirajendran/Documents/Codex/2026-07-09/https-www-annavinpadaippugal-info/outputs/annavin_text_extractor/organized_contents/katturaigal/aen_ethirppu.md
http://www.annavinpadaippugal.info/katturaigal/aen_intha_acham.htm,200,katturaigal/aen_intha_acham.md,no,covered,/Users/pugazhendhirajendran/Documents/Codex/2026-07-09/https-www-annavinpadaippugal-info/outputs/annavin_text_extractor/organized_contents/katturaigal/aen_intha_acham.md
http://www.annavinpadaippugal.info/katturaigal/aen_intha_kodumai.htm,200,katturaigal/aen_intha_kodumai.md,no,covered,/Users/pugazhendhirajendran/Documents/Codex/2026-07-09/https-www-annavinpadaippugal-info/outputs/annavin_text_extractor/organized_contents/katturaigal/aen_intha_kodumai.md
http://www.annavinpadaippugal.info/katturaigal/aen_piranthom.htm,200,katturaigal/aen_piranthom.md,no,covered,/Users/pugazhendhirajendran/Documents/Codex/2026-07-09/https-www-annavinpadaippugal-info/outputs/annavin_text_extractor/organized_contents/katturaigal/aen_piranthom.md
http://www.annavinpadaippugal.info/katturaigal/aethechathikara_aanava.htm,200,katturaigal/aethechathikara_aanava.md,no,covered,/Users/pugazhendhirajendran/Documents/Codex/2026-07-09/https-www-annavinpadaippugal-info/outputs/annavin_text_extractor/organized_contents/katturaigal/aethechathikara_aanava.md
http://www.annavinpadaippugal.info/katturaigal/aezhai_erimalai.htm,200,katturaigal/aezhai_erimalai.md,no,covered,/Users/pugazhendhirajendran/Documents/Codex/2026-07-09/https-www-annavinpadaippugal-info/outputs/annavin_text_extractor/organized_contents/katturaigal/aezhai_erimalai.md
http://www.annavinpadaippugal.info/katturaigal/aezhai_pangalar.htm,200,katturaigal/aezhai_pangalar.md,no,covered,/Users/pugazhendhirajendran/Documents/Codex/2026-07-09/https-www-annavinpadaippugal-info/outputs/annavin_text_extractor/organized_contents/katturaigal/aezhai_pangalar.md
http://www.annavinpadaippugal.info/katturaigal/aezhavathandu.htm,200,katturaigal/aezhavathandu.md,no,covered,/Users/pugazhendhirajendran/Documents/Codex/2026-07-09/https-www-annavinpadaippugal-info/outputs/annavin_text_extractor/organized_contents/katturaigal/aezhavathandu.md
http://www.annavinpadaippugal.info/katturaigal/agitation_and_anarchy.htm,200,katturaigal/agitation_and_anarchy.md,no,covered,/Users/pugazhendhirajendran/Documents/Codex/2026-07-09/https-www-annavinpadaippugal-info/outputs/annavin_text_extractor/organized_contents/katturaigal/agitation_and_anarchy.md
http://www.annavinpadaippugal.info/katturaigal/ahathu_koodathu.htm,200,katturaigal/ahathu_koodathu.md,no,covered,/Users/pugazhendhirajendran/Documents/Codex/2026-07-09/https-www-annavinpadaippugal-info/outputs/annavin_text_extractor/organized_contents/katturaigal/ahathu_koodathu.md
http://www.annavinpadaippugal.info/katturaigal/ahimsa_aatchi.htm,200,katturaigal/ahimsa_aatchi.md,no,covered,/Users/pugazhendhirajendran/Documents/Codex/2026-07-09/https-www-annavinpadaippugal-info/outputs/annavin_text_extractor/organized_contents/katturaigal/ahimsa_aatchi.md
http://www.annavinpadaippugal.info/katturaigal/ahimsa_veri.htm,200,katturaigal/ahimsa_veri.md,no,covered,/Users/pugazhendhirajendran/Documents/Codex/2026-07-09/https-www-annavinpadaippugal-info/outputs/annavin_text_extractor/organized_contents/katturaigal/ahimsa_veri.md
http://www.annavinpadaippugal.info/katturaigal/ahimsavilasam.htm,200,katturaigal/ahimsavilasam.md,no,covered,/Users/pugazhendhirajendran/Documents/Codex/2026-07-09/https-www-annavinpadaippugal-info/outputs/annavin_text_extractor/organized_contents/katturaigal/ahimsavilasam.md
http://www.annavinpadaippugal.info/katturaigal/ai_na_kamittiyil.htm,200,katturaigal/ai_na_kamittiyil.md,no,covered,/Users/pugazhendhirajendran/Documents/Codex/2026-07-09/https-www-annavinpadaippugal-info/outputs/annavin_text_extractor/organized_contents/katturaigal/ai_na_kamittiyil.md
http://www.annavinpadaippugal.info/katturaigal/aintham_aandu.htm,200,katturaigal/aintham_aandu.md,no,covered,/Users/pugazhendhirajendran/Documents/Codex/2026-07-09/https-www-annavinpadaippugal-info/outputs/annavin_text_extractor/organized_contents/katturaigal/aintham_aandu.md
http://www.annavinpadaippugal.info/katturaigal/ainthu_arasugal.htm,200,katturaigal/ainthu_arasugal.md,no,covered,/Users/pugazhendhirajendran/Documents/Codex/2026-07-09/https-www-annavinpadaippugal-info/outputs/annavin_text_extractor/organized_contents/katturaigal/ainthu_arasugal.md
http://www.annavinpadaippugal.info/katturaigal/ajeerna_agaval.htm,200,katturaigal/ajeerna_agaval.md,no,covered,/Users/pugazhendhirajendran/Documents/Codex/2026-07-09/https-www-annavinpadaippugal-info/outputs/annavin_text_extractor/organized_contents/katturaigal/ajeerna_agaval.md
http://www.annavinpadaippugal.info/katturaigal/ajmeer_vaayilil.htm,200,katturaigal/ajmeer_vaayilil.md,no,covered,/Users/pugazhendhirajendran/Documents/Codex/2026-07-09/https-www-annavinpadaippugal-info/outputs/annavin_text_extractor/organized_contents/katturaigal/ajmeer_vaayilil.md
http://www.annavinpadaippugal.info/katturaigal/akramathin_azhivukku.htm,200,katturaigal/akramathin_azhivukku.md,no,covered,/Users/pugazhendhirajendran/Documents/Codex/2026-07-09/https-www-annavinpadaippugal-info/outputs/annavin_text_extractor/organized_contents/katturaigal/akramathin_azhivukku.md
http://www.annavinpadaippugal.info/katturaigal/alagabath_ammanai.htm,200,katturaigal/alagabath_ammanai.md,no,covered,/Users/pugazhendhirajendran/Documents/Codex/2026-07-09/https-www-annavinpadaippugal-info/outputs/annavin_text_extractor/organized_contents/katturaigal/alagabath_ammanai.md
http://www.annavinpadaippugal.info/katturaigal/alagarsamy_kudumba.htm,200,katturaigal/alagarsamy_kudumba.md,no,covered,/Users/pugazhendhirajendran/Documents/Codex/2026-07-09/https-www-annavinpadaippugal-info/outputs/annavin_text_extractor/organized_contents/katturaigal/alagarsamy_kudumba.md
http://www.annavinpadaippugal.info/katturaigal/alai_oasaimattum_pothathu.htm,200,katturaigal/alai_oasaimattum_pothathu.md,no,covered,/Users/pugazhendhirajendran/Documents/Codex/2026-07-09/https-www-annavinpadaippugal-info/outputs/annavin_text_extractor/organized_contents/katturaigal/alai_oasaimattum_pothathu.md
http://www.annavinpadaippugal.info/katturaigal/alladugirar.htm,200,katturaigal/alladugirar.md,no,covered,/Users/pugazhendhirajendran/Documents/Codex/2026-07-09/https-www-annavinpadaippugal-info/outputs/annavin_text_extractor/organized_contents/katturaigal/alladugirar.md
http://www.annavinpadaippugal.info/katturaigal/amarathara.htm,200,katturaigal/amarathara.md,no,covered,/Users/pugazhendhirajendran/Documents/Codex/2026-07-09/https-www-annavinpadaippugal-info/outputs/annavin_text_extractor/organized_contents/katturaigal/amarathara.md
http://www.annavinpadaippugal.info/katturaigal/ambetkar_arivurai.htm,200,katturaigal/ambetkar_arivurai.md,no,covered,/Users/pugazhendhirajendran/Documents/Codex/2026-07-09/https-www-annavinpadaippugal-info/outputs/annavin_text_extractor/organized_contents/katturaigal/ambetkar_arivurai.md
http://www.annavinpadaippugal.info/katturaigal/ameerchandhu_kaalamuthal.htm,200,katturaigal/ameerchandhu_kaalamuthal.md,no,covered,/Users/pugazhendhirajendran/Documents/Codex/2026-07-09/https-www-annavinpadaippugal-info/outputs/annavin_text_extractor/organized_contents/katturaigal/ameerchandhu_kaalamuthal.md
http://www.annavinpadaippugal.info/katturaigal/americavil_barathidasan.htm,200,katturaigal/americavil_barathidasan.md,no,covered,/Users/pugazhendhirajendran/Documents/Codex/2026-07-09/https-www-annavinpadaippugal-info/outputs/annavin_text_extractor/organized_contents/katturaigal/americavil_barathidasan.md
http://www.annavinpadaippugal.info/katturaigal/ameriyin_akbar_poojai.htm,200,katturaigal/ameriyin_akbar_poojai.md,no,covered,/Users/pugazhendhirajendran/Documents/Codex/2026-07-09/https-www-annavinpadaippugal-info/outputs/annavin_text_extractor/organized_contents/katturaigal/ameriyin_akbar_poojai.md
http://www.annavinpadaippugal.info/katturaigal/amiraemillathin_arivurai.htm,200,katturaigal/amiraemillathin_arivurai.md,no,covered,/Users/pugazhendhirajendran/Documents/Codex/2026-07-09/https-www-annavinpadaippugal-info/outputs/annavin_text_extractor/organized_contents/katturaigal/amiraemillathin_arivurai.md
http://www.annavinpadaippugal.info/katturaigal/anbalaippu.htm,200,katturaigal/anbalaippu.md,no,covered,/Users/pugazhendhirajendran/Documents/Codex/2026-07-09/https-www-annavinpadaippugal-info/outputs/annavin_text_extractor/organized_contents/katturaigal/anbalaippu.md
http://www.annavinpadaippugal.info/katturaigal/anbin_pinaippu.htm,200,katturaigal/anbin_pinaippu.md,no,covered,/Users/pugazhendhirajendran/Documents/Codex/2026-07-09/https-www-annavinpadaippugal-info/outputs/annavin_text_extractor/organized_contents/katturaigal/anbin_pinaippu.md
http://www.annavinpadaippugal.info/katturaigal/anbu_kaattuveer.htm,200,katturaigal/anbu_kaattuveer.md,no,covered,/Users/pugazhendhirajendran/Documents/Codex/2026-07-09/https-www-annavinpadaippugal-info/outputs/annavin_text_extractor/organized_contents/katturaigal/anbu_kaattuveer.md
http://www.annavinpadaippugal.info/katturaigal/andha_gundu.htm,200,katturaigal/andha_gundu.md,no,covered,/Users/pugazhendhirajendran/Documents/Codex/2026-07-09/https-www-annavinpadaippugal-info/outputs/annavin_text_extractor/organized_contents/katturaigal/andha_gundu.md
http://www.annavinpadaippugal.info/katturaigal/andho_alagarsamy.htm,200,katturaigal/andho_alagarsamy.md,no,covered,/Users/pugazhendhirajendran/Documents/Codex/2026-07-09/https-www-annavinpadaippugal-info/outputs/annavin_text_extractor/organized_contents/katturaigal/andho_alagarsamy.md
http://www.annavinpadaippugal.info/katturaigal/andrae_kilambiya.htm,200,katturaigal/andrae_kilambiya.md,no,covered,/Users/pugazhendhirajendran/Documents/Codex/2026-07-09/https-www-annavinpadaippugal-info/outputs/annavin_text_extractor/organized_contents/katturaigal/andrae_kilambiya.md
http://www.annavinpadaippugal.info/katturaigal/andru_nadantha_tamilisai_vizha.htm,200,katturaigal/andru_nadantha_tamilisai_vizha.md,no,covered,/Users/pugazhendhirajendran/Documents/Codex/2026-07-09/https-www-annavinpadaippugal-info/outputs/annavin_text_extractor/organized_contents/katturaigal/andru_nadantha_tamilisai_vizha.md
http://www.annavinpadaippugal.info/katturaigal/angae_appadi_ingae_ippadi.htm,200,katturaigal/angae_appadi_ingae_ippadi.md,no,covered,/Users/pugazhendhirajendran/Documents/Codex/2026-07-09/https-www-annavinpadaippugal-info/outputs/annavin_text_extractor/organized_contents/katturaigal/angae_appadi_ingae_ippadi.md
http://www.annavinpadaippugal.info/katturaigal/angaeyum_pugunthathu.htm,200,katturaigal/angaeyum_pugunthathu.md,no,covered,/Users/pugazhendhirajendran/Documents/Codex/2026-07-09/https-www-annavinpadaippugal-info/outputs/annavin_text_extractor/organized_contents/katturaigal/angaeyum_pugunthathu.md
http://www.annavinpadaippugal.info/katturaigal/angupogumun.htm,200,katturaigal/angupogumun.md,no,covered,/Users/pugazhendhirajendran/Documents/Codex/2026-07-09/https-www-annavinpadaippugal-info/outputs/annavin_text_extractor/organized_contents/katturaigal/angupogumun.md
http://www.annavinpadaippugal.info/katturaigal/anjamaattoam.htm,200,katturaigal/anjamaattoam.md,no,covered,/Users/pugazhendhirajendran/Documents/Codex/2026-07-09/https-www-annavinpadaippugal-info/outputs/annavin_text_extractor/organized_contents/katturaigal/anjamaattoam.md
http://www.annavinpadaippugal.info/katturaigal/anna_munnurai.html,200,katturaigal/anna_munnurai.md,no,covered,/Users/pugazhendhirajendran/Documents/Codex/2026-07-09/https-www-annavinpadaippugal-info/outputs/annavin_text_extractor/organized_contents/katturaigal/anna_munnurai.md
http://www.annavinpadaippugal.info/katturaigal/anna_on_third_plan.htm,200,katturaigal/anna_on_third_plan.md,no,covered,/Users/pugazhendhirajendran/Documents/Codex/2026-07-09/https-www-annavinpadaippugal-info/outputs/annavin_text_extractor/organized_contents/katturaigal/anna_on_third_plan.md
http://www.annavinpadaippugal.info/katturaigal/anna_siraithandanai.htm,200,katturaigal/anna_siraithandanai.md,no,covered,/Users/pugazhendhirajendran/Documents/Codex/2026-07-09/https-www-annavinpadaippugal-info/outputs/annavin_text_extractor/organized_contents/katturaigal/anna_siraithandanai.md
http://www.annavinpadaippugal.info/katturaigal/annamalai_nagar.htm,200,katturaigal/annamalai_nagar.md,no,covered,/Users/pugazhendhirajendran/Documents/Codex/2026-07-09/https-www-annavinpadaippugal-info/outputs/annavin_text_extractor/organized_contents/katturaigal/annamalai_nagar.md
http://www.annavinpadaippugal.info/katturaigal/annan_tharum.htm,200,katturaigal/annan_tharum.md,no,covered,/Users/pugazhendhirajendran/Documents/Codex/2026-07-09/https-www-annavinpadaippugal-info/outputs/annavin_text_extractor/organized_contents/katturaigal/annan_tharum.md
http://www.annavinpadaippugal.info/katturaigal/annavin_ayara_uzhaippu.htm,200,katturaigal/annavin_ayara_uzhaippu.md,no,covered,/Users/pugazhendhirajendran/Documents/Codex/2026-07-09/https-www-annavinpadaippugal-info/outputs/annavin_text_extractor/organized_contents/katturaigal/annavin_ayara_uzhaippu.md
http://www.annavinpadaippugal.info/katturaigal/annavin_vazhthu.htm,200,katturaigal/annavin_vazhthu.md,no,covered,/Users/pugazhendhirajendran/Documents/Codex/2026-07-09/https-www-annavinpadaippugal-info/outputs/annavin_text_extractor/organized_contents/katturaigal/annavin_vazhthu.md
http://www.annavinpadaippugal.info/katturaigal/antha_annakavadi.htm,200,katturaigal/antha_annakavadi.md,no,covered,/Users/pugazhendhirajendran/Documents/Codex/2026-07-09/https-www-annavinpadaippugal-info/outputs/annavin_text_extractor/organized_contents/katturaigal/antha_annakavadi.md
http://www.annavinpadaippugal.info/katturaigal/antha_ganabathikku.htm,200,katturaigal/antha_ganabathikku.md,no,covered,/Users/pugazhendhirajendran/Documents/Codex/2026-07-09/https-www-annavinpadaippugal-info/outputs/annavin_text_extractor/organized_contents/katturaigal/antha_ganabathikku.md
http://www.annavinpadaippugal.info/katturaigal/antha_ganniyam.htm,200,katturaigal/antha_ganniyam.md,no,covered,/Users/pugazhendhirajendran/Documents/Codex/2026-07-09/https-www-annavinpadaippugal-info/outputs/annavin_text_extractor/organized_contents/katturaigal/antha_ganniyam.md
http://www.annavinpadaippugal.info/katturaigal/antha_manolayam.htm,200,katturaigal/antha_manolayam.md,no,covered,/Users/pugazhendhirajendran/Documents/Codex/2026-07-09/https-www-annavinpadaippugal-info/outputs/annavin_text_extractor/organized_contents/katturaigal/antha_manolayam.md
http://www.annavinpadaippugal.info/katturaigal/antha_manthiram.htm,200,katturaigal/antha_manthiram.md,no,covered,/Users/pugazhendhirajendran/Documents/Codex/2026-07-09/https-www-annavinpadaippugal-info/outputs/annavin_text_extractor/organized_contents/katturaigal/antha_manthiram.md
http://www.annavinpadaippugal.info/katturaigal/antha_naadagam.htm,200,katturaigal/antha_naadagam.md,no,covered,/Users/pugazhendhirajendran/Documents/Codex/2026-07-09/https-www-annavinpadaippugal-info/outputs/annavin_text_extractor/organized_contents/katturaigal/antha_naadagam.md
http://www.annavinpadaippugal.info/katturaigal/antha_naalil.htm,200,katturaigal/antha_naalil.md,no,covered,/Users/pugazhendhirajendran/Documents/Codex/2026-07-09/https-www-annavinpadaippugal-info/outputs/annavin_text_extractor/organized_contents/katturaigal/antha_naalil.md
http://www.annavinpadaippugal.info/katturaigal/antha_puravigal.htm,200,katturaigal/antha_puravigal.md,no,covered,/Users/pugazhendhirajendran/Documents/Codex/2026-07-09/https-www-annavinpadaippugal-info/outputs/annavin_text_extractor/organized_contents/katturaigal/antha_puravigal.md
http://www.annavinpadaippugal.info/katturaigal/antha_samayathilae.htm,200,katturaigal/antha_samayathilae.md,no,covered,/Users/pugazhendhirajendran/Documents/Codex/2026-07-09/https-www-annavinpadaippugal-info/outputs/annavin_text_extractor/organized_contents/katturaigal/antha_samayathilae.md
http://www.annavinpadaippugal.info/katturaigal/antha_tharasu.htm,200,katturaigal/antha_tharasu.md,no,covered,/Users/pugazhendhirajendran/Documents/Codex/2026-07-09/https-www-annavinpadaippugal-info/outputs/annavin_text_extractor/organized_contents/katturaigal/antha_tharasu.md
http://www.annavinpadaippugal.info/katturaigal/antha_thunivu.htm,200,katturaigal/antha_thunivu.md,no,covered,/Users/pugazhendhirajendran/Documents/Codex/2026-07-09/https-www-annavinpadaippugal-info/outputs/annavin_text_extractor/organized_contents/katturaigal/antha_thunivu.md
http://www.annavinpadaippugal.info/katturaigal/antha_venkalachilai.htm,200,katturaigal/antha_venkalachilai.md,no,covered,/Users/pugazhendhirajendran/Documents/Codex/2026-07-09/https-www-annavinpadaippugal-info/outputs/annavin_text_extractor/organized_contents/katturaigal/antha_venkalachilai.md
http://www.annavinpadaippugal.info/katturaigal/antha_yaro_silar.htm,200,katturaigal/antha_yaro_silar.md,no,covered,/Users/pugazhendhirajendran/Documents/Codex/2026-07-09/https-www-annavinpadaippugal-info/outputs/annavin_text_extractor/organized_contents/katturaigal/antha_yaro_silar.md
http://www.annavinpadaippugal.info/katturaigal/anthakaram.htm,200,katturaigal/anthakaram.md,no,covered,/Users/pugazhendhirajendran/Documents/Codex/2026-07-09/https-www-annavinpadaippugal-info/outputs/annavin_text_extractor/organized_contents/katturaigal/anthakaram.md
http://www.annavinpadaippugal.info/katturaigal/anthamaan.htm,200,katturaigal/anthamaan.md,no,covered,/Users/pugazhendhirajendran/Documents/Codex/2026-07-09/https-www-annavinpadaippugal-info/outputs/annavin_text_extractor/organized_contents/katturaigal/anthamaan.md
http://www.annavinpadaippugal.info/katturaigal/anthanalukkaga.htm,200,katturaigal/anthanalukkaga.md,no,covered,/Users/pugazhendhirajendran/Documents/Codex/2026-07-09/https-www-annavinpadaippugal-info/outputs/annavin_text_extractor/organized_contents/katturaigal/anthanalukkaga.md
http://www.annavinpadaippugal.info/katturaigal/antharathmavae_avarukku.htm,200,katturaigal/antharathmavae_avarukku.md,no,covered,/Users/pugazhendhirajendran/Documents/Codex/2026-07-09/https-www-annavinpadaippugal-info/outputs/annavin_text_extractor/organized_contents/katturaigal/antharathmavae_avarukku.md
http://www.annavinpadaippugal.info/katturaigal/anthikalambagam_1.htm,200,katturaigal/anthikalambagam.md,yes,covered,/Users/pugazhendhirajendran/Documents/Codex/2026-07-09/https-www-annavinpadaippugal-info/outputs/annavin_text_extractor/organized_contents/katturaigal/anthikalambagam.md
http://www.annavinpadaippugal.info/katturaigal/anthikalambagam_10.htm,200,katturaigal/anthikalambagam.md,yes,covered,/Users/pugazhendhirajendran/Documents/Codex/2026-07-09/https-www-annavinpadaippugal-info/outputs/annavin_text_extractor/organized_contents/katturaigal/anthikalambagam.md
http://www.annavinpadaippugal.info/katturaigal/anthikalambagam_11.htm,200,katturaigal/anthikalambagam.md,yes,covered,/Users/pugazhendhirajendran/Documents/Codex/2026-07-09/https-www-annavinpadaippugal-info/outputs/annavin_text_extractor/organized_contents/katturaigal/anthikalambagam.md
http://www.annavinpadaippugal.info/katturaigal/anthikalambagam_12.htm,200,katturaigal/anthikalambagam.md,yes,covered,/Users/pugazhendhirajendran/Documents/Codex/2026-07-09/https-www-annavinpadaippugal-info/outputs/annavin_text_extractor/organized_contents/katturaigal/anthikalambagam.md
http://www.annavinpadaippugal.info/katturaigal/anthikalambagam_2.htm,200,katturaigal/anthikalambagam.md,yes,covered,/Users/pugazhendhirajendran/Documents/Codex/2026-07-09/https-www-annavinpadaippugal-info/outputs/annavin_text_extractor/organized_contents/katturaigal/anthikalambagam.md
http://www.annavinpadaippugal.info/katturaigal/anthikalambagam_3.htm,200,katturaigal/anthikalambagam.md,yes,covered,/Users/pugazhendhirajendran/Documents/Codex/2026-07-09/https-www-annavinpadaippugal-info/outputs/annavin_text_extractor/organized_contents/katturaigal/anthikalambagam.md
http://www.annavinpadaippugal.info/katturaigal/anthikalambagam_4.htm,200,katturaigal/anthikalambagam.md,yes,covered,/Users/pugazhendhirajendran/Documents/Codex/2026-07-09/https-www-annavinpadaippugal-info/outputs/annavin_text_extractor/organized_contents/katturaigal/anthikalambagam.md
http://www.annavinpadaippugal.info/katturaigal/anthikalambagam_5.htm,200,katturaigal/anthikalambagam.md,yes,covered,/Users/pugazhendhirajendran/Documents/Codex/2026-07-09/https-www-annavinpadaippugal-info/outputs/annavin_text_extractor/organized_contents/katturaigal/anthikalambagam.md
http://www.annavinpadaippugal.info/katturaigal/anthikalambagam_6.htm,200,katturaigal/anthikalambagam.md,yes,covered,/Users/pugazhendhirajendran/Documents/Codex/2026-07-09/https-www-annavinpadaippugal-info/outputs/annavin_text_extractor/organized_contents/katturaigal/anthikalambagam.md
http://www.annavinpadaippugal.info/katturaigal/anthikalambagam_7.htm,200,katturaigal/anthikalambagam.md,yes,covered,/Users/pugazhendhirajendran/Documents/Codex/2026-07-09/https-www-annavinpadaippugal-info/outputs/annavin_text_extractor/organized_contents/katturaigal/anthikalambagam.md
http://www.annavinpadaippugal.info/katturaigal/anthikalambagam_8.htm,200,katturaigal/anthikalambagam.md,yes,covered,/Users/pugazhendhirajendran/Documents/Codex/2026-07-09/https-www-annavinpadaippugal-info/outputs/annavin_text_extractor/organized_contents/katturaigal/anthikalambagam.md
http://www.annavinpadaippugal.info/katturaigal/anthikalambagam_9.htm,200,katturaigal/anthikalambagam.md,yes,covered,/Users/pugazhendhirajendran/Documents/Codex/2026-07-09/https-www-annavinpadaippugal-info/outputs/annavin_text_extractor/organized_contents/katturaigal/anthikalambagam.md
http://www.annavinpadaippugal.info/katturaigal/anthiya_kaalam.htm,200,katturaigal/anthiya_kaalam.md,no,covered,/Users/pugazhendhirajendran/Documents/Codex/2026-07-09/https-www-annavinpadaippugal-info/outputs/annavin_text_extractor/organized_contents/katturaigal/anthiya_kaalam.md
http://www.annavinpadaippugal.info/katturaigal/antho_nenchu_vegirathu.htm,200,katturaigal/antho_nenchu_vegirathu.md,no,covered,/Users/pugazhendhirajendran/Documents/Codex/2026-07-09/https-www-annavinpadaippugal-info/outputs/annavin_text_extractor/organized_contents/katturaigal/antho_nenchu_vegirathu.md
http://www.annavinpadaippugal.info/katturaigal/anugundu.htm,200,katturaigal/anugundu.md,no,covered,/Users/pugazhendhirajendran/Documents/Codex/2026-07-09/https-www-annavinpadaippugal-info/outputs/annavin_text_extractor/organized_contents/katturaigal/anugundu.md
http://www.annavinpadaippugal.info/katturaigal/anuman_kathai.htm,200,katturaigal/anuman_kathai.md,no,covered,/Users/pugazhendhirajendran/Documents/Codex/2026-07-09/https-www-annavinpadaippugal-info/outputs/annavin_text_extractor/organized_contents/katturaigal/anuman_kathai.md
http://www.annavinpadaippugal.info/katturaigal/anuthabam.htm,200,katturaigal/anuthabam.md,no,covered,/Users/pugazhendhirajendran/Documents/Codex/2026-07-09/https-www-annavinpadaippugal-info/outputs/annavin_text_extractor/organized_contents/katturaigal/anuthabam.md
http://www.annavinpadaippugal.info/katturaigal/appavigalae.htm,200,katturaigal/appavigalae.md,no,covered,/Users/pugazhendhirajendran/Documents/Codex/2026-07-09/https-www-annavinpadaippugal-info/outputs/annavin_text_extractor/organized_contents/katturaigal/appavigalae.md
http://www.annavinpadaippugal.info/katturaigal/arakku_maaligai.htm,200,katturaigal/arakku_maaligai.md,no,covered,/Users/pugazhendhirajendran/Documents/Codex/2026-07-09/https-www-annavinpadaippugal-info/outputs/annavin_text_extractor/organized_contents/katturaigal/arakku_maaligai.md
http://www.annavinpadaippugal.info/katturaigal/arapor_kurippu.htm,200,katturaigal/arapor_kurippu.md,no,covered,/Users/pugazhendhirajendran/Documents/Codex/2026-07-09/https-www-annavinpadaippugal-info/outputs/annavin_text_extractor/organized_contents/katturaigal/arapor_kurippu.md
http://www.annavinpadaippugal.info/katturaigal/arappoar.htm,200,katturaigal/arappoar.md,no,covered,/Users/pugazhendhirajendran/Documents/Codex/2026-07-09/https-www-annavinpadaippugal-info/outputs/annavin_text_extractor/organized_contents/katturaigal/arappoar.md
http://www.annavinpadaippugal.info/katturaigal/arappoar_palappala.htm,200,katturaigal/arappoar_palappala.md,no,covered,/Users/pugazhendhirajendran/Documents/Codex/2026-07-09/https-www-annavinpadaippugal-info/outputs/annavin_text_extractor/organized_contents/katturaigal/arappoar_palappala.md
http://www.annavinpadaippugal.info/katturaigal/arappoar_velha.htm,200,katturaigal/arappoar_velha.md,no,covered,/Users/pugazhendhirajendran/Documents/Codex/2026-07-09/https-www-annavinpadaippugal-info/outputs/annavin_text_extractor/organized_contents/katturaigal/arappoar_velha.md
http://www.annavinpadaippugal.info/katturaigal/arappoarukku_azhaikirar.htm,200,katturaigal/arappoarukku_azhaikirar.md,no,covered,/Users/pugazhendhirajendran/Documents/Codex/2026-07-09/https-www-annavinpadaippugal-info/outputs/annavin_text_extractor/organized_contents/katturaigal/arappoarukku_azhaikirar.md
http://www.annavinpadaippugal.info/katturaigal/arappor_thodangi.htm,200,katturaigal/arappor_thodangi.md,no,covered,/Users/pugazhendhirajendran/Documents/Codex/2026-07-09/https-www-annavinpadaippugal-info/outputs/annavin_text_extractor/organized_contents/katturaigal/arappor_thodangi.md
http://www.annavinpadaippugal.info/katturaigal/arasiyal_agarathi.htm,200,katturaigal/arasiyal_agarathi.md,no,covered,/Users/pugazhendhirajendran/Documents/Codex/2026-07-09/https-www-annavinpadaippugal-info/outputs/annavin_text_extractor/organized_contents/katturaigal/arasiyal_agarathi.md
http://www.annavinpadaippugal.info/katturaigal/archanai.htm,200,katturaigal/archanai.md,no,covered,/Users/pugazhendhirajendran/Documents/Codex/2026-07-09/https-www-annavinpadaippugal-info/outputs/annavin_text_extractor/organized_contents/katturaigal/archanai.md
http://www.annavinpadaippugal.info/katturaigal/arimugappaduthugiraen.htm,200,katturaigal/arimugappaduthugiraen.md,no,covered,/Users/pugazhendhirajendran/Documents/Codex/2026-07-09/https-www-annavinpadaippugal-info/outputs/annavin_text_extractor/organized_contents/katturaigal/arimugappaduthugiraen.md
http://www.annavinpadaippugal.info/katturaigal/arisiyiyal.htm,200,katturaigal/arisiyiyal.md,no,covered,/Users/pugazhendhirajendran/Documents/Codex/2026-07-09/https-www-annavinpadaippugal-info/outputs/annavin_text_extractor/organized_contents/katturaigal/arisiyiyal.md
http://www.annavinpadaippugal.info/katturaigal/arivoli_vazhangiya.htm,200,katturaigal/arivoli_vazhangiya.md,no,covered,/Users/pugazhendhirajendran/Documents/Codex/2026-07-09/https-www-annavinpadaippugal-info/outputs/annavin_text_extractor/organized_contents/katturaigal/arivoli_vazhangiya.md
http://www.annavinpadaippugal.info/katturaigal/arivukkoil.htm,200,katturaigal/arivukkoil.md,no,covered,/Users/pugazhendhirajendran/Documents/Codex/2026-07-09/https-www-annavinpadaippugal-info/outputs/annavin_text_extractor/organized_contents/katturaigal/arivukkoil.md
http://www.annavinpadaippugal.info/katturaigal/arivukovvathathu.htm,200,katturaigal/arivukovvathathu.md,no,covered,/Users/pugazhendhirajendran/Documents/Codex/2026-07-09/https-www-annavinpadaippugal-info/outputs/annavin_text_extractor/organized_contents/katturaigal/arivukovvathathu.md
http://www.annavinpadaippugal.info/katturaigal/arivum_azhivum.htm,200,katturaigal/arivum_azhivum.md,no,covered,/Users/pugazhendhirajendran/Documents/Codex/2026-07-09/https-www-annavinpadaippugal-info/outputs/annavin_text_extractor/organized_contents/katturaigal/arivum_azhivum.md
http://www.annavinpadaippugal.info/katturaigal/arivuraikkothu.htm,200,katturaigal/arivuraikkothu.md,no,covered,/Users/pugazhendhirajendran/Documents/Codex/2026-07-09/https-www-annavinpadaippugal-info/outputs/annavin_text_extractor/organized_contents/katturaigal/arivuraikkothu.md
http://www.annavinpadaippugal.info/katturaigal/ariyamayil.htm,200,katturaigal/ariyamayil.md,no,covered,/Users/pugazhendhirajendran/Documents/Codex/2026-07-09/https-www-annavinpadaippugal-info/outputs/annavin_text_extractor/organized_contents/katturaigal/ariyamayil.md
http://www.annavinpadaippugal.info/katturaigal/arppathanam.htm,200,katturaigal/arppathanam.md,no,covered,/Users/pugazhendhirajendran/Documents/Codex/2026-07-09/https-www-annavinpadaippugal-info/outputs/annavin_text_extractor/organized_contents/katturaigal/arppathanam.md
http://www.annavinpadaippugal.info/katturaigal/arputham_paareer.htm,200,katturaigal/arputham_paareer.md,no,covered,/Users/pugazhendhirajendran/Documents/Codex/2026-07-09/https-www-annavinpadaippugal-info/outputs/annavin_text_extractor/organized_contents/katturaigal/arputham_paareer.md
http://www.annavinpadaippugal.info/katturaigal/arumai_arumai.htm,200,katturaigal/arumai_arumai.md,no,covered,/Users/pugazhendhirajendran/Documents/Codex/2026-07-09/https-www-annavinpadaippugal-info/outputs/annavin_text_extractor/organized_contents/katturaigal/arumai_arumai.md
http://www.annavinpadaippugal.info/katturaigal/arumugamum_azhukuralum.htm,200,katturaigal/arumugamum_azhukuralum.md,no,covered,/Users/pugazhendhirajendran/Documents/Codex/2026-07-09/https-www-annavinpadaippugal-info/outputs/annavin_text_extractor/organized_contents/katturaigal/arumugamum_azhukuralum.md
http://www.annavinpadaippugal.info/katturaigal/arunodhayam.htm,200,katturaigal/arunodhayam.md,no,covered,/Users/pugazhendhirajendran/Documents/Codex/2026-07-09/https-www-annavinpadaippugal-info/outputs/annavin_text_extractor/organized_contents/katturaigal/arunodhayam.md
http://www.annavinpadaippugal.info/katturaigal/arutperunjothi.htm,200,katturaigal/arutperunjothi.md,no,covered,/Users/pugazhendhirajendran/Documents/Codex/2026-07-09/https-www-annavinpadaippugal-info/outputs/annavin_text_extractor/organized_contents/katturaigal/arutperunjothi.md
http://www.annavinpadaippugal.info/katturaigal/asath_avaesam.html,200,katturaigal/asath_avaesam.md,no,covered,/Users/pugazhendhirajendran/Documents/Codex/2026-07-09/https-www-annavinpadaippugal-info/outputs/annavin_text_extractor/organized_contents/katturaigal/asath_avaesam.md
http://www.annavinpadaippugal.info/katturaigal/ashraf.htm,200,katturaigal/ashraf.md,no,covered,/Users/pugazhendhirajendran/Documents/Codex/2026-07-09/https-www-annavinpadaippugal-info/outputs/annavin_text_extractor/organized_contents/katturaigal/ashraf.md
http://www.annavinpadaippugal.info/katturaigal/athae_idathil.htm,200,katturaigal/athae_idathil.md,no,covered,/Users/pugazhendhirajendran/Documents/Codex/2026-07-09/https-www-annavinpadaippugal-info/outputs/annavin_text_extractor/organized_contents/katturaigal/athae_idathil.md
http://www.annavinpadaippugal.info/katturaigal/athayumpar_ithayumpar.htm,200,katturaigal/athayumpar_ithayumpar.md,no,covered,/Users/pugazhendhirajendran/Documents/Codex/2026-07-09/https-www-annavinpadaippugal-info/outputs/annavin_text_extractor/organized_contents/katturaigal/athayumpar_ithayumpar.md
http://www.annavinpadaippugal.info/katturaigal/athen_nattil_1.htm,200,katturaigal/athen_nattil.md,yes,covered,/Users/pugazhendhirajendran/Documents/Codex/2026-07-09/https-www-annavinpadaippugal-info/outputs/annavin_text_extractor/organized_contents/katturaigal/athen_nattil.md
http://www.annavinpadaippugal.info/katturaigal/athen_nattil_2.html,200,katturaigal/athen_nattil.md,yes,covered,/Users/pugazhendhirajendran/Documents/Codex/2026-07-09/https-www-annavinpadaippugal-info/outputs/annavin_text_extractor/organized_contents/katturaigal/athen_nattil.md
http://www.annavinpadaippugal.info/katturaigal/athisaya_nayanar.htm,200,katturaigal/athisaya_nayanar.md,no,covered,/Users/pugazhendhirajendran/Documents/Codex/2026-07-09/https-www-annavinpadaippugal-info/outputs/annavin_text_extractor/organized_contents/katturaigal/athisaya_nayanar.md
http://www.annavinpadaippugal.info/katturaigal/athisayamalla.htm,200,katturaigal/athisayamalla.md,no,covered,/Users/pugazhendhirajendran/Documents/Codex/2026-07-09/https-www-annavinpadaippugal-info/outputs/annavin_text_extractor/organized_contents/katturaigal/athisayamalla.md
http://www.annavinpadaippugal.info/katturaigal/atho_namathu_latchiya_boomi.htm,200,katturaigal/atho_namathu_latchiya_boomi.md,no,covered,/Users/pugazhendhirajendran/Documents/Codex/2026-07-09/https-www-annavinpadaippugal-info/outputs/annavin_text_extractor/organized_contents/katturaigal/atho_namathu_latchiya_boomi.md
http://www.annavinpadaippugal.info/katturaigal/athuthan_nallathu.htm,200,katturaigal/athuthan_nallathu.md,no,covered,/Users/pugazhendhirajendran/Documents/Codex/2026-07-09/https-www-annavinpadaippugal-info/outputs/annavin_text_extractor/organized_contents/katturaigal/athuthan_nallathu.md
http://www.annavinpadaippugal.info/katturaigal/athuthan_sari.htm,200,katturaigal/athuthan_sari.md,no,covered,/Users/pugazhendhirajendran/Documents/Codex/2026-07-09/https-www-annavinpadaippugal-info/outputs/annavin_text_extractor/organized_contents/katturaigal/athuthan_sari.md
http://www.annavinpadaippugal.info/katturaigal/athuvalla_namathu.htm,200,katturaigal/athuvalla_namathu.md,no,covered,/Users/pugazhendhirajendran/Documents/Codex/2026-07-09/https-www-annavinpadaippugal-info/outputs/annavin_text_extractor/organized_contents/katturaigal/athuvalla_namathu.md
http://www.annavinpadaippugal.info/katturaigal/atli_nirnaya.htm,200,katturaigal/atli_nirnaya.md,no,covered,/Users/pugazhendhirajendran/Documents/Codex/2026-07-09/https-www-annavinpadaippugal-info/outputs/annavin_text_extractor/organized_contents/katturaigal/atli_nirnaya.md
http://www.annavinpadaippugal.info/katturaigal/atraithingal.htm,200,katturaigal/atraithingal.md,no,covered,/Users/pugazhendhirajendran/Documents/Codex/2026-07-09/https-www-annavinpadaippugal-info/outputs/annavin_text_extractor/organized_contents/katturaigal/atraithingal.md
http://www.annavinpadaippugal.info/katturaigal/august.htm,200,katturaigal/august.md,no,covered,/Users/pugazhendhirajendran/Documents/Codex/2026-07-09/https-www-annavinpadaippugal-info/outputs/annavin_text_extractor/organized_contents/katturaigal/august.md
http://www.annavinpadaippugal.info/katturaigal/august_15.htm,200,katturaigal/august.md,yes,covered,/Users/pugazhendhirajendran/Documents/Codex/2026-07-09/https-www-annavinpadaippugal-info/outputs/annavin_text_extractor/organized_contents/katturaigal/august.md
http://www.annavinpadaippugal.info/katturaigal/august_patthu.htm,200,katturaigal/august_patthu.md,no,covered,/Users/pugazhendhirajendran/Documents/Codex/2026-07-09/https-www-annavinpadaippugal-info/outputs/annavin_text_extractor/organized_contents/katturaigal/august_patthu.md
http://www.annavinpadaippugal.info/katturaigal/augustil_kidai.htm,200,katturaigal/augustil_kidai.md,no,covered,/Users/pugazhendhirajendran/Documents/Codex/2026-07-09/https-www-annavinpadaippugal-info/outputs/annavin_text_extractor/organized_contents/katturaigal/augustil_kidai.md
http://www.annavinpadaippugal.info/katturaigal/avamanachinna.htm,200,katturaigal/avamanachinna.md,no,covered,/Users/pugazhendhirajendran/Documents/Codex/2026-07-09/https-www-annavinpadaippugal-info/outputs/annavin_text_extractor/organized_contents/katturaigal/avamanachinna.md
http://www.annavinpadaippugal.info/katturaigal/avamathikkirar.htm,200,katturaigal/avamathikkirar.md,no,covered,/Users/pugazhendhirajendran/Documents/Codex/2026-07-09/https-www-annavinpadaippugal-info/outputs/annavin_text_extractor/organized_contents/katturaigal/avamathikkirar.md
http://www.annavinpadaippugal.info/katturaigal/avan_manithan.htm,200,katturaigal/avan_manithan.md,no,covered,/Users/pugazhendhirajendran/Documents/Codex/2026-07-09/https-www-annavinpadaippugal-info/outputs/annavin_text_extractor/organized_contents/katturaigal/avan_manithan.md
http://www.annavinpadaippugal.info/katturaigal/avanum_manithan.htm,200,katturaigal/avanum_manithan.md,no,covered,/Users/pugazhendhirajendran/Documents/Codex/2026-07-09/https-www-annavinpadaippugal-info/outputs/annavin_text_extractor/organized_contents/katturaigal/avanum_manithan.md
http://www.annavinpadaippugal.info/katturaigal/avar_adayum_perumai.htm,200,katturaigal/avar_adayum_perumai.md,no,covered,/Users/pugazhendhirajendran/Documents/Codex/2026-07-09/https-www-annavinpadaippugal-info/outputs/annavin_text_extractor/organized_contents/katturaigal/avar_adayum_perumai.md
http://www.annavinpadaippugal.info/katturaigal/avar_avvalavu_muttalalla.htm,200,katturaigal/avar_avvalavu_muttalalla.md,no,covered,/Users/pugazhendhirajendran/Documents/Codex/2026-07-09/https-www-annavinpadaippugal-info/outputs/annavin_text_extractor/organized_contents/katturaigal/avar_avvalavu_muttalalla.md
http://www.annavinpadaippugal.info/katturaigal/avar_kaatiya_vazhi.htm,200,katturaigal/avar_kaatiya_vazhi.md,no,covered,/Users/pugazhendhirajendran/Documents/Codex/2026-07-09/https-www-annavinpadaippugal-info/outputs/annavin_text_extractor/organized_contents/katturaigal/avar_kaatiya_vazhi.md
http://www.annavinpadaippugal.info/katturaigal/avar_kaatiya_vazhiyil.htm,200,katturaigal/avar_kaatiya_vazhiyil.md,no,covered,/Users/pugazhendhirajendran/Documents/Codex/2026-07-09/https-www-annavinpadaippugal-info/outputs/annavin_text_extractor/organized_contents/katturaigal/avar_kaatiya_vazhiyil.md
http://www.annavinpadaippugal.info/katturaigal/avar_kana_virumbiya.htm,200,katturaigal/avar_kana_virumbiya.md,no,covered,/Users/pugazhendhirajendran/Documents/Codex/2026-07-09/https-www-annavinpadaippugal-info/outputs/annavin_text_extractor/organized_contents/katturaigal/avar_kana_virumbiya.md
http://www.annavinpadaippugal.info/katturaigal/avar_nallavar.htm,200,katturaigal/avar_nallavar.md,no,covered,/Users/pugazhendhirajendran/Documents/Codex/2026-07-09/https-www-annavinpadaippugal-info/outputs/annavin_text_extractor/organized_contents/katturaigal/avar_nallavar.md
http://www.annavinpadaippugal.info/katturaigal/avarathu_sanj.htm,200,katturaigal/avarathu_sanj.md,no,covered,/Users/pugazhendhirajendran/Documents/Codex/2026-07-09/https-www-annavinpadaippugal-info/outputs/annavin_text_extractor/organized_contents/katturaigal/avarathu_sanj.md
http://www.annavinpadaippugal.info/katturaigal/avargal_sindhip.htm,200,katturaigal/avargal_sindhip.md,no,covered,/Users/pugazhendhirajendran/Documents/Codex/2026-07-09/https-www-annavinpadaippugal-info/outputs/annavin_text_extractor/organized_contents/katturaigal/avargal_sindhip.md
http://www.annavinpadaippugal.info/katturaigal/avargal_ullam.htm,200,katturaigal/avargal_ullam.md,no,covered,/Users/pugazhendhirajendran/Documents/Codex/2026-07-09/https-www-annavinpadaippugal-info/outputs/annavin_text_extractor/organized_contents/katturaigal/avargal_ullam.md
http://www.annavinpadaippugal.info/katturaigal/avargalain_aduthia.htm,200,katturaigal/avargalain_aduthia.md,no,covered,/Users/pugazhendhirajendran/Documents/Codex/2026-07-09/https-www-annavinpadaippugal-info/outputs/annavin_text_extractor/organized_contents/katturaigal/avargalain_aduthia.md
http://www.annavinpadaippugal.info/katturaigal/avargale_koorugirargal.htm,200,katturaigal/avargale_koorugirargal.md,no,covered,/Users/pugazhendhirajendran/Documents/Codex/2026-07-09/https-www-annavinpadaippugal-info/outputs/annavin_text_extractor/organized_contents/katturaigal/avargale_koorugirargal.md
http://www.annavinpadaippugal.info/katturaigal/avargalum_vaazha.htm,200,katturaigal/avargalum_vaazha.md,no,covered,/Users/pugazhendhirajendran/Documents/Codex/2026-07-09/https-www-annavinpadaippugal-info/outputs/annavin_text_extractor/organized_contents/katturaigal/avargalum_vaazha.md
http://www.annavinpadaippugal.info/katturaigal/avarudaya_araichi.htm,200,katturaigal/avarudaya_araichi.md,no,covered,/Users/pugazhendhirajendran/Documents/Codex/2026-07-09/https-www-annavinpadaippugal-info/outputs/annavin_text_extractor/organized_contents/katturaigal/avarudaya_araichi.md
http://www.annavinpadaippugal.info/katturaigal/avarudaya_latchiyam.htm,200,katturaigal/avarudaya_latchiyam.md,no,covered,/Users/pugazhendhirajendran/Documents/Codex/2026-07-09/https-www-annavinpadaippugal-info/outputs/annavin_text_extractor/organized_contents/katturaigal/avarudaya_latchiyam.md
http://www.annavinpadaippugal.info/katturaigal/avarukku_anbalippu.htm,200,katturaigal/avarukku_anbalippu.md,no,covered,/Users/pugazhendhirajendran/Documents/Codex/2026-07-09/https-www-annavinpadaippugal-info/outputs/annavin_text_extractor/organized_contents/katturaigal/avarukku_anbalippu.md
http://www.annavinpadaippugal.info/katturaigal/avarukku_ivar_eluthinal_CPR_sankara.htm,200,katturaigal/avarukku_ivar_eluthinal_CPR_sankara.md,no,covered,/Users/pugazhendhirajendran/Documents/Codex/2026-07-09/https-www-annavinpadaippugal-info/outputs/annavin_text_extractor/organized_contents/katturaigal/avarukku_ivar_eluthinal_CPR_sankara.md
http://www.annavinpadaippugal.info/katturaigal/avarukku_ivar_eluthinal_philip_aathae.htm,200,katturaigal/avarukku_ivar_eluthinal_philip_aathae.md,no,covered,/Users/pugazhendhirajendran/Documents/Codex/2026-07-09/https-www-annavinpadaippugal-info/outputs/annavin_text_extractor/organized_contents/katturaigal/avarukku_ivar_eluthinal_philip_aathae.md
http://www.annavinpadaippugal.info/katturaigal/avarukku_ivar_eluthinal_thiruvika_PTR.htm,200,katturaigal/avarukku_ivar_eluthinal_thiruvika_PTR.md,no,covered,/Users/pugazhendhirajendran/Documents/Codex/2026-07-09/https-www-annavinpadaippugal-info/outputs/annavin_text_extractor/organized_contents/katturaigal/avarukku_ivar_eluthinal_thiruvika_PTR.md
http://www.annavinpadaippugal.info/katturaigal/avarukku_kobamam.htm,200,katturaigal/avarukku_kobamam.md,no,covered,/Users/pugazhendhirajendran/Documents/Codex/2026-07-09/https-www-annavinpadaippugal-info/outputs/annavin_text_extractor/organized_contents/katturaigal/avarukku_kobamam.md
http://www.annavinpadaippugal.info/katturaigal/avarum_thamizhar.htm,200,katturaigal/avarum_thamizhar.md,no,covered,/Users/pugazhendhirajendran/Documents/Codex/2026-07-09/https-www-annavinpadaippugal-info/outputs/annavin_text_extractor/organized_contents/katturaigal/avarum_thamizhar.md
http://www.annavinpadaippugal.info/katturaigal/avasaramaga_thaevai.htm,200,katturaigal/avasaramaga_thaevai.md,no,covered,/Users/pugazhendhirajendran/Documents/Codex/2026-07-09/https-www-annavinpadaippugal-info/outputs/annavin_text_extractor/organized_contents/katturaigal/avasaramaga_thaevai.md
http://www.annavinpadaippugal.info/katturaigal/avasiyanthan.htm,200,katturaigal/avasiyanthan.md,no,covered,/Users/pugazhendhirajendran/Documents/Codex/2026-07-09/https-www-annavinpadaippugal-info/outputs/annavin_text_extractor/organized_contents/katturaigal/avasiyanthan.md
http://www.annavinpadaippugal.info/katturaigal/avungsan.htm,200,katturaigal/avungsan.md,no,covered,/Users/pugazhendhirajendran/Documents/Codex/2026-07-09/https-www-annavinpadaippugal-info/outputs/annavin_text_extractor/organized_contents/katturaigal/avungsan.md
http://www.annavinpadaippugal.info/katturaigal/ayvar_vazhakku.htm,200,katturaigal/ayvar_vazhakku.md,no,covered,/Users/pugazhendhirajendran/Documents/Codex/2026-07-09/https-www-annavinpadaippugal-info/outputs/annavin_text_extractor/organized_contents/katturaigal/ayvar_vazhakku.md
http://www.annavinpadaippugal.info/katturaigal/ayyan_singarangalai_paarum.htm,200,katturaigal/ayyan_singarangalai_paarum.md,no,covered,/Users/pugazhendhirajendran/Documents/Codex/2026-07-09/https-www-annavinpadaippugal-info/outputs/annavin_text_extractor/organized_contents/katturaigal/ayyan_singarangalai_paarum.md
http://www.annavinpadaippugal.info/katturaigal/ayyo_athuvum.htm,200,katturaigal/ayyo_athuvum.md,no,covered,/Users/pugazhendhirajendran/Documents/Codex/2026-07-09/https-www-annavinpadaippugal-info/outputs/annavin_text_extractor/organized_contents/katturaigal/ayyo_athuvum.md
http://www.annavinpadaippugal.info/katturaigal/ayyo_yazh.htm,200,katturaigal/ayyo_yazh.md,no,covered,/Users/pugazhendhirajendran/Documents/Codex/2026-07-09/https-www-annavinpadaippugal-info/outputs/annavin_text_extractor/organized_contents/katturaigal/ayyo_yazh.md
http://www.annavinpadaippugal.info/katturaigal/azhagana_silai.htm,200,katturaigal/azhagana_silai.md,no,covered,/Users/pugazhendhirajendran/Documents/Codex/2026-07-09/https-www-annavinpadaippugal-info/outputs/annavin_text_extractor/organized_contents/katturaigal/azhagana_silai.md
http://www.annavinpadaippugal.info/katturaigal/baagapirivinai.htm,200,katturaigal/baagapirivinai.md,no,covered,/Users/pugazhendhirajendran/Documents/Codex/2026-07-09/https-www-annavinpadaippugal-info/outputs/annavin_text_extractor/organized_contents/katturaigal/baagapirivinai.md
http://www.annavinpadaippugal.info/katturaigal/bagiranga_visa_kundra.htm,200,katturaigal/bagiranga_visa_kundra.md,no,covered,/Users/pugazhendhirajendran/Documents/Codex/2026-07-09/https-www-annavinpadaippugal-info/outputs/annavin_text_extractor/organized_contents/katturaigal/bagiranga_visa_kundra.md
http://www.annavinpadaippugal.info/katturaigal/bagiranga_visaranai.htm,200,katturaigal/bagiranga_visaranai.md,no,covered,/Users/pugazhendhirajendran/Documents/Codex/2026-07-09/https-www-annavinpadaippugal-info/outputs/annavin_text_extractor/organized_contents/katturaigal/bagiranga_visaranai.md
http://www.annavinpadaippugal.info/katturaigal/bajagovindam.htm,200,katturaigal/bajagovindam.md,no,covered,/Users/pugazhendhirajendran/Documents/Codex/2026-07-09/https-www-annavinpadaippugal-info/outputs/annavin_text_extractor/organized_contents/katturaigal/bajagovindam.md
http://www.annavinpadaippugal.info/katturaigal/balae_aal.htm,200,katturaigal/balae_aal.md,no,covered,/Users/pugazhendhirajendran/Documents/Codex/2026-07-09/https-www-annavinpadaippugal-info/outputs/annavin_text_extractor/organized_contents/katturaigal/balae_aal.md
http://www.annavinpadaippugal.info/katturaigal/balapadam.htm,200,katturaigal/balapadam.md,no,covered,/Users/pugazhendhirajendran/Documents/Codex/2026-07-09/https-www-annavinpadaippugal-info/outputs/annavin_text_extractor/organized_contents/katturaigal/balapadam.md
http://www.annavinpadaippugal.info/katturaigal/bali.htm,200,katturaigal/bali.md,no,covered,/Users/pugazhendhirajendran/Documents/Codex/2026-07-09/https-www-annavinpadaippugal-info/outputs/annavin_text_extractor/organized_contents/katturaigal/bali.md
http://www.annavinpadaippugal.info/katturaigal/bali_peedam.htm,200,katturaigal/bali_peedam.md,no,covered,/Users/pugazhendhirajendran/Documents/Codex/2026-07-09/https-www-annavinpadaippugal-info/outputs/annavin_text_extractor/organized_contents/katturaigal/bali_peedam.md
http://www.annavinpadaippugal.info/katturaigal/bali_peedathilae.htm,200,katturaigal/bali_peedathilae.md,no,covered,/Users/pugazhendhirajendran/Documents/Codex/2026-07-09/https-www-annavinpadaippugal-info/outputs/annavin_text_extractor/organized_contents/katturaigal/bali_peedathilae.md
http://www.annavinpadaippugal.info/katturaigal/barathi_paathai.htm,200,katturaigal/barathi_paathai.md,no,covered,/Users/pugazhendhirajendran/Documents/Codex/2026-07-09/https-www-annavinpadaippugal-info/outputs/annavin_text_extractor/organized_contents/katturaigal/barathi_paathai.md
http://www.annavinpadaippugal.info/katturaigal/barnatsha_vaemumam.htm,200,katturaigal/barnatsha_vaemumam.md,no,covered,/Users/pugazhendhirajendran/Documents/Codex/2026-07-09/https-www-annavinpadaippugal-info/outputs/annavin_text_extractor/organized_contents/katturaigal/barnatsha_vaemumam.md
http://www.annavinpadaippugal.info/katturaigal/baron_kamaraj.htm,200,katturaigal/baron_kamaraj.md,no,covered,/Users/pugazhendhirajendran/Documents/Codex/2026-07-09/https-www-annavinpadaippugal-info/outputs/annavin_text_extractor/organized_contents/katturaigal/baron_kamaraj.md
http://www.annavinpadaippugal.info/katturaigal/bathuka_pattabishaekam.htm,200,katturaigal/bathuka_pattabishaekam.md,no,covered,/Users/pugazhendhirajendran/Documents/Codex/2026-07-09/https-www-annavinpadaippugal-info/outputs/annavin_text_extractor/organized_contents/katturaigal/bathuka_pattabishaekam.md
http://www.annavinpadaippugal.info/katturaigal/bayankarappathai.htm,200,katturaigal/bayankarappathai.md,no,covered,/Users/pugazhendhirajendran/Documents/Codex/2026-07-09/https-www-annavinpadaippugal-info/outputs/annavin_text_extractor/organized_contents/katturaigal/bayankarappathai.md
http://www.annavinpadaippugal.info/katturaigal/behind_the_bar.htm,200,katturaigal/behind_the_bar.md,no,covered,/Users/pugazhendhirajendran/Documents/Codex/2026-07-09/https-www-annavinpadaippugal-info/outputs/annavin_text_extractor/organized_contents/katturaigal/behind_the_bar.md
http://www.annavinpadaippugal.info/katturaigal/bernatsha.htm,200,katturaigal/bernatsha.md,no,covered,/Users/pugazhendhirajendran/Documents/Codex/2026-07-09/https-www-annavinpadaippugal-info/outputs/annavin_text_extractor/organized_contents/katturaigal/bernatsha.md
http://www.annavinpadaippugal.info/katturaigal/bharathan_ezhuthiya.htm,200,katturaigal/bharathan_ezhuthiya.md,no,covered,/Users/pugazhendhirajendran/Documents/Codex/2026-07-09/https-www-annavinpadaippugal-info/outputs/annavin_text_extractor/organized_contents/katturaigal/bharathan_ezhuthiya.md
http://www.annavinpadaippugal.info/katturaigal/bharathan_ezhuthiya2.htm,200,katturaigal/bharathan_ezhuthiya2.md,no,covered,/Users/pugazhendhirajendran/Documents/Codex/2026-07-09/https-www-annavinpadaippugal-info/outputs/annavin_text_extractor/organized_contents/katturaigal/bharathan_ezhuthiya2.md
http://www.annavinpadaippugal.info/katturaigal/bharathazhvar.htm,200,katturaigal/bharathazhvar.md,no,covered,/Users/pugazhendhirajendran/Documents/Codex/2026-07-09/https-www-annavinpadaippugal-info/outputs/annavin_text_extractor/organized_contents/katturaigal/bharathazhvar.md
http://www.annavinpadaippugal.info/katturaigal/biggest_bluff.htm,200,katturaigal/biggest_bluff.md,no,covered,/Users/pugazhendhirajendran/Documents/Codex/2026-07-09/https-www-annavinpadaippugal-info/outputs/annavin_text_extractor/organized_contents/katturaigal/biggest_bluff.md
http://www.annavinpadaippugal.info/katturaigal/bismark_varugirar.htm,200,katturaigal/bismark_varugirar.md,no,covered,/Users/pugazhendhirajendran/Documents/Codex/2026-07-09/https-www-annavinpadaippugal-info/outputs/annavin_text_extractor/organized_contents/katturaigal/bismark_varugirar.md
http://www.annavinpadaippugal.info/katturaigal/blessed_the_spot.htm,200,katturaigal/blessed_the_spot.md,no,covered,/Users/pugazhendhirajendran/Documents/Codex/2026-07-09/https-www-annavinpadaippugal-info/outputs/annavin_text_extractor/organized_contents/katturaigal/blessed_the_spot.md
http://www.annavinpadaippugal.info/katturaigal/bliss.htm,200,katturaigal/bliss.md,no,covered,/Users/pugazhendhirajendran/Documents/Codex/2026-07-09/https-www-annavinpadaippugal-info/outputs/annavin_text_extractor/organized_contents/katturaigal/bliss.md
http://www.annavinpadaippugal.info/katturaigal/bommai_manithargal.htm,200,katturaigal/bommai_manithargal.md,no,covered,/Users/pugazhendhirajendran/Documents/Codex/2026-07-09/https-www-annavinpadaippugal-info/outputs/annavin_text_extractor/organized_contents/katturaigal/bommai_manithargal.md
http://www.annavinpadaippugal.info/katturaigal/boodevar.htm,200,katturaigal/boodevar.md,no,covered,/Users/pugazhendhirajendran/Documents/Codex/2026-07-09/https-www-annavinpadaippugal-info/outputs/annavin_text_extractor/organized_contents/katturaigal/boodevar.md
http://www.annavinpadaippugal.info/katturaigal/Booking_the_berth.htm,200,katturaigal/Booking_the_berth.md,no,covered,/Users/pugazhendhirajendran/Documents/Codex/2026-07-09/https-www-annavinpadaippugal-info/outputs/annavin_text_extractor/organized_contents/katturaigal/Booking_the_berth.md
http://www.annavinpadaippugal.info/katturaigal/bookola_bothanai.htm,200,katturaigal/bookola_bothanai.md,no,covered,/Users/pugazhendhirajendran/Documents/Codex/2026-07-09/https-www-annavinpadaippugal-info/outputs/annavin_text_extractor/organized_contents/katturaigal/bookola_bothanai.md
http://www.annavinpadaippugal.info/katturaigal/bothai_theliyattum.htm,200,katturaigal/bothai_theliyattum.md,no,covered,/Users/pugazhendhirajendran/Documents/Codex/2026-07-09/https-www-annavinpadaippugal-info/outputs/annavin_text_extractor/organized_contents/katturaigal/bothai_theliyattum.md
http://www.annavinpadaippugal.info/katturaigal/bridle_the_bureaucracy.htm,200,katturaigal/bridle_the_bureaucracy.md,no,covered,/Users/pugazhendhirajendran/Documents/Codex/2026-07-09/https-www-annavinpadaippugal-info/outputs/annavin_text_extractor/organized_contents/katturaigal/bridle_the_bureaucracy.md
http://www.annavinpadaippugal.info/katturaigal/british_puthumai.htm,200,katturaigal/british_puthumai.md,no,covered,/Users/pugazhendhirajendran/Documents/Codex/2026-07-09/https-www-annavinpadaippugal-info/outputs/annavin_text_extractor/organized_contents/katturaigal/british_puthumai.md
http://www.annavinpadaippugal.info/katturaigal/bruce_modern.htm,200,katturaigal/bruce_modern.md,no,covered,/Users/pugazhendhirajendran/Documents/Codex/2026-07-09/https-www-annavinpadaippugal-info/outputs/annavin_text_extractor/organized_contents/katturaigal/bruce_modern.md
http://www.annavinpadaippugal.info/katturaigal/brummathejas.htm,200,katturaigal/brummathejas.md,no,covered,/Users/pugazhendhirajendran/Documents/Codex/2026-07-09/https-www-annavinpadaippugal-info/outputs/annavin_text_extractor/organized_contents/katturaigal/brummathejas.md
http://www.annavinpadaippugal.info/katturaigal/budhar_punnagai.htm,200,katturaigal/budhar_punnagai.md,no,covered,/Users/pugazhendhirajendran/Documents/Codex/2026-07-09/https-www-annavinpadaippugal-info/outputs/annavin_text_extractor/organized_contents/katturaigal/budhar_punnagai.md
http://www.annavinpadaippugal.info/katturaigal/bull_boxers_bellow.htm,200,katturaigal/bull_boxers_bellow.md,no,covered,/Users/pugazhendhirajendran/Documents/Codex/2026-07-09/https-www-annavinpadaippugal-info/outputs/annavin_text_extractor/organized_contents/katturaigal/bull_boxers_bellow.md
http://www.annavinpadaippugal.info/katturaigal/burma_tharum.htm,200,katturaigal/burma_tharum.md,no,covered,/Users/pugazhendhirajendran/Documents/Codex/2026-07-09/https-www-annavinpadaippugal-info/outputs/annavin_text_extractor/organized_contents/katturaigal/burma_tharum.md
http://www.annavinpadaippugal.info/katturaigal/burmavai_paarungal.htm,200,katturaigal/burmavai_paarungal.md,no,covered,/Users/pugazhendhirajendran/Documents/Codex/2026-07-09/https-www-annavinpadaippugal-info/outputs/annavin_text_extractor/organized_contents/katturaigal/burmavai_paarungal.md
http://www.annavinpadaippugal.info/katturaigal/butcher_stalls.htm,200,katturaigal/butcher_stalls.md,no,covered,/Users/pugazhendhirajendran/Documents/Codex/2026-07-09/https-www-annavinpadaippugal-info/outputs/annavin_text_extractor/organized_contents/katturaigal/butcher_stalls.md
http://www.annavinpadaippugal.info/katturaigal/cdnaayagam.htm,200,katturaigal/cdnaayagam.md,no,covered,/Users/pugazhendhirajendran/Documents/Codex/2026-07-09/https-www-annavinpadaippugal-info/outputs/annavin_text_extractor/organized_contents/katturaigal/cdnaayagam.md
http://www.annavinpadaippugal.info/katturaigal/chandiran_marai.htm,200,katturaigal/chandiran_marai.md,no,covered,/Users/pugazhendhirajendran/Documents/Codex/2026-07-09/https-www-annavinpadaippugal-info/outputs/annavin_text_extractor/organized_contents/katturaigal/chandiran_marai.md
http://www.annavinpadaippugal.info/katturaigal/cheche.htm,200,katturaigal/cheche.md,no,covered,/Users/pugazhendhirajendran/Documents/Codex/2026-07-09/https-www-annavinpadaippugal-info/outputs/annavin_text_extractor/organized_contents/katturaigal/cheche.md
http://www.annavinpadaippugal.info/katturaigal/checoslovokia.htm,200,katturaigal/checoslovokia.md,no,covered,/Users/pugazhendhirajendran/Documents/Codex/2026-07-09/https-www-annavinpadaippugal-info/outputs/annavin_text_extractor/organized_contents/katturaigal/checoslovokia.md
http://www.annavinpadaippugal.info/katturaigal/chennayil_bamba.htm,200,katturaigal/chennayil_bamba.md,no,covered,/Users/pugazhendhirajendran/Documents/Codex/2026-07-09/https-www-annavinpadaippugal-info/outputs/annavin_text_extractor/organized_contents/katturaigal/chennayil_bamba.md
http://www.annavinpadaippugal.info/katturaigal/chennayil_karuppu.htm,200,katturaigal/chennayil_karuppu.md,no,covered,/Users/pugazhendhirajendran/Documents/Codex/2026-07-09/https-www-annavinpadaippugal-info/outputs/annavin_text_extractor/organized_contents/katturaigal/chennayil_karuppu.md
http://www.annavinpadaippugal.info/katturaigal/chennayil_thozhar.htm,200,katturaigal/chennayil_thozhar.md,no,covered,/Users/pugazhendhirajendran/Documents/Codex/2026-07-09/https-www-annavinpadaippugal-info/outputs/annavin_text_extractor/organized_contents/katturaigal/chennayil_thozhar.md
http://www.annavinpadaippugal.info/katturaigal/chow_chow.htm,200,katturaigal/chow_chow.md,no,covered,/Users/pugazhendhirajendran/Documents/Codex/2026-07-09/https-www-annavinpadaippugal-info/outputs/annavin_text_extractor/organized_contents/katturaigal/chow_chow.md
http://www.annavinpadaippugal.info/katturaigal/collect_your_fees.htm,200,katturaigal/collect_your_fees.md,no,covered,/Users/pugazhendhirajendran/Documents/Codex/2026-07-09/https-www-annavinpadaippugal-info/outputs/annavin_text_extractor/organized_contents/katturaigal/collect_your_fees.md
http://www.annavinpadaippugal.info/katturaigal/congress_kolagalam.htm,200,katturaigal/congress_kolagalam.md,no,covered,/Users/pugazhendhirajendran/Documents/Codex/2026-07-09/https-www-annavinpadaippugal-info/outputs/annavin_text_extractor/organized_contents/katturaigal/congress_kolagalam.md
http://www.annavinpadaippugal.info/katturaigal/corp_alangolam.htm,200,katturaigal/corp_alangolam.md,no,covered,/Users/pugazhendhirajendran/Documents/Codex/2026-07-09/https-www-annavinpadaippugal-info/outputs/annavin_text_extractor/organized_contents/katturaigal/corp_alangolam.md
http://www.annavinpadaippugal.info/katturaigal/culcutta_kaichal.htm,200,katturaigal/culcutta_kaichal.md,no,covered,/Users/pugazhendhirajendran/Documents/Codex/2026-07-09/https-www-annavinpadaippugal-info/outputs/annavin_text_extractor/organized_contents/katturaigal/culcutta_kaichal.md
http://www.annavinpadaippugal.info/katturaigal/culcutta_rasagulla.htm,200,katturaigal/culcutta_rasagulla.md,no,covered,/Users/pugazhendhirajendran/Documents/Codex/2026-07-09/https-www-annavinpadaippugal-info/outputs/annavin_text_extractor/organized_contents/katturaigal/culcutta_rasagulla.md
http://www.annavinpadaippugal.info/katturaigal/cyprus.htm,200,katturaigal/cyprus.md,no,covered,/Users/pugazhendhirajendran/Documents/Codex/2026-07-09/https-www-annavinpadaippugal-info/outputs/annavin_text_extractor/organized_contents/katturaigal/cyprus.md
http://www.annavinpadaippugal.info/katturaigal/Daddy_in_Doldrums.htm,200,katturaigal/Daddy_in_Doldrums.md,no,covered,/Users/pugazhendhirajendran/Documents/Codex/2026-07-09/https-www-annavinpadaippugal-info/outputs/annavin_text_extractor/organized_contents/katturaigal/Daddy_in_Doldrums.md
http://www.annavinpadaippugal.info/katturaigal/dalmiyapuram.html,200,katturaigal/dalmiyapuram.md,no,covered,/Users/pugazhendhirajendran/Documents/Codex/2026-07-09/https-www-annavinpadaippugal-info/outputs/annavin_text_extractor/organized_contents/katturaigal/dalmiyapuram.md
http://www.annavinpadaippugal.info/katturaigal/defeated_not_disgraced.htm,200,katturaigal/defeated_not_disgraced.md,no,covered,/Users/pugazhendhirajendran/Documents/Codex/2026-07-09/https-www-annavinpadaippugal-info/outputs/annavin_text_extractor/organized_contents/katturaigal/defeated_not_disgraced.md
http://www.annavinpadaippugal.info/katturaigal/delhi_kuttu.htm,200,katturaigal/delhi_kuttu.md,no,covered,/Users/pugazhendhirajendran/Documents/Codex/2026-07-09/https-www-annavinpadaippugal-info/outputs/annavin_text_extractor/organized_contents/katturaigal/delhi_kuttu.md
http://www.annavinpadaippugal.info/katturaigal/delhiyil_churchil_stalin.htm,200,katturaigal/delhiyil_churchil_stalin.md,no,covered,/Users/pugazhendhirajendran/Documents/Codex/2026-07-09/https-www-annavinpadaippugal-info/outputs/annavin_text_extractor/organized_contents/katturaigal/delhiyil_churchil_stalin.md
http://www.annavinpadaippugal.info/katturaigal/devaleelaigal.htm,200,katturaigal/devaleelaigal.md,no,covered,/Users/pugazhendhirajendran/Documents/Codex/2026-07-09/https-www-annavinpadaippugal-info/outputs/annavin_text_extractor/organized_contents/katturaigal/devaleelaigal.md
http://www.annavinpadaippugal.info/katturaigal/devamozhi_makkalukku_aen.htm,200,katturaigal/devamozhi_makkalukku_aen.md,no,covered,/Users/pugazhendhirajendran/Documents/Codex/2026-07-09/https-www-annavinpadaippugal-info/outputs/annavin_text_extractor/organized_contents/katturaigal/devamozhi_makkalukku_aen.md
http://www.annavinpadaippugal.info/katturaigal/dhalal_dharbar.htm,200,katturaigal/dhalal_dharbar.md,no,covered,/Users/pugazhendhirajendran/Documents/Codex/2026-07-09/https-www-annavinpadaippugal-info/outputs/annavin_text_extractor/organized_contents/katturaigal/dhalal_dharbar.md
http://www.annavinpadaippugal.info/katturaigal/dharbar_raagam.htm,200,katturaigal/dharbar_raagam.md,no,covered,/Users/pugazhendhirajendran/Documents/Codex/2026-07-09/https-www-annavinpadaippugal-info/outputs/annavin_text_extractor/organized_contents/katturaigal/dharbar_raagam.md
http://www.annavinpadaippugal.info/katturaigal/dharmasangadam.htm,200,katturaigal/dharmasangadam.md,no,covered,/Users/pugazhendhirajendran/Documents/Codex/2026-07-09/https-www-annavinpadaippugal-info/outputs/annavin_text_extractor/organized_contents/katturaigal/dharmasangadam.md
http://www.annavinpadaippugal.info/katturaigal/dhayavu_dhatchanyam.htm,200,katturaigal/dhayavu_dhatchanyam.md,no,covered,/Users/pugazhendhirajendran/Documents/Codex/2026-07-09/https-www-annavinpadaippugal-info/outputs/annavin_text_extractor/organized_contents/katturaigal/dhayavu_dhatchanyam.md
http://www.annavinpadaippugal.info/katturaigal/Diary_of_a_Democrat_1.htm,200,katturaigal/Diary_of_a_Democrat.md,yes,covered,/Users/pugazhendhirajendran/Documents/Codex/2026-07-09/https-www-annavinpadaippugal-info/outputs/annavin_text_extractor/organized_contents/katturaigal/Diary_of_a_Democrat.md
http://www.annavinpadaippugal.info/katturaigal/diary_of_a_democrat_2.htm,200,katturaigal/Diary_of_a_Democrat.md,yes,covered,/Users/pugazhendhirajendran/Documents/Codex/2026-07-09/https-www-annavinpadaippugal-info/outputs/annavin_text_extractor/organized_contents/katturaigal/Diary_of_a_Democrat.md
http://www.annavinpadaippugal.info/katturaigal/Diary_of_a_Democrat_3.htm,200,katturaigal/Diary_of_a_Democrat.md,yes,covered,/Users/pugazhendhirajendran/Documents/Codex/2026-07-09/https-www-annavinpadaippugal-info/outputs/annavin_text_extractor/organized_contents/katturaigal/Diary_of_a_Democrat.md
http://www.annavinpadaippugal.info/katturaigal/dilli_santhippu.htm,200,katturaigal/dilli_santhippu.md,no,covered,/Users/pugazhendhirajendran/Documents/Codex/2026-07-09/https-www-annavinpadaippugal-info/outputs/annavin_text_extractor/organized_contents/katturaigal/dilli_santhippu.md
http://www.annavinpadaippugal.info/katturaigal/ditto.htm,200,katturaigal/ditto.md,no,covered,/Users/pugazhendhirajendran/Documents/Codex/2026-07-09/https-www-annavinpadaippugal-info/outputs/annavin_text_extractor/organized_contents/katturaigal/ditto.md
http://www.annavinpadaippugal.info/katturaigal/divanjee_thirupugazh.htm,200,katturaigal/divanjee_thirupugazh.md,no,covered,/Users/pugazhendhirajendran/Documents/Codex/2026-07-09/https-www-annavinpadaippugal-info/outputs/annavin_text_extractor/organized_contents/katturaigal/divanjee_thirupugazh.md
http://www.annavinpadaippugal.info/katturaigal/doctor_engae.htm,200,katturaigal/doctor_engae.md,no,covered,/Users/pugazhendhirajendran/Documents/Codex/2026-07-09/https-www-annavinpadaippugal-info/outputs/annavin_text_extractor/organized_contents/katturaigal/doctor_engae.md
http://www.annavinpadaippugal.info/katturaigal/doctorukku_oru_dose.htm,200,katturaigal/doctorukku_oru_dose.md,no,covered,/Users/pugazhendhirajendran/Documents/Codex/2026-07-09/https-www-annavinpadaippugal-info/outputs/annavin_text_extractor/organized_contents/katturaigal/doctorukku_oru_dose.md
http://www.annavinpadaippugal.info/katturaigal/dope.htm,200,katturaigal/dope.md,no,covered,/Users/pugazhendhirajendran/Documents/Codex/2026-07-09/https-www-annavinpadaippugal-info/outputs/annavin_text_extractor/organized_contents/katturaigal/dope.md
http://www.annavinpadaippugal.info/katturaigal/dracos_democracy.htm,200,katturaigal/dracos_democracy.md,no,covered,/Users/pugazhendhirajendran/Documents/Codex/2026-07-09/https-www-annavinpadaippugal-info/outputs/annavin_text_extractor/organized_contents/katturaigal/dracos_democracy.md
http://www.annavinpadaippugal.info/katturaigal/dramway_vaelai.htm,200,katturaigal/dramway_vaelai.md,no,covered,/Users/pugazhendhirajendran/Documents/Codex/2026-07-09/https-www-annavinpadaippugal-info/outputs/annavin_text_extractor/organized_contents/katturaigal/dramway_vaelai.md
http://www.annavinpadaippugal.info/katturaigal/dravida_munnetra.htm,200,katturaigal/dravida_munnetra.md,no,covered,/Users/pugazhendhirajendran/Documents/Codex/2026-07-09/https-www-annavinpadaippugal-info/outputs/annavin_text_extractor/organized_contents/katturaigal/dravida_munnetra.md
http://www.annavinpadaippugal.info/katturaigal/dravidamaniyin.htm,200,katturaigal/dravidamaniyin.md,no,covered,/Users/pugazhendhirajendran/Documents/Codex/2026-07-09/https-www-annavinpadaippugal-info/outputs/annavin_text_extractor/organized_contents/katturaigal/dravidamaniyin.md
http://www.annavinpadaippugal.info/katturaigal/dravidanadu_aluvala.htm,200,katturaigal/dravidanadu_aluvala.md,no,covered,/Users/pugazhendhirajendran/Documents/Codex/2026-07-09/https-www-annavinpadaippugal-info/outputs/annavin_text_extractor/organized_contents/katturaigal/dravidanadu_aluvala.md
http://www.annavinpadaippugal.info/katturaigal/dravidanadu_dravidarukkae.htm,200,katturaigal/dravidanadu_dravidarukkae.md,no,covered,/Users/pugazhendhirajendran/Documents/Codex/2026-07-09/https-www-annavinpadaippugal-info/outputs/annavin_text_extractor/organized_contents/katturaigal/dravidanadu_dravidarukkae.md
http://www.annavinpadaippugal.info/katturaigal/dravidar_thirunaal.htm,200,katturaigal/dravidar_thirunaal.md,no,covered,/Users/pugazhendhirajendran/Documents/Codex/2026-07-09/https-www-annavinpadaippugal-info/outputs/annavin_text_extractor/organized_contents/katturaigal/dravidar_thirunaal.md
http://www.annavinpadaippugal.info/katturaigal/dravidarum.htm,200,katturaigal/dravidarum.md,no,covered,/Users/pugazhendhirajendran/Documents/Codex/2026-07-09/https-www-annavinpadaippugal-info/outputs/annavin_text_extractor/organized_contents/katturaigal/dravidarum.md
http://www.annavinpadaippugal.info/katturaigal/echarikkai.htm,200,katturaigal/echarikkai.md,no,covered,/Users/pugazhendhirajendran/Documents/Codex/2026-07-09/https-www-annavinpadaippugal-info/outputs/annavin_text_extractor/organized_contents/katturaigal/echarikkai.md
http://www.annavinpadaippugal.info/katturaigal/echarikkai_piriyar.htm,200,katturaigal/echarikkai_piriyar.md,no,covered,/Users/pugazhendhirajendran/Documents/Codex/2026-07-09/https-www-annavinpadaippugal-info/outputs/annavin_text_extractor/organized_contents/katturaigal/echarikkai_piriyar.md
http://www.annavinpadaippugal.info/katturaigal/edakku_panni.htm,200,katturaigal/edakku_panni.md,no,covered,/Users/pugazhendhirajendran/Documents/Codex/2026-07-09/https-www-annavinpadaippugal-info/outputs/annavin_text_extractor/organized_contents/katturaigal/edakku_panni.md
http://www.annavinpadaippugal.info/katturaigal/ediyan_dollat.htm,200,katturaigal/ediyan_dollat.md,no,covered,/Users/pugazhendhirajendran/Documents/Codex/2026-07-09/https-www-annavinpadaippugal-info/outputs/annavin_text_extractor/organized_contents/katturaigal/ediyan_dollat.md
http://www.annavinpadaippugal.info/katturaigal/egathipathyam_ozhiga.htm,200,katturaigal/egathipathyam_ozhiga.md,no,covered,/Users/pugazhendhirajendran/Documents/Codex/2026-07-09/https-www-annavinpadaippugal-info/outputs/annavin_text_extractor/organized_contents/katturaigal/egathipathyam_ozhiga.md
http://www.annavinpadaippugal.info/katturaigal/ellai_gandhi.htm,200,katturaigal/ellai_gandhi.md,no,covered,/Users/pugazhendhirajendran/Documents/Codex/2026-07-09/https-www-annavinpadaippugal-info/outputs/annavin_text_extractor/organized_contents/katturaigal/ellai_gandhi.md
http://www.annavinpadaippugal.info/katturaigal/ellam_eesan.htm,200,katturaigal/ellam_eesan.md,no,covered,/Users/pugazhendhirajendran/Documents/Codex/2026-07-09/https-www-annavinpadaippugal-info/outputs/annavin_text_extractor/organized_contents/katturaigal/ellam_eesan.md
http://www.annavinpadaippugal.info/katturaigal/en_nandri.htm,200,katturaigal/en_nandri.md,no,covered,/Users/pugazhendhirajendran/Documents/Codex/2026-07-09/https-www-annavinpadaippugal-info/outputs/annavin_text_extractor/organized_contents/katturaigal/en_nandri.md
http://www.annavinpadaippugal.info/katturaigal/en_vaazhthu.htm,200,katturaigal/en_vaazhthu.md,no,covered,/Users/pugazhendhirajendran/Documents/Codex/2026-07-09/https-www-annavinpadaippugal-info/outputs/annavin_text_extractor/organized_contents/katturaigal/en_vaazhthu.md
http://www.annavinpadaippugal.info/katturaigal/enathu_aasiriyarai.htm,200,katturaigal/enathu_aasiriyarai.md,no,covered,/Users/pugazhendhirajendran/Documents/Codex/2026-07-09/https-www-annavinpadaippugal-info/outputs/annavin_text_extractor/organized_contents/katturaigal/enathu_aasiriyarai.md
http://www.annavinpadaippugal.info/katturaigal/enathu_nandri.htm,200,katturaigal/enathu_nandri.md,no,covered,/Users/pugazhendhirajendran/Documents/Codex/2026-07-09/https-www-annavinpadaippugal-info/outputs/annavin_text_extractor/organized_contents/katturaigal/enathu_nandri.md
http://www.annavinpadaippugal.info/katturaigal/enathu_vaendugol.htm,200,katturaigal/enathu_vaendugol.md,no,covered,/Users/pugazhendhirajendran/Documents/Codex/2026-07-09/https-www-annavinpadaippugal-info/outputs/annavin_text_extractor/organized_contents/katturaigal/enathu_vaendugol.md
http://www.annavinpadaippugal.info/katturaigal/engae_antha_anivaguppu.htm,200,katturaigal/engae_antha_anivaguppu.md,no,covered,/Users/pugazhendhirajendran/Documents/Codex/2026-07-09/https-www-annavinpadaippugal-info/outputs/annavin_text_extractor/organized_contents/katturaigal/engae_antha_anivaguppu.md
http://www.annavinpadaippugal.info/katturaigal/engae_antha_urchagam.htm,200,katturaigal/engae_antha_urchagam.md,no,covered,/Users/pugazhendhirajendran/Documents/Codex/2026-07-09/https-www-annavinpadaippugal-info/outputs/annavin_text_extractor/organized_contents/katturaigal/engae_antha_urchagam.md
http://www.annavinpadaippugal.info/katturaigal/engae_engae.htm,200,katturaigal/engae_engae.md,no,covered,/Users/pugazhendhirajendran/Documents/Codex/2026-07-09/https-www-annavinpadaippugal-info/outputs/annavin_text_extractor/organized_contents/katturaigal/engae_engae.md
http://www.annavinpadaippugal.info/katturaigal/engal_madathipathi.htm,200,katturaigal/engal_madathipathi.md,no,covered,/Users/pugazhendhirajendran/Documents/Codex/2026-07-09/https-www-annavinpadaippugal-info/outputs/annavin_text_extractor/organized_contents/katturaigal/engal_madathipathi.md
http://www.annavinpadaippugal.info/katturaigal/engum_erodu.htm,200,katturaigal/engum_erodu.md,no,covered,/Users/pugazhendhirajendran/Documents/Codex/2026-07-09/https-www-annavinpadaippugal-info/outputs/annavin_text_extractor/organized_contents/katturaigal/engum_erodu.md
http://www.annavinpadaippugal.info/katturaigal/enn_nandri.htm,200,katturaigal/enn_nandri.md,no,covered,/Users/pugazhendhirajendran/Documents/Codex/2026-07-09/https-www-annavinpadaippugal-info/outputs/annavin_text_extractor/organized_contents/katturaigal/enn_nandri.md
http://www.annavinpadaippugal.info/katturaigal/ennippar_gopiyamal.htm,200,katturaigal/ennippar_gopiyamal.md,no,covered,/Users/pugazhendhirajendran/Documents/Codex/2026-07-09/https-www-annavinpadaippugal-info/outputs/annavin_text_extractor/organized_contents/katturaigal/ennippar_gopiyamal.md
http://www.annavinpadaippugal.info/katturaigal/entha_jeeyum_namakku_vaendam.htm,200,katturaigal/entha_jeeyum_namakku_vaendam.md,no,covered,/Users/pugazhendhirajendran/Documents/Codex/2026-07-09/https-www-annavinpadaippugal-info/outputs/annavin_text_extractor/organized_contents/katturaigal/entha_jeeyum_namakku_vaendam.md
http://www.annavinpadaippugal.info/katturaigal/epistles_to_the_eminent_1.htm,200,katturaigal/epistles_to_the_eminent.md,yes,covered,/Users/pugazhendhirajendran/Documents/Codex/2026-07-09/https-www-annavinpadaippugal-info/outputs/annavin_text_extractor/organized_contents/katturaigal/epistles_to_the_eminent.md
http://www.annavinpadaippugal.info/katturaigal/epistles_to_the_eminent_2.htm,200,katturaigal/epistles_to_the_eminent.md,yes,covered,/Users/pugazhendhirajendran/Documents/Codex/2026-07-09/https-www-annavinpadaippugal-info/outputs/annavin_text_extractor/organized_contents/katturaigal/epistles_to_the_eminent.md
http://www.annavinpadaippugal.info/katturaigal/epistles_to_the_eminent_3.htm,200,katturaigal/epistles_to_the_eminent.md,yes,covered,/Users/pugazhendhirajendran/Documents/Codex/2026-07-09/https-www-annavinpadaippugal-info/outputs/annavin_text_extractor/organized_contents/katturaigal/epistles_to_the_eminent.md
http://www.annavinpadaippugal.info/katturaigal/eppadi_nambuvatho_1947.htm,200,katturaigal/eppadi_nambuvatho_1947.md,no,covered,/Users/pugazhendhirajendran/Documents/Codex/2026-07-09/https-www-annavinpadaippugal-info/outputs/annavin_text_extractor/organized_contents/katturaigal/eppadi_nambuvatho_1947.md
http://www.annavinpadaippugal.info/katturaigal/eppadi_sahippathu.htm,200,katturaigal/eppadi_sahippathu.md,no,covered,/Users/pugazhendhirajendran/Documents/Codex/2026-07-09/https-www-annavinpadaippugal-info/outputs/annavin_text_extractor/organized_contents/katturaigal/eppadi_sahippathu.md
http://www.annavinpadaippugal.info/katturaigal/eriyittar_enseitheer.htm,200,katturaigal/eriyittar_enseitheer.md,no,covered,/Users/pugazhendhirajendran/Documents/Codex/2026-07-09/https-www-annavinpadaippugal-info/outputs/annavin_text_extractor/organized_contents/katturaigal/eriyittar_enseitheer.md
http://www.annavinpadaippugal.info/katturaigal/erode_kaana.htm,200,katturaigal/erode_kaana.md,no,covered,/Users/pugazhendhirajendran/Documents/Codex/2026-07-09/https-www-annavinpadaippugal-info/outputs/annavin_text_extractor/organized_contents/katturaigal/erode_kaana.md
http://www.annavinpadaippugal.info/katturaigal/erode_maanadu_katchi.htm,200,katturaigal/erode_maanadu_katchi.md,no,covered,/Users/pugazhendhirajendran/Documents/Codex/2026-07-09/https-www-annavinpadaippugal-info/outputs/annavin_text_extractor/organized_contents/katturaigal/erode_maanadu_katchi.md
http://www.annavinpadaippugal.info/katturaigal/ethaechathikaram.htm,200,katturaigal/ethaechathikaram.md,no,covered,/Users/pugazhendhirajendran/Documents/Codex/2026-07-09/https-www-annavinpadaippugal-info/outputs/annavin_text_extractor/organized_contents/katturaigal/ethaechathikaram.md
http://www.annavinpadaippugal.info/katturaigal/ethanai_maekolvathu.htm,200,katturaigal/ethanai_maekolvathu.md,no,covered,/Users/pugazhendhirajendran/Documents/Codex/2026-07-09/https-www-annavinpadaippugal-info/outputs/annavin_text_extractor/organized_contents/katturaigal/ethanai_maekolvathu.md
http://www.annavinpadaippugal.info/katturaigal/ethanum_pithanum.htm,200,katturaigal/ethanum_pithanum.md,no,covered,/Users/pugazhendhirajendran/Documents/Codex/2026-07-09/https-www-annavinpadaippugal-info/outputs/annavin_text_extractor/organized_contents/katturaigal/ethanum_pithanum.md
http://www.annavinpadaippugal.info/katturaigal/ethayum_thangum_ithayam.htm,200,katturaigal/ethayum_thangum_ithayam.md,no,covered,/Users/pugazhendhirajendran/Documents/Codex/2026-07-09/https-www-annavinpadaippugal-info/outputs/annavin_text_extractor/organized_contents/katturaigal/ethayum_thangum_ithayam.md
http://www.annavinpadaippugal.info/katturaigal/ethipaarthathae.htm,200,katturaigal/ethipaarthathae.md,no,covered,/Users/pugazhendhirajendran/Documents/Codex/2026-07-09/https-www-annavinpadaippugal-info/outputs/annavin_text_extractor/organized_contents/katturaigal/ethipaarthathae.md
http://www.annavinpadaippugal.info/katturaigal/ethiroli.htm,200,katturaigal/ethiroli.md,no,covered,/Users/pugazhendhirajendran/Documents/Codex/2026-07-09/https-www-annavinpadaippugal-info/outputs/annavin_text_extractor/organized_contents/katturaigal/ethiroli.md
http://www.annavinpadaippugal.info/katturaigal/ethu.htm,200,katturaigal/ethu.md,no,covered,/Users/pugazhendhirajendran/Documents/Codex/2026-07-09/https-www-annavinpadaippugal-info/outputs/annavin_text_extractor/organized_contents/katturaigal/ethu.md
http://www.annavinpadaippugal.info/katturaigal/ethu_namathu_idam.htm,200,katturaigal/ethu_namathu_idam.md,no,covered,/Users/pugazhendhirajendran/Documents/Codex/2026-07-09/https-www-annavinpadaippugal-info/outputs/annavin_text_extractor/organized_contents/katturaigal/ethu_namathu_idam.md
http://www.annavinpadaippugal.info/katturaigal/ethu_unmai.htm,200,katturaigal/ethu_unmai.md,no,covered,/Users/pugazhendhirajendran/Documents/Codex/2026-07-09/https-www-annavinpadaippugal-info/outputs/annavin_text_extractor/organized_contents/katturaigal/ethu_unmai.md
http://www.annavinpadaippugal.info/katturaigal/ettam_aandu.htm,200,katturaigal/ettam_aandu.md,no,covered,/Users/pugazhendhirajendran/Documents/Codex/2026-07-09/https-www-annavinpadaippugal-info/outputs/annavin_text_extractor/organized_contents/katturaigal/ettam_aandu.md
http://www.annavinpadaippugal.info/katturaigal/evano_theendivittan.htm,200,katturaigal/evano_theendivittan.md,no,covered,/Users/pugazhendhirajendran/Documents/Codex/2026-07-09/https-www-annavinpadaippugal-info/outputs/annavin_text_extractor/organized_contents/katturaigal/evano_theendivittan.md
http://www.annavinpadaippugal.info/katturaigal/expunge.htm,200,katturaigal/expunge.md,no,covered,/Users/pugazhendhirajendran/Documents/Codex/2026-07-09/https-www-annavinpadaippugal-info/outputs/annavin_text_extractor/organized_contents/katturaigal/expunge.md
http://www.annavinpadaippugal.info/katturaigal/ezhichi_murasu.htm,200,katturaigal/ezhichi_murasu.md,no,covered,/Users/pugazhendhirajendran/Documents/Codex/2026-07-09/https-www-annavinpadaippugal-info/outputs/annavin_text_extractor/organized_contents/katturaigal/ezhichi_murasu.md
http://www.annavinpadaippugal.info/katturaigal/ezhil_dravidam.htm,200,katturaigal/ezhil_dravidam.md,no,covered,/Users/pugazhendhirajendran/Documents/Codex/2026-07-09/https-www-annavinpadaippugal-info/outputs/annavin_text_extractor/organized_contents/katturaigal/ezhil_dravidam.md
http://www.annavinpadaippugal.info/katturaigal/ezhugirathu.htm,200,katturaigal/ezhugirathu.md,no,covered,/Users/pugazhendhirajendran/Documents/Codex/2026-07-09/https-www-annavinpadaippugal-info/outputs/annavin_text_extractor/organized_contents/katturaigal/ezhugirathu.md
http://www.annavinpadaippugal.info/katturaigal/ezhuthalar_manadu.htm,200,katturaigal/ezhuthalar_manadu.md,no,covered,/Users/pugazhendhirajendran/Documents/Codex/2026-07-09/https-www-annavinpadaippugal-info/outputs/annavin_text_extractor/organized_contents/katturaigal/ezhuthalar_manadu.md
http://www.annavinpadaippugal.info/katturaigal/ezhuthurimai.htm,200,katturaigal/ezhuthurimai.md,no,covered,/Users/pugazhendhirajendran/Documents/Codex/2026-07-09/https-www-annavinpadaippugal-info/outputs/annavin_text_extractor/organized_contents/katturaigal/ezhuthurimai.md
http://www.annavinpadaippugal.info/katturaigal/ezhuthurimai_poarveerar.htm,200,katturaigal/ezhuthurimai_poarveerar.md,no,covered,/Users/pugazhendhirajendran/Documents/Codex/2026-07-09/https-www-annavinpadaippugal-info/outputs/annavin_text_extractor/organized_contents/katturaigal/ezhuthurimai_poarveerar.md
http://www.annavinpadaippugal.info/katturaigal/ezhuthurimayai_pari.htm,200,katturaigal/ezhuthurimayai_pari.md,no,covered,/Users/pugazhendhirajendran/Documents/Codex/2026-07-09/https-www-annavinpadaippugal-info/outputs/annavin_text_extractor/organized_contents/katturaigal/ezhuthurimayai_pari.md
http://www.annavinpadaippugal.info/katturaigal/farook.htm,200,katturaigal/farook.md,no,covered,/Users/pugazhendhirajendran/Documents/Codex/2026-07-09/https-www-annavinpadaippugal-info/outputs/annavin_text_extractor/organized_contents/katturaigal/farook.md
http://www.annavinpadaippugal.info/katturaigal/five_days_furore.htm,200,katturaigal/five_days_furore.md,no,covered,/Users/pugazhendhirajendran/Documents/Codex/2026-07-09/https-www-annavinpadaippugal-info/outputs/annavin_text_extractor/organized_contents/katturaigal/five_days_furore.md
http://www.annavinpadaippugal.info/katturaigal/flits_kaatiya.htm,200,katturaigal/flits_kaatiya.md,no,covered,/Users/pugazhendhirajendran/Documents/Codex/2026-07-09/https-www-annavinpadaippugal-info/outputs/annavin_text_extractor/organized_contents/katturaigal/flits_kaatiya.md
http://www.annavinpadaippugal.info/katturaigal/forbidden_path.htm,200,katturaigal/forbidden_path.md,no,covered,/Users/pugazhendhirajendran/Documents/Codex/2026-07-09/https-www-annavinpadaippugal-info/outputs/annavin_text_extractor/organized_contents/katturaigal/forbidden_path.md
http://www.annavinpadaippugal.info/katturaigal/frencheria.htm,200,katturaigal/frencheria.md,no,covered,/Users/pugazhendhirajendran/Documents/Codex/2026-07-09/https-www-annavinpadaippugal-info/outputs/annavin_text_extractor/organized_contents/katturaigal/frencheria.md
http://www.annavinpadaippugal.info/katturaigal/From_Raghu_to_Akbar.htm,200,katturaigal/From_Raghu_to_Akbar.md,no,covered,/Users/pugazhendhirajendran/Documents/Codex/2026-07-09/https-www-annavinpadaippugal-info/outputs/annavin_text_extractor/organized_contents/katturaigal/From_Raghu_to_Akbar.md
http://www.annavinpadaippugal.info/katturaigal/ganabaadi.htm,200,katturaigal/ganabaadi.md,no,covered,/Users/pugazhendhirajendran/Documents/Codex/2026-07-09/https-www-annavinpadaippugal-info/outputs/annavin_text_extractor/organized_contents/katturaigal/ganabaadi.md
http://www.annavinpadaippugal.info/katturaigal/ganavaan.htm,200,katturaigal/ganavaan.md,no,covered,/Users/pugazhendhirajendran/Documents/Codex/2026-07-09/https-www-annavinpadaippugal-info/outputs/annavin_text_extractor/organized_contents/katturaigal/ganavaan.md
http://www.annavinpadaippugal.info/katturaigal/gandhi_market_nilavaram.htm,200,katturaigal/gandhi_market_nilavaram.md,no,covered,/Users/pugazhendhirajendran/Documents/Codex/2026-07-09/https-www-annavinpadaippugal-info/outputs/annavin_text_extractor/organized_contents/katturaigal/gandhi_market_nilavaram.md
http://www.annavinpadaippugal.info/katturaigal/gandhi_ramasamy.htm,200,katturaigal/gandhi_ramasamy.md,no,covered,/Users/pugazhendhirajendran/Documents/Codex/2026-07-09/https-www-annavinpadaippugal-info/outputs/annavin_text_extractor/organized_contents/katturaigal/gandhi_ramasamy.md
http://www.annavinpadaippugal.info/katturaigal/gandhistan_margaya.htm,200,katturaigal/gandhistan_margaya.md,no,covered,/Users/pugazhendhirajendran/Documents/Codex/2026-07-09/https-www-annavinpadaippugal-info/outputs/annavin_text_extractor/organized_contents/katturaigal/gandhistan_margaya.md
http://www.annavinpadaippugal.info/katturaigal/gangai_karayil.htm,200,katturaigal/gangai_karayil.md,no,covered,/Users/pugazhendhirajendran/Documents/Codex/2026-07-09/https-www-annavinpadaippugal-info/outputs/annavin_text_extractor/organized_contents/katturaigal/gangai_karayil.md
http://www.annavinpadaippugal.info/katturaigal/gangaputhirar_kaladiyil.htm,200,katturaigal/gangaputhirar_kaladiyil.md,no,covered,/Users/pugazhendhirajendran/Documents/Codex/2026-07-09/https-www-annavinpadaippugal-info/outputs/annavin_text_extractor/organized_contents/katturaigal/gangaputhirar_kaladiyil.md
http://www.annavinpadaippugal.info/katturaigal/gangayin_mazhalai.htm,200,katturaigal/gangayin_mazhalai.md,no,covered,/Users/pugazhendhirajendran/Documents/Codex/2026-07-09/https-www-annavinpadaippugal-info/outputs/annavin_text_extractor/organized_contents/katturaigal/gangayin_mazhalai.md
http://www.annavinpadaippugal.info/katturaigal/ganthiyar_santhiyadaya.htm,200,katturaigal/ganthiyar_santhiyadaya.md,no,covered,/Users/pugazhendhirajendran/Documents/Codex/2026-07-09/https-www-annavinpadaippugal-info/outputs/annavin_text_extractor/organized_contents/katturaigal/ganthiyar_santhiyadaya.md
http://www.annavinpadaippugal.info/katturaigal/garjanaipuriyum_ganamgal.htm,200,katturaigal/garjanaipuriyum_ganamgal.md,no,covered,/Users/pugazhendhirajendran/Documents/Codex/2026-07-09/https-www-annavinpadaippugal-info/outputs/annavin_text_extractor/organized_contents/katturaigal/garjanaipuriyum_ganamgal.md
http://www.annavinpadaippugal.info/katturaigal/gavaniyungal.htm,200,katturaigal/gavaniyungal.md,no,covered,/Users/pugazhendhirajendran/Documents/Codex/2026-07-09/https-www-annavinpadaippugal-info/outputs/annavin_text_extractor/organized_contents/katturaigal/gavaniyungal.md
http://www.annavinpadaippugal.info/katturaigal/goa_kilarchi.htm,200,katturaigal/goa_kilarchi.md,no,covered,/Users/pugazhendhirajendran/Documents/Codex/2026-07-09/https-www-annavinpadaippugal-info/outputs/annavin_text_extractor/organized_contents/katturaigal/goa_kilarchi.md
http://www.annavinpadaippugal.info/katturaigal/golden_garuda.htm,200,katturaigal/golden_garuda.md,no,covered,/Users/pugazhendhirajendran/Documents/Codex/2026-07-09/https-www-annavinpadaippugal-info/outputs/annavin_text_extractor/organized_contents/katturaigal/golden_garuda.md
http://www.annavinpadaippugal.info/katturaigal/gopal_the_globe_trotter.htm,200,katturaigal/gopal_the_globe_trotter.md,no,covered,/Users/pugazhendhirajendran/Documents/Codex/2026-07-09/https-www-annavinpadaippugal-info/outputs/annavin_text_extractor/organized_contents/katturaigal/gopal_the_globe_trotter.md
http://www.annavinpadaippugal.info/katturaigal/gopuram_aeri_kozhi.htm,200,katturaigal/gopuram_aeri_kozhi.md,no,covered,/Users/pugazhendhirajendran/Documents/Codex/2026-07-09/https-www-annavinpadaippugal-info/outputs/annavin_text_extractor/organized_contents/katturaigal/gopuram_aeri_kozhi.md
http://www.annavinpadaippugal.info/katturaigal/gopurathil_kuppai.htm,200,katturaigal/gopurathil_kuppai.md,no,covered,/Users/pugazhendhirajendran/Documents/Codex/2026-07-09/https-www-annavinpadaippugal-info/outputs/annavin_text_extractor/organized_contents/katturaigal/gopurathil_kuppai.md
http://www.annavinpadaippugal.info/katturaigal/governer_niyamanam.htm,200,katturaigal/governer_niyamanam.md,no,covered,/Users/pugazhendhirajendran/Documents/Codex/2026-07-09/https-www-annavinpadaippugal-info/outputs/annavin_text_extractor/organized_contents/katturaigal/governer_niyamanam.md
http://www.annavinpadaippugal.info/katturaigal/governor_ezhutha.htm,200,katturaigal/governor_ezhutha.md,no,covered,/Users/pugazhendhirajendran/Documents/Codex/2026-07-09/https-www-annavinpadaippugal-info/outputs/annavin_text_extractor/organized_contents/katturaigal/governor_ezhutha.md
http://www.annavinpadaippugal.info/katturaigal/graekka_kaditham.htm,200,katturaigal/graekka_kaditham.md,no,covered,/Users/pugazhendhirajendran/Documents/Codex/2026-07-09/https-www-annavinpadaippugal-info/outputs/annavin_text_extractor/organized_contents/katturaigal/graekka_kaditham.md
http://www.annavinpadaippugal.info/katturaigal/grama_saevai.htm,200,katturaigal/grama_saevai.md,no,covered,/Users/pugazhendhirajendran/Documents/Codex/2026-07-09/https-www-annavinpadaippugal-info/outputs/annavin_text_extractor/organized_contents/katturaigal/grama_saevai.md
http://www.annavinpadaippugal.info/katturaigal/grand_old_man.htm,200,katturaigal/grand_old_man.md,no,covered,/Users/pugazhendhirajendran/Documents/Codex/2026-07-09/https-www-annavinpadaippugal-info/outputs/annavin_text_extractor/organized_contents/katturaigal/grand_old_man.md
http://www.annavinpadaippugal.info/katturaigal/grandmas_in_groom_hunt.htm,200,katturaigal/grandmas_in_groom_hunt.md,no,covered,/Users/pugazhendhirajendran/Documents/Codex/2026-07-09/https-www-annavinpadaippugal-info/outputs/annavin_text_extractor/organized_contents/katturaigal/grandmas_in_groom_hunt.md
http://www.annavinpadaippugal.info/katturaigal/gubera_kusala.htm,200,katturaigal/gubera_kusala.md,no,covered,/Users/pugazhendhirajendran/Documents/Codex/2026-07-09/https-www-annavinpadaippugal-info/outputs/annavin_text_extractor/organized_contents/katturaigal/gubera_kusala.md
http://www.annavinpadaippugal.info/katturaigal/guruboojai.htm,200,katturaigal/guruboojai.md,no,covered,/Users/pugazhendhirajendran/Documents/Codex/2026-07-09/https-www-annavinpadaippugal-info/outputs/annavin_text_extractor/organized_contents/katturaigal/guruboojai.md
http://www.annavinpadaippugal.info/katturaigal/guruvum_kuthirayum.htm,200,katturaigal/guruvum_kuthirayum.md,no,covered,/Users/pugazhendhirajendran/Documents/Codex/2026-07-09/https-www-annavinpadaippugal-info/outputs/annavin_text_extractor/organized_contents/katturaigal/guruvum_kuthirayum.md
http://www.annavinpadaippugal.info/katturaigal/hackled.htm,200,katturaigal/hackled.md,no,covered,/Users/pugazhendhirajendran/Documents/Codex/2026-07-09/https-www-annavinpadaippugal-info/outputs/annavin_text_extractor/organized_contents/katturaigal/hackled.md
http://www.annavinpadaippugal.info/katturaigal/hindhi_aadhikkam.htm,200,katturaigal/hindhi_aadhikkam.md,no,covered,/Users/pugazhendhirajendran/Documents/Codex/2026-07-09/https-www-annavinpadaippugal-info/outputs/annavin_text_extractor/organized_contents/katturaigal/hindhi_aadhikkam.md
http://www.annavinpadaippugal.info/katturaigal/hindhi_ethirppu_thadai.htm,200,katturaigal/hindhi_ethirppu_thadai.md,no,covered,/Users/pugazhendhirajendran/Documents/Codex/2026-07-09/https-www-annavinpadaippugal-info/outputs/annavin_text_extractor/organized_contents/katturaigal/hindhi_ethirppu_thadai.md
http://www.annavinpadaippugal.info/katturaigal/hindhiyin_gathi.htm,200,katturaigal/hindhiyin_gathi.md,no,covered,/Users/pugazhendhirajendran/Documents/Codex/2026-07-09/https-www-annavinpadaippugal-info/outputs/annavin_text_extractor/organized_contents/katturaigal/hindhiyin_gathi.md
http://www.annavinpadaippugal.info/katturaigal/hindi_aalai.html,200,katturaigal/hindi_aalai.md,no,covered,/Users/pugazhendhirajendran/Documents/Codex/2026-07-09/https-www-annavinpadaippugal-info/outputs/annavin_text_extractor/organized_contents/katturaigal/hindi_aalai.md
http://www.annavinpadaippugal.info/katturaigal/hindi_entha_vadivathil.htm,200,katturaigal/hindi_entha_vadivathil.md,no,covered,/Users/pugazhendhirajendran/Documents/Codex/2026-07-09/https-www-annavinpadaippugal-info/outputs/annavin_text_extractor/organized_contents/katturaigal/hindi_entha_vadivathil.md
http://www.annavinpadaippugal.info/katturaigal/hindi_ethirpor.html,200,katturaigal/hindi_ethirpor.md,no,covered,/Users/pugazhendhirajendran/Documents/Codex/2026-07-09/https-www-annavinpadaippugal-info/outputs/annavin_text_extractor/organized_contents/katturaigal/hindi_ethirpor.md
http://www.annavinpadaippugal.info/katturaigal/hindi_kattaya.html,200,katturaigal/hindi_kattaya.md,no,covered,/Users/pugazhendhirajendran/Documents/Codex/2026-07-09/https-www-annavinpadaippugal-info/outputs/annavin_text_extractor/organized_contents/katturaigal/hindi_kattaya.md
http://www.annavinpadaippugal.info/katturaigal/hindi_mozhi_varalaru.htm,200,katturaigal/hindi_mozhi_varalaru.md,no,covered,/Users/pugazhendhirajendran/Documents/Codex/2026-07-09/https-www-annavinpadaippugal-info/outputs/annavin_text_extractor/organized_contents/katturaigal/hindi_mozhi_varalaru.md
http://www.annavinpadaippugal.info/katturaigal/hindi_nilamai.html,200,katturaigal/hindi_nilamai.md,no,covered,/Users/pugazhendhirajendran/Documents/Codex/2026-07-09/https-www-annavinpadaippugal-info/outputs/annavin_text_extractor/organized_contents/katturaigal/hindi_nilamai.md
http://www.annavinpadaippugal.info/katturaigal/hindi_pothu.html,200,katturaigal/hindi_pothu.md,no,covered,/Users/pugazhendhirajendran/Documents/Codex/2026-07-09/https-www-annavinpadaippugal-info/outputs/annavin_text_extractor/organized_contents/katturaigal/hindi_pothu.md
http://www.annavinpadaippugal.info/katturaigal/hindi_thinippu.htm,200,katturaigal/hindi_thinippu.md,no,covered,/Users/pugazhendhirajendran/Documents/Codex/2026-07-09/https-www-annavinpadaippugal-info/outputs/annavin_text_extractor/organized_contents/katturaigal/hindi_thinippu.md
http://www.annavinpadaippugal.info/katturaigal/hindiyae_vaendam.htm,200,katturaigal/hindiyae_vaendam.md,no,covered,/Users/pugazhendhirajendran/Documents/Codex/2026-07-09/https-www-annavinpadaippugal-info/outputs/annavin_text_extractor/organized_contents/katturaigal/hindiyae_vaendam.md
http://www.annavinpadaippugal.info/katturaigal/hindiyum_tamilmaganum_1.htm,200,katturaigal/hindiyum_tamilmaganum.md,yes,covered,/Users/pugazhendhirajendran/Documents/Codex/2026-07-09/https-www-annavinpadaippugal-info/outputs/annavin_text_extractor/organized_contents/katturaigal/hindiyum_tamilmaganum.md
http://www.annavinpadaippugal.info/katturaigal/hindiyum_tamilmaganum_2.htm,200,katturaigal/hindiyum_tamilmaganum.md,yes,covered,/Users/pugazhendhirajendran/Documents/Codex/2026-07-09/https-www-annavinpadaippugal-info/outputs/annavin_text_extractor/organized_contents/katturaigal/hindiyum_tamilmaganum.md
http://www.annavinpadaippugal.info/katturaigal/hindustan_hamara.htm,200,katturaigal/hindustan_hamara.md,no,covered,/Users/pugazhendhirajendran/Documents/Codex/2026-07-09/https-www-annavinpadaippugal-info/outputs/annavin_text_extractor/organized_contents/katturaigal/hindustan_hamara.md
http://www.annavinpadaippugal.info/katturaigal/home_land.htm,200,katturaigal/home_land.md,no,covered,/Users/pugazhendhirajendran/Documents/Codex/2026-07-09/https-www-annavinpadaippugal-info/outputs/annavin_text_extractor/organized_contents/katturaigal/home_land.md
http://www.annavinpadaippugal.info/katturaigal/idanthedigal.htm,200,katturaigal/idanthedigal.md,no,covered,/Users/pugazhendhirajendran/Documents/Codex/2026-07-09/https-www-annavinpadaippugal-info/outputs/annavin_text_extractor/organized_contents/katturaigal/idanthedigal.md
http://www.annavinpadaippugal.info/katturaigal/idathu_paatham.htm,200,katturaigal/idathu_paatham.md,no,covered,/Users/pugazhendhirajendran/Documents/Codex/2026-07-09/https-www-annavinpadaippugal-info/outputs/annavin_text_extractor/organized_contents/katturaigal/idathu_paatham.md
http://www.annavinpadaippugal.info/katturaigal/idukki.htm,200,katturaigal/idukki.md,no,covered,/Users/pugazhendhirajendran/Documents/Codex/2026-07-09/https-www-annavinpadaippugal-info/outputs/annavin_text_extractor/organized_contents/katturaigal/idukki.md
http://www.annavinpadaippugal.info/katturaigal/ilamayil_muthumai.htm,200,katturaigal/ilamayil_muthumai.md,no,covered,/Users/pugazhendhirajendran/Documents/Codex/2026-07-09/https-www-annavinpadaippugal-info/outputs/annavin_text_extractor/organized_contents/katturaigal/ilamayil_muthumai.md
http://www.annavinpadaippugal.info/katturaigal/imagine_please.htm,200,katturaigal/imagine_please.md,no,covered,/Users/pugazhendhirajendran/Documents/Codex/2026-07-09/https-www-annavinpadaippugal-info/outputs/annavin_text_extractor/organized_contents/katturaigal/imagine_please.md
http://www.annavinpadaippugal.info/katturaigal/in_spite_of_in_politics.htm,200,katturaigal/in_spite_of_in_politics.md,no,covered,/Users/pugazhendhirajendran/Documents/Codex/2026-07-09/https-www-annavinpadaippugal-info/outputs/annavin_text_extractor/organized_contents/katturaigal/in_spite_of_in_politics.md
http://www.annavinpadaippugal.info/katturaigal/in_your_hands.htm,200,katturaigal/in_your_hands.md,no,covered,/Users/pugazhendhirajendran/Documents/Codex/2026-07-09/https-www-annavinpadaippugal-info/outputs/annavin_text_extractor/organized_contents/katturaigal/in_your_hands.md
http://www.annavinpadaippugal.info/katturaigal/inba_dravidamae.htm,200,katturaigal/inba_dravidamae.md,no,covered,/Users/pugazhendhirajendran/Documents/Codex/2026-07-09/https-www-annavinpadaippugal-info/outputs/annavin_text_extractor/organized_contents/katturaigal/inba_dravidamae.md
http://www.annavinpadaippugal.info/katturaigal/inbam_ponguha.htm,200,katturaigal/inbam_ponguha.md,no,covered,/Users/pugazhendhirajendran/Documents/Codex/2026-07-09/https-www-annavinpadaippugal-info/outputs/annavin_text_extractor/organized_contents/katturaigal/inbam_ponguha.md
http://www.annavinpadaippugal.info/katturaigal/indhiya_ethaechathikaram.htm,200,katturaigal/indhiya_ethaechathikaram.md,no,covered,/Users/pugazhendhirajendran/Documents/Codex/2026-07-09/https-www-annavinpadaippugal-info/outputs/annavin_text_extractor/organized_contents/katturaigal/indhiya_ethaechathikaram.md
http://www.annavinpadaippugal.info/katturaigal/indhiya_sarkar_irandu.htm,200,katturaigal/indhiya_sarkar_irandu.md,no,covered,/Users/pugazhendhirajendran/Documents/Codex/2026-07-09/https-www-annavinpadaippugal-info/outputs/annavin_text_extractor/organized_contents/katturaigal/indhiya_sarkar_irandu.md
http://www.annavinpadaippugal.info/katturaigal/indhu_hitlarism.htm,200,katturaigal/indhu_hitlarism.md,no,covered,/Users/pugazhendhirajendran/Documents/Codex/2026-07-09/https-www-annavinpadaippugal-info/outputs/annavin_text_extractor/organized_contents/katturaigal/indhu_hitlarism.md
http://www.annavinpadaippugal.info/katturaigal/indhumathamum.htm,200,katturaigal/indhumathamum.md,no,covered,/Users/pugazhendhirajendran/Documents/Codex/2026-07-09/https-www-annavinpadaippugal-info/outputs/annavin_text_extractor/organized_contents/katturaigal/indhumathamum.md
http://www.annavinpadaippugal.info/katturaigal/indraya_leag_nilaimai.htm,200,katturaigal/indraya_leag_nilaimai.md,no,covered,/Users/pugazhendhirajendran/Documents/Codex/2026-07-09/https-www-annavinpadaippugal-info/outputs/annavin_text_extractor/organized_contents/katturaigal/indraya_leag_nilaimai.md
http://www.annavinpadaippugal.info/katturaigal/indraya_nirvagam.htm,200,katturaigal/indraya_nirvagam.md,no,covered,/Users/pugazhendhirajendran/Documents/Codex/2026-07-09/https-www-annavinpadaippugal-info/outputs/annavin_text_extractor/organized_contents/katturaigal/indraya_nirvagam.md
http://www.annavinpadaippugal.info/katturaigal/ingae_paareer.htm,200,katturaigal/ingae_paareer.md,no,covered,/Users/pugazhendhirajendran/Documents/Codex/2026-07-09/https-www-annavinpadaippugal-info/outputs/annavin_text_extractor/organized_contents/katturaigal/ingae_paareer.md
http://www.annavinpadaippugal.info/katturaigal/ini_enna_seyvar.htm,200,katturaigal/ini_enna_seyvar.md,no,covered,/Users/pugazhendhirajendran/Documents/Codex/2026-07-09/https-www-annavinpadaippugal-info/outputs/annavin_text_extractor/organized_contents/katturaigal/ini_enna_seyvar.md
http://www.annavinpadaippugal.info/katturaigal/injipatthanae_mael.htm,200,katturaigal/injipatthanae_mael.md,no,covered,/Users/pugazhendhirajendran/Documents/Codex/2026-07-09/https-www-annavinpadaippugal-info/outputs/annavin_text_extractor/organized_contents/katturaigal/injipatthanae_mael.md
http://www.annavinpadaippugal.info/katturaigal/intha_manthirimargal.htm,200,katturaigal/intha_manthirimargal.md,no,covered,/Users/pugazhendhirajendran/Documents/Codex/2026-07-09/https-www-annavinpadaippugal-info/outputs/annavin_text_extractor/organized_contents/katturaigal/intha_manthirimargal.md
http://www.annavinpadaippugal.info/katturaigal/ippadai_thoarkin.htm,200,katturaigal/ippadai_thoarkin.md,no,covered,/Users/pugazhendhirajendran/Documents/Codex/2026-07-09/https-www-annavinpadaippugal-info/outputs/annavin_text_extractor/organized_contents/katturaigal/ippadai_thoarkin.md
http://www.annavinpadaippugal.info/katturaigal/irandu_moolaigal.htm,200,katturaigal/irandu_moolaigal.md,no,covered,/Users/pugazhendhirajendran/Documents/Codex/2026-07-09/https-www-annavinpadaippugal-info/outputs/annavin_text_extractor/organized_contents/katturaigal/irandu_moolaigal.md
http://www.annavinpadaippugal.info/katturaigal/irandu_theerpu.htm,200,katturaigal/irandu_theerpu.md,no,covered,/Users/pugazhendhirajendran/Documents/Codex/2026-07-09/https-www-annavinpadaippugal-info/outputs/annavin_text_extractor/organized_contents/katturaigal/irandu_theerpu.md
http://www.annavinpadaippugal.info/katturaigal/iraniyan_allathu.htm,200,katturaigal/iraniyan_allathu.md,no,covered,/Users/pugazhendhirajendran/Documents/Codex/2026-07-09/https-www-annavinpadaippugal-info/outputs/annavin_text_extractor/organized_contents/katturaigal/iraniyan_allathu.md
http://www.annavinpadaippugal.info/katturaigal/iranyan_kaithu.htm,200,katturaigal/iranyan_kaithu.md,no,covered,/Users/pugazhendhirajendran/Documents/Codex/2026-07-09/https-www-annavinpadaippugal-info/outputs/annavin_text_extractor/organized_contents/katturaigal/iranyan_kaithu.md
http://www.annavinpadaippugal.info/katturaigal/irattai_kuzhal_thuppaki.htm,200,katturaigal/irattai_kuzhal_thuppaki.md,no,covered,/Users/pugazhendhirajendran/Documents/Codex/2026-07-09/https-www-annavinpadaippugal-info/outputs/annavin_text_extractor/organized_contents/katturaigal/irattai_kuzhal_thuppaki.md
http://www.annavinpadaippugal.info/katturaigal/irattai_naavinar.htm,200,katturaigal/irattai_naavinar.md,no,covered,/Users/pugazhendhirajendran/Documents/Codex/2026-07-09/https-www-annavinpadaippugal-info/outputs/annavin_text_extractor/organized_contents/katturaigal/irattai_naavinar.md
http://www.annavinpadaippugal.info/katturaigal/iru_vetrigal.htm,200,katturaigal/iru_vetrigal.md,no,covered,/Users/pugazhendhirajendran/Documents/Codex/2026-07-09/https-www-annavinpadaippugal-info/outputs/annavin_text_extractor/organized_contents/katturaigal/iru_vetrigal.md
http://www.annavinpadaippugal.info/katturaigal/irubathumoovar.htm,200,katturaigal/irubathumoovar.md,no,covered,/Users/pugazhendhirajendran/Documents/Codex/2026-07-09/https-www-annavinpadaippugal-info/outputs/annavin_text_extractor/organized_contents/katturaigal/irubathumoovar.md
http://www.annavinpadaippugal.info/katturaigal/irukodi_aenthigal.htm,200,katturaigal/irukodi_aenthigal.md,no,covered,/Users/pugazhendhirajendran/Documents/Codex/2026-07-09/https-www-annavinpadaippugal-info/outputs/annavin_text_extractor/organized_contents/katturaigal/irukodi_aenthigal.md
http://www.annavinpadaippugal.info/katturaigal/irulagala.htm,200,katturaigal/irulagala.md,no,covered,/Users/pugazhendhirajendran/Documents/Codex/2026-07-09/https-www-annavinpadaippugal-info/outputs/annavin_text_extractor/organized_contents/katturaigal/irulagala.md
http://www.annavinpadaippugal.info/katturaigal/irulagala_2.htm,200,katturaigal/irulagala_2.md,no,covered,/Users/pugazhendhirajendran/Documents/Codex/2026-07-09/https-www-annavinpadaippugal-info/outputs/annavin_text_extractor/organized_contents/katturaigal/irulagala_2.md
http://www.annavinpadaippugal.info/katturaigal/irulil_oli.htm,200,katturaigal/irulil_oli.md,no,covered,/Users/pugazhendhirajendran/Documents/Codex/2026-07-09/https-www-annavinpadaippugal-info/outputs/annavin_text_extractor/organized_contents/katturaigal/irulil_oli.md
http://www.annavinpadaippugal.info/katturaigal/irumbu_manithar_tharum.htm,200,katturaigal/irumbu_manithar_tharum.md,no,covered,/Users/pugazhendhirajendran/Documents/Codex/2026-07-09/https-www-annavinpadaippugal-info/outputs/annavin_text_extractor/organized_contents/katturaigal/irumbu_manithar_tharum.md
http://www.annavinpadaippugal.info/katturaigal/irunda_indiavil.htm,200,katturaigal/irunda_indiavil.md,no,covered,/Users/pugazhendhirajendran/Documents/Codex/2026-07-09/https-www-annavinpadaippugal-info/outputs/annavin_text_extractor/organized_contents/katturaigal/irunda_indiavil.md
http://www.annavinpadaippugal.info/katturaigal/irusagotharargal.htm,200,katturaigal/irusagotharargal.md,no,covered,/Users/pugazhendhirajendran/Documents/Codex/2026-07-09/https-www-annavinpadaippugal-info/outputs/annavin_text_extractor/organized_contents/katturaigal/irusagotharargal.md
http://www.annavinpadaippugal.info/katturaigal/iruthaya_geetham.htm,200,katturaigal/iruthaya_geetham.md,no,covered,/Users/pugazhendhirajendran/Documents/Codex/2026-07-09/https-www-annavinpadaippugal-info/outputs/annavin_text_extractor/organized_contents/katturaigal/iruthaya_geetham.md
http://www.annavinpadaippugal.info/katturaigal/iruttarayil_kansimitti.htm,200,katturaigal/iruttarayil_kansimitti.md,no,covered,/Users/pugazhendhirajendran/Documents/Codex/2026-07-09/https-www-annavinpadaippugal-info/outputs/annavin_text_extractor/organized_contents/katturaigal/iruttarayil_kansimitti.md
http://www.annavinpadaippugal.info/katturaigal/iruttil_prag.htm,200,katturaigal/iruttil_prag.md,no,covered,/Users/pugazhendhirajendran/Documents/Codex/2026-07-09/https-www-annavinpadaippugal-info/outputs/annavin_text_extractor/organized_contents/katturaigal/iruttil_prag.md
http://www.annavinpadaippugal.info/katturaigal/iruvarai_izhanthom.htm,200,katturaigal/iruvarai_izhanthom.md,no,covered,/Users/pugazhendhirajendran/Documents/Codex/2026-07-09/https-www-annavinpadaippugal-info/outputs/annavin_text_extractor/organized_contents/katturaigal/iruvarai_izhanthom.md
http://www.annavinpadaippugal.info/katturaigal/iruveerar_oruthasar.htm,200,katturaigal/iruveerar_oruthasar.md,no,covered,/Users/pugazhendhirajendran/Documents/Codex/2026-07-09/https-www-annavinpadaippugal-info/outputs/annavin_text_extractor/organized_contents/katturaigal/iruveerar_oruthasar.md
http://www.annavinpadaippugal.info/katturaigal/is_this_answer.htm,200,katturaigal/is_this_answer.md,no,covered,/Users/pugazhendhirajendran/Documents/Codex/2026-07-09/https-www-annavinpadaippugal-info/outputs/annavin_text_extractor/organized_contents/katturaigal/is_this_answer.md
http://www.annavinpadaippugal.info/katturaigal/islama_isrela.htm,200,katturaigal/islama_isrela.md,no,covered,/Users/pugazhendhirajendran/Documents/Codex/2026-07-09/https-www-annavinpadaippugal-info/outputs/annavin_text_extractor/organized_contents/katturaigal/islama_isrela.md
http://www.annavinpadaippugal.info/katturaigal/ithandro_tholamai.htm,200,katturaigal/ithandro_tholamai.md,no,covered,/Users/pugazhendhirajendran/Documents/Codex/2026-07-09/https-www-annavinpadaippugal-info/outputs/annavin_text_extractor/organized_contents/katturaigal/ithandro_tholamai.md
http://www.annavinpadaippugal.info/katturaigal/itharkagava_porattam.htm,200,katturaigal/itharkagava_porattam.md,no,covered,/Users/pugazhendhirajendran/Documents/Codex/2026-07-09/https-www-annavinpadaippugal-info/outputs/annavin_text_extractor/organized_contents/katturaigal/itharkagava_porattam.md
http://www.annavinpadaippugal.info/katturaigal/itharkupaer.htm,200,katturaigal/itharkupaer.md,no,covered,/Users/pugazhendhirajendran/Documents/Codex/2026-07-09/https-www-annavinpadaippugal-info/outputs/annavin_text_extractor/organized_contents/katturaigal/itharkupaer.md
http://www.annavinpadaippugal.info/katturaigal/ithilenna_thavaru.htm,200,katturaigal/ithilenna_thavaru.md,no,covered,/Users/pugazhendhirajendran/Documents/Codex/2026-07-09/https-www-annavinpadaippugal-info/outputs/annavin_text_extractor/organized_contents/katturaigal/ithilenna_thavaru.md
http://www.annavinpadaippugal.info/katturaigal/itho_nalvazhi.htm,200,katturaigal/itho_nalvazhi.md,no,covered,/Users/pugazhendhirajendran/Documents/Codex/2026-07-09/https-www-annavinpadaippugal-info/outputs/annavin_text_extractor/organized_contents/katturaigal/itho_nalvazhi.md
http://www.annavinpadaippugal.info/katturaigal/itho_oru_methavi.htm,200,katturaigal/itho_oru_methavi.md,no,covered,/Users/pugazhendhirajendran/Documents/Codex/2026-07-09/https-www-annavinpadaippugal-info/outputs/annavin_text_extractor/organized_contents/katturaigal/itho_oru_methavi.md
http://www.annavinpadaippugal.info/katturaigal/itho_oru_thaesiya_thittam.htm,200,katturaigal/itho_oru_thaesiya_thittam.md,no,covered,/Users/pugazhendhirajendran/Documents/Codex/2026-07-09/https-www-annavinpadaippugal-info/outputs/annavin_text_extractor/organized_contents/katturaigal/itho_oru_thaesiya_thittam.md
http://www.annavinpadaippugal.info/katturaigal/ithuthan_satta.htm,200,katturaigal/ithuthan_satta.md,no,covered,/Users/pugazhendhirajendran/Documents/Codex/2026-07-09/https-www-annavinpadaippugal-info/outputs/annavin_text_extractor/organized_contents/katturaigal/ithuthan_satta.md
http://www.annavinpadaippugal.info/katturaigal/ithuva_sudandhiram.htm,200,katturaigal/ithuva_sudandhiram.md,no,covered,/Users/pugazhendhirajendran/Documents/Codex/2026-07-09/https-www-annavinpadaippugal-info/outputs/annavin_text_extractor/organized_contents/katturaigal/ithuva_sudandhiram.md
http://www.annavinpadaippugal.info/katturaigal/ithuvatamilar.htm,200,katturaigal/ithuvatamilar.md,no,covered,/Users/pugazhendhirajendran/Documents/Codex/2026-07-09/https-www-annavinpadaippugal-info/outputs/annavin_text_extractor/organized_contents/katturaigal/ithuvatamilar.md
http://www.annavinpadaippugal.info/katturaigal/ivar_governaram.htm,200,katturaigal/ivar_governaram.md,no,covered,/Users/pugazhendhirajendran/Documents/Codex/2026-07-09/https-www-annavinpadaippugal-info/outputs/annavin_text_extractor/organized_contents/katturaigal/ivar_governaram.md
http://www.annavinpadaippugal.info/katturaigal/ivargalukku_avargal.htm,200,katturaigal/ivargalukku_avargal.md,no,covered,/Users/pugazhendhirajendran/Documents/Codex/2026-07-09/https-www-annavinpadaippugal-info/outputs/annavin_text_extractor/organized_contents/katturaigal/ivargalukku_avargal.md
http://www.annavinpadaippugal.info/katturaigal/iyakka_veerarai.htm,200,katturaigal/iyakka_veerarai.md,no,covered,/Users/pugazhendhirajendran/Documents/Codex/2026-07-09/https-www-annavinpadaippugal-info/outputs/annavin_text_extractor/organized_contents/katturaigal/iyakka_veerarai.md
http://www.annavinpadaippugal.info/katturaigal/iyakkam_namathu.htm,200,katturaigal/iyakkam_namathu.md,no,covered,/Users/pugazhendhirajendran/Documents/Codex/2026-07-09/https-www-annavinpadaippugal-info/outputs/annavin_text_extractor/organized_contents/katturaigal/iyakkam_namathu.md
http://www.annavinpadaippugal.info/katturaigal/iyarkai_oru.htm,200,katturaigal/iyarkai_oru.md,no,covered,/Users/pugazhendhirajendran/Documents/Codex/2026-07-09/https-www-annavinpadaippugal-info/outputs/annavin_text_extractor/organized_contents/katturaigal/iyarkai_oru.md
http://www.annavinpadaippugal.info/katturaigal/izhakkamaattom.htm,200,katturaigal/izhakkamaattom.md,no,covered,/Users/pugazhendhirajendran/Documents/Codex/2026-07-09/https-www-annavinpadaippugal-info/outputs/annavin_text_extractor/organized_contents/katturaigal/izhakkamaattom.md
http://www.annavinpadaippugal.info/katturaigal/izhantha_inbam.htm,200,katturaigal/izhantha_inbam.md,no,covered,/Users/pugazhendhirajendran/Documents/Codex/2026-07-09/https-www-annavinpadaippugal-info/outputs/annavin_text_extractor/organized_contents/katturaigal/izhantha_inbam.md
http://www.annavinpadaippugal.info/katturaigal/jaar_paathai.htm,200,katturaigal/jaar_paathai.md,no,covered,/Users/pugazhendhirajendran/Documents/Codex/2026-07-09/https-www-annavinpadaippugal-info/outputs/annavin_text_extractor/organized_contents/katturaigal/jaar_paathai.md
http://www.annavinpadaippugal.info/katturaigal/jaarai_thorkaditha.htm,200,katturaigal/jaarai_thorkaditha.md,no,covered,/Users/pugazhendhirajendran/Documents/Codex/2026-07-09/https-www-annavinpadaippugal-info/outputs/annavin_text_extractor/organized_contents/katturaigal/jaarai_thorkaditha.md
http://www.annavinpadaippugal.info/katturaigal/jai_iddili.htm,200,katturaigal/jai_iddili.md,no,covered,/Users/pugazhendhirajendran/Documents/Codex/2026-07-09/https-www-annavinpadaippugal-info/outputs/annavin_text_extractor/organized_contents/katturaigal/jai_iddili.md
http://www.annavinpadaippugal.info/katturaigal/jameen_ozhippu.htm,200,katturaigal/jameen_ozhippu.md,no,covered,/Users/pugazhendhirajendran/Documents/Codex/2026-07-09/https-www-annavinpadaippugal-info/outputs/annavin_text_extractor/organized_contents/katturaigal/jameen_ozhippu.md
http://www.annavinpadaippugal.info/katturaigal/janab_jinna_murasu.htm,200,katturaigal/janab_jinna_murasu.md,no,covered,/Users/pugazhendhirajendran/Documents/Codex/2026-07-09/https-www-annavinpadaippugal-info/outputs/annavin_text_extractor/organized_contents/katturaigal/janab_jinna_murasu.md
http://www.annavinpadaippugal.info/katturaigal/january_4.htm,200,katturaigal/january_4.md,no,covered,/Users/pugazhendhirajendran/Documents/Codex/2026-07-09/https-www-annavinpadaippugal-info/outputs/annavin_text_extractor/organized_contents/katturaigal/january_4.md
http://www.annavinpadaippugal.info/katturaigal/japthi_vaarant.htm,200,katturaigal/japthi_vaarant.md,no,covered,/Users/pugazhendhirajendran/Documents/Codex/2026-07-09/https-www-annavinpadaippugal-info/outputs/annavin_text_extractor/organized_contents/katturaigal/japthi_vaarant.md
http://www.annavinpadaippugal.info/katturaigal/jathi_muraikku.htm,200,katturaigal/jathi_muraikku.md,no,covered,/Users/pugazhendhirajendran/Documents/Codex/2026-07-09/https-www-annavinpadaippugal-info/outputs/annavin_text_extractor/organized_contents/katturaigal/jathi_muraikku.md
http://www.annavinpadaippugal.info/katturaigal/jeevamrutham.htm,200,katturaigal/jeevamrutham.md,no,covered,/Users/pugazhendhirajendran/Documents/Codex/2026-07-09/https-www-annavinpadaippugal-info/outputs/annavin_text_extractor/organized_contents/katturaigal/jeevamrutham.md
http://www.annavinpadaippugal.info/katturaigal/jiniva.htm,200,katturaigal/jiniva.md,no,covered,/Users/pugazhendhirajendran/Documents/Codex/2026-07-09/https-www-annavinpadaippugal-info/outputs/annavin_text_extractor/organized_contents/katturaigal/jiniva.md
http://www.annavinpadaippugal.info/katturaigal/jomo.htm,200,katturaigal/jomo.md,no,covered,/Users/pugazhendhirajendran/Documents/Codex/2026-07-09/https-www-annavinpadaippugal-info/outputs/annavin_text_extractor/organized_contents/katturaigal/jomo.md
http://www.annavinpadaippugal.info/katturaigal/jothi_jolithathamae.htm,200,katturaigal/jothi_jolithathamae.md,no,covered,/Users/pugazhendhirajendran/Documents/Codex/2026-07-09/https-www-annavinpadaippugal-info/outputs/annavin_text_extractor/organized_contents/katturaigal/jothi_jolithathamae.md
http://www.annavinpadaippugal.info/katturaigal/jothyae.htm,200,katturaigal/jothyae.md,no,covered,/Users/pugazhendhirajendran/Documents/Codex/2026-07-09/https-www-annavinpadaippugal-info/outputs/annavin_text_extractor/organized_contents/katturaigal/jothyae.md
http://www.annavinpadaippugal.info/katturaigal/july.htm,200,katturaigal/july.md,no,covered,/Users/pugazhendhirajendran/Documents/Codex/2026-07-09/https-www-annavinpadaippugal-info/outputs/annavin_text_extractor/organized_contents/katturaigal/july.md
http://www.annavinpadaippugal.info/katturaigal/july13.htm,200,katturaigal/july13.md,no,covered,/Users/pugazhendhirajendran/Documents/Codex/2026-07-09/https-www-annavinpadaippugal-info/outputs/annavin_text_extractor/organized_contents/katturaigal/july13.md
http://www.annavinpadaippugal.info/katturaigal/july15_sanga.htm,200,katturaigal/july15_sanga.md,no,covered,/Users/pugazhendhirajendran/Documents/Codex/2026-07-09/https-www-annavinpadaippugal-info/outputs/annavin_text_extractor/organized_contents/katturaigal/july15_sanga.md
http://www.annavinpadaippugal.info/katturaigal/just_smiled.htm,200,katturaigal/just_smiled.md,no,covered,/Users/pugazhendhirajendran/Documents/Codex/2026-07-09/https-www-annavinpadaippugal-info/outputs/annavin_text_extractor/organized_contents/katturaigal/just_smiled.md
http://www.annavinpadaippugal.info/katturaigal/justice_katchi.htm,200,katturaigal/justice_katchi.md,no,covered,/Users/pugazhendhirajendran/Documents/Codex/2026-07-09/https-www-annavinpadaippugal-info/outputs/annavin_text_extractor/organized_contents/katturaigal/justice_katchi.md
http://www.annavinpadaippugal.info/katturaigal/ka_su_pillai.htm,200,katturaigal/ka_su_pillai.md,no,covered,/Users/pugazhendhirajendran/Documents/Codex/2026-07-09/https-www-annavinpadaippugal-info/outputs/annavin_text_extractor/organized_contents/katturaigal/ka_su_pillai.md
http://www.annavinpadaippugal.info/katturaigal/kaadi_kazhagam.htm,200,katturaigal/kaadi_kazhagam.md,no,covered,/Users/pugazhendhirajendran/Documents/Codex/2026-07-09/https-www-annavinpadaippugal-info/outputs/annavin_text_extractor/organized_contents/katturaigal/kaadi_kazhagam.md
http://www.annavinpadaippugal.info/katturaigal/kaalakkannadi.htm,200,katturaigal/kaalakkannadi.md,no,covered,/Users/pugazhendhirajendran/Documents/Codex/2026-07-09/https-www-annavinpadaippugal-info/outputs/annavin_text_extractor/organized_contents/katturaigal/kaalakkannadi.md
http://www.annavinpadaippugal.info/katturaigal/kaalakkannadi_thadithandavarayan.htm,200,katturaigal/kaalakkannadi_thadithandavarayan.md,no,covered,/Users/pugazhendhirajendran/Documents/Codex/2026-07-09/https-www-annavinpadaippugal-info/outputs/annavin_text_extractor/organized_contents/katturaigal/kaalakkannadi_thadithandavarayan.md
http://www.annavinpadaippugal.info/katturaigal/kaalam_kettupochu.htm,200,katturaigal/kaalam_kettupochu.md,no,covered,/Users/pugazhendhirajendran/Documents/Codex/2026-07-09/https-www-annavinpadaippugal-info/outputs/annavin_text_extractor/organized_contents/katturaigal/kaalam_kettupochu.md
http://www.annavinpadaippugal.info/katturaigal/kaalam_maarivittathu.htm,200,katturaigal/kaalam_maarivittathu.md,no,covered,/Users/pugazhendhirajendran/Documents/Codex/2026-07-09/https-www-annavinpadaippugal-info/outputs/annavin_text_extractor/organized_contents/katturaigal/kaalam_maarivittathu.md
http://www.annavinpadaippugal.info/katturaigal/kaalamae.htm,200,katturaigal/kaalamae.md,no,covered,/Users/pugazhendhirajendran/Documents/Codex/2026-07-09/https-www-annavinpadaippugal-info/outputs/annavin_text_extractor/organized_contents/katturaigal/kaalamae.md
http://www.annavinpadaippugal.info/katturaigal/kaalavegam.htm,200,katturaigal/kaalavegam.md,no,covered,/Users/pugazhendhirajendran/Documents/Codex/2026-07-09/https-www-annavinpadaippugal-info/outputs/annavin_text_extractor/organized_contents/katturaigal/kaalavegam.md
http://www.annavinpadaippugal.info/katturaigal/kaanamalpona.htm,200,katturaigal/kaanamalpona.md,no,covered,/Users/pugazhendhirajendran/Documents/Codex/2026-07-09/https-www-annavinpadaippugal-info/outputs/annavin_text_extractor/organized_contents/katturaigal/kaanamalpona.md
http://www.annavinpadaippugal.info/katturaigal/kaanatha_kaatchi.htm,200,katturaigal/kaanatha_kaatchi.md,no,covered,/Users/pugazhendhirajendran/Documents/Codex/2026-07-09/https-www-annavinpadaippugal-info/outputs/annavin_text_extractor/organized_contents/katturaigal/kaanatha_kaatchi.md
http://www.annavinpadaippugal.info/katturaigal/kaariyamaatra.htm,200,katturaigal/kaariyamaatra.md,no,covered,/Users/pugazhendhirajendran/Documents/Codex/2026-07-09/https-www-annavinpadaippugal-info/outputs/annavin_text_extractor/organized_contents/katturaigal/kaariyamaatra.md
http://www.annavinpadaippugal.info/katturaigal/kaaspaeri.htm,200,katturaigal/kaaspaeri.md,no,covered,/Users/pugazhendhirajendran/Documents/Codex/2026-07-09/https-www-annavinpadaippugal-info/outputs/annavin_text_extractor/organized_contents/katturaigal/kaaspaeri.md
http://www.annavinpadaippugal.info/katturaigal/kaatatchi.htm,200,katturaigal/kaatatchi.md,no,covered,/Users/pugazhendhirajendran/Documents/Codex/2026-07-09/https-www-annavinpadaippugal-info/outputs/annavin_text_extractor/organized_contents/katturaigal/kaatatchi.md
http://www.annavinpadaippugal.info/katturaigal/kaatchiyum_karuthum.htm,200,katturaigal/kaatchiyum_karuthum.md,no,covered,/Users/pugazhendhirajendran/Documents/Codex/2026-07-09/https-www-annavinpadaippugal-info/outputs/annavin_text_extractor/organized_contents/katturaigal/kaatchiyum_karuthum.md
http://www.annavinpadaippugal.info/katturaigal/kaayamae_ithu_poyyada.htm,200,katturaigal/kaayamae_ithu_poyyada.md,no,covered,/Users/pugazhendhirajendran/Documents/Codex/2026-07-09/https-www-annavinpadaippugal-info/outputs/annavin_text_extractor/organized_contents/katturaigal/kaayamae_ithu_poyyada.md
http://www.annavinpadaippugal.info/katturaigal/kadai.htm,200,katturaigal/kadai.md,no,covered,/Users/pugazhendhirajendran/Documents/Codex/2026-07-09/https-www-annavinpadaippugal-info/outputs/annavin_text_extractor/organized_contents/katturaigal/kadai.md
http://www.annavinpadaippugal.info/katturaigal/kadaisikkattam.htm,200,katturaigal/kadaisikkattam.md,no,covered,/Users/pugazhendhirajendran/Documents/Codex/2026-07-09/https-www-annavinpadaippugal-info/outputs/annavin_text_extractor/organized_contents/katturaigal/kadaisikkattam.md
http://www.annavinpadaippugal.info/katturaigal/kadal_kadakkum_kangal.htm,200,katturaigal/kadal_kadakkum_kangal.md,no,covered,/Users/pugazhendhirajendran/Documents/Codex/2026-07-09/https-www-annavinpadaippugal-info/outputs/annavin_text_extractor/organized_contents/katturaigal/kadal_kadakkum_kangal.md
http://www.annavinpadaippugal.info/katturaigal/kadamai_ariyakaranthugal.htm,200,katturaigal/kadamai_ariyakaranthugal.md,no,covered,/Users/pugazhendhirajendran/Documents/Codex/2026-07-09/https-www-annavinpadaippugal-info/outputs/annavin_text_extractor/organized_contents/katturaigal/kadamai_ariyakaranthugal.md
http://www.annavinpadaippugal.info/katturaigal/kadamai_unarchi.htm,200,katturaigal/kadamai_unarchi.md,no,covered,/Users/pugazhendhirajendran/Documents/Codex/2026-07-09/https-www-annavinpadaippugal-info/outputs/annavin_text_extractor/organized_contents/katturaigal/kadamai_unarchi.md
http://www.annavinpadaippugal.info/katturaigal/kadamayai_seiya.htm,200,katturaigal/kadamayai_seiya.md,no,covered,/Users/pugazhendhirajendran/Documents/Codex/2026-07-09/https-www-annavinpadaippugal-info/outputs/annavin_text_extractor/organized_contents/katturaigal/kadamayai_seiya.md
http://www.annavinpadaippugal.info/katturaigal/kadavul_sivan.htm,200,katturaigal/kadavul_sivan.md,no,covered,/Users/pugazhendhirajendran/Documents/Codex/2026-07-09/https-www-annavinpadaippugal-info/outputs/annavin_text_extractor/organized_contents/katturaigal/kadavul_sivan.md
http://www.annavinpadaippugal.info/katturaigal/kadavul_vilakkam.htm,200,katturaigal/kadavul_vilakkam.md,no,covered,/Users/pugazhendhirajendran/Documents/Codex/2026-07-09/https-www-annavinpadaippugal-info/outputs/annavin_text_extractor/organized_contents/katturaigal/kadavul_vilakkam.md
http://www.annavinpadaippugal.info/katturaigal/kaelviyum_bathilum091147.htm,200,katturaigal/kaelviyum_bathilum091147.md,no,covered,/Users/pugazhendhirajendran/Documents/Codex/2026-07-09/https-www-annavinpadaippugal-info/outputs/annavin_text_extractor/organized_contents/katturaigal/kaelviyum_bathilum091147.md
http://www.annavinpadaippugal.info/katturaigal/kaelviyum_bathilum201147.htm,200,katturaigal/kaelviyum_bathilum201147.md,no,covered,/Users/pugazhendhirajendran/Documents/Codex/2026-07-09/https-www-annavinpadaippugal-info/outputs/annavin_text_extractor/organized_contents/katturaigal/kaelviyum_bathilum201147.md
http://www.annavinpadaippugal.info/katturaigal/kaelviyum_bathilum_16_11_47.htm,200,katturaigal/kaelviyum_bathilum_16_11_47.md,no,covered,/Users/pugazhendhirajendran/Documents/Codex/2026-07-09/https-www-annavinpadaippugal-info/outputs/annavin_text_extractor/organized_contents/katturaigal/kaelviyum_bathilum_16_11_47.md
http://www.annavinpadaippugal.info/katturaigal/kaelviyum_bathilum_21_12_47.htm,200,katturaigal/kaelviyum_bathilum_21_12_47.md,no,covered,/Users/pugazhendhirajendran/Documents/Codex/2026-07-09/https-www-annavinpadaippugal-info/outputs/annavin_text_extractor/organized_contents/katturaigal/kaelviyum_bathilum_21_12_47.md
http://www.annavinpadaippugal.info/katturaigal/kaelviyum_bathilum_28_12_47.htm,200,katturaigal/kaelviyum_bathilum_28_12_47.md,no,covered,/Users/pugazhendhirajendran/Documents/Codex/2026-07-09/https-www-annavinpadaippugal-info/outputs/annavin_text_extractor/organized_contents/katturaigal/kaelviyum_bathilum_28_12_47.md
http://www.annavinpadaippugal.info/katturaigal/kaetathu_vaazhvu.htm,200,katturaigal/kaetathu_vaazhvu.md,no,covered,/Users/pugazhendhirajendran/Documents/Codex/2026-07-09/https-www-annavinpadaippugal-info/outputs/annavin_text_extractor/organized_contents/katturaigal/kaetathu_vaazhvu.md
http://www.annavinpadaippugal.info/katturaigal/kaeteergala.htm,200,katturaigal/kaeteergala.md,no,covered,/Users/pugazhendhirajendran/Documents/Codex/2026-07-09/https-www-annavinpadaippugal-info/outputs/annavin_text_extractor/organized_contents/katturaigal/kaeteergala.md
http://www.annavinpadaippugal.info/katturaigal/kaithari.htm,200,katturaigal/kaithari.md,no,covered,/Users/pugazhendhirajendran/Documents/Codex/2026-07-09/https-www-annavinpadaippugal-info/outputs/annavin_text_extractor/organized_contents/katturaigal/kaithari.md
http://www.annavinpadaippugal.info/katturaigal/kaiyil_oomai.htm,200,katturaigal/kaiyil_oomai.md,no,covered,/Users/pugazhendhirajendran/Documents/Codex/2026-07-09/https-www-annavinpadaippugal-info/outputs/annavin_text_extractor/organized_contents/katturaigal/kaiyil_oomai.md
http://www.annavinpadaippugal.info/katturaigal/kalai_oli.htm,200,katturaigal/kalai_oli.md,no,covered,/Users/pugazhendhirajendran/Documents/Codex/2026-07-09/https-www-annavinpadaippugal-info/outputs/annavin_text_extractor/organized_contents/katturaigal/kalai_oli.md
http://www.annavinpadaippugal.info/katturaigal/kalai_puratchi.htm,200,katturaigal/kalai_puratchi.md,no,covered,/Users/pugazhendhirajendran/Documents/Codex/2026-07-09/https-www-annavinpadaippugal-info/outputs/annavin_text_extractor/organized_contents/katturaigal/kalai_puratchi.md
http://www.annavinpadaippugal.info/katturaigal/kalaignar_urimayil.htm,200,katturaigal/kalaignar_urimayil.md,no,covered,/Users/pugazhendhirajendran/Documents/Codex/2026-07-09/https-www-annavinpadaippugal-info/outputs/annavin_text_extractor/organized_contents/katturaigal/kalaignar_urimayil.md
http://www.annavinpadaippugal.info/katturaigal/kalaivazhi.htm,200,katturaigal/kalaivazhi.md,no,covered,/Users/pugazhendhirajendran/Documents/Codex/2026-07-09/https-www-annavinpadaippugal-info/outputs/annavin_text_extractor/organized_contents/katturaigal/kalaivazhi.md
http://www.annavinpadaippugal.info/katturaigal/kalaivizhi.htm,200,katturaigal/kalaivizhi.md,no,covered,/Users/pugazhendhirajendran/Documents/Codex/2026-07-09/https-www-annavinpadaippugal-info/outputs/annavin_text_extractor/organized_contents/katturaigal/kalaivizhi.md
http://www.annavinpadaippugal.info/katturaigal/kalaiyum_padukolaiyum.htm,200,katturaigal/kalaiyum_padukolaiyum.md,no,covered,/Users/pugazhendhirajendran/Documents/Codex/2026-07-09/https-www-annavinpadaippugal-info/outputs/annavin_text_extractor/organized_contents/katturaigal/kalaiyum_padukolaiyum.md
http://www.annavinpadaippugal.info/katturaigal/kalangum_ilangai.htm,200,katturaigal/kalangum_ilangai.md,no,covered,/Users/pugazhendhirajendran/Documents/Codex/2026-07-09/https-www-annavinpadaippugal-info/outputs/annavin_text_extractor/organized_contents/katturaigal/kalangum_ilangai.md
http://www.annavinpadaippugal.info/katturaigal/kalanjiam_kaana.htm,200,katturaigal/kalanjiam_kaana.md,no,covered,/Users/pugazhendhirajendran/Documents/Codex/2026-07-09/https-www-annavinpadaippugal-info/outputs/annavin_text_extractor/organized_contents/katturaigal/kalanjiam_kaana.md
http://www.annavinpadaippugal.info/katturaigal/kalarasigargal.htm,200,katturaigal/kalarasigargal.md,no,covered,/Users/pugazhendhirajendran/Documents/Codex/2026-07-09/https-www-annavinpadaippugal-info/outputs/annavin_text_extractor/organized_contents/katturaigal/kalarasigargal.md
http://www.annavinpadaippugal.info/katturaigal/kalathil_kavalai.htm,200,katturaigal/kalathil_kavalai.md,no,covered,/Users/pugazhendhirajendran/Documents/Codex/2026-07-09/https-www-annavinpadaippugal-info/outputs/annavin_text_extractor/organized_contents/katturaigal/kalathil_kavalai.md
http://www.annavinpadaippugal.info/katturaigal/kalimannum.htm,200,katturaigal/kalimannum.md,no,covered,/Users/pugazhendhirajendran/Documents/Codex/2026-07-09/https-www-annavinpadaippugal-info/outputs/annavin_text_extractor/organized_contents/katturaigal/kalimannum.md
http://www.annavinpadaippugal.info/katturaigal/kalippum.htm,200,katturaigal/kalippum.md,no,covered,/Users/pugazhendhirajendran/Documents/Codex/2026-07-09/https-www-annavinpadaippugal-info/outputs/annavin_text_extractor/organized_contents/katturaigal/kalippum.md
http://www.annavinpadaippugal.info/katturaigal/kalkathavil_oru_samuga.htm,200,katturaigal/kalkathavil_oru_samuga.md,no,covered,/Users/pugazhendhirajendran/Documents/Codex/2026-07-09/https-www-annavinpadaippugal-info/outputs/annavin_text_extractor/organized_contents/katturaigal/kalkathavil_oru_samuga.md
http://www.annavinpadaippugal.info/katturaigal/kallakkudi_ara.htm,200,katturaigal/kallakkudi_ara.md,no,covered,/Users/pugazhendhirajendran/Documents/Codex/2026-07-09/https-www-annavinpadaippugal-info/outputs/annavin_text_extractor/organized_contents/katturaigal/kallakkudi_ara.md
http://www.annavinpadaippugal.info/katturaigal/kallarai_kandu_kalangatheer.htm,200,katturaigal/kallarai_kandu_kalangatheer.md,no,covered,/Users/pugazhendhirajendran/Documents/Codex/2026-07-09/https-www-annavinpadaippugal-info/outputs/annavin_text_extractor/organized_contents/katturaigal/kallarai_kandu_kalangatheer.md
http://www.annavinpadaippugal.info/katturaigal/kalvi_kazhagam_1.htm,200,katturaigal/kalvi_kazhagam.md,yes,covered,/Users/pugazhendhirajendran/Documents/Codex/2026-07-09/https-www-annavinpadaippugal-info/outputs/annavin_text_extractor/organized_contents/katturaigal/kalvi_kazhagam.md
http://www.annavinpadaippugal.info/katturaigal/kalvi_kazhagam_2.html,200,katturaigal/kalvi_kazhagam.md,yes,covered,/Users/pugazhendhirajendran/Documents/Codex/2026-07-09/https-www-annavinpadaippugal-info/outputs/annavin_text_extractor/organized_contents/katturaigal/kalvi_kazhagam.md
http://www.annavinpadaippugal.info/katturaigal/kalyana.htm,200,katturaigal/kalyana.md,no,covered,/Users/pugazhendhirajendran/Documents/Codex/2026-07-09/https-www-annavinpadaippugal-info/outputs/annavin_text_extractor/organized_contents/katturaigal/kalyana.md
http://www.annavinpadaippugal.info/katturaigal/kamarajar_sambavam.htm,200,katturaigal/kamarajar_sambavam.md,no,covered,/Users/pugazhendhirajendran/Documents/Codex/2026-07-09/https-www-annavinpadaippugal-info/outputs/annavin_text_extractor/organized_contents/katturaigal/kamarajar_sambavam.md
http://www.annavinpadaippugal.info/katturaigal/kamarajar_sinthum_kanneer.htm,200,katturaigal/kamarajar_sinthum_kanneer.md,no,covered,/Users/pugazhendhirajendran/Documents/Codex/2026-07-09/https-www-annavinpadaippugal-info/outputs/annavin_text_extractor/organized_contents/katturaigal/kamarajar_sinthum_kanneer.md
http://www.annavinpadaippugal.info/katturaigal/kamavael_nadanasalayil.htm,200,katturaigal/kamavael_nadanasalayil.md,no,covered,/Users/pugazhendhirajendran/Documents/Codex/2026-07-09/https-www-annavinpadaippugal-info/outputs/annavin_text_extractor/organized_contents/katturaigal/kamavael_nadanasalayil.md
http://www.annavinpadaippugal.info/katturaigal/kamba_nanbarukku.htm,200,katturaigal/kamba_nanbarukku.md,no,covered,/Users/pugazhendhirajendran/Documents/Codex/2026-07-09/https-www-annavinpadaippugal-info/outputs/annavin_text_extractor/organized_contents/katturaigal/kamba_nanbarukku.md
http://www.annavinpadaippugal.info/katturaigal/kambar_maanadu.htm,200,katturaigal/kambar_maanadu.md,no,covered,/Users/pugazhendhirajendran/Documents/Codex/2026-07-09/https-www-annavinpadaippugal-info/outputs/annavin_text_extractor/organized_contents/katturaigal/kambar_maanadu.md
http://www.annavinpadaippugal.info/katturaigal/kambar_vizha.htm,200,katturaigal/kambar_vizha.md,no,covered,/Users/pugazhendhirajendran/Documents/Codex/2026-07-09/https-www-annavinpadaippugal-info/outputs/annavin_text_extractor/organized_contents/katturaigal/kambar_vizha.md
http://www.annavinpadaippugal.info/katturaigal/kambaramayanam_endral.htm,200,katturaigal/kambaramayanam_endral.md,no,covered,/Users/pugazhendhirajendran/Documents/Codex/2026-07-09/https-www-annavinpadaippugal-info/outputs/annavin_text_extractor/organized_contents/katturaigal/kambaramayanam_endral.md
http://www.annavinpadaippugal.info/katturaigal/kambarasam_1.htm,200,katturaigal/kambarasam.md,yes,covered,/Users/pugazhendhirajendran/Documents/Codex/2026-07-09/https-www-annavinpadaippugal-info/outputs/annavin_text_extractor/organized_contents/katturaigal/kambarasam.md
http://www.annavinpadaippugal.info/katturaigal/kambarasam_10.htm,200,katturaigal/kambarasam.md,yes,covered,/Users/pugazhendhirajendran/Documents/Codex/2026-07-09/https-www-annavinpadaippugal-info/outputs/annavin_text_extractor/organized_contents/katturaigal/kambarasam.md
http://www.annavinpadaippugal.info/katturaigal/kambarasam_11.htm,200,katturaigal/kambarasam.md,yes,covered,/Users/pugazhendhirajendran/Documents/Codex/2026-07-09/https-www-annavinpadaippugal-info/outputs/annavin_text_extractor/organized_contents/katturaigal/kambarasam.md
http://www.annavinpadaippugal.info/katturaigal/kambarasam_12.htm,200,katturaigal/kambarasam.md,yes,covered,/Users/pugazhendhirajendran/Documents/Codex/2026-07-09/https-www-annavinpadaippugal-info/outputs/annavin_text_extractor/organized_contents/katturaigal/kambarasam.md
http://www.annavinpadaippugal.info/katturaigal/kambarasam_13.htm,200,katturaigal/kambarasam.md,yes,covered,/Users/pugazhendhirajendran/Documents/Codex/2026-07-09/https-www-annavinpadaippugal-info/outputs/annavin_text_extractor/organized_contents/katturaigal/kambarasam.md
http://www.annavinpadaippugal.info/katturaigal/kambarasam_2.htm,200,katturaigal/kambarasam.md,yes,covered,/Users/pugazhendhirajendran/Documents/Codex/2026-07-09/https-www-annavinpadaippugal-info/outputs/annavin_text_extractor/organized_contents/katturaigal/kambarasam.md
http://www.annavinpadaippugal.info/katturaigal/kambarasam_3.htm,200,katturaigal/kambarasam.md,yes,covered,/Users/pugazhendhirajendran/Documents/Codex/2026-07-09/https-www-annavinpadaippugal-info/outputs/annavin_text_extractor/organized_contents/katturaigal/kambarasam.md
http://www.annavinpadaippugal.info/katturaigal/kambarasam_4.htm,200,katturaigal/kambarasam.md,yes,covered,/Users/pugazhendhirajendran/Documents/Codex/2026-07-09/https-www-annavinpadaippugal-info/outputs/annavin_text_extractor/organized_contents/katturaigal/kambarasam.md
http://www.annavinpadaippugal.info/katturaigal/kambarasam_5.htm,200,katturaigal/kambarasam.md,yes,covered,/Users/pugazhendhirajendran/Documents/Codex/2026-07-09/https-www-annavinpadaippugal-info/outputs/annavin_text_extractor/organized_contents/katturaigal/kambarasam.md
http://www.annavinpadaippugal.info/katturaigal/kambarasam_6.htm,200,katturaigal/kambarasam.md,yes,covered,/Users/pugazhendhirajendran/Documents/Codex/2026-07-09/https-www-annavinpadaippugal-info/outputs/annavin_text_extractor/organized_contents/katturaigal/kambarasam.md
http://www.annavinpadaippugal.info/katturaigal/kambarasam_7.htm,200,katturaigal/kambarasam.md,yes,covered,/Users/pugazhendhirajendran/Documents/Codex/2026-07-09/https-www-annavinpadaippugal-info/outputs/annavin_text_extractor/organized_contents/katturaigal/kambarasam.md
http://www.annavinpadaippugal.info/katturaigal/kambarasam_8.htm,200,katturaigal/kambarasam.md,yes,covered,/Users/pugazhendhirajendran/Documents/Codex/2026-07-09/https-www-annavinpadaippugal-info/outputs/annavin_text_extractor/organized_contents/katturaigal/kambarasam.md
http://www.annavinpadaippugal.info/katturaigal/kambarasam_9.htm,200,katturaigal/kambarasam.md,yes,covered,/Users/pugazhendhirajendran/Documents/Codex/2026-07-09/https-www-annavinpadaippugal-info/outputs/annavin_text_extractor/organized_contents/katturaigal/kambarasam.md
http://www.annavinpadaippugal.info/katturaigal/kanakku_paarkirom.htm,200,katturaigal/kanakku_paarkirom.md,no,covered,/Users/pugazhendhirajendran/Documents/Codex/2026-07-09/https-www-annavinpadaippugal-info/outputs/annavin_text_extractor/organized_contents/katturaigal/kanakku_paarkirom.md
http://www.annavinpadaippugal.info/katturaigal/kanavil_kanda_kannigai.htm,200,katturaigal/kanavil_kanda_kannigai.md,no,covered,/Users/pugazhendhirajendran/Documents/Codex/2026-07-09/https-www-annavinpadaippugal-info/outputs/annavin_text_extractor/organized_contents/katturaigal/kanavil_kanda_kannigai.md
http://www.annavinpadaippugal.info/katturaigal/kanavil_kavitha_mandalam.htm,200,katturaigal/kanavil_kavitha_mandalam.md,no,covered,/Users/pugazhendhirajendran/Documents/Codex/2026-07-09/https-www-annavinpadaippugal-info/outputs/annavin_text_extractor/organized_contents/katturaigal/kanavil_kavitha_mandalam.md
http://www.annavinpadaippugal.info/katturaigal/kanchi_kadavulukku.htm,200,katturaigal/kanchi_kadavulukku.md,no,covered,/Users/pugazhendhirajendran/Documents/Codex/2026-07-09/https-www-annavinpadaippugal-info/outputs/annavin_text_extractor/organized_contents/katturaigal/kanchi_kadavulukku.md
http://www.annavinpadaippugal.info/katturaigal/kanchipurathil.htm,200,katturaigal/kanchipurathil.md,no,covered,/Users/pugazhendhirajendran/Documents/Codex/2026-07-09/https-www-annavinpadaippugal-info/outputs/annavin_text_extractor/organized_contents/katturaigal/kanchipurathil.md
http://www.annavinpadaippugal.info/katturaigal/kanchipurathil_sothanai.htm,200,katturaigal/kanchipurathil_sothanai.md,no,covered,/Users/pugazhendhirajendran/Documents/Codex/2026-07-09/https-www-annavinpadaippugal-info/outputs/annavin_text_extractor/organized_contents/katturaigal/kanchipurathil_sothanai.md
http://www.annavinpadaippugal.info/katturaigal/kanchiyil_hindi.htm,200,katturaigal/kanchiyil_hindi.md,no,covered,/Users/pugazhendhirajendran/Documents/Codex/2026-07-09/https-www-annavinpadaippugal-info/outputs/annavin_text_extractor/organized_contents/katturaigal/kanchiyil_hindi.md
http://www.annavinpadaippugal.info/katturaigal/kandaerkar.htm,200,katturaigal/kandaerkar.md,no,covered,/Users/pugazhendhirajendran/Documents/Codex/2026-07-09/https-www-annavinpadaippugal-info/outputs/annavin_text_extractor/organized_contents/katturaigal/kandaerkar.md
http://www.annavinpadaippugal.info/katturaigal/kandar_magizhnthar.htm,200,katturaigal/kandar_magizhnthar.md,no,covered,/Users/pugazhendhirajendran/Documents/Codex/2026-07-09/https-www-annavinpadaippugal-info/outputs/annavin_text_extractor/organized_contents/katturaigal/kandar_magizhnthar.md
http://www.annavinpadaippugal.info/katturaigal/kandathum_kaet.htm,200,katturaigal/kandathum_kaet.md,no,covered,/Users/pugazhendhirajendran/Documents/Codex/2026-07-09/https-www-annavinpadaippugal-info/outputs/annavin_text_extractor/organized_contents/katturaigal/kandathum_kaet.md
http://www.annavinpadaippugal.info/katturaigal/kandhazhi.htm,200,katturaigal/kandhazhi.md,no,covered,/Users/pugazhendhirajendran/Documents/Codex/2026-07-09/https-www-annavinpadaippugal-info/outputs/annavin_text_extractor/organized_contents/katturaigal/kandhazhi.md
http://www.annavinpadaippugal.info/katturaigal/kanithedi_aluthapiragu.htm,200,katturaigal/kanithedi_aluthapiragu.md,no,covered,/Users/pugazhendhirajendran/Documents/Codex/2026-07-09/https-www-annavinpadaippugal-info/outputs/annavin_text_extractor/organized_contents/katturaigal/kanithedi_aluthapiragu.md
http://www.annavinpadaippugal.info/katturaigal/kannadi_veetil.html,200,katturaigal/kannadi_veetil.md,no,covered,/Users/pugazhendhirajendran/Documents/Codex/2026-07-09/https-www-annavinpadaippugal-info/outputs/annavin_text_extractor/organized_contents/katturaigal/kannadi_veetil.md
http://www.annavinpadaippugal.info/katturaigal/kannal_kandum.htm,200,katturaigal/kannal_kandum.md,no,covered,/Users/pugazhendhirajendran/Documents/Codex/2026-07-09/https-www-annavinpadaippugal-info/outputs/annavin_text_extractor/organized_contents/katturaigal/kannal_kandum.md
http://www.annavinpadaippugal.info/katturaigal/kannan_kaatiya_vazhi.htm,200,katturaigal/kannan_kaatiya_vazhi.md,no,covered,/Users/pugazhendhirajendran/Documents/Codex/2026-07-09/https-www-annavinpadaippugal-info/outputs/annavin_text_extractor/organized_contents/katturaigal/kannan_kaatiya_vazhi.md
http://www.annavinpadaippugal.info/katturaigal/kannaya.htm,200,katturaigal/kannaya.md,no,covered,/Users/pugazhendhirajendran/Documents/Codex/2026-07-09/https-www-annavinpadaippugal-info/outputs/annavin_text_extractor/organized_contents/katturaigal/kannaya.md
http://www.annavinpadaippugal.info/katturaigal/kanneer_thudaikka.htm,200,katturaigal/kanneer_thudaikka.md,no,covered,/Users/pugazhendhirajendran/Documents/Codex/2026-07-09/https-www-annavinpadaippugal-info/outputs/annavin_text_extractor/organized_contents/katturaigal/kanneer_thudaikka.md
http://www.annavinpadaippugal.info/katturaigal/kanneer_thuligal.htm,200,katturaigal/kanneer_thuligal.md,no,covered,/Users/pugazhendhirajendran/Documents/Codex/2026-07-09/https-www-annavinpadaippugal-info/outputs/annavin_text_extractor/organized_contents/katturaigal/kanneer_thuligal.md
http://www.annavinpadaippugal.info/katturaigal/karunchattai_sarkkar.htm,200,katturaigal/karunchattai_sarkkar.md,no,covered,/Users/pugazhendhirajendran/Documents/Codex/2026-07-09/https-www-annavinpadaippugal-info/outputs/annavin_text_extractor/organized_contents/katturaigal/karunchattai_sarkkar.md
http://www.annavinpadaippugal.info/katturaigal/karunchattayum_thadai.htm,200,katturaigal/karunchattayum_thadai.md,no,covered,/Users/pugazhendhirajendran/Documents/Codex/2026-07-09/https-www-annavinpadaippugal-info/outputs/annavin_text_extractor/organized_contents/katturaigal/karunchattayum_thadai.md
http://www.annavinpadaippugal.info/katturaigal/karungadalil.htm,200,katturaigal/karungadalil.md,no,covered,/Users/pugazhendhirajendran/Documents/Codex/2026-07-09/https-www-annavinpadaippugal-info/outputs/annavin_text_extractor/organized_contents/katturaigal/karungadalil.md
http://www.annavinpadaippugal.info/katturaigal/karunguzhiyar.htm,200,katturaigal/karunguzhiyar.md,no,covered,/Users/pugazhendhirajendran/Documents/Codex/2026-07-09/https-www-annavinpadaippugal-info/outputs/annavin_text_extractor/organized_contents/katturaigal/karunguzhiyar.md
http://www.annavinpadaippugal.info/katturaigal/karuppu_kodi.htm,200,katturaigal/karuppu_kodi.md,no,covered,/Users/pugazhendhirajendran/Documents/Codex/2026-07-09/https-www-annavinpadaippugal-info/outputs/annavin_text_extractor/organized_contents/katturaigal/karuppu_kodi.md
http://www.annavinpadaippugal.info/katturaigal/karuthalikkum.htm,200,katturaigal/karuthalikkum.md,no,covered,/Users/pugazhendhirajendran/Documents/Codex/2026-07-09/https-www-annavinpadaippugal-info/outputs/annavin_text_extractor/organized_contents/katturaigal/karuthalikkum.md
http://www.annavinpadaippugal.info/katturaigal/karuthu_alaya.htm,200,katturaigal/karuthu_alaya.md,no,covered,/Users/pugazhendhirajendran/Documents/Codex/2026-07-09/https-www-annavinpadaippugal-info/outputs/annavin_text_extractor/organized_contents/katturaigal/karuthu_alaya.md
http://www.annavinpadaippugal.info/katturaigal/kashmiril_puthiyapoar.htm,200,katturaigal/kashmiril_puthiyapoar.md,no,covered,/Users/pugazhendhirajendran/Documents/Codex/2026-07-09/https-www-annavinpadaippugal-info/outputs/annavin_text_extractor/organized_contents/katturaigal/kashmiril_puthiyapoar.md
http://www.annavinpadaippugal.info/katturaigal/katchiyil_kadavul.htm,200,katturaigal/katchiyil_kadavul.md,no,covered,/Users/pugazhendhirajendran/Documents/Codex/2026-07-09/https-www-annavinpadaippugal-info/outputs/annavin_text_extractor/organized_contents/katturaigal/katchiyil_kadavul.md
http://www.annavinpadaippugal.info/katturaigal/kathamba_kesari.html,200,katturaigal/kathamba_kesari.md,no,covered,/Users/pugazhendhirajendran/Documents/Codex/2026-07-09/https-www-annavinpadaippugal-info/outputs/annavin_text_extractor/organized_contents/katturaigal/kathamba_kesari.md
http://www.annavinpadaippugal.info/katturaigal/kathiravan_kottagayil.htm,200,katturaigal/kathiravan_kottagayil.md,no,covered,/Users/pugazhendhirajendran/Documents/Codex/2026-07-09/https-www-annavinpadaippugal-info/outputs/annavin_text_extractor/organized_contents/katturaigal/kathiravan_kottagayil.md
http://www.annavinpadaippugal.info/katturaigal/kathiresarukku.htm,200,katturaigal/kathiresarukku.md,no,covered,/Users/pugazhendhirajendran/Documents/Codex/2026-07-09/https-www-annavinpadaippugal-info/outputs/annavin_text_extractor/organized_contents/katturaigal/kathiresarukku.md
http://www.annavinpadaippugal.info/katturaigal/kattaiviral.htm,200,katturaigal/kattaiviral.md,no,covered,/Users/pugazhendhirajendran/Documents/Codex/2026-07-09/https-www-annavinpadaippugal-info/outputs/annavin_text_extractor/organized_contents/katturaigal/kattaiviral.md
http://www.annavinpadaippugal.info/katturaigal/kattakkarar_pirivu.htm,200,katturaigal/kattakkarar_pirivu.md,no,covered,/Users/pugazhendhirajendran/Documents/Codex/2026-07-09/https-www-annavinpadaippugal-info/outputs/annavin_text_extractor/organized_contents/katturaigal/kattakkarar_pirivu.md
http://www.annavinpadaippugal.info/katturaigal/kattaya_hindi_vaendam.htm,200,katturaigal/kattaya_hindi_vaendam.md,no,covered,/Users/pugazhendhirajendran/Documents/Codex/2026-07-09/https-www-annavinpadaippugal-info/outputs/annavin_text_extractor/organized_contents/katturaigal/kattaya_hindi_vaendam.md
http://www.annavinpadaippugal.info/katturaigal/kavithai_kuyil.htm,200,katturaigal/kavithai_kuyil.md,no,covered,/Users/pugazhendhirajendran/Documents/Codex/2026-07-09/https-www-annavinpadaippugal-info/outputs/annavin_text_extractor/organized_contents/katturaigal/kavithai_kuyil.md
http://www.annavinpadaippugal.info/katturaigal/kaviyarasi.htm,200,katturaigal/kaviyarasi.md,no,covered,/Users/pugazhendhirajendran/Documents/Codex/2026-07-09/https-www-annavinpadaippugal-info/outputs/annavin_text_extractor/organized_contents/katturaigal/kaviyarasi.md
http://www.annavinpadaippugal.info/katturaigal/kazhaga_nilai.htm,200,katturaigal/kazhaga_nilai.md,no,covered,/Users/pugazhendhirajendran/Documents/Codex/2026-07-09/https-www-annavinpadaippugal-info/outputs/annavin_text_extractor/organized_contents/katturaigal/kazhaga_nilai.md
http://www.annavinpadaippugal.info/katturaigal/kazhaga_pani.htm,200,katturaigal/kazhaga_pani.md,no,covered,/Users/pugazhendhirajendran/Documents/Codex/2026-07-09/https-www-annavinpadaippugal-info/outputs/annavin_text_extractor/organized_contents/katturaigal/kazhaga_pani.md
http://www.annavinpadaippugal.info/katturaigal/kazhagakural.htm,200,katturaigal/kazhagakural.md,no,covered,/Users/pugazhendhirajendran/Documents/Codex/2026-07-09/https-www-annavinpadaippugal-info/outputs/annavin_text_extractor/organized_contents/katturaigal/kazhagakural.md
http://www.annavinpadaippugal.info/katturaigal/kazhagamum.htm,200,katturaigal/kazhagamum.md,no,covered,/Users/pugazhendhirajendran/Documents/Codex/2026-07-09/https-www-annavinpadaippugal-info/outputs/annavin_text_extractor/organized_contents/katturaigal/kazhagamum.md
http://www.annavinpadaippugal.info/katturaigal/keelatchebam.htm,200,katturaigal/keelatchebam.md,no,covered,/Users/pugazhendhirajendran/Documents/Codex/2026-07-09/https-www-annavinpadaippugal-info/outputs/annavin_text_extractor/organized_contents/katturaigal/keelatchebam.md
http://www.annavinpadaippugal.info/katturaigal/keevum_pocha.htm,200,katturaigal/keevum_pocha.md,no,covered,/Users/pugazhendhirajendran/Documents/Codex/2026-07-09/https-www-annavinpadaippugal-info/outputs/annavin_text_extractor/organized_contents/katturaigal/keevum_pocha.md
http://www.annavinpadaippugal.info/katturaigal/keezhae_vizhuntha.htm,200,katturaigal/keezhae_vizhuntha.md,no,covered,/Users/pugazhendhirajendran/Documents/Codex/2026-07-09/https-www-annavinpadaippugal-info/outputs/annavin_text_extractor/organized_contents/katturaigal/keezhae_vizhuntha.md
http://www.annavinpadaippugal.info/katturaigal/keirovil_kazhugu.htm,200,katturaigal/keirovil_kazhugu.md,no,covered,/Users/pugazhendhirajendran/Documents/Codex/2026-07-09/https-www-annavinpadaippugal-info/outputs/annavin_text_extractor/organized_contents/katturaigal/keirovil_kazhugu.md
http://www.annavinpadaippugal.info/katturaigal/khati_and_khaki.htm,200,katturaigal/khati_and_khaki.md,no,covered,/Users/pugazhendhirajendran/Documents/Codex/2026-07-09/https-www-annavinpadaippugal-info/outputs/annavin_text_extractor/organized_contents/katturaigal/khati_and_khaki.md
http://www.annavinpadaippugal.info/katturaigal/kilisthan.htm,200,katturaigal/kilisthan.md,no,covered,/Users/pugazhendhirajendran/Documents/Codex/2026-07-09/https-www-annavinpadaippugal-info/outputs/annavin_text_extractor/organized_contents/katturaigal/kilisthan.md
http://www.annavinpadaippugal.info/katturaigal/kinthanar.htm,200,katturaigal/kinthanar.md,no,covered,/Users/pugazhendhirajendran/Documents/Codex/2026-07-09/https-www-annavinpadaippugal-info/outputs/annavin_text_extractor/organized_contents/katturaigal/kinthanar.md
http://www.annavinpadaippugal.info/katturaigal/kitkinthayil_grips.htm,200,katturaigal/kitkinthayil_grips.md,no,covered,/Users/pugazhendhirajendran/Documents/Codex/2026-07-09/https-www-annavinpadaippugal-info/outputs/annavin_text_extractor/organized_contents/katturaigal/kitkinthayil_grips.md
http://www.annavinpadaippugal.info/katturaigal/koadu_uyarthathu.htm,200,katturaigal/koadu_uyarthathu.md,no,covered,/Users/pugazhendhirajendran/Documents/Codex/2026-07-09/https-www-annavinpadaippugal-info/outputs/annavin_text_extractor/organized_contents/katturaigal/koadu_uyarthathu.md
http://www.annavinpadaippugal.info/katturaigal/koalappuril_moondathee.htm,200,katturaigal/koalappuril_moondathee.md,no,covered,/Users/pugazhendhirajendran/Documents/Codex/2026-07-09/https-www-annavinpadaippugal-info/outputs/annavin_text_extractor/organized_contents/katturaigal/koalappuril_moondathee.md
http://www.annavinpadaippugal.info/katturaigal/koattai_sarigirathu.htm,200,katturaigal/koattai_sarigirathu.md,no,covered,/Users/pugazhendhirajendran/Documents/Codex/2026-07-09/https-www-annavinpadaippugal-info/outputs/annavin_text_extractor/organized_contents/katturaigal/koattai_sarigirathu.md
http://www.annavinpadaippugal.info/katturaigal/koattaikullae.htm,200,katturaigal/koattaikullae.md,no,covered,/Users/pugazhendhirajendran/Documents/Codex/2026-07-09/https-www-annavinpadaippugal-info/outputs/annavin_text_extractor/organized_contents/katturaigal/koattaikullae.md
http://www.annavinpadaippugal.info/katturaigal/kodaivallal_chettinattarasar.htm,200,katturaigal/kodaivallal_chettinattarasar.md,no,covered,/Users/pugazhendhirajendran/Documents/Codex/2026-07-09/https-www-annavinpadaippugal-info/outputs/annavin_text_extractor/organized_contents/katturaigal/kodaivallal_chettinattarasar.md
http://www.annavinpadaippugal.info/katturaigal/kodumai_kodumai.htm,200,katturaigal/kodumai_kodumai.md,no,covered,/Users/pugazhendhirajendran/Documents/Codex/2026-07-09/https-www-annavinpadaippugal-info/outputs/annavin_text_extractor/organized_contents/katturaigal/kodumai_kodumai.md
http://www.annavinpadaippugal.info/katturaigal/koduvaal_thaduppeer.htm,200,katturaigal/koduvaal_thaduppeer.md,no,covered,/Users/pugazhendhirajendran/Documents/Codex/2026-07-09/https-www-annavinpadaippugal-info/outputs/annavin_text_extractor/organized_contents/katturaigal/koduvaal_thaduppeer.md
http://www.annavinpadaippugal.info/katturaigal/kolaenthivittar.htm,200,katturaigal/kolaenthivittar.md,no,covered,/Users/pugazhendhirajendran/Documents/Codex/2026-07-09/https-www-annavinpadaippugal-info/outputs/annavin_text_extractor/organized_contents/katturaigal/kolaenthivittar.md
http://www.annavinpadaippugal.info/katturaigal/kolar_kodumai.htm,200,katturaigal/kolar_kodumai.md,no,covered,/Users/pugazhendhirajendran/Documents/Codex/2026-07-09/https-www-annavinpadaippugal-info/outputs/annavin_text_extractor/organized_contents/katturaigal/kolar_kodumai.md
http://www.annavinpadaippugal.info/katturaigal/koluppommai.htm,200,katturaigal/koluppommai.md,no,covered,/Users/pugazhendhirajendran/Documents/Codex/2026-07-09/https-www-annavinpadaippugal-info/outputs/annavin_text_extractor/organized_contents/katturaigal/koluppommai.md
http://www.annavinpadaippugal.info/katturaigal/koluthuvathu.htm,200,katturaigal/koluthuvathu.md,no,covered,/Users/pugazhendhirajendran/Documents/Codex/2026-07-09/https-www-annavinpadaippugal-info/outputs/annavin_text_extractor/organized_contents/katturaigal/koluthuvathu.md
http://www.annavinpadaippugal.info/katturaigal/koondilirunthu_veliyae.htm,200,katturaigal/koondilirunthu_veliyae.md,no,covered,/Users/pugazhendhirajendran/Documents/Codex/2026-07-09/https-www-annavinpadaippugal-info/outputs/annavin_text_extractor/organized_contents/katturaigal/koondilirunthu_veliyae.md
http://www.annavinpadaippugal.info/katturaigal/koonooril.htm,200,katturaigal/koonooril.md,no,covered,/Users/pugazhendhirajendran/Documents/Codex/2026-07-09/https-www-annavinpadaippugal-info/outputs/annavin_text_extractor/organized_contents/katturaigal/koonooril.md
http://www.annavinpadaippugal.info/katturaigal/kosuvai_kollum_isai.htm,200,katturaigal/kosuvai_kollum_isai.md,no,covered,/Users/pugazhendhirajendran/Documents/Codex/2026-07-09/https-www-annavinpadaippugal-info/outputs/annavin_text_extractor/organized_contents/katturaigal/kosuvai_kollum_isai.md
http://www.annavinpadaippugal.info/katturaigal/kothanar.htm,200,katturaigal/kothanar.md,no,covered,/Users/pugazhendhirajendran/Documents/Codex/2026-07-09/https-www-annavinpadaippugal-info/outputs/annavin_text_extractor/organized_contents/katturaigal/kothanar.md
http://www.annavinpadaippugal.info/katturaigal/kovai_vaareer.htm,200,katturaigal/kovai_vaareer.md,no,covered,/Users/pugazhendhirajendran/Documents/Codex/2026-07-09/https-www-annavinpadaippugal-info/outputs/annavin_text_extractor/organized_contents/katturaigal/kovai_vaareer.md
http://www.annavinpadaippugal.info/katturaigal/kovanandikalidayae.htm,200,katturaigal/kovanandikalidayae.md,no,covered,/Users/pugazhendhirajendran/Documents/Codex/2026-07-09/https-www-annavinpadaippugal-info/outputs/annavin_text_extractor/organized_contents/katturaigal/kovanandikalidayae.md
http://www.annavinpadaippugal.info/katturaigal/kovil_karai.htm,200,katturaigal/kovil_karai.md,no,covered,/Users/pugazhendhirajendran/Documents/Codex/2026-07-09/https-www-annavinpadaippugal-info/outputs/annavin_text_extractor/organized_contents/katturaigal/kovil_karai.md
http://www.annavinpadaippugal.info/katturaigal/kudiyatchi_komaan_1.htm,200,katturaigal/kudiyatchi_komaan.md,yes,covered,/Users/pugazhendhirajendran/Documents/Codex/2026-07-09/https-www-annavinpadaippugal-info/outputs/annavin_text_extractor/organized_contents/katturaigal/kudiyatchi_komaan.md
http://www.annavinpadaippugal.info/katturaigal/kudiyatchi_komaan_2.htm,200,katturaigal/kudiyatchi_komaan.md,yes,covered,/Users/pugazhendhirajendran/Documents/Codex/2026-07-09/https-www-annavinpadaippugal-info/outputs/annavin_text_extractor/organized_contents/katturaigal/kudiyatchi_komaan.md
http://www.annavinpadaippugal.info/katturaigal/kudiyatchi_komaan_3.htm,200,katturaigal/kudiyatchi_komaan.md,yes,covered,/Users/pugazhendhirajendran/Documents/Codex/2026-07-09/https-www-annavinpadaippugal-info/outputs/annavin_text_extractor/organized_contents/katturaigal/kudiyatchi_komaan.md
http://www.annavinpadaippugal.info/katturaigal/kudukuduppai.htm,200,katturaigal/kudukuduppai.md,no,covered,/Users/pugazhendhirajendran/Documents/Codex/2026-07-09/https-www-annavinpadaippugal-info/outputs/annavin_text_extractor/organized_contents/katturaigal/kudukuduppai.md
http://www.annavinpadaippugal.info/katturaigal/kulirntha_kaatru.htm,200,katturaigal/kulirntha_kaatru.md,no,covered,/Users/pugazhendhirajendran/Documents/Codex/2026-07-09/https-www-annavinpadaippugal-info/outputs/annavin_text_extractor/organized_contents/katturaigal/kulirntha_kaatru.md
http://www.annavinpadaippugal.info/katturaigal/kumbakonathil.html,200,katturaigal/kumbakonathil.md,no,covered,/Users/pugazhendhirajendran/Documents/Codex/2026-07-09/https-www-annavinpadaippugal-info/outputs/annavin_text_extractor/organized_contents/katturaigal/kumbakonathil.md
http://www.annavinpadaippugal.info/katturaigal/kundrathooril_jalian.htm,200,katturaigal/kundrathooril_jalian.md,no,covered,/Users/pugazhendhirajendran/Documents/Codex/2026-07-09/https-www-annavinpadaippugal-info/outputs/annavin_text_extractor/organized_contents/katturaigal/kundrathooril_jalian.md
http://www.annavinpadaippugal.info/katturaigal/kundrathur_korathandavam.htm,200,katturaigal/kundrathur_korathandavam.md,no,covered,/Users/pugazhendhirajendran/Documents/Codex/2026-07-09/https-www-annavinpadaippugal-info/outputs/annavin_text_extractor/organized_contents/katturaigal/kundrathur_korathandavam.md
http://www.annavinpadaippugal.info/katturaigal/kundratthur.htm,200,katturaigal/kundratthur.md,no,covered,/Users/pugazhendhirajendran/Documents/Codex/2026-07-09/https-www-annavinpadaippugal-info/outputs/annavin_text_extractor/organized_contents/katturaigal/kundratthur.md
http://www.annavinpadaippugal.info/katturaigal/kundratthur_kodumaigal.htm,200,katturaigal/kundratthur_kodumaigal.md,no,covered,/Users/pugazhendhirajendran/Documents/Codex/2026-07-09/https-www-annavinpadaippugal-info/outputs/annavin_text_extractor/organized_contents/katturaigal/kundratthur_kodumaigal.md
http://www.annavinpadaippugal.info/katturaigal/kuppai_maettu.htm,200,katturaigal/kuppai_maettu.md,no,covered,/Users/pugazhendhirajendran/Documents/Codex/2026-07-09/https-www-annavinpadaippugal-info/outputs/annavin_text_extractor/organized_contents/katturaigal/kuppai_maettu.md
http://www.annavinpadaippugal.info/katturaigal/kuraimathialla.htm,200,katturaigal/kuraimathialla.md,no,covered,/Users/pugazhendhirajendran/Documents/Codex/2026-07-09/https-www-annavinpadaippugal-info/outputs/annavin_text_extractor/organized_contents/katturaigal/kuraimathialla.md
http://www.annavinpadaippugal.info/katturaigal/kurangattam.htm,200,katturaigal/kurangattam.md,no,covered,/Users/pugazhendhirajendran/Documents/Codex/2026-07-09/https-www-annavinpadaippugal-info/outputs/annavin_text_extractor/organized_contents/katturaigal/kurangattam.md
http://www.annavinpadaippugal.info/katturaigal/kurippugal_14_12_47.htm,200,katturaigal/kurippugal_14_12_47.md,no,covered,/Users/pugazhendhirajendran/Documents/Codex/2026-07-09/https-www-annavinpadaippugal-info/outputs/annavin_text_extractor/organized_contents/katturaigal/kurippugal_14_12_47.md
http://www.annavinpadaippugal.info/katturaigal/kurippugal_19_10_47.htm,200,katturaigal/kurippugal_19_10_47.md,no,covered,/Users/pugazhendhirajendran/Documents/Codex/2026-07-09/https-www-annavinpadaippugal-info/outputs/annavin_text_extractor/organized_contents/katturaigal/kurippugal_19_10_47.md
http://www.annavinpadaippugal.info/katturaigal/kutrala_neer.htm,200,katturaigal/kutrala_neer.md,no,covered,/Users/pugazhendhirajendran/Documents/Codex/2026-07-09/https-www-annavinpadaippugal-info/outputs/annavin_text_extractor/organized_contents/katturaigal/kutrala_neer.md
http://www.annavinpadaippugal.info/katturaigal/kutram_sol.htm,200,katturaigal/kutram_sol.md,no,covered,/Users/pugazhendhirajendran/Documents/Codex/2026-07-09/https-www-annavinpadaippugal-info/outputs/annavin_text_extractor/organized_contents/katturaigal/kutram_sol.md
http://www.annavinpadaippugal.info/katturaigal/kutrathoorar.htm,200,katturaigal/kutrathoorar.md,no,covered,/Users/pugazhendhirajendran/Documents/Codex/2026-07-09/https-www-annavinpadaippugal-info/outputs/annavin_text_extractor/organized_contents/katturaigal/kutrathoorar.md
http://www.annavinpadaippugal.info/katturaigal/kuttravaali_koondlil_illai.htm,200,katturaigal/kuttravaali_koondlil_illai.md,no,covered,/Users/pugazhendhirajendran/Documents/Codex/2026-07-09/https-www-annavinpadaippugal-info/outputs/annavin_text_extractor/organized_contents/katturaigal/kuttravaali_koondlil_illai.md
http://www.annavinpadaippugal.info/katturaigal/kuttu_velippadugirathu.htm,200,katturaigal/kuttu_velippadugirathu.md,no,covered,/Users/pugazhendhirajendran/Documents/Codex/2026-07-09/https-www-annavinpadaippugal-info/outputs/annavin_text_extractor/organized_contents/katturaigal/kuttu_velippadugirathu.md
http://www.annavinpadaippugal.info/katturaigal/lable_vaendam.htm,200,katturaigal/lable_vaendam.md,no,covered,/Users/pugazhendhirajendran/Documents/Codex/2026-07-09/https-www-annavinpadaippugal-info/outputs/annavin_text_extractor/organized_contents/katturaigal/lable_vaendam.md
http://www.annavinpadaippugal.info/katturaigal/latcharchanai.htm,200,katturaigal/latcharchanai.md,no,covered,/Users/pugazhendhirajendran/Documents/Codex/2026-07-09/https-www-annavinpadaippugal-info/outputs/annavin_text_extractor/organized_contents/katturaigal/latcharchanai.md
http://www.annavinpadaippugal.info/katturaigal/latchiya_varalaru_1.htm,200,katturaigal/latchiya_varalaru.md,yes,covered,/Users/pugazhendhirajendran/Documents/Codex/2026-07-09/https-www-annavinpadaippugal-info/outputs/annavin_text_extractor/organized_contents/katturaigal/latchiya_varalaru.md
http://www.annavinpadaippugal.info/katturaigal/latchiya_varalaru_2.htm,200,katturaigal/latchiya_varalaru.md,yes,covered,/Users/pugazhendhirajendran/Documents/Codex/2026-07-09/https-www-annavinpadaippugal-info/outputs/annavin_text_extractor/organized_contents/katturaigal/latchiya_varalaru.md
http://www.annavinpadaippugal.info/katturaigal/latchiya_varalaru_3.htm,200,katturaigal/latchiya_varalaru.md,yes,covered,/Users/pugazhendhirajendran/Documents/Codex/2026-07-09/https-www-annavinpadaippugal-info/outputs/annavin_text_extractor/organized_contents/katturaigal/latchiya_varalaru.md
http://www.annavinpadaippugal.info/katturaigal/latchiya_varalaru_4.htm,200,katturaigal/latchiya_varalaru.md,yes,covered,/Users/pugazhendhirajendran/Documents/Codex/2026-07-09/https-www-annavinpadaippugal-info/outputs/annavin_text_extractor/organized_contents/katturaigal/latchiya_varalaru.md
http://www.annavinpadaippugal.info/katturaigal/latchiya_varalaru_5.htm,200,katturaigal/latchiya_varalaru.md,yes,covered,/Users/pugazhendhirajendran/Documents/Codex/2026-07-09/https-www-annavinpadaippugal-info/outputs/annavin_text_extractor/organized_contents/katturaigal/latchiya_varalaru.md
http://www.annavinpadaippugal.info/katturaigal/latchiya_varalaru_6.htm,200,katturaigal/latchiya_varalaru.md,yes,covered,/Users/pugazhendhirajendran/Documents/Codex/2026-07-09/https-www-annavinpadaippugal-info/outputs/annavin_text_extractor/organized_contents/katturaigal/latchiya_varalaru.md
http://www.annavinpadaippugal.info/katturaigal/latchiya_veerargalukku.htm,200,katturaigal/latchiya_veerargalukku.md,no,covered,/Users/pugazhendhirajendran/Documents/Codex/2026-07-09/https-www-annavinpadaippugal-info/outputs/annavin_text_extractor/organized_contents/katturaigal/latchiya_veerargalukku.md
http://www.annavinpadaippugal.info/katturaigal/latchiya_veerarin_erimalai.htm,200,katturaigal/latchiya_veerarin_erimalai.md,no,covered,/Users/pugazhendhirajendran/Documents/Codex/2026-07-09/https-www-annavinpadaippugal-info/outputs/annavin_text_extractor/organized_contents/katturaigal/latchiya_veerarin_erimalai.md
http://www.annavinpadaippugal.info/katturaigal/lawrance.htm,200,katturaigal/lawrance.md,no,covered,/Users/pugazhendhirajendran/Documents/Codex/2026-07-09/https-www-annavinpadaippugal-info/outputs/annavin_text_extractor/organized_contents/katturaigal/lawrance.md
http://www.annavinpadaippugal.info/katturaigal/leagai_muriadikka.htm,200,katturaigal/leagai_muriadikka.md,no,covered,/Users/pugazhendhirajendran/Documents/Codex/2026-07-09/https-www-annavinpadaippugal-info/outputs/annavin_text_extractor/organized_contents/katturaigal/leagai_muriadikka.md
http://www.annavinpadaippugal.info/katturaigal/lee_ra.htm,200,katturaigal/lee_ra.md,no,covered,/Users/pugazhendhirajendran/Documents/Codex/2026-07-09/https-www-annavinpadaippugal-info/outputs/annavin_text_extractor/organized_contents/katturaigal/lee_ra.md
http://www.annavinpadaippugal.info/katturaigal/leftinand_general.htm,200,katturaigal/leftinand_general.md,no,covered,/Users/pugazhendhirajendran/Documents/Codex/2026-07-09/https-www-annavinpadaippugal-info/outputs/annavin_text_extractor/organized_contents/katturaigal/leftinand_general.md
http://www.annavinpadaippugal.info/katturaigal/Lincolns_in_the_Legislature.htm,200,katturaigal/Lincolns_in_the_Legislature.md,no,covered,/Users/pugazhendhirajendran/Documents/Codex/2026-07-09/https-www-annavinpadaippugal-info/outputs/annavin_text_extractor/organized_contents/katturaigal/Lincolns_in_the_Legislature.md
http://www.annavinpadaippugal.info/katturaigal/londanile.htm,200,katturaigal/londanile.md,no,covered,/Users/pugazhendhirajendran/Documents/Codex/2026-07-09/https-www-annavinpadaippugal-info/outputs/annavin_text_extractor/organized_contents/katturaigal/londanile.md
http://www.annavinpadaippugal.info/katturaigal/londonil_lenin.htm,200,katturaigal/londonil_lenin.md,no,covered,/Users/pugazhendhirajendran/Documents/Codex/2026-07-09/https-www-annavinpadaippugal-info/outputs/annavin_text_extractor/organized_contents/katturaigal/londonil_lenin.md
http://www.annavinpadaippugal.info/katturaigal/lord_lux_1.htm,200,katturaigal/lord_lux.md,yes,covered,/Users/pugazhendhirajendran/Documents/Codex/2026-07-09/https-www-annavinpadaippugal-info/outputs/annavin_text_extractor/organized_contents/katturaigal/lord_lux.md
http://www.annavinpadaippugal.info/katturaigal/lord_lux_2.htm,200,katturaigal/lord_lux.md,yes,covered,/Users/pugazhendhirajendran/Documents/Codex/2026-07-09/https-www-annavinpadaippugal-info/outputs/annavin_text_extractor/organized_contents/katturaigal/lord_lux.md
http://www.annavinpadaippugal.info/katturaigal/maahana_manavar.html,200,katturaigal/maahana_manavar.md,no,covered,/Users/pugazhendhirajendran/Documents/Codex/2026-07-09/https-www-annavinpadaippugal-info/outputs/annavin_text_extractor/organized_contents/katturaigal/maahana_manavar.md
http://www.annavinpadaippugal.info/katturaigal/maaji_kadavul.htm,200,katturaigal/maaji_kadavul.md,no,covered,/Users/pugazhendhirajendran/Documents/Codex/2026-07-09/https-www-annavinpadaippugal-info/outputs/annavin_text_extractor/organized_contents/katturaigal/maaji_kadavul.md
http://www.annavinpadaippugal.info/katturaigal/maanadu_mudinthathu.htm,200,katturaigal/maanadu_mudinthathu.md,no,covered,/Users/pugazhendhirajendran/Documents/Codex/2026-07-09/https-www-annavinpadaippugal-info/outputs/annavin_text_extractor/organized_contents/katturaigal/maanadu_mudinthathu.md
http://www.annavinpadaippugal.info/katturaigal/maanamum_manaiyum.htm,200,katturaigal/maanamum_manaiyum.md,no,covered,/Users/pugazhendhirajendran/Documents/Codex/2026-07-09/https-www-annavinpadaippugal-info/outputs/annavin_text_extractor/organized_contents/katturaigal/maanamum_manaiyum.md
http://www.annavinpadaippugal.info/katturaigal/maanavar_maanattil.htm,200,katturaigal/maanavar_maanattil.md,no,covered,/Users/pugazhendhirajendran/Documents/Codex/2026-07-09/https-www-annavinpadaippugal-info/outputs/annavin_text_extractor/organized_contents/katturaigal/maanavar_maanattil.md
http://www.annavinpadaippugal.info/katturaigal/maanavar_theerpu.htm,200,katturaigal/maanavar_theerpu.md,no,covered,/Users/pugazhendhirajendran/Documents/Codex/2026-07-09/https-www-annavinpadaippugal-info/outputs/annavin_text_extractor/organized_contents/katturaigal/maanavar_theerpu.md
http://www.annavinpadaippugal.info/katturaigal/macharya_minnal.htm,200,katturaigal/macharya_minnal.md,no,covered,/Users/pugazhendhirajendran/Documents/Codex/2026-07-09/https-www-annavinpadaippugal-info/outputs/annavin_text_extractor/organized_contents/katturaigal/macharya_minnal.md
http://www.annavinpadaippugal.info/katturaigal/madal_latchumanapuri.htm,200,katturaigal/madal_latchumanapuri.md,no,covered,/Users/pugazhendhirajendran/Documents/Codex/2026-07-09/https-www-annavinpadaippugal-info/outputs/annavin_text_extractor/organized_contents/katturaigal/madal_latchumanapuri.md
http://www.annavinpadaippugal.info/katturaigal/madame_warns.htm,200,katturaigal/madame_warns.md,no,covered,/Users/pugazhendhirajendran/Documents/Codex/2026-07-09/https-www-annavinpadaippugal-info/outputs/annavin_text_extractor/organized_contents/katturaigal/madame_warns.md
http://www.annavinpadaippugal.info/katturaigal/madha_ekathiathin_meethu.htm,200,katturaigal/madha_ekathiathin_meethu.md,no,covered,/Users/pugazhendhirajendran/Documents/Codex/2026-07-09/https-www-annavinpadaippugal-info/outputs/annavin_text_extractor/organized_contents/katturaigal/madha_ekathiathin_meethu.md
http://www.annavinpadaippugal.info/katturaigal/madhakalvi.htm,200,katturaigal/madhakalvi.md,no,covered,/Users/pugazhendhirajendran/Documents/Codex/2026-07-09/https-www-annavinpadaippugal-info/outputs/annavin_text_extractor/organized_contents/katturaigal/madhakalvi.md
http://www.annavinpadaippugal.info/katturaigal/magathana_paadam.htm,200,katturaigal/magathana_paadam.md,no,covered,/Users/pugazhendhirajendran/Documents/Codex/2026-07-09/https-www-annavinpadaippugal-info/outputs/annavin_text_extractor/organized_contents/katturaigal/magathana_paadam.md
http://www.annavinpadaippugal.info/katturaigal/magizhchi_malarattum.htm,200,katturaigal/magizhchi_malarattum.md,no,covered,/Users/pugazhendhirajendran/Documents/Codex/2026-07-09/https-www-annavinpadaippugal-info/outputs/annavin_text_extractor/organized_contents/katturaigal/magizhchi_malarattum.md
http://www.annavinpadaippugal.info/katturaigal/magizhchi_marukanam.htm,200,katturaigal/magizhchi_marukanam.md,no,covered,/Users/pugazhendhirajendran/Documents/Codex/2026-07-09/https-www-annavinpadaippugal-info/outputs/annavin_text_extractor/organized_contents/katturaigal/magizhchi_marukanam.md
http://www.annavinpadaippugal.info/katturaigal/magizhchi_nandri.htm,200,katturaigal/magizhchi_nandri.md,no,covered,/Users/pugazhendhirajendran/Documents/Codex/2026-07-09/https-www-annavinpadaippugal-info/outputs/annavin_text_extractor/organized_contents/katturaigal/magizhchi_nandri.md
http://www.annavinpadaippugal.info/katturaigal/magizhchi_nandri_2.htm,200,katturaigal/magizhchi_nandri.md,yes,covered,/Users/pugazhendhirajendran/Documents/Codex/2026-07-09/https-www-annavinpadaippugal-info/outputs/annavin_text_extractor/organized_contents/katturaigal/magizhchi_nandri.md
http://www.annavinpadaippugal.info/katturaigal/magizhgirom030252.htm,200,katturaigal/magizhgirom030252.md,no,covered,/Users/pugazhendhirajendran/Documents/Codex/2026-07-09/https-www-annavinpadaippugal-info/outputs/annavin_text_extractor/organized_contents/katturaigal/magizhgirom030252.md
http://www.annavinpadaippugal.info/katturaigal/magizhgirom200355.htm,200,katturaigal/magizhgirom200355.md,no,covered,/Users/pugazhendhirajendran/Documents/Codex/2026-07-09/https-www-annavinpadaippugal-info/outputs/annavin_text_extractor/organized_contents/katturaigal/magizhgirom200355.md
http://www.annavinpadaippugal.info/katturaigal/magizhvin_maraivu.htm,200,katturaigal/magizhvin_maraivu.md,no,covered,/Users/pugazhendhirajendran/Documents/Codex/2026-07-09/https-www-annavinpadaippugal-info/outputs/annavin_text_extractor/organized_contents/katturaigal/magizhvin_maraivu.md
http://www.annavinpadaippugal.info/katturaigal/majeed_kudumba.htm,200,katturaigal/majeed_kudumba.md,no,covered,/Users/pugazhendhirajendran/Documents/Codex/2026-07-09/https-www-annavinpadaippugal-info/outputs/annavin_text_extractor/organized_contents/katturaigal/majeed_kudumba.md
http://www.annavinpadaippugal.info/katturaigal/maji_kadavulgal1.htm,200,katturaigal/maji_kadavulgal1.md,no,covered,/Users/pugazhendhirajendran/Documents/Codex/2026-07-09/https-www-annavinpadaippugal-info/outputs/annavin_text_extractor/organized_contents/katturaigal/maji_kadavulgal1.md
http://www.annavinpadaippugal.info/katturaigal/maji_kadavulgal10.htm,200,katturaigal/maji_kadavulgal10.md,no,covered,/Users/pugazhendhirajendran/Documents/Codex/2026-07-09/https-www-annavinpadaippugal-info/outputs/annavin_text_extractor/organized_contents/katturaigal/maji_kadavulgal10.md
http://www.annavinpadaippugal.info/katturaigal/maji_kadavulgal11.htm,200,katturaigal/maji_kadavulgal11.md,no,covered,/Users/pugazhendhirajendran/Documents/Codex/2026-07-09/https-www-annavinpadaippugal-info/outputs/annavin_text_extractor/organized_contents/katturaigal/maji_kadavulgal11.md
http://www.annavinpadaippugal.info/katturaigal/maji_kadavulgal12.htm,200,katturaigal/maji_kadavulgal12.md,no,covered,/Users/pugazhendhirajendran/Documents/Codex/2026-07-09/https-www-annavinpadaippugal-info/outputs/annavin_text_extractor/organized_contents/katturaigal/maji_kadavulgal12.md
http://www.annavinpadaippugal.info/katturaigal/maji_kadavulgal13.htm,200,katturaigal/maji_kadavulgal13.md,no,covered,/Users/pugazhendhirajendran/Documents/Codex/2026-07-09/https-www-annavinpadaippugal-info/outputs/annavin_text_extractor/organized_contents/katturaigal/maji_kadavulgal13.md
http://www.annavinpadaippugal.info/katturaigal/maji_kadavulgal14.htm,200,katturaigal/maji_kadavulgal14.md,no,covered,/Users/pugazhendhirajendran/Documents/Codex/2026-07-09/https-www-annavinpadaippugal-info/outputs/annavin_text_extractor/organized_contents/katturaigal/maji_kadavulgal14.md
http://www.annavinpadaippugal.info/katturaigal/maji_kadavulgal2.htm,200,katturaigal/maji_kadavulgal2.md,no,covered,/Users/pugazhendhirajendran/Documents/Codex/2026-07-09/https-www-annavinpadaippugal-info/outputs/annavin_text_extractor/organized_contents/katturaigal/maji_kadavulgal2.md
http://www.annavinpadaippugal.info/katturaigal/maji_kadavulgal3.htm,200,katturaigal/maji_kadavulgal3.md,no,covered,/Users/pugazhendhirajendran/Documents/Codex/2026-07-09/https-www-annavinpadaippugal-info/outputs/annavin_text_extractor/organized_contents/katturaigal/maji_kadavulgal3.md
http://www.annavinpadaippugal.info/katturaigal/maji_kadavulgal4.htm,200,katturaigal/maji_kadavulgal4.md,no,covered,/Users/pugazhendhirajendran/Documents/Codex/2026-07-09/https-www-annavinpadaippugal-info/outputs/annavin_text_extractor/organized_contents/katturaigal/maji_kadavulgal4.md
http://www.annavinpadaippugal.info/katturaigal/maji_kadavulgal5.htm,200,katturaigal/maji_kadavulgal5.md,no,covered,/Users/pugazhendhirajendran/Documents/Codex/2026-07-09/https-www-annavinpadaippugal-info/outputs/annavin_text_extractor/organized_contents/katturaigal/maji_kadavulgal5.md
http://www.annavinpadaippugal.info/katturaigal/maji_kadavulgal6.htm,200,katturaigal/maji_kadavulgal6.md,no,covered,/Users/pugazhendhirajendran/Documents/Codex/2026-07-09/https-www-annavinpadaippugal-info/outputs/annavin_text_extractor/organized_contents/katturaigal/maji_kadavulgal6.md
http://www.annavinpadaippugal.info/katturaigal/maji_kadavulgal7.htm,200,katturaigal/maji_kadavulgal7.md,no,covered,/Users/pugazhendhirajendran/Documents/Codex/2026-07-09/https-www-annavinpadaippugal-info/outputs/annavin_text_extractor/organized_contents/katturaigal/maji_kadavulgal7.md
http://www.annavinpadaippugal.info/katturaigal/maji_kadavulgal8.htm,200,katturaigal/maji_kadavulgal8.md,no,covered,/Users/pugazhendhirajendran/Documents/Codex/2026-07-09/https-www-annavinpadaippugal-info/outputs/annavin_text_extractor/organized_contents/katturaigal/maji_kadavulgal8.md
http://www.annavinpadaippugal.info/katturaigal/maji_kadavulgal9.htm,200,katturaigal/maji_kadavulgal9.md,no,covered,/Users/pugazhendhirajendran/Documents/Codex/2026-07-09/https-www-annavinpadaippugal-info/outputs/annavin_text_extractor/organized_contents/katturaigal/maji_kadavulgal9.md
http://www.annavinpadaippugal.info/katturaigal/making_our_masters_merry.htm,200,katturaigal/making_our_masters_merry.md,no,covered,/Users/pugazhendhirajendran/Documents/Codex/2026-07-09/https-www-annavinpadaippugal-info/outputs/annavin_text_extractor/organized_contents/katturaigal/making_our_masters_merry.md
http://www.annavinpadaippugal.info/katturaigal/makkal_theerpu_magathanapaadam.htm,200,katturaigal/makkal_theerpu_magathanapaadam.md,no,covered,/Users/pugazhendhirajendran/Documents/Codex/2026-07-09/https-www-annavinpadaippugal-info/outputs/annavin_text_extractor/organized_contents/katturaigal/makkal_theerpu_magathanapaadam.md
http://www.annavinpadaippugal.info/katturaigal/makkatpanbu.htm,200,katturaigal/makkatpanbu.md,no,covered,/Users/pugazhendhirajendran/Documents/Codex/2026-07-09/https-www-annavinpadaippugal-info/outputs/annavin_text_extractor/organized_contents/katturaigal/makkatpanbu.md
http://www.annavinpadaippugal.info/katturaigal/malai_naattil.htm,200,katturaigal/malai_naattil.md,no,covered,/Users/pugazhendhirajendran/Documents/Codex/2026-07-09/https-www-annavinpadaippugal-info/outputs/annavin_text_extractor/organized_contents/katturaigal/malai_naattil.md
http://www.annavinpadaippugal.info/katturaigal/malai_vizhungi_mahadevan.htm,200,katturaigal/malai_vizhungi_mahadevan.md,no,covered,/Users/pugazhendhirajendran/Documents/Codex/2026-07-09/https-www-annavinpadaippugal-info/outputs/annavin_text_extractor/organized_contents/katturaigal/malai_vizhungi_mahadevan.md
http://www.annavinpadaippugal.info/katturaigal/manankettathu.htm,200,katturaigal/manankettathu.md,no,covered,/Users/pugazhendhirajendran/Documents/Codex/2026-07-09/https-www-annavinpadaippugal-info/outputs/annavin_text_extractor/organized_contents/katturaigal/manankettathu.md
http://www.annavinpadaippugal.info/katturaigal/manavar_thanthai.htm,200,katturaigal/manavar_thanthai.md,no,covered,/Users/pugazhendhirajendran/Documents/Codex/2026-07-09/https-www-annavinpadaippugal-info/outputs/annavin_text_extractor/organized_contents/katturaigal/manavar_thanthai.md
http://www.annavinpadaippugal.info/katturaigal/mandapa_maanadu.htm,200,katturaigal/mandapa_maanadu.md,no,covered,/Users/pugazhendhirajendran/Documents/Codex/2026-07-09/https-www-annavinpadaippugal-info/outputs/annavin_text_extractor/organized_contents/katturaigal/mandapa_maanadu.md
http://www.annavinpadaippugal.info/katturaigal/mandha_nilai.htm,200,katturaigal/mandha_nilai.md,no,covered,/Users/pugazhendhirajendran/Documents/Codex/2026-07-09/https-www-annavinpadaippugal-info/outputs/annavin_text_extractor/organized_contents/katturaigal/mandha_nilai.md
http://www.annavinpadaippugal.info/katturaigal/mangammal.htm,200,katturaigal/mangammal.md,no,covered,/Users/pugazhendhirajendran/Documents/Codex/2026-07-09/https-www-annavinpadaippugal-info/outputs/annavin_text_extractor/organized_contents/katturaigal/mangammal.md
http://www.annavinpadaippugal.info/katturaigal/mani_marainthar.htm,200,katturaigal/mani_marainthar.md,no,covered,/Users/pugazhendhirajendran/Documents/Codex/2026-07-09/https-www-annavinpadaippugal-info/outputs/annavin_text_extractor/organized_contents/katturaigal/mani_marainthar.md
http://www.annavinpadaippugal.info/katturaigal/mannikkamudiyatha.htm,200,katturaigal/mannikkamudiyatha.md,no,covered,/Users/pugazhendhirajendran/Documents/Codex/2026-07-09/https-www-annavinpadaippugal-info/outputs/annavin_text_extractor/organized_contents/katturaigal/mannikkamudiyatha.md
http://www.annavinpadaippugal.info/katturaigal/manorajyam.htm,200,katturaigal/manorajyam.md,no,covered,/Users/pugazhendhirajendran/Documents/Codex/2026-07-09/https-www-annavinpadaippugal-info/outputs/annavin_text_extractor/organized_contents/katturaigal/manorajyam.md
http://www.annavinpadaippugal.info/katturaigal/manu_sirikiran.htm,200,katturaigal/manu_sirikiran.md,no,covered,/Users/pugazhendhirajendran/Documents/Codex/2026-07-09/https-www-annavinpadaippugal-info/outputs/annavin_text_extractor/organized_contents/katturaigal/manu_sirikiran.md
http://www.annavinpadaippugal.info/katturaigal/manuvin_aatchiya.htm,200,katturaigal/manuvin_aatchiya.md,no,covered,/Users/pugazhendhirajendran/Documents/Codex/2026-07-09/https-www-annavinpadaippugal-info/outputs/annavin_text_extractor/organized_contents/katturaigal/manuvin_aatchiya.md
http://www.annavinpadaippugal.info/katturaigal/mapusiponvizha.htm,200,katturaigal/mapusiponvizha.md,no,covered,/Users/pugazhendhirajendran/Documents/Codex/2026-07-09/https-www-annavinpadaippugal-info/outputs/annavin_text_extractor/organized_contents/katturaigal/mapusiponvizha.md
http://www.annavinpadaippugal.info/katturaigal/maraintha_majeedh.htm,200,katturaigal/maraintha_majeedh.md,no,covered,/Users/pugazhendhirajendran/Documents/Codex/2026-07-09/https-www-annavinpadaippugal-info/outputs/annavin_text_extractor/organized_contents/katturaigal/maraintha_majeedh.md
http://www.annavinpadaippugal.info/katturaigal/maraintha_marath.htm,200,katturaigal/maraintha_marath.md,no,covered,/Users/pugazhendhirajendran/Documents/Codex/2026-07-09/https-www-annavinpadaippugal-info/outputs/annavin_text_extractor/organized_contents/katturaigal/maraintha_marath.md
http://www.annavinpadaippugal.info/katturaigal/marainthar.htm,200,katturaigal/marainthar.md,no,covered,/Users/pugazhendhirajendran/Documents/Codex/2026-07-09/https-www-annavinpadaippugal-info/outputs/annavin_text_extractor/organized_contents/katturaigal/marainthar.md
http://www.annavinpadaippugal.info/katturaigal/marainthar_mannar.htm,200,katturaigal/marainthar_mannar.md,no,covered,/Users/pugazhendhirajendran/Documents/Codex/2026-07-09/https-www-annavinpadaippugal-info/outputs/annavin_text_extractor/organized_contents/katturaigal/marainthar_mannar.md
http://www.annavinpadaippugal.info/katturaigal/marainthayo.htm,200,katturaigal/marainthayo.md,no,covered,/Users/pugazhendhirajendran/Documents/Codex/2026-07-09/https-www-annavinpadaippugal-info/outputs/annavin_text_extractor/organized_contents/katturaigal/marainthayo.md
http://www.annavinpadaippugal.info/katturaigal/maraivu.htm,200,katturaigal/maraivu.md,no,covered,/Users/pugazhendhirajendran/Documents/Codex/2026-07-09/https-www-annavinpadaippugal-info/outputs/annavin_text_extractor/organized_contents/katturaigal/maraivu.md
http://www.annavinpadaippugal.info/katturaigal/marakka_mudiyatha.htm,200,katturaigal/marakka_mudiyatha.md,no,covered,/Users/pugazhendhirajendran/Documents/Codex/2026-07-09/https-www-annavinpadaippugal-info/outputs/annavin_text_extractor/organized_contents/katturaigal/marakka_mudiyatha.md
http://www.annavinpadaippugal.info/katturaigal/marana_sasanam.htm,200,katturaigal/marana_sasanam.md,no,covered,/Users/pugazhendhirajendran/Documents/Codex/2026-07-09/https-www-annavinpadaippugal-info/outputs/annavin_text_extractor/organized_contents/katturaigal/marana_sasanam.md
http://www.annavinpadaippugal.info/katturaigal/marappom_manni.htm,200,katturaigal/marappom_manni.md,no,covered,/Users/pugazhendhirajendran/Documents/Codex/2026-07-09/https-www-annavinpadaippugal-info/outputs/annavin_text_extractor/organized_contents/katturaigal/marappom_manni.md
http://www.annavinpadaippugal.info/katturaigal/marumalarchi_vaibavam.htm,200,katturaigal/marumalarchi_vaibavam.md,no,covered,/Users/pugazhendhirajendran/Documents/Codex/2026-07-09/https-www-annavinpadaippugal-info/outputs/annavin_text_extractor/organized_contents/katturaigal/marumalarchi_vaibavam.md
http://www.annavinpadaippugal.info/katturaigal/masco_manam.htm,200,katturaigal/masco_manam.md,no,covered,/Users/pugazhendhirajendran/Documents/Codex/2026-07-09/https-www-annavinpadaippugal-info/outputs/annavin_text_extractor/organized_contents/katturaigal/masco_manam.md
http://www.annavinpadaippugal.info/katturaigal/masco_maranthalum.htm,200,katturaigal/masco_maranthalum.md,no,covered,/Users/pugazhendhirajendran/Documents/Codex/2026-07-09/https-www-annavinpadaippugal-info/outputs/annavin_text_extractor/organized_contents/katturaigal/masco_maranthalum.md
http://www.annavinpadaippugal.info/katturaigal/masco_radio.htm,200,katturaigal/masco_radio.md,no,covered,/Users/pugazhendhirajendran/Documents/Codex/2026-07-09/https-www-annavinpadaippugal-info/outputs/annavin_text_extractor/organized_contents/katturaigal/masco_radio.md
http://www.annavinpadaippugal.info/katturaigal/masters_fretting_and_fuming.htm,200,katturaigal/masters_fretting_and_fuming.md,no,covered,/Users/pugazhendhirajendran/Documents/Codex/2026-07-09/https-www-annavinpadaippugal-info/outputs/annavin_text_extractor/organized_contents/katturaigal/masters_fretting_and_fuming.md
http://www.annavinpadaippugal.info/katturaigal/mathuvilakku_naadag.htm,200,katturaigal/mathuvilakku_naadag.md,no,covered,/Users/pugazhendhirajendran/Documents/Codex/2026-07-09/https-www-annavinpadaippugal-info/outputs/annavin_text_extractor/organized_contents/katturaigal/mathuvilakku_naadag.md
http://www.annavinpadaippugal.info/katturaigal/mathuvilakku_satta.htm,200,katturaigal/mathuvilakku_satta.md,no,covered,/Users/pugazhendhirajendran/Documents/Codex/2026-07-09/https-www-annavinpadaippugal-info/outputs/annavin_text_extractor/organized_contents/katturaigal/mathuvilakku_satta.md
http://www.annavinpadaippugal.info/katturaigal/mathyaprathesam.htm,200,katturaigal/mathyaprathesam.md,no,covered,/Users/pugazhendhirajendran/Documents/Codex/2026-07-09/https-www-annavinpadaippugal-info/outputs/annavin_text_extractor/organized_contents/katturaigal/mathyaprathesam.md
http://www.annavinpadaippugal.info/katturaigal/matror_barani.htm,200,katturaigal/matror_barani.md,no,covered,/Users/pugazhendhirajendran/Documents/Codex/2026-07-09/https-www-annavinpadaippugal-info/outputs/annavin_text_extractor/organized_contents/katturaigal/matror_barani.md
http://www.annavinpadaippugal.info/katturaigal/mattaragam.htm,200,katturaigal/mattaragam.md,no,covered,/Users/pugazhendhirajendran/Documents/Codex/2026-07-09/https-www-annavinpadaippugal-info/outputs/annavin_text_extractor/organized_contents/katturaigal/mattaragam.md
http://www.annavinpadaippugal.info/katturaigal/mattroar_maraivu.htm,200,katturaigal/mattroar_maraivu.md,no,covered,/Users/pugazhendhirajendran/Documents/Codex/2026-07-09/https-www-annavinpadaippugal-info/outputs/annavin_text_extractor/organized_contents/katturaigal/mattroar_maraivu.md
http://www.annavinpadaippugal.info/katturaigal/mayana_kaandam.htm,200,katturaigal/mayana_kaandam.md,no,covered,/Users/pugazhendhirajendran/Documents/Codex/2026-07-09/https-www-annavinpadaippugal-info/outputs/annavin_text_extractor/organized_contents/katturaigal/mayana_kaandam.md
http://www.annavinpadaippugal.info/katturaigal/maythina_muzhakkam.htm,200,katturaigal/maythina_muzhakkam.md,no,covered,/Users/pugazhendhirajendran/Documents/Codex/2026-07-09/https-www-annavinpadaippugal-info/outputs/annavin_text_extractor/organized_contents/katturaigal/maythina_muzhakkam.md
http://www.annavinpadaippugal.info/katturaigal/mazhai.htm,200,katturaigal/mazhai.md,no,covered,/Users/pugazhendhirajendran/Documents/Codex/2026-07-09/https-www-annavinpadaippugal-info/outputs/annavin_text_extractor/organized_contents/katturaigal/mazhai.md
http://www.annavinpadaippugal.info/katturaigal/mazhu_aenthiya.htm,200,katturaigal/mazhu_aenthiya.md,no,covered,/Users/pugazhendhirajendran/Documents/Codex/2026-07-09/https-www-annavinpadaippugal-info/outputs/annavin_text_extractor/organized_contents/katturaigal/mazhu_aenthiya.md
http://www.annavinpadaippugal.info/katturaigal/meenambur.htm,200,katturaigal/meenambur.md,no,covered,/Users/pugazhendhirajendran/Documents/Codex/2026-07-09/https-www-annavinpadaippugal-info/outputs/annavin_text_extractor/organized_contents/katturaigal/meenambur.md
http://www.annavinpadaippugal.info/katturaigal/meendum_kama.htm,200,katturaigal/meendum_kama.md,no,covered,/Users/pugazhendhirajendran/Documents/Codex/2026-07-09/https-www-annavinpadaippugal-info/outputs/annavin_text_extractor/organized_contents/katturaigal/meendum_kama.md
http://www.annavinpadaippugal.info/katturaigal/meendum_thoalvi.htm,200,katturaigal/meendum_thoalvi.md,no,covered,/Users/pugazhendhirajendran/Documents/Codex/2026-07-09/https-www-annavinpadaippugal-info/outputs/annavin_text_extractor/organized_contents/katturaigal/meendum_thoalvi.md
http://www.annavinpadaippugal.info/katturaigal/mimang.htm,200,katturaigal/mimang.md,no,covered,/Users/pugazhendhirajendran/Documents/Codex/2026-07-09/https-www-annavinpadaippugal-info/outputs/annavin_text_extractor/organized_contents/katturaigal/mimang.md
http://www.annavinpadaippugal.info/katturaigal/miraculous_rise_miserable_fall.htm,200,katturaigal/miraculous_rise_miserable_fall.md,no,covered,/Users/pugazhendhirajendran/Documents/Codex/2026-07-09/https-www-annavinpadaippugal-info/outputs/annavin_text_extractor/organized_contents/katturaigal/miraculous_rise_miserable_fall.md
http://www.annavinpadaippugal.info/katturaigal/mischievous_propaganda.htm,200,katturaigal/mischievous_propaganda.md,no,covered,/Users/pugazhendhirajendran/Documents/Codex/2026-07-09/https-www-annavinpadaippugal-info/outputs/annavin_text_extractor/organized_contents/katturaigal/mischievous_propaganda.md
http://www.annavinpadaippugal.info/katturaigal/mohana_muhari.htm,200,katturaigal/mohana_muhari.md,no,covered,/Users/pugazhendhirajendran/Documents/Codex/2026-07-09/https-www-annavinpadaippugal-info/outputs/annavin_text_extractor/organized_contents/katturaigal/mohana_muhari.md
http://www.annavinpadaippugal.info/katturaigal/moksesae.htm,200,katturaigal/moksesae.md,no,covered,/Users/pugazhendhirajendran/Documents/Codex/2026-07-09/https-www-annavinpadaippugal-info/outputs/annavin_text_extractor/organized_contents/katturaigal/moksesae.md
http://www.annavinpadaippugal.info/katturaigal/mondhayum_glassum.htm,200,katturaigal/mondhayum_glassum.md,no,covered,/Users/pugazhendhirajendran/Documents/Codex/2026-07-09/https-www-annavinpadaippugal-info/outputs/annavin_text_extractor/organized_contents/katturaigal/mondhayum_glassum.md
http://www.annavinpadaippugal.info/katturaigal/moodanambikai.htm,200,katturaigal/moodanambikai.md,no,covered,/Users/pugazhendhirajendran/Documents/Codex/2026-07-09/https-www-annavinpadaippugal-info/outputs/annavin_text_extractor/organized_contents/katturaigal/moodanambikai.md
http://www.annavinpadaippugal.info/katturaigal/moodatheer.htm,200,katturaigal/moodatheer.md,no,covered,/Users/pugazhendhirajendran/Documents/Codex/2026-07-09/https-www-annavinpadaippugal-info/outputs/annavin_text_extractor/organized_contents/katturaigal/moodatheer.md
http://www.annavinpadaippugal.info/katturaigal/moodupani.htm,200,katturaigal/moodupani.md,no,covered,/Users/pugazhendhirajendran/Documents/Codex/2026-07-09/https-www-annavinpadaippugal-info/outputs/annavin_text_extractor/organized_contents/katturaigal/moodupani.md
http://www.annavinpadaippugal.info/katturaigal/moodupani_vilaga.htm,200,katturaigal/moodupani_vilaga.md,no,covered,/Users/pugazhendhirajendran/Documents/Codex/2026-07-09/https-www-annavinpadaippugal-info/outputs/annavin_text_extractor/organized_contents/katturaigal/moodupani_vilaga.md
http://www.annavinpadaippugal.info/katturaigal/mooligai_malaimeedhu.htm,200,katturaigal/mooligai_malaimeedhu.md,no,covered,/Users/pugazhendhirajendran/Documents/Codex/2026-07-09/https-www-annavinpadaippugal-info/outputs/annavin_text_extractor/organized_contents/katturaigal/mooligai_malaimeedhu.md
http://www.annavinpadaippugal.info/katturaigal/mooliyanar.htm,200,katturaigal/mooliyanar.md,no,covered,/Users/pugazhendhirajendran/Documents/Codex/2026-07-09/https-www-annavinpadaippugal-info/outputs/annavin_text_extractor/organized_contents/katturaigal/mooliyanar.md
http://www.annavinpadaippugal.info/katturaigal/moondrarai_kodi.htm,200,katturaigal/moondrarai_kodi.md,no,covered,/Users/pugazhendhirajendran/Documents/Codex/2026-07-09/https-www-annavinpadaippugal-info/outputs/annavin_text_extractor/organized_contents/katturaigal/moondrarai_kodi.md
http://www.annavinpadaippugal.info/katturaigal/moondravathu_aandu.htm,200,katturaigal/moondravathu_aandu.md,no,covered,/Users/pugazhendhirajendran/Documents/Codex/2026-07-09/https-www-annavinpadaippugal-info/outputs/annavin_text_extractor/organized_contents/katturaigal/moondravathu_aandu.md
http://www.annavinpadaippugal.info/katturaigal/moondravathu_murai.htm,200,katturaigal/moondravathu_murai.md,no,covered,/Users/pugazhendhirajendran/Documents/Codex/2026-07-09/https-www-annavinpadaippugal-info/outputs/annavin_text_extractor/organized_contents/katturaigal/moondravathu_murai.md
http://www.annavinpadaippugal.info/katturaigal/moondru_aandugal_mudinthana.htm,200,katturaigal/moondru_aandugal_mudinthana.md,no,covered,/Users/pugazhendhirajendran/Documents/Codex/2026-07-09/https-www-annavinpadaippugal-info/outputs/annavin_text_extractor/organized_contents/katturaigal/moondru_aandugal_mudinthana.md
http://www.annavinpadaippugal.info/katturaigal/moondru_maatham.htm,200,katturaigal/moondru_maatham.md,no,covered,/Users/pugazhendhirajendran/Documents/Codex/2026-07-09/https-www-annavinpadaippugal-info/outputs/annavin_text_extractor/organized_contents/katturaigal/moondru_maatham.md
http://www.annavinpadaippugal.info/katturaigal/moothavar.htm,200,katturaigal/moothavar.md,no,covered,/Users/pugazhendhirajendran/Documents/Codex/2026-07-09/https-www-annavinpadaippugal-info/outputs/annavin_text_extractor/organized_contents/katturaigal/moothavar.md
http://www.annavinpadaippugal.info/katturaigal/moovarin_muthirai.htm,200,katturaigal/moovarin_muthirai.md,no,covered,/Users/pugazhendhirajendran/Documents/Codex/2026-07-09/https-www-annavinpadaippugal-info/outputs/annavin_text_extractor/organized_contents/katturaigal/moovarin_muthirai.md
http://www.annavinpadaippugal.info/katturaigal/moscovin_puthu.htm,200,katturaigal/moscovin_puthu.md,no,covered,/Users/pugazhendhirajendran/Documents/Codex/2026-07-09/https-www-annavinpadaippugal-info/outputs/annavin_text_extractor/organized_contents/katturaigal/moscovin_puthu.md
http://www.annavinpadaippugal.info/katturaigal/motor_vaegathil_madhapracharam.htm,200,katturaigal/motor_vaegathil_madhapracharam.md,no,covered,/Users/pugazhendhirajendran/Documents/Codex/2026-07-09/https-www-annavinpadaippugal-info/outputs/annavin_text_extractor/organized_contents/katturaigal/motor_vaegathil_madhapracharam.md
http://www.annavinpadaippugal.info/katturaigal/mount_road_perumanukku.htm,200,katturaigal/mount_road_perumanukku.md,no,covered,/Users/pugazhendhirajendran/Documents/Codex/2026-07-09/https-www-annavinpadaippugal-info/outputs/annavin_text_extractor/organized_contents/katturaigal/mount_road_perumanukku.md
http://www.annavinpadaippugal.info/katturaigal/mozhipor_veerang.htm,200,katturaigal/mozhipor_veerang.md,no,covered,/Users/pugazhendhirajendran/Documents/Codex/2026-07-09/https-www-annavinpadaippugal-info/outputs/annavin_text_extractor/organized_contents/katturaigal/mozhipor_veerang.md
http://www.annavinpadaippugal.info/katturaigal/mozhiporattam.htm,200,katturaigal/mozhiporattam.md,no,covered,/Users/pugazhendhirajendran/Documents/Codex/2026-07-09/https-www-annavinpadaippugal-info/outputs/annavin_text_extractor/organized_contents/katturaigal/mozhiporattam.md
http://www.annavinpadaippugal.info/katturaigal/mozhiyum_vaazhkai_vazhiyum.htm,200,katturaigal/mozhiyum_vaazhkai_vazhiyum.md,no,covered,/Users/pugazhendhirajendran/Documents/Codex/2026-07-09/https-www-annavinpadaippugal-info/outputs/annavin_text_extractor/organized_contents/katturaigal/mozhiyum_vaazhkai_vazhiyum.md
http://www.annavinpadaippugal.info/katturaigal/mu_karunanithi.htm,200,katturaigal/mu_karunanithi.md,no,covered,/Users/pugazhendhirajendran/Documents/Codex/2026-07-09/https-www-annavinpadaippugal-info/outputs/annavin_text_extractor/organized_contents/katturaigal/mu_karunanithi.md
http://www.annavinpadaippugal.info/katturaigal/mudakkuvatham_theera.htm,200,katturaigal/mudakkuvatham_theera.md,no,covered,/Users/pugazhendhirajendran/Documents/Codex/2026-07-09/https-www-annavinpadaippugal-info/outputs/annavin_text_extractor/organized_contents/katturaigal/mudakkuvatham_theera.md
http://www.annavinpadaippugal.info/katturaigal/Muffled_drums.htm,200,katturaigal/Muffled_drums.md,no,covered,/Users/pugazhendhirajendran/Documents/Codex/2026-07-09/https-www-annavinpadaippugal-info/outputs/annavin_text_extractor/organized_contents/katturaigal/Muffled_drums.md
http://www.annavinpadaippugal.info/katturaigal/mugathilae_kari.htm,200,katturaigal/mugathilae_kari.md,no,covered,/Users/pugazhendhirajendran/Documents/Codex/2026-07-09/https-www-annavinpadaippugal-info/outputs/annavin_text_extractor/organized_contents/katturaigal/mugathilae_kari.md
http://www.annavinpadaippugal.info/katturaigal/muhaam_amaikirargal.htm,200,katturaigal/muhaam_amaikirargal.md,no,covered,/Users/pugazhendhirajendran/Documents/Codex/2026-07-09/https-www-annavinpadaippugal-info/outputs/annavin_text_extractor/organized_contents/katturaigal/muhaam_amaikirargal.md
http://www.annavinpadaippugal.info/katturaigal/municipal_elections_and.htm,200,katturaigal/municipal_elections_and.md,no,covered,/Users/pugazhendhirajendran/Documents/Codex/2026-07-09/https-www-annavinpadaippugal-info/outputs/annavin_text_extractor/organized_contents/katturaigal/municipal_elections_and.md
http://www.annavinpadaippugal.info/katturaigal/munnal_amaicher_MCRaja.htm,200,katturaigal/munnal_amaicher_MCRaja.md,no,covered,/Users/pugazhendhirajendran/Documents/Codex/2026-07-09/https-www-annavinpadaippugal-info/outputs/annavin_text_extractor/organized_contents/katturaigal/munnal_amaicher_MCRaja.md
http://www.annavinpadaippugal.info/katturaigal/munnani_padai.htm,200,katturaigal/munnani_padai.md,no,covered,/Users/pugazhendhirajendran/Documents/Codex/2026-07-09/https-www-annavinpadaippugal-info/outputs/annavin_text_extractor/organized_contents/katturaigal/munnani_padai.md
http://www.annavinpadaippugal.info/katturaigal/munshi_marg.htm,200,katturaigal/munshi_marg.md,no,covered,/Users/pugazhendhirajendran/Documents/Codex/2026-07-09/https-www-annavinpadaippugal-info/outputs/annavin_text_extractor/organized_contents/katturaigal/munshi_marg.md
http://www.annavinpadaippugal.info/katturaigal/muppiriyin_sakthippori.htm,200,katturaigal/muppiriyin_sakthippori.md,no,covered,/Users/pugazhendhirajendran/Documents/Codex/2026-07-09/https-www-annavinpadaippugal-info/outputs/annavin_text_extractor/organized_contents/katturaigal/muppiriyin_sakthippori.md
http://www.annavinpadaippugal.info/katturaigal/muranpadugal_alla.htm,200,katturaigal/muranpadugal_alla.md,no,covered,/Users/pugazhendhirajendran/Documents/Codex/2026-07-09/https-www-annavinpadaippugal-info/outputs/annavin_text_extractor/organized_contents/katturaigal/muranpadugal_alla.md
http://www.annavinpadaippugal.info/katturaigal/murasum.htm,200,katturaigal/murasum.md,no,covered,/Users/pugazhendhirajendran/Documents/Codex/2026-07-09/https-www-annavinpadaippugal-info/outputs/annavin_text_extractor/organized_contents/katturaigal/murasum.md
http://www.annavinpadaippugal.info/katturaigal/musadhik.htm,200,katturaigal/musadhik.md,no,covered,/Users/pugazhendhirajendran/Documents/Codex/2026-07-09/https-www-annavinpadaippugal-info/outputs/annavin_text_extractor/organized_contents/katturaigal/musadhik.md
http://www.annavinpadaippugal.info/katturaigal/musing_of_munshi.htm,200,katturaigal/musing_of_munshi.md,no,covered,/Users/pugazhendhirajendran/Documents/Codex/2026-07-09/https-www-annavinpadaippugal-info/outputs/annavin_text_extractor/organized_contents/katturaigal/musing_of_munshi.md
http://www.annavinpadaippugal.info/katturaigal/muster_strong_demand_justice.htm,200,katturaigal/muster_strong_demand_justice.md,no,covered,/Users/pugazhendhirajendran/Documents/Codex/2026-07-09/https-www-annavinpadaippugal-info/outputs/annavin_text_extractor/organized_contents/katturaigal/muster_strong_demand_justice.md
http://www.annavinpadaippugal.info/katturaigal/muthal_kanik.htm,200,katturaigal/muthal_kanik.md,no,covered,/Users/pugazhendhirajendran/Documents/Codex/2026-07-09/https-www-annavinpadaippugal-info/outputs/annavin_text_extractor/organized_contents/katturaigal/muthal_kanik.md
http://www.annavinpadaippugal.info/katturaigal/muthal_thaakku.htm,200,katturaigal/muthal_thaakku.md,no,covered,/Users/pugazhendhirajendran/Documents/Codex/2026-07-09/https-www-annavinpadaippugal-info/outputs/annavin_text_extractor/organized_contents/katturaigal/muthal_thaakku.md
http://www.annavinpadaippugal.info/katturaigal/muthal_thaethi.htm,200,katturaigal/muthal_thaethi.md,no,covered,/Users/pugazhendhirajendran/Documents/Codex/2026-07-09/https-www-annavinpadaippugal-info/outputs/annavin_text_extractor/organized_contents/katturaigal/muthal_thaethi.md
http://www.annavinpadaippugal.info/katturaigal/muthalalithuva_mugaam.htm,200,katturaigal/muthalalithuva_mugaam.md,no,covered,/Users/pugazhendhirajendran/Documents/Codex/2026-07-09/https-www-annavinpadaippugal-info/outputs/annavin_text_extractor/organized_contents/katturaigal/muthalalithuva_mugaam.md
http://www.annavinpadaippugal.info/katturaigal/muthalamaicharin_murari.htm,200,katturaigal/muthalamaicharin_murari.md,no,covered,/Users/pugazhendhirajendran/Documents/Codex/2026-07-09/https-www-annavinpadaippugal-info/outputs/annavin_text_extractor/organized_contents/katturaigal/muthalamaicharin_murari.md
http://www.annavinpadaippugal.info/katturaigal/muthamizh_katrorae.htm,200,katturaigal/muthamizh_katrorae.md,no,covered,/Users/pugazhendhirajendran/Documents/Codex/2026-07-09/https-www-annavinpadaippugal-info/outputs/annavin_text_extractor/organized_contents/katturaigal/muthamizh_katrorae.md
http://www.annavinpadaippugal.info/katturaigal/muthamizhukku.htm,200,katturaigal/muthamizhukku.md,no,covered,/Users/pugazhendhirajendran/Documents/Codex/2026-07-09/https-www-annavinpadaippugal-info/outputs/annavin_text_extractor/organized_contents/katturaigal/muthamizhukku.md
http://www.annavinpadaippugal.info/katturaigal/muthurangathin_hindi_pittham.htm,200,katturaigal/muthurangathin_hindi_pittham.md,no,covered,/Users/pugazhendhirajendran/Documents/Codex/2026-07-09/https-www-annavinpadaippugal-info/outputs/annavin_text_extractor/organized_contents/katturaigal/muthurangathin_hindi_pittham.md
http://www.annavinpadaippugal.info/katturaigal/muzhakkam.htm,200,katturaigal/muzhakkam.md,no,covered,/Users/pugazhendhirajendran/Documents/Codex/2026-07-09/https-www-annavinpadaippugal-info/outputs/annavin_text_extractor/organized_contents/katturaigal/muzhakkam.md
http://www.annavinpadaippugal.info/katturaigal/mysore_sarkarukku.htm,200,katturaigal/mysore_sarkarukku.md,no,covered,/Users/pugazhendhirajendran/Documents/Codex/2026-07-09/https-www-annavinpadaippugal-info/outputs/annavin_text_extractor/organized_contents/katturaigal/mysore_sarkarukku.md
http://www.annavinpadaippugal.info/katturaigal/naagai_mani.htm,200,katturaigal/naagai_mani.md,no,covered,/Users/pugazhendhirajendran/Documents/Codex/2026-07-09/https-www-annavinpadaippugal-info/outputs/annavin_text_extractor/organized_contents/katturaigal/naagai_mani.md
http://www.annavinpadaippugal.info/katturaigal/naalu_latcham_kaanickai.htm,200,katturaigal/naalu_latcham_kaanickai.md,no,covered,/Users/pugazhendhirajendran/Documents/Codex/2026-07-09/https-www-annavinpadaippugal-info/outputs/annavin_text_extractor/organized_contents/katturaigal/naalu_latcham_kaanickai.md
http://www.annavinpadaippugal.info/katturaigal/naalu_naatkalukkul.htm,200,katturaigal/naalu_naatkalukkul.md,no,covered,/Users/pugazhendhirajendran/Documents/Codex/2026-07-09/https-www-annavinpadaippugal-info/outputs/annavin_text_extractor/organized_contents/katturaigal/naalu_naatkalukkul.md
http://www.annavinpadaippugal.info/katturaigal/naam.htm,200,katturaigal/naam.md,no,covered,/Users/pugazhendhirajendran/Documents/Codex/2026-07-09/https-www-annavinpadaippugal-info/outputs/annavin_text_extractor/organized_contents/katturaigal/naam.md
http://www.annavinpadaippugal.info/katturaigal/naam_palar.htm,200,katturaigal/naam_palar.md,no,covered,/Users/pugazhendhirajendran/Documents/Codex/2026-07-09/https-www-annavinpadaippugal-info/outputs/annavin_text_extractor/organized_contents/katturaigal/naam_palar.md
http://www.annavinpadaippugal.info/katturaigal/naam_yarukku_ethiri.htm,200,katturaigal/naam_yarukku_ethiri.md,no,covered,/Users/pugazhendhirajendran/Documents/Codex/2026-07-09/https-www-annavinpadaippugal-info/outputs/annavin_text_extractor/organized_contents/katturaigal/naam_yarukku_ethiri.md
http://www.annavinpadaippugal.info/katturaigal/naan_magizhchi_adaigiraen.htm,200,katturaigal/naan_magizhchi_adaigiraen.md,no,covered,/Users/pugazhendhirajendran/Documents/Codex/2026-07-09/https-www-annavinpadaippugal-info/outputs/annavin_text_extractor/organized_contents/katturaigal/naan_magizhchi_adaigiraen.md
http://www.annavinpadaippugal.info/katturaigal/naan_sendru_varugiraen.htm,200,katturaigal/naan_sendru_varugiraen.md,no,covered,/Users/pugazhendhirajendran/Documents/Codex/2026-07-09/https-www-annavinpadaippugal-info/outputs/annavin_text_extractor/organized_contents/katturaigal/naan_sendru_varugiraen.md
http://www.annavinpadaippugal.info/katturaigal/naatin_nayagargal_1.htm,200,katturaigal/naatin_nayagargal.md,yes,covered,/Users/pugazhendhirajendran/Documents/Codex/2026-07-09/https-www-annavinpadaippugal-info/outputs/annavin_text_extractor/organized_contents/katturaigal/naatin_nayagargal.md
http://www.annavinpadaippugal.info/katturaigal/naatin_nayagargal_2.htm,200,katturaigal/naatin_nayagargal.md,yes,covered,/Users/pugazhendhirajendran/Documents/Codex/2026-07-09/https-www-annavinpadaippugal-info/outputs/annavin_text_extractor/organized_contents/katturaigal/naatin_nayagargal.md
http://www.annavinpadaippugal.info/katturaigal/naatin_nayagargal_3.htm,200,katturaigal/naatin_nayagargal.md,yes,covered,/Users/pugazhendhirajendran/Documents/Codex/2026-07-09/https-www-annavinpadaippugal-info/outputs/annavin_text_extractor/organized_contents/katturaigal/naatin_nayagargal.md
http://www.annavinpadaippugal.info/katturaigal/naatin_nayagargal_4.htm,200,katturaigal/naatin_nayagargal.md,yes,covered,/Users/pugazhendhirajendran/Documents/Codex/2026-07-09/https-www-annavinpadaippugal-info/outputs/annavin_text_extractor/organized_contents/katturaigal/naatin_nayagargal.md
http://www.annavinpadaippugal.info/katturaigal/naattu_nilayum.htm,200,katturaigal/naattu_nilayum.md,no,covered,/Users/pugazhendhirajendran/Documents/Codex/2026-07-09/https-www-annavinpadaippugal-info/outputs/annavin_text_extractor/organized_contents/katturaigal/naattu_nilayum.md
http://www.annavinpadaippugal.info/katturaigal/nachuppoygai.htm,200,katturaigal/nachuppoygai.md,no,covered,/Users/pugazhendhirajendran/Documents/Codex/2026-07-09/https-www-annavinpadaippugal-info/outputs/annavin_text_extractor/organized_contents/katturaigal/nachuppoygai.md
http://www.annavinpadaippugal.info/katturaigal/nadaga_pera.htm,200,katturaigal/nadaga_pera.md,no,covered,/Users/pugazhendhirajendran/Documents/Codex/2026-07-09/https-www-annavinpadaippugal-info/outputs/annavin_text_extractor/organized_contents/katturaigal/nadaga_pera.md
http://www.annavinpadaippugal.info/katturaigal/nadamaadum.htm,200,katturaigal/nadamaadum.md,no,covered,/Users/pugazhendhirajendran/Documents/Codex/2026-07-09/https-www-annavinpadaippugal-info/outputs/annavin_text_extractor/organized_contents/katturaigal/nadamaadum.md
http://www.annavinpadaippugal.info/katturaigal/nadamadum_abaya_arivippu.htm,200,katturaigal/nadamadum_abaya_arivippu.md,no,covered,/Users/pugazhendhirajendran/Documents/Codex/2026-07-09/https-www-annavinpadaippugal-info/outputs/annavin_text_extractor/organized_contents/katturaigal/nadamadum_abaya_arivippu.md
http://www.annavinpadaippugal.info/katturaigal/nadathiselgirar.htm,200,katturaigal/nadathiselgirar.md,no,covered,/Users/pugazhendhirajendran/Documents/Codex/2026-07-09/https-www-annavinpadaippugal-info/outputs/annavin_text_extractor/organized_contents/katturaigal/nadathiselgirar.md
http://www.annavinpadaippugal.info/katturaigal/nadengum.html,200,katturaigal/nadengum.md,no,covered,/Users/pugazhendhirajendran/Documents/Codex/2026-07-09/https-www-annavinpadaippugal-info/outputs/annavin_text_extractor/organized_contents/katturaigal/nadengum.md
http://www.annavinpadaippugal.info/katturaigal/nadigar_sanga.htm,200,katturaigal/nadigar_sanga.md,no,covered,/Users/pugazhendhirajendran/Documents/Codex/2026-07-09/https-www-annavinpadaippugal-info/outputs/annavin_text_extractor/organized_contents/katturaigal/nadigar_sanga.md
http://www.annavinpadaippugal.info/katturaigal/naesakkaram.htm,200,katturaigal/naesakkaram.md,no,covered,/Users/pugazhendhirajendran/Documents/Codex/2026-07-09/https-www-annavinpadaippugal-info/outputs/annavin_text_extractor/organized_contents/katturaigal/naesakkaram.md
http://www.annavinpadaippugal.info/katturaigal/nagai_veedu.htm,200,katturaigal/nagai_veedu.md,no,covered,/Users/pugazhendhirajendran/Documents/Codex/2026-07-09/https-www-annavinpadaippugal-info/outputs/annavin_text_extractor/organized_contents/katturaigal/nagai_veedu.md
http://www.annavinpadaippugal.info/katturaigal/nagaratchi_thaerthal.htm,200,katturaigal/nagaratchi_thaerthal.md,no,covered,/Users/pugazhendhirajendran/Documents/Codex/2026-07-09/https-www-annavinpadaippugal-info/outputs/annavin_text_extractor/organized_contents/katturaigal/nagaratchi_thaerthal.md
http://www.annavinpadaippugal.info/katturaigal/nailnathitheeram.htm,200,katturaigal/nailnathitheeram.md,no,covered,/Users/pugazhendhirajendran/Documents/Codex/2026-07-09/https-www-annavinpadaippugal-info/outputs/annavin_text_extractor/organized_contents/katturaigal/nailnathitheeram.md
http://www.annavinpadaippugal.info/katturaigal/nalla_mudivu_kooda.htm,200,katturaigal/nalla_mudivu_kooda.md,no,covered,/Users/pugazhendhirajendran/Documents/Codex/2026-07-09/https-www-annavinpadaippugal-info/outputs/annavin_text_extractor/organized_contents/katturaigal/nalla_mudivu_kooda.md
http://www.annavinpadaippugal.info/katturaigal/nalla_yosanai.htm,200,katturaigal/nalla_yosanai.md,no,covered,/Users/pugazhendhirajendran/Documents/Codex/2026-07-09/https-www-annavinpadaippugal-info/outputs/annavin_text_extractor/organized_contents/katturaigal/nalla_yosanai.md
http://www.annavinpadaippugal.info/katturaigal/nallatchi_kanbom.htm,200,katturaigal/nallatchi_kanbom.md,no,covered,/Users/pugazhendhirajendran/Documents/Codex/2026-07-09/https-www-annavinpadaippugal-info/outputs/annavin_text_extractor/organized_contents/katturaigal/nallatchi_kanbom.md
http://www.annavinpadaippugal.info/katturaigal/nallathalla.htm,200,katturaigal/nallathalla.md,no,covered,/Users/pugazhendhirajendran/Documents/Codex/2026-07-09/https-www-annavinpadaippugal-info/outputs/annavin_text_extractor/organized_contents/katturaigal/nallathalla.md
http://www.annavinpadaippugal.info/katturaigal/nam_annavin.htm,200,katturaigal/nam_annavin.md,no,covered,/Users/pugazhendhirajendran/Documents/Codex/2026-07-09/https-www-annavinpadaippugal-info/outputs/annavin_text_extractor/organized_contents/katturaigal/nam_annavin.md
http://www.annavinpadaippugal.info/katturaigal/namadhu_munnani_velai.htm,200,katturaigal/namadhu_munnani_velai.md,no,covered,/Users/pugazhendhirajendran/Documents/Codex/2026-07-09/https-www-annavinpadaippugal-info/outputs/annavin_text_extractor/organized_contents/katturaigal/namadhu_munnani_velai.md
http://www.annavinpadaippugal.info/katturaigal/namadhu_selvam.htm,200,katturaigal/namadhu_selvam.md,no,covered,/Users/pugazhendhirajendran/Documents/Codex/2026-07-09/https-www-annavinpadaippugal-info/outputs/annavin_text_extractor/organized_contents/katturaigal/namadhu_selvam.md
http://www.annavinpadaippugal.info/katturaigal/namaparvathi.htm,200,katturaigal/namaparvathi.md,no,covered,/Users/pugazhendhirajendran/Documents/Codex/2026-07-09/https-www-annavinpadaippugal-info/outputs/annavin_text_extractor/organized_contents/katturaigal/namaparvathi.md
http://www.annavinpadaippugal.info/katturaigal/namathu_asai.htm,200,katturaigal/namathu_asai.md,no,covered,/Users/pugazhendhirajendran/Documents/Codex/2026-07-09/https-www-annavinpadaippugal-info/outputs/annavin_text_extractor/organized_contents/katturaigal/namathu_asai.md
http://www.annavinpadaippugal.info/katturaigal/namathu_geethai.htm,200,katturaigal/namathu_geethai.md,no,covered,/Users/pugazhendhirajendran/Documents/Codex/2026-07-09/https-www-annavinpadaippugal-info/outputs/annavin_text_extractor/organized_contents/katturaigal/namathu_geethai.md
http://www.annavinpadaippugal.info/katturaigal/namathu_paathai.htm,200,katturaigal/namathu_paathai.md,no,covered,/Users/pugazhendhirajendran/Documents/Codex/2026-07-09/https-www-annavinpadaippugal-info/outputs/annavin_text_extractor/organized_contents/katturaigal/namathu_paathai.md
http://www.annavinpadaippugal.info/katturaigal/namathu_poar_paathai_1.htm,200,katturaigal/namathu_poar_paathai.md,yes,covered,/Users/pugazhendhirajendran/Documents/Codex/2026-07-09/https-www-annavinpadaippugal-info/outputs/annavin_text_extractor/organized_contents/katturaigal/namathu_poar_paathai.md
http://www.annavinpadaippugal.info/katturaigal/namathu_poar_paathai_2.htm,200,katturaigal/namathu_poar_paathai.md,yes,covered,/Users/pugazhendhirajendran/Documents/Codex/2026-07-09/https-www-annavinpadaippugal-info/outputs/annavin_text_extractor/organized_contents/katturaigal/namathu_poar_paathai.md
http://www.annavinpadaippugal.info/katturaigal/namathu_poar_paathai_3.htm,200,katturaigal/namathu_poar_paathai.md,yes,covered,/Users/pugazhendhirajendran/Documents/Codex/2026-07-09/https-www-annavinpadaippugal-info/outputs/annavin_text_extractor/organized_contents/katturaigal/namathu_poar_paathai.md
http://www.annavinpadaippugal.info/katturaigal/nambikai_natch.htm,200,katturaigal/nambikai_natch.md,no,covered,/Users/pugazhendhirajendran/Documents/Codex/2026-07-09/https-www-annavinpadaippugal-info/outputs/annavin_text_extractor/organized_contents/katturaigal/nambikai_natch.md
http://www.annavinpadaippugal.info/katturaigal/namellam.htm,200,katturaigal/namellam.md,no,covered,/Users/pugazhendhirajendran/Documents/Codex/2026-07-09/https-www-annavinpadaippugal-info/outputs/annavin_text_extractor/organized_contents/katturaigal/namellam.md
http://www.annavinpadaippugal.info/katturaigal/namma_sarkar.htm,200,katturaigal/namma_sarkar.md,no,covered,/Users/pugazhendhirajendran/Documents/Codex/2026-07-09/https-www-annavinpadaippugal-info/outputs/annavin_text_extractor/organized_contents/katturaigal/namma_sarkar.md
http://www.annavinpadaippugal.info/katturaigal/namma_sarkar_ondrallla.htm,200,katturaigal/namma_sarkar_ondrallla.md,no,covered,/Users/pugazhendhirajendran/Documents/Codex/2026-07-09/https-www-annavinpadaippugal-info/outputs/annavin_text_extractor/organized_contents/katturaigal/namma_sarkar_ondrallla.md
http://www.annavinpadaippugal.info/katturaigal/nammai_nambatha.htm,200,katturaigal/nammai_nambatha.md,no,covered,/Users/pugazhendhirajendran/Documents/Codex/2026-07-09/https-www-annavinpadaippugal-info/outputs/annavin_text_extractor/organized_contents/katturaigal/nammai_nambatha.md
http://www.annavinpadaippugal.info/katturaigal/nammodu_kalanthuvittar.htm,200,katturaigal/nammodu_kalanthuvittar.md,no,covered,/Users/pugazhendhirajendran/Documents/Codex/2026-07-09/https-www-annavinpadaippugal-info/outputs/annavin_text_extractor/organized_contents/katturaigal/nammodu_kalanthuvittar.md
http://www.annavinpadaippugal.info/katturaigal/nanbargal_kaetpatharkku01.htm,200,katturaigal/nanbargal_kaetpatharkku01.md,no,covered,/Users/pugazhendhirajendran/Documents/Codex/2026-07-09/https-www-annavinpadaippugal-info/outputs/annavin_text_extractor/organized_contents/katturaigal/nanbargal_kaetpatharkku01.md
http://www.annavinpadaippugal.info/katturaigal/nanbargal_kaetpatharkku02.htm,200,katturaigal/nanbargal_kaetpatharkku02.md,no,covered,/Users/pugazhendhirajendran/Documents/Codex/2026-07-09/https-www-annavinpadaippugal-info/outputs/annavin_text_extractor/organized_contents/katturaigal/nanbargal_kaetpatharkku02.md
http://www.annavinpadaippugal.info/katturaigal/nanbargal_kaetpatharkku03.htm,200,katturaigal/nanbargal_kaetpatharkku03.md,no,covered,/Users/pugazhendhirajendran/Documents/Codex/2026-07-09/https-www-annavinpadaippugal-info/outputs/annavin_text_extractor/organized_contents/katturaigal/nanbargal_kaetpatharkku03.md
http://www.annavinpadaippugal.info/katturaigal/nanbargal_kaetpatharkku04.htm,200,katturaigal/nanbargal_kaetpatharkku04.md,no,covered,/Users/pugazhendhirajendran/Documents/Codex/2026-07-09/https-www-annavinpadaippugal-info/outputs/annavin_text_extractor/organized_contents/katturaigal/nanbargal_kaetpatharkku04.md
http://www.annavinpadaippugal.info/katturaigal/nanbargal_kaetpatharkku05.htm,200,katturaigal/nanbargal_kaetpatharkku05.md,no,covered,/Users/pugazhendhirajendran/Documents/Codex/2026-07-09/https-www-annavinpadaippugal-info/outputs/annavin_text_extractor/organized_contents/katturaigal/nanbargal_kaetpatharkku05.md
http://www.annavinpadaippugal.info/katturaigal/nandri_170357.htm,200,katturaigal/nandri_170357.md,no,covered,/Users/pugazhendhirajendran/Documents/Codex/2026-07-09/https-www-annavinpadaippugal-info/outputs/annavin_text_extractor/organized_contents/katturaigal/nandri_170357.md
http://www.annavinpadaippugal.info/katturaigal/nandriyum_varav.htm,200,katturaigal/nandriyum_varav.md,no,covered,/Users/pugazhendhirajendran/Documents/Codex/2026-07-09/https-www-annavinpadaippugal-info/outputs/annavin_text_extractor/organized_contents/katturaigal/nandriyum_varav.md
http://www.annavinpadaippugal.info/katturaigal/nangal_kattada.htm,200,katturaigal/nangal_kattada.md,no,covered,/Users/pugazhendhirajendran/Documents/Codex/2026-07-09/https-www-annavinpadaippugal-info/outputs/annavin_text_extractor/organized_contents/katturaigal/nangal_kattada.md
http://www.annavinpadaippugal.info/katturaigal/nangu_naatkal.htm,200,katturaigal/nangu_naatkal.md,no,covered,/Users/pugazhendhirajendran/Documents/Codex/2026-07-09/https-www-annavinpadaippugal-info/outputs/annavin_text_extractor/organized_contents/katturaigal/nangu_naatkal.md
http://www.annavinpadaippugal.info/katturaigal/nannilam_nanbarukku.htm,200,katturaigal/nannilam_nanbarukku.md,no,covered,/Users/pugazhendhirajendran/Documents/Codex/2026-07-09/https-www-annavinpadaippugal-info/outputs/annavin_text_extractor/organized_contents/katturaigal/nannilam_nanbarukku.md
http://www.annavinpadaippugal.info/katturaigal/nari_pariyagum.htm,200,katturaigal/nari_pariyagum.md,no,covered,/Users/pugazhendhirajendran/Documents/Codex/2026-07-09/https-www-annavinpadaippugal-info/outputs/annavin_text_extractor/organized_contents/katturaigal/nari_pariyagum.md
http://www.annavinpadaippugal.info/katturaigal/navenna.htm,200,katturaigal/navenna.md,no,covered,/Users/pugazhendhirajendran/Documents/Codex/2026-07-09/https-www-annavinpadaippugal-info/outputs/annavin_text_extractor/organized_contents/katturaigal/navenna.md
http://www.annavinpadaippugal.info/katturaigal/nee_piranthathu_vellikilamai.htm,200,katturaigal/nee_piranthathu_vellikilamai.md,no,covered,/Users/pugazhendhirajendran/Documents/Codex/2026-07-09/https-www-annavinpadaippugal-info/outputs/annavin_text_extractor/organized_contents/katturaigal/nee_piranthathu_vellikilamai.md
http://www.annavinpadaippugal.info/katturaigal/neegrosthan.htm,200,katturaigal/neegrosthan.md,no,covered,/Users/pugazhendhirajendran/Documents/Codex/2026-07-09/https-www-annavinpadaippugal-info/outputs/annavin_text_extractor/organized_contents/katturaigal/neegrosthan.md
http://www.annavinpadaippugal.info/katturaigal/neelakkal_mothiram.htm,200,katturaigal/neelakkal_mothiram.md,no,covered,/Users/pugazhendhirajendran/Documents/Codex/2026-07-09/https-www-annavinpadaippugal-info/outputs/annavin_text_extractor/organized_contents/katturaigal/neelakkal_mothiram.md
http://www.annavinpadaippugal.info/katturaigal/neelan_nirubam.htm,200,katturaigal/neelan_nirubam.md,no,covered,/Users/pugazhendhirajendran/Documents/Codex/2026-07-09/https-www-annavinpadaippugal-info/outputs/annavin_text_extractor/organized_contents/katturaigal/neelan_nirubam.md
http://www.annavinpadaippugal.info/katturaigal/neelan_nirubam_2.htm,200,katturaigal/neelan_nirubam_2.md,no,covered,/Users/pugazhendhirajendran/Documents/Codex/2026-07-09/https-www-annavinpadaippugal-info/outputs/annavin_text_extractor/organized_contents/katturaigal/neelan_nirubam_2.md
http://www.annavinpadaippugal.info/katturaigal/neengalae_koorungal.htm,200,katturaigal/neengalae_koorungal.md,no,covered,/Users/pugazhendhirajendran/Documents/Codex/2026-07-09/https-www-annavinpadaippugal-info/outputs/annavin_text_extractor/organized_contents/katturaigal/neengalae_koorungal.md
http://www.annavinpadaippugal.info/katturaigal/neer_nanchayitru.htm,200,katturaigal/neer_nanchayitru.md,no,covered,/Users/pugazhendhirajendran/Documents/Codex/2026-07-09/https-www-annavinpadaippugal-info/outputs/annavin_text_extractor/organized_contents/katturaigal/neer_nanchayitru.md
http://www.annavinpadaippugal.info/katturaigal/neethi_sirithidum.htm,200,katturaigal/neethi_sirithidum.md,no,covered,/Users/pugazhendhirajendran/Documents/Codex/2026-07-09/https-www-annavinpadaippugal-info/outputs/annavin_text_extractor/organized_contents/katturaigal/neethi_sirithidum.md
http://www.annavinpadaippugal.info/katturaigal/neethimandra_anna.htm,200,katturaigal/neethimandra_anna.md,no,covered,/Users/pugazhendhirajendran/Documents/Codex/2026-07-09/https-www-annavinpadaippugal-info/outputs/annavin_text_extractor/organized_contents/katturaigal/neethimandra_anna.md
http://www.annavinpadaippugal.info/katturaigal/neethiyum.htm,200,katturaigal/neethiyum.md,no,covered,/Users/pugazhendhirajendran/Documents/Codex/2026-07-09/https-www-annavinpadaippugal-info/outputs/annavin_text_extractor/organized_contents/katturaigal/neethiyum.md
http://www.annavinpadaippugal.info/katturaigal/nehruvin_maeru.htm,200,katturaigal/nehruvin_maeru.md,no,covered,/Users/pugazhendhirajendran/Documents/Codex/2026-07-09/https-www-annavinpadaippugal-info/outputs/annavin_text_extractor/organized_contents/katturaigal/nehruvin_maeru.md
http://www.annavinpadaippugal.info/katturaigal/nerukkadi.htm,200,katturaigal/nerukkadi.md,no,covered,/Users/pugazhendhirajendran/Documents/Codex/2026-07-09/https-www-annavinpadaippugal-info/outputs/annavin_text_extractor/organized_contents/katturaigal/nerukkadi.md
http://www.annavinpadaippugal.info/katturaigal/nerungivit.htm,200,katturaigal/nerungivit.md,no,covered,/Users/pugazhendhirajendran/Documents/Codex/2026-07-09/https-www-annavinpadaippugal-info/outputs/annavin_text_extractor/organized_contents/katturaigal/nerungivit.md
http://www.annavinpadaippugal.info/katturaigal/nicholas_theerpu.htm,200,katturaigal/nicholas_theerpu.md,no,covered,/Users/pugazhendhirajendran/Documents/Codex/2026-07-09/https-www-annavinpadaippugal-info/outputs/annavin_text_extractor/organized_contents/katturaigal/nicholas_theerpu.md
http://www.annavinpadaippugal.info/katturaigal/ninaivil_nilaithar.htm,200,katturaigal/ninaivil_nilaithar.md,no,covered,/Users/pugazhendhirajendran/Documents/Codex/2026-07-09/https-www-annavinpadaippugal-info/outputs/annavin_text_extractor/organized_contents/katturaigal/ninaivil_nilaithar.md
http://www.annavinpadaippugal.info/katturaigal/ninaivu_nilai.htm,200,katturaigal/ninaivu_nilai.md,no,covered,/Users/pugazhendhirajendran/Documents/Codex/2026-07-09/https-www-annavinpadaippugal-info/outputs/annavin_text_extractor/organized_contents/katturaigal/ninaivu_nilai.md
http://www.annavinpadaippugal.info/katturaigal/nirubarin_nilai.htm,200,katturaigal/nirubarin_nilai.md,no,covered,/Users/pugazhendhirajendran/Documents/Codex/2026-07-09/https-www-annavinpadaippugal-info/outputs/annavin_text_extractor/organized_contents/katturaigal/nirubarin_nilai.md
http://www.annavinpadaippugal.info/katturaigal/no_money_on_trees.htm,200,katturaigal/no_money_on_trees.md,no,covered,/Users/pugazhendhirajendran/Documents/Codex/2026-07-09/https-www-annavinpadaippugal-info/outputs/annavin_text_extractor/organized_contents/katturaigal/no_money_on_trees.md
http://www.annavinpadaippugal.info/katturaigal/november_7.htm,200,katturaigal/november_7.md,no,covered,/Users/pugazhendhirajendran/Documents/Codex/2026-07-09/https-www-annavinpadaippugal-info/outputs/annavin_text_extractor/organized_contents/katturaigal/november_7.md
http://www.annavinpadaippugal.info/katturaigal/noyaligal.htm,200,katturaigal/noyaligal.md,no,covered,/Users/pugazhendhirajendran/Documents/Codex/2026-07-09/https-www-annavinpadaippugal-info/outputs/annavin_text_extractor/organized_contents/katturaigal/noyaligal.md
http://www.annavinpadaippugal.info/katturaigal/nsk.htm,200,katturaigal/nsk.md,no,covered,/Users/pugazhendhirajendran/Documents/Codex/2026-07-09/https-www-annavinpadaippugal-info/outputs/annavin_text_extractor/organized_contents/katturaigal/nsk.md
http://www.annavinpadaippugal.info/katturaigal/nyayasthan.htm,200,katturaigal/nyayasthan.md,no,covered,/Users/pugazhendhirajendran/Documents/Codex/2026-07-09/https-www-annavinpadaippugal-info/outputs/annavin_text_extractor/organized_contents/katturaigal/nyayasthan.md
http://www.annavinpadaippugal.info/katturaigal/oaduthu_paar.htm,200,katturaigal/oaduthu_paar.md,no,covered,/Users/pugazhendhirajendran/Documents/Codex/2026-07-09/https-www-annavinpadaippugal-info/outputs/annavin_text_extractor/organized_contents/katturaigal/oaduthu_paar.md
http://www.annavinpadaippugal.info/katturaigal/oamanthurar.htm,200,katturaigal/oamanthurar.md,no,covered,/Users/pugazhendhirajendran/Documents/Codex/2026-07-09/https-www-annavinpadaippugal-info/outputs/annavin_text_extractor/organized_contents/katturaigal/oamanthurar.md
http://www.annavinpadaippugal.info/katturaigal/october_15.htm,200,katturaigal/october_15.md,no,covered,/Users/pugazhendhirajendran/Documents/Codex/2026-07-09/https-www-annavinpadaippugal-info/outputs/annavin_text_extractor/organized_contents/katturaigal/october_15.md
http://www.annavinpadaippugal.info/katturaigal/oli_thanthar.htm,200,katturaigal/oli_thanthar.md,no,covered,/Users/pugazhendhirajendran/Documents/Codex/2026-07-09/https-www-annavinpadaippugal-info/outputs/annavin_text_extractor/organized_contents/katturaigal/oli_thanthar.md
http://www.annavinpadaippugal.info/katturaigal/ondrum_seiyavillai.htm,200,katturaigal/ondrum_seiyavillai.md,no,covered,/Users/pugazhendhirajendran/Documents/Codex/2026-07-09/https-www-annavinpadaippugal-info/outputs/annavin_text_extractor/organized_contents/katturaigal/ondrum_seiyavillai.md
http://www.annavinpadaippugal.info/katturaigal/one_is_to_three.htm,200,katturaigal/one_is_to_three.md,no,covered,/Users/pugazhendhirajendran/Documents/Codex/2026-07-09/https-www-annavinpadaippugal-info/outputs/annavin_text_extractor/organized_contents/katturaigal/one_is_to_three.md
http://www.annavinpadaippugal.info/katturaigal/oorar_urayadal_7.htm,200,katturaigal/oorar_urayadal_7.md,no,covered,/Users/pugazhendhirajendran/Documents/Codex/2026-07-09/https-www-annavinpadaippugal-info/outputs/annavin_text_extractor/organized_contents/katturaigal/oorar_urayadal_7.md
http://www.annavinpadaippugal.info/katturaigal/oorar_urayadal_kabaleeswarar.htm,200,katturaigal/oorar_urayadal_kabaleeswarar.md,no,covered,/Users/pugazhendhirajendran/Documents/Codex/2026-07-09/https-www-annavinpadaippugal-info/outputs/annavin_text_extractor/organized_contents/katturaigal/oorar_urayadal_kabaleeswarar.md
http://www.annavinpadaippugal.info/katturaigal/oorar_urayadal_kagasas.htm,200,katturaigal/oorar_urayadal_kagasas.md,no,covered,/Users/pugazhendhirajendran/Documents/Codex/2026-07-09/https-www-annavinpadaippugal-info/outputs/annavin_text_extractor/organized_contents/katturaigal/oorar_urayadal_kagasas.md
http://www.annavinpadaippugal.info/katturaigal/oorar_urayadal_kovil_kulam.htm,200,katturaigal/oorar_urayadal_kovil_kulam.md,no,covered,/Users/pugazhendhirajendran/Documents/Codex/2026-07-09/https-www-annavinpadaippugal-info/outputs/annavin_text_extractor/organized_contents/katturaigal/oorar_urayadal_kovil_kulam.md
http://www.annavinpadaippugal.info/katturaigal/oorar_urayadal_krishnamanthiram.htm,200,katturaigal/oorar_urayadal_krishnamanthiram.md,no,covered,/Users/pugazhendhirajendran/Documents/Codex/2026-07-09/https-www-annavinpadaippugal-info/outputs/annavin_text_extractor/organized_contents/katturaigal/oorar_urayadal_krishnamanthiram.md
http://www.annavinpadaippugal.info/katturaigal/oorar_urayadal_thoattapathai.htm,200,katturaigal/oorar_urayadal_thoattapathai.md,no,covered,/Users/pugazhendhirajendran/Documents/Codex/2026-07-09/https-www-annavinpadaippugal-info/outputs/annavin_text_extractor/organized_contents/katturaigal/oorar_urayadal_thoattapathai.md
http://www.annavinpadaippugal.info/katturaigal/oorsirikkum.htm,200,katturaigal/oorsirikkum.md,no,covered,/Users/pugazhendhirajendran/Documents/Codex/2026-07-09/https-www-annavinpadaippugal-info/outputs/annavin_text_extractor/organized_contents/katturaigal/oorsirikkum.md
http://www.annavinpadaippugal.info/katturaigal/oppatra_kavi.htm,200,katturaigal/oppatra_kavi.md,no,covered,/Users/pugazhendhirajendran/Documents/Codex/2026-07-09/https-www-annavinpadaippugal-info/outputs/annavin_text_extractor/organized_contents/katturaigal/oppatra_kavi.md
http://www.annavinpadaippugal.info/katturaigal/orae_nilavu.htm,200,katturaigal/orae_nilavu.md,no,covered,/Users/pugazhendhirajendran/Documents/Codex/2026-07-09/https-www-annavinpadaippugal-info/outputs/annavin_text_extractor/organized_contents/katturaigal/orae_nilavu.md
http://www.annavinpadaippugal.info/katturaigal/oraeoru.htm,200,katturaigal/oraeoru.md,no,covered,/Users/pugazhendhirajendran/Documents/Codex/2026-07-09/https-www-annavinpadaippugal-info/outputs/annavin_text_extractor/organized_contents/katturaigal/oraeoru.md
http://www.annavinpadaippugal.info/katturaigal/oraeoru_vimanam.htm,200,katturaigal/oraeoru_vimanam.md,no,covered,/Users/pugazhendhirajendran/Documents/Codex/2026-07-09/https-www-annavinpadaippugal-info/outputs/annavin_text_extractor/organized_contents/katturaigal/oraeoru_vimanam.md
http://www.annavinpadaippugal.info/katturaigal/oru_ponnedu.htm,200,katturaigal/oru_ponnedu.md,no,covered,/Users/pugazhendhirajendran/Documents/Codex/2026-07-09/https-www-annavinpadaippugal-info/outputs/annavin_text_extractor/organized_contents/katturaigal/oru_ponnedu.md
http://www.annavinpadaippugal.info/katturaigal/our_legaly_rich_and_matchless.htm,200,katturaigal/our_legaly_rich_and_matchless.md,no,covered,/Users/pugazhendhirajendran/Documents/Codex/2026-07-09/https-www-annavinpadaippugal-info/outputs/annavin_text_extractor/organized_contents/katturaigal/our_legaly_rich_and_matchless.md
http://www.annavinpadaippugal.info/katturaigal/oviya_mannarukku.htm,200,katturaigal/oviya_mannarukku.md,no,covered,/Users/pugazhendhirajendran/Documents/Codex/2026-07-09/https-www-annavinpadaippugal-info/outputs/annavin_text_extractor/organized_contents/katturaigal/oviya_mannarukku.md
http://www.annavinpadaippugal.info/katturaigal/paalaivana_malar.htm,200,katturaigal/paalaivana_malar.md,no,covered,/Users/pugazhendhirajendran/Documents/Codex/2026-07-09/https-www-annavinpadaippugal-info/outputs/annavin_text_extractor/organized_contents/katturaigal/paalaivana_malar.md
http://www.annavinpadaippugal.info/katturaigal/paanipat_plasi.htm,200,katturaigal/paanipat_plasi.md,no,covered,/Users/pugazhendhirajendran/Documents/Codex/2026-07-09/https-www-annavinpadaippugal-info/outputs/annavin_text_extractor/organized_contents/katturaigal/paanipat_plasi.md
http://www.annavinpadaippugal.info/katturaigal/paanjalasabai.htm,200,katturaigal/paanjalasabai.md,no,covered,/Users/pugazhendhirajendran/Documents/Codex/2026-07-09/https-www-annavinpadaippugal-info/outputs/annavin_text_extractor/organized_contents/katturaigal/paanjalasabai.md
http://www.annavinpadaippugal.info/katturaigal/paarattugiroam.htm,200,katturaigal/paarattugiroam.md,no,covered,/Users/pugazhendhirajendran/Documents/Codex/2026-07-09/https-www-annavinpadaippugal-info/outputs/annavin_text_extractor/organized_contents/katturaigal/paarattugiroam.md
http://www.annavinpadaippugal.info/katturaigal/paasamum_naasisamum.htm,200,katturaigal/paasamum_naasisamum.md,no,covered,/Users/pugazhendhirajendran/Documents/Codex/2026-07-09/https-www-annavinpadaippugal-info/outputs/annavin_text_extractor/organized_contents/katturaigal/paasamum_naasisamum.md
http://www.annavinpadaippugal.info/katturaigal/paathivazhi.htm,200,katturaigal/paathivazhi.md,no,covered,/Users/pugazhendhirajendran/Documents/Codex/2026-07-09/https-www-annavinpadaippugal-info/outputs/annavin_text_extractor/organized_contents/katturaigal/paathivazhi.md
http://www.annavinpadaippugal.info/katturaigal/paavalar_viduthalai.htm,200,katturaigal/paavalar_viduthalai.md,no,covered,/Users/pugazhendhirajendran/Documents/Codex/2026-07-09/https-www-annavinpadaippugal-info/outputs/annavin_text_extractor/organized_contents/katturaigal/paavalar_viduthalai.md
http://www.annavinpadaippugal.info/katturaigal/pachai_rattham_parimariduvom.htm,200,katturaigal/pachai_rattham_parimariduvom.md,no,covered,/Users/pugazhendhirajendran/Documents/Codex/2026-07-09/https-www-annavinpadaippugal-info/outputs/annavin_text_extractor/organized_contents/katturaigal/pachai_rattham_parimariduvom.md
http://www.annavinpadaippugal.info/katturaigal/padakkatchigalil_paraman.htm,200,katturaigal/padakkatchigalil_paraman.md,no,covered,/Users/pugazhendhirajendran/Documents/Codex/2026-07-09/https-www-annavinpadaippugal-info/outputs/annavin_text_extractor/organized_contents/katturaigal/padakkatchigalil_paraman.md
http://www.annavinpadaippugal.info/katturaigal/padikkathae.htm,200,katturaigal/padikkathae.md,no,covered,/Users/pugazhendhirajendran/Documents/Codex/2026-07-09/https-www-annavinpadaippugal-info/outputs/annavin_text_extractor/organized_contents/katturaigal/padikkathae.md
http://www.annavinpadaippugal.info/katturaigal/paechu_maedai.htm,200,katturaigal/paechu_maedai.md,no,covered,/Users/pugazhendhirajendran/Documents/Codex/2026-07-09/https-www-annavinpadaippugal-info/outputs/annavin_text_extractor/organized_contents/katturaigal/paechu_maedai.md
http://www.annavinpadaippugal.info/katturaigal/paechurimai_poar.htm,200,katturaigal/paechurimai_poar.md,no,covered,/Users/pugazhendhirajendran/Documents/Codex/2026-07-09/https-www-annavinpadaippugal-info/outputs/annavin_text_extractor/organized_contents/katturaigal/paechurimai_poar.md
http://www.annavinpadaippugal.info/katturaigal/paechurimai_poar_veerar.htm,200,katturaigal/paechurimai_poar_veerar.md,no,covered,/Users/pugazhendhirajendran/Documents/Codex/2026-07-09/https-www-annavinpadaippugal-info/outputs/annavin_text_extractor/organized_contents/katturaigal/paechurimai_poar_veerar.md
http://www.annavinpadaippugal.info/katturaigal/paerarignarin_perunthanmai.htm,200,katturaigal/paerarignarin_perunthanmai.md,no,covered,/Users/pugazhendhirajendran/Documents/Codex/2026-07-09/https-www-annavinpadaippugal-info/outputs/annavin_text_extractor/organized_contents/katturaigal/paerarignarin_perunthanmai.md
http://www.annavinpadaippugal.info/katturaigal/pagutharivu_ponmozhigal.htm,200,katturaigal/pagutharivu_ponmozhigal.md,no,covered,/Users/pugazhendhirajendran/Documents/Codex/2026-07-09/https-www-annavinpadaippugal-info/outputs/annavin_text_extractor/organized_contents/katturaigal/pagutharivu_ponmozhigal.md
http://www.annavinpadaippugal.info/katturaigal/pakarkollai.htm,200,katturaigal/pakarkollai.md,no,covered,/Users/pugazhendhirajendran/Documents/Codex/2026-07-09/https-www-annavinpadaippugal-info/outputs/annavin_text_extractor/organized_contents/katturaigal/pakarkollai.md
http://www.annavinpadaippugal.info/katturaigal/pakistan_24_years_munbu.htm,200,katturaigal/pakistan_24_years_munbu.md,no,covered,/Users/pugazhendhirajendran/Documents/Codex/2026-07-09/https-www-annavinpadaippugal-info/outputs/annavin_text_extractor/organized_contents/katturaigal/pakistan_24_years_munbu.md
http://www.annavinpadaippugal.info/katturaigal/pakistan_naal.htm,200,katturaigal/pakistan_naal.md,no,covered,/Users/pugazhendhirajendran/Documents/Codex/2026-07-09/https-www-annavinpadaippugal-info/outputs/annavin_text_extractor/organized_contents/katturaigal/pakistan_naal.md
http://www.annavinpadaippugal.info/katturaigal/pakistanil_paazism.htm,200,katturaigal/pakistanil_paazism.md,no,covered,/Users/pugazhendhirajendran/Documents/Codex/2026-07-09/https-www-annavinpadaippugal-info/outputs/annavin_text_extractor/organized_contents/katturaigal/pakistanil_paazism.md
http://www.annavinpadaippugal.info/katturaigal/pal_thirinthathu.htm,200,katturaigal/pal_thirinthathu.md,no,covered,/Users/pugazhendhirajendran/Documents/Codex/2026-07-09/https-www-annavinpadaippugal-info/outputs/annavin_text_extractor/organized_contents/katturaigal/pal_thirinthathu.md
http://www.annavinpadaippugal.info/katturaigal/palkalaikazhakathil_bajanai.htm,200,katturaigal/palkalaikazhakathil_bajanai.md,no,covered,/Users/pugazhendhirajendran/Documents/Codex/2026-07-09/https-www-annavinpadaippugal-info/outputs/annavin_text_extractor/organized_contents/katturaigal/palkalaikazhakathil_bajanai.md
http://www.annavinpadaippugal.info/katturaigal/pallakku_boomi.htm,200,katturaigal/pallakku_boomi.md,no,covered,/Users/pugazhendhirajendran/Documents/Codex/2026-07-09/https-www-annavinpadaippugal-info/outputs/annavin_text_extractor/organized_contents/katturaigal/pallakku_boomi.md
http://www.annavinpadaippugal.info/katturaigal/palliyarayil_param.htm,200,katturaigal/palliyarayil_param.md,no,covered,/Users/pugazhendhirajendran/Documents/Codex/2026-07-09/https-www-annavinpadaippugal-info/outputs/annavin_text_extractor/organized_contents/katturaigal/palliyarayil_param.md
http://www.annavinpadaippugal.info/katturaigal/pamba_ramayan.htm,200,katturaigal/pamba_ramayan.md,no,covered,/Users/pugazhendhirajendran/Documents/Codex/2026-07-09/https-www-annavinpadaippugal-info/outputs/annavin_text_extractor/organized_contents/katturaigal/pamba_ramayan.md
http://www.annavinpadaippugal.info/katturaigal/panabanam.htm,200,katturaigal/panabanam.md,no,covered,/Users/pugazhendhirajendran/Documents/Codex/2026-07-09/https-www-annavinpadaippugal-info/outputs/annavin_text_extractor/organized_contents/katturaigal/panabanam.md
http://www.annavinpadaippugal.info/katturaigal/panathottam_1.htm,200,katturaigal/panathottam.md,yes,covered,/Users/pugazhendhirajendran/Documents/Codex/2026-07-09/https-www-annavinpadaippugal-info/outputs/annavin_text_extractor/organized_contents/katturaigal/panathottam.md
http://www.annavinpadaippugal.info/katturaigal/panathottam_2.htm,200,katturaigal/panathottam.md,yes,covered,/Users/pugazhendhirajendran/Documents/Codex/2026-07-09/https-www-annavinpadaippugal-info/outputs/annavin_text_extractor/organized_contents/katturaigal/panathottam.md
http://www.annavinpadaippugal.info/katturaigal/panathottam_3.htm,200,katturaigal/panathottam.md,yes,covered,/Users/pugazhendhirajendran/Documents/Codex/2026-07-09/https-www-annavinpadaippugal-info/outputs/annavin_text_extractor/organized_contents/katturaigal/panathottam.md
http://www.annavinpadaippugal.info/katturaigal/panathottam_4.htm,200,katturaigal/panathottam.md,yes,covered,/Users/pugazhendhirajendran/Documents/Codex/2026-07-09/https-www-annavinpadaippugal-info/outputs/annavin_text_extractor/organized_contents/katturaigal/panathottam.md
http://www.annavinpadaippugal.info/katturaigal/panathottam_5.htm,200,katturaigal/panathottam.md,yes,covered,/Users/pugazhendhirajendran/Documents/Codex/2026-07-09/https-www-annavinpadaippugal-info/outputs/annavin_text_extractor/organized_contents/katturaigal/panathottam.md
http://www.annavinpadaippugal.info/katturaigal/panathottam_6.htm,200,katturaigal/panathottam.md,yes,covered,/Users/pugazhendhirajendran/Documents/Codex/2026-07-09/https-www-annavinpadaippugal-info/outputs/annavin_text_extractor/organized_contents/katturaigal/panathottam.md
http://www.annavinpadaippugal.info/katturaigal/panathottam_7.htm,200,katturaigal/panathottam.md,yes,covered,/Users/pugazhendhirajendran/Documents/Codex/2026-07-09/https-www-annavinpadaippugal-info/outputs/annavin_text_extractor/organized_contents/katturaigal/panathottam.md
http://www.annavinpadaippugal.info/katturaigal/panchaliyum_barathathayum.htm,200,katturaigal/panchaliyum_barathathayum.md,no,covered,/Users/pugazhendhirajendran/Documents/Codex/2026-07-09/https-www-annavinpadaippugal-info/outputs/annavin_text_extractor/organized_contents/katturaigal/panchaliyum_barathathayum.md
http://www.annavinpadaippugal.info/katturaigal/panditha_nehruvin_kanmun.htm,200,katturaigal/panditha_nehruvin_kanmun.md,no,covered,/Users/pugazhendhirajendran/Documents/Codex/2026-07-09/https-www-annavinpadaippugal-info/outputs/annavin_text_extractor/organized_contents/katturaigal/panditha_nehruvin_kanmun.md
http://www.annavinpadaippugal.info/katturaigal/pandithar_maraivu.htm,200,katturaigal/pandithar_maraivu.md,no,covered,/Users/pugazhendhirajendran/Documents/Codex/2026-07-09/https-www-annavinpadaippugal-info/outputs/annavin_text_extractor/organized_contents/katturaigal/pandithar_maraivu.md
http://www.annavinpadaippugal.info/katturaigal/panditharin_perurai.htm,200,katturaigal/panditharin_perurai.md,no,covered,/Users/pugazhendhirajendran/Documents/Codex/2026-07-09/https-www-annavinpadaippugal-info/outputs/annavin_text_extractor/organized_contents/katturaigal/panditharin_perurai.md
http://www.annavinpadaippugal.info/katturaigal/panditharukku_vaendu.htm,200,katturaigal/panditharukku_vaendu.md,no,covered,/Users/pugazhendhirajendran/Documents/Codex/2026-07-09/https-www-annavinpadaippugal-info/outputs/annavin_text_extractor/organized_contents/katturaigal/panditharukku_vaendu.md
http://www.annavinpadaippugal.info/katturaigal/pandiyan_padukolai.htm,200,katturaigal/pandiyan_padukolai.md,no,covered,/Users/pugazhendhirajendran/Documents/Codex/2026-07-09/https-www-annavinpadaippugal-info/outputs/annavin_text_extractor/organized_contents/katturaigal/pandiyan_padukolai.md
http://www.annavinpadaippugal.info/katturaigal/panjabi_subha.htm,200,katturaigal/panjabi_subha.md,no,covered,/Users/pugazhendhirajendran/Documents/Codex/2026-07-09/https-www-annavinpadaippugal-info/outputs/annavin_text_extractor/organized_contents/katturaigal/panjabi_subha.md
http://www.annavinpadaippugal.info/katturaigal/panjamam_panjam.htm,200,katturaigal/panjamam_panjam.md,no,covered,/Users/pugazhendhirajendran/Documents/Codex/2026-07-09/https-www-annavinpadaippugal-info/outputs/annavin_text_extractor/organized_contents/katturaigal/panjamam_panjam.md
http://www.annavinpadaippugal.info/katturaigal/parakkum_kuthirai.htm,200,katturaigal/parakkum_kuthirai.md,no,covered,/Users/pugazhendhirajendran/Documents/Codex/2026-07-09/https-www-annavinpadaippugal-info/outputs/annavin_text_extractor/organized_contents/katturaigal/parakkum_kuthirai.md
http://www.annavinpadaippugal.info/katturaigal/paranthathu.html,200,katturaigal/paranthathu.md,no,covered,/Users/pugazhendhirajendran/Documents/Codex/2026-07-09/https-www-annavinpadaippugal-info/outputs/annavin_text_extractor/organized_contents/katturaigal/paranthathu.md
http://www.annavinpadaippugal.info/katturaigal/parasakthi.htm,200,katturaigal/parasakthi.md,no,covered,/Users/pugazhendhirajendran/Documents/Codex/2026-07-09/https-www-annavinpadaippugal-info/outputs/annavin_text_extractor/organized_contents/katturaigal/parasakthi.md
http://www.annavinpadaippugal.info/katturaigal/parattu5256.htm,200,katturaigal/parattu5256.md,no,covered,/Users/pugazhendhirajendran/Documents/Codex/2026-07-09/https-www-annavinpadaippugal-info/outputs/annavin_text_extractor/organized_contents/katturaigal/parattu5256.md
http://www.annavinpadaippugal.info/katturaigal/parattu_211056.htm,200,katturaigal/parattu_211056.md,no,covered,/Users/pugazhendhirajendran/Documents/Codex/2026-07-09/https-www-annavinpadaippugal-info/outputs/annavin_text_extractor/organized_contents/katturaigal/parattu_211056.md
http://www.annavinpadaippugal.info/katturaigal/parattugiroam_varavaerkavillai.htm,200,katturaigal/parattugiroam_varavaerkavillai.md,no,covered,/Users/pugazhendhirajendran/Documents/Codex/2026-07-09/https-www-annavinpadaippugal-info/outputs/annavin_text_extractor/organized_contents/katturaigal/parattugiroam_varavaerkavillai.md
http://www.annavinpadaippugal.info/katturaigal/parithabam.htm,200,katturaigal/parithabam.md,no,covered,/Users/pugazhendhirajendran/Documents/Codex/2026-07-09/https-www-annavinpadaippugal-info/outputs/annavin_text_extractor/organized_contents/katturaigal/parithabam.md
http://www.annavinpadaippugal.info/katturaigal/parithabathodu.htm,200,katturaigal/parithabathodu.md,no,covered,/Users/pugazhendhirajendran/Documents/Codex/2026-07-09/https-www-annavinpadaippugal-info/outputs/annavin_text_extractor/organized_contents/katturaigal/parithabathodu.md
http://www.annavinpadaippugal.info/katturaigal/parivarathin.htm,200,katturaigal/parivarathin.md,no,covered,/Users/pugazhendhirajendran/Documents/Codex/2026-07-09/https-www-annavinpadaippugal-info/outputs/annavin_text_extractor/organized_contents/katturaigal/parivarathin.md
http://www.annavinpadaippugal.info/katturaigal/parpanargalum.htm,200,katturaigal/parpanargalum.md,no,covered,/Users/pugazhendhirajendran/Documents/Codex/2026-07-09/https-www-annavinpadaippugal-info/outputs/annavin_text_extractor/organized_contents/katturaigal/parpanargalum.md
http://www.annavinpadaippugal.info/katturaigal/partners_in_a_pastime.htm,200,katturaigal/partners_in_a_pastime.md,no,covered,/Users/pugazhendhirajendran/Documents/Codex/2026-07-09/https-www-annavinpadaippugal-info/outputs/annavin_text_extractor/organized_contents/katturaigal/partners_in_a_pastime.md
http://www.annavinpadaippugal.info/katturaigal/pathandugal.htm,200,katturaigal/pathandugal.md,no,covered,/Users/pugazhendhirajendran/Documents/Codex/2026-07-09/https-www-annavinpadaippugal-info/outputs/annavin_text_extractor/organized_contents/katturaigal/pathandugal.md
http://www.annavinpadaippugal.info/katturaigal/pathi_bakthi.htm,200,katturaigal/pathi_bakthi.md,no,covered,/Users/pugazhendhirajendran/Documents/Codex/2026-07-09/https-www-annavinpadaippugal-info/outputs/annavin_text_extractor/organized_contents/katturaigal/pathi_bakthi.md
http://www.annavinpadaippugal.info/katturaigal/pathigam_paaduveer.htm,200,katturaigal/pathigam_paaduveer.md,no,covered,/Users/pugazhendhirajendran/Documents/Codex/2026-07-09/https-www-annavinpadaippugal-info/outputs/annavin_text_extractor/organized_contents/katturaigal/pathigam_paaduveer.md
http://www.annavinpadaippugal.info/katturaigal/pathinainthu.htm,200,katturaigal/pathinainthu.md,no,covered,/Users/pugazhendhirajendran/Documents/Codex/2026-07-09/https-www-annavinpadaippugal-info/outputs/annavin_text_extractor/organized_contents/katturaigal/pathinainthu.md
http://www.annavinpadaippugal.info/katturaigal/pathinaithu_aandukku.htm,200,katturaigal/pathinaithu_aandukku.md,no,covered,/Users/pugazhendhirajendran/Documents/Codex/2026-07-09/https-www-annavinpadaippugal-info/outputs/annavin_text_extractor/organized_contents/katturaigal/pathinaithu_aandukku.md
http://www.annavinpadaippugal.info/katturaigal/pathiriyagalam.htm,200,katturaigal/pathiriyagalam.md,no,covered,/Users/pugazhendhirajendran/Documents/Codex/2026-07-09/https-www-annavinpadaippugal-info/outputs/annavin_text_extractor/organized_contents/katturaigal/pathiriyagalam.md
http://www.annavinpadaippugal.info/katturaigal/pattabi_vetri.htm,200,katturaigal/pattabi_vetri.md,no,covered,/Users/pugazhendhirajendran/Documents/Codex/2026-07-09/https-www-annavinpadaippugal-info/outputs/annavin_text_extractor/organized_contents/katturaigal/pattabi_vetri.md
http://www.annavinpadaippugal.info/katturaigal/pattam_oru_paadam.htm,200,katturaigal/pattam_oru_paadam.md,no,covered,/Users/pugazhendhirajendran/Documents/Codex/2026-07-09/https-www-annavinpadaippugal-info/outputs/annavin_text_extractor/organized_contents/katturaigal/pattam_oru_paadam.md
http://www.annavinpadaippugal.info/katturaigal/pattiyin_paharkanavu.htm,200,katturaigal/pattiyin_paharkanavu.md,no,covered,/Users/pugazhendhirajendran/Documents/Codex/2026-07-09/https-www-annavinpadaippugal-info/outputs/annavin_text_extractor/organized_contents/katturaigal/pattiyin_paharkanavu.md
http://www.annavinpadaippugal.info/katturaigal/pazham_vizhunthathu.htm,200,katturaigal/pazham_vizhunthathu.md,no,covered,/Users/pugazhendhirajendran/Documents/Codex/2026-07-09/https-www-annavinpadaippugal-info/outputs/annavin_text_extractor/organized_contents/katturaigal/pazham_vizhunthathu.md
http://www.annavinpadaippugal.info/katturaigal/pazhamum_palanum.htm,200,katturaigal/pazhamum_palanum.md,no,covered,/Users/pugazhendhirajendran/Documents/Codex/2026-07-09/https-www-annavinpadaippugal-info/outputs/annavin_text_extractor/organized_contents/katturaigal/pazhamum_palanum.md
http://www.annavinpadaippugal.info/katturaigal/pazhaya_agar.htm,200,katturaigal/pazhaya_agar.md,no,covered,/Users/pugazhendhirajendran/Documents/Codex/2026-07-09/https-www-annavinpadaippugal-info/outputs/annavin_text_extractor/organized_contents/katturaigal/pazhaya_agar.md
http://www.annavinpadaippugal.info/katturaigal/pazhaya_company.htm,200,katturaigal/pazhaya_company.md,no,covered,/Users/pugazhendhirajendran/Documents/Codex/2026-07-09/https-www-annavinpadaippugal-info/outputs/annavin_text_extractor/organized_contents/katturaigal/pazhaya_company.md
http://www.annavinpadaippugal.info/katturaigal/pazhaya_paathai.htm,200,katturaigal/pazhaya_paathai.md,no,covered,/Users/pugazhendhirajendran/Documents/Codex/2026-07-09/https-www-annavinpadaippugal-info/outputs/annavin_text_extractor/organized_contents/katturaigal/pazhaya_paathai.md
http://www.annavinpadaippugal.info/katturaigal/penninam.htm,200,katturaigal/penninam.md,no,covered,/Users/pugazhendhirajendran/Documents/Codex/2026-07-09/https-www-annavinpadaippugal-info/outputs/annavin_text_extractor/organized_contents/katturaigal/penninam.md
http://www.annavinpadaippugal.info/katturaigal/perarignar_anna_vidutha_arikkai.htm,200,katturaigal/perarignar_anna_vidutha_arikkai.md,no,covered,/Users/pugazhendhirajendran/Documents/Codex/2026-07-09/https-www-annavinpadaippugal-info/outputs/annavin_text_extractor/organized_contents/katturaigal/perarignar_anna_vidutha_arikkai.md
http://www.annavinpadaippugal.info/katturaigal/perarignar_annavin_ayaratha.htm,200,katturaigal/perarignar_annavin_ayaratha.md,no,covered,/Users/pugazhendhirajendran/Documents/Codex/2026-07-09/https-www-annavinpadaippugal-info/outputs/annavin_text_extractor/organized_contents/katturaigal/perarignar_annavin_ayaratha.md
http://www.annavinpadaippugal.info/katturaigal/periya_idathu_thiru.htm,200,katturaigal/periya_idathu_thiru.md,no,covered,/Users/pugazhendhirajendran/Documents/Codex/2026-07-09/https-www-annavinpadaippugal-info/outputs/annavin_text_extractor/organized_contents/katturaigal/periya_idathu_thiru.md
http://www.annavinpadaippugal.info/katturaigal/periyapuranaputhayal_1.htm,200,katturaigal/periyapuranaputhayal.md,yes,covered,/Users/pugazhendhirajendran/Documents/Codex/2026-07-09/https-www-annavinpadaippugal-info/outputs/annavin_text_extractor/organized_contents/katturaigal/periyapuranaputhayal.md
http://www.annavinpadaippugal.info/katturaigal/periyapuranaputhayal_2.htm,200,katturaigal/periyapuranaputhayal.md,yes,covered,/Users/pugazhendhirajendran/Documents/Codex/2026-07-09/https-www-annavinpadaippugal-info/outputs/annavin_text_extractor/organized_contents/katturaigal/periyapuranaputhayal.md
http://www.annavinpadaippugal.info/katturaigal/periyapuranaputhayal_3.htm,200,katturaigal/periyapuranaputhayal.md,yes,covered,/Users/pugazhendhirajendran/Documents/Codex/2026-07-09/https-www-annavinpadaippugal-info/outputs/annavin_text_extractor/organized_contents/katturaigal/periyapuranaputhayal.md
http://www.annavinpadaippugal.info/katturaigal/periyapuranaputhayal_4.htm,200,katturaigal/periyapuranaputhayal.md,yes,covered,/Users/pugazhendhirajendran/Documents/Codex/2026-07-09/https-www-annavinpadaippugal-info/outputs/annavin_text_extractor/organized_contents/katturaigal/periyapuranaputhayal.md
http://www.annavinpadaippugal.info/katturaigal/periyapuranaputhayal_6.htm,200,katturaigal/periyapuranaputhayal.md,yes,covered,/Users/pugazhendhirajendran/Documents/Codex/2026-07-09/https-www-annavinpadaippugal-info/outputs/annavin_text_extractor/organized_contents/katturaigal/periyapuranaputhayal.md
http://www.annavinpadaippugal.info/katturaigal/periyapuranaputhayal_7.htm,200,katturaigal/periyapuranaputhayal.md,yes,covered,/Users/pugazhendhirajendran/Documents/Codex/2026-07-09/https-www-annavinpadaippugal-info/outputs/annavin_text_extractor/organized_contents/katturaigal/periyapuranaputhayal.md
http://www.annavinpadaippugal.info/katturaigal/periyar_achariyar_santhippu.htm,200,katturaigal/periyar_achariyar_santhippu.md,no,covered,/Users/pugazhendhirajendran/Documents/Codex/2026-07-09/https-www-annavinpadaippugal-info/outputs/annavin_text_extractor/organized_contents/katturaigal/periyar_achariyar_santhippu.md
http://www.annavinpadaippugal.info/katturaigal/periyar_namakku.htm,200,katturaigal/periyar_namakku.md,no,covered,/Users/pugazhendhirajendran/Documents/Codex/2026-07-09/https-www-annavinpadaippugal-info/outputs/annavin_text_extractor/organized_contents/katturaigal/periyar_namakku.md
http://www.annavinpadaippugal.info/katturaigal/periyarum_pirarum.htm,200,katturaigal/periyarum_pirarum.md,no,covered,/Users/pugazhendhirajendran/Documents/Codex/2026-07-09/https-www-annavinpadaippugal-info/outputs/annavin_text_extractor/organized_contents/katturaigal/periyarum_pirarum.md
http://www.annavinpadaippugal.info/katturaigal/pernathath.htm,200,katturaigal/pernathath.md,no,covered,/Users/pugazhendhirajendran/Documents/Codex/2026-07-09/https-www-annavinpadaippugal-info/outputs/annavin_text_extractor/organized_contents/katturaigal/pernathath.md
http://www.annavinpadaippugal.info/katturaigal/perumaikuriya_para.htm,200,katturaigal/perumaikuriya_para.md,no,covered,/Users/pugazhendhirajendran/Documents/Codex/2026-07-09/https-www-annavinpadaippugal-info/outputs/annavin_text_extractor/organized_contents/katturaigal/perumaikuriya_para.md
http://www.annavinpadaippugal.info/katturaigal/perumpulavar.htm,200,katturaigal/perumpulavar.md,no,covered,/Users/pugazhendhirajendran/Documents/Codex/2026-07-09/https-www-annavinpadaippugal-info/outputs/annavin_text_extractor/organized_contents/katturaigal/perumpulavar.md
http://www.annavinpadaippugal.info/katturaigal/peyyena.htm,200,katturaigal/peyyena.md,no,covered,/Users/pugazhendhirajendran/Documents/Codex/2026-07-09/https-www-annavinpadaippugal-info/outputs/annavin_text_extractor/organized_contents/katturaigal/peyyena.md
http://www.annavinpadaippugal.info/katturaigal/picture_of_nehrus_india.htm,200,katturaigal/picture_of_nehrus_india.md,no,covered,/Users/pugazhendhirajendran/Documents/Codex/2026-07-09/https-www-annavinpadaippugal-info/outputs/annavin_text_extractor/organized_contents/katturaigal/picture_of_nehrus_india.md
http://www.annavinpadaippugal.info/katturaigal/pillayin_pinam.htm,200,katturaigal/pillayin_pinam.md,no,covered,/Users/pugazhendhirajendran/Documents/Codex/2026-07-09/https-www-annavinpadaippugal-info/outputs/annavin_text_extractor/organized_contents/katturaigal/pillayin_pinam.md
http://www.annavinpadaippugal.info/katturaigal/pinathin_meethu.htm,200,katturaigal/pinathin_meethu.md,no,covered,/Users/pugazhendhirajendran/Documents/Codex/2026-07-09/https-www-annavinpadaippugal-info/outputs/annavin_text_extractor/organized_contents/katturaigal/pinathin_meethu.md
http://www.annavinpadaippugal.info/katturaigal/pirarsothai.htm,200,katturaigal/pirarsothai.md,no,covered,/Users/pugazhendhirajendran/Documents/Codex/2026-07-09/https-www-annavinpadaippugal-info/outputs/annavin_text_extractor/organized_contents/katturaigal/pirarsothai.md
http://www.annavinpadaippugal.info/katturaigal/pirasatham.htm,200,katturaigal/pirasatham.md,no,covered,/Users/pugazhendhirajendran/Documents/Codex/2026-07-09/https-www-annavinpadaippugal-info/outputs/annavin_text_extractor/organized_contents/katturaigal/pirasatham.md
http://www.annavinpadaippugal.info/katturaigal/piravi_muthalali.htm,200,katturaigal/piravi_muthalali.md,no,covered,/Users/pugazhendhirajendran/Documents/Codex/2026-07-09/https-www-annavinpadaippugal-info/outputs/annavin_text_extractor/organized_contents/katturaigal/piravi_muthalali.md
http://www.annavinpadaippugal.info/katturaigal/pirikkavaendum.htm,200,katturaigal/pirikkavaendum.md,no,covered,/Users/pugazhendhirajendran/Documents/Codex/2026-07-09/https-www-annavinpadaippugal-info/outputs/annavin_text_extractor/organized_contents/katturaigal/pirikkavaendum.md
http://www.annavinpadaippugal.info/katturaigal/pirivu_thuyaram.htm,200,katturaigal/pirivu_thuyaram.md,no,covered,/Users/pugazhendhirajendran/Documents/Codex/2026-07-09/https-www-annavinpadaippugal-info/outputs/annavin_text_extractor/organized_contents/katturaigal/pirivu_thuyaram.md
http://www.annavinpadaippugal.info/katturaigal/pithalattam.htm,200,katturaigal/pithalattam.md,no,covered,/Users/pugazhendhirajendran/Documents/Codex/2026-07-09/https-www-annavinpadaippugal-info/outputs/annavin_text_extractor/organized_contents/katturaigal/pithalattam.md
http://www.annavinpadaippugal.info/katturaigal/pitham_theliya.htm,200,katturaigal/pitham_theliya.md,no,covered,/Users/pugazhendhirajendran/Documents/Codex/2026-07-09/https-www-annavinpadaippugal-info/outputs/annavin_text_extractor/organized_contents/katturaigal/pitham_theliya.md
http://www.annavinpadaippugal.info/katturaigal/poalichamathanam.htm,200,katturaigal/poalichamathanam.md,no,covered,/Users/pugazhendhirajendran/Documents/Codex/2026-07-09/https-www-annavinpadaippugal-info/outputs/annavin_text_extractor/organized_contents/katturaigal/poalichamathanam.md
http://www.annavinpadaippugal.info/katturaigal/poaliyil_kaeli.htm,200,katturaigal/poaliyil_kaeli.md,no,covered,/Users/pugazhendhirajendran/Documents/Codex/2026-07-09/https-www-annavinpadaippugal-info/outputs/annavin_text_extractor/organized_contents/katturaigal/poaliyil_kaeli.md
http://www.annavinpadaippugal.info/katturaigal/poar_noakkam.htm,200,katturaigal/poar_noakkam.md,no,covered,/Users/pugazhendhirajendran/Documents/Codex/2026-07-09/https-www-annavinpadaippugal-info/outputs/annavin_text_extractor/organized_contents/katturaigal/poar_noakkam.md
http://www.annavinpadaippugal.info/katturaigal/poar_ozhinthathu.htm,200,katturaigal/poar_ozhinthathu.md,no,covered,/Users/pugazhendhirajendran/Documents/Codex/2026-07-09/https-www-annavinpadaippugal-info/outputs/annavin_text_extractor/organized_contents/katturaigal/poar_ozhinthathu.md
http://www.annavinpadaippugal.info/katturaigal/poikkal_kuthirai.htm,200,katturaigal/poikkal_kuthirai.md,no,covered,/Users/pugazhendhirajendran/Documents/Codex/2026-07-09/https-www-annavinpadaippugal-info/outputs/annavin_text_extractor/organized_contents/katturaigal/poikkal_kuthirai.md
http://www.annavinpadaippugal.info/katturaigal/polisum_pothumakkalum.htm,200,katturaigal/polisum_pothumakkalum.md,no,covered,/Users/pugazhendhirajendran/Documents/Codex/2026-07-09/https-www-annavinpadaippugal-info/outputs/annavin_text_extractor/organized_contents/katturaigal/polisum_pothumakkalum.md
http://www.annavinpadaippugal.info/katturaigal/pon_thanthu.htm,200,katturaigal/pon_thanthu.md,no,covered,/Users/pugazhendhirajendran/Documents/Codex/2026-07-09/https-www-annavinpadaippugal-info/outputs/annavin_text_extractor/organized_contents/katturaigal/pon_thanthu.md
http://www.annavinpadaippugal.info/katturaigal/pon_vaathu.htm,200,katturaigal/pon_vaathu.md,no,covered,/Users/pugazhendhirajendran/Documents/Codex/2026-07-09/https-www-annavinpadaippugal-info/outputs/annavin_text_extractor/organized_contents/katturaigal/pon_vaathu.md
http://www.annavinpadaippugal.info/katturaigal/pona_machan.htm,200,katturaigal/pona_machan.md,no,covered,/Users/pugazhendhirajendran/Documents/Codex/2026-07-09/https-www-annavinpadaippugal-info/outputs/annavin_text_extractor/organized_contents/katturaigal/pona_machan.md
http://www.annavinpadaippugal.info/katturaigal/ponder_please.htm,200,katturaigal/ponder_please.md,no,covered,/Users/pugazhendhirajendran/Documents/Codex/2026-07-09/https-www-annavinpadaippugal-info/outputs/annavin_text_extractor/organized_contents/katturaigal/ponder_please.md
http://www.annavinpadaippugal.info/katturaigal/pongal_puthunaal.htm,200,katturaigal/pongal_puthunaal.md,no,covered,/Users/pugazhendhirajendran/Documents/Codex/2026-07-09/https-www-annavinpadaippugal-info/outputs/annavin_text_extractor/organized_contents/katturaigal/pongal_puthunaal.md
http://www.annavinpadaippugal.info/katturaigal/pongal_virunthu.htm,200,katturaigal/pongal_virunthu.md,no,covered,/Users/pugazhendhirajendran/Documents/Codex/2026-07-09/https-www-annavinpadaippugal-info/outputs/annavin_text_extractor/organized_contents/katturaigal/pongal_virunthu.md
http://www.annavinpadaippugal.info/katturaigal/pongalo_pongal.htm,200,katturaigal/pongalo_pongal.md,no,covered,/Users/pugazhendhirajendran/Documents/Codex/2026-07-09/https-www-annavinpadaippugal-info/outputs/annavin_text_extractor/organized_contents/katturaigal/pongalo_pongal.md
http://www.annavinpadaippugal.info/katturaigal/ponguga_inbam_1948.htm,200,katturaigal/ponguga_inbam.md,yes,covered,/Users/pugazhendhirajendran/Documents/Codex/2026-07-09/https-www-annavinpadaippugal-info/outputs/annavin_text_extractor/organized_contents/katturaigal/ponguga_inbam.md
http://www.annavinpadaippugal.info/katturaigal/ponguga_inbam_1954.htm,200,katturaigal/ponguga_inbam.md,yes,covered,/Users/pugazhendhirajendran/Documents/Codex/2026-07-09/https-www-annavinpadaippugal-info/outputs/annavin_text_extractor/organized_contents/katturaigal/ponguga_inbam.md
http://www.annavinpadaippugal.info/katturaigal/ponguga_puthumai.htm,200,katturaigal/ponguga_puthumai.md,no,covered,/Users/pugazhendhirajendran/Documents/Codex/2026-07-09/https-www-annavinpadaippugal-info/outputs/annavin_text_extractor/organized_contents/katturaigal/ponguga_puthumai.md
http://www.annavinpadaippugal.info/katturaigal/ponnoli.htm,200,katturaigal/ponnoli.md,no,covered,/Users/pugazhendhirajendran/Documents/Codex/2026-07-09/https-www-annavinpadaippugal-info/outputs/annavin_text_extractor/organized_contents/katturaigal/ponnoli.md
http://www.annavinpadaippugal.info/katturaigal/poongatru.htm,200,katturaigal/poongatru.md,no,covered,/Users/pugazhendhirajendran/Documents/Codex/2026-07-09/https-www-annavinpadaippugal-info/outputs/annavin_text_extractor/organized_contents/katturaigal/poongatru.md
http://www.annavinpadaippugal.info/katturaigal/poongavil_pulavar.htm,200,katturaigal/poongavil_pulavar.md,no,covered,/Users/pugazhendhirajendran/Documents/Codex/2026-07-09/https-www-annavinpadaippugal-info/outputs/annavin_text_extractor/organized_contents/katturaigal/poongavil_pulavar.md
http://www.annavinpadaippugal.info/katturaigal/poruppu_namathae.htm,200,katturaigal/poruppu_namathae.md,no,covered,/Users/pugazhendhirajendran/Documents/Codex/2026-07-09/https-www-annavinpadaippugal-info/outputs/annavin_text_extractor/organized_contents/katturaigal/poruppu_namathae.md
http://www.annavinpadaippugal.info/katturaigal/pothu_seyalalar.htm,200,katturaigal/pothu_seyalalar.md,no,covered,/Users/pugazhendhirajendran/Documents/Codex/2026-07-09/https-www-annavinpadaippugal-info/outputs/annavin_text_extractor/organized_contents/katturaigal/pothu_seyalalar.md
http://www.annavinpadaippugal.info/katturaigal/pothu_udamayum_berlin.htm,200,katturaigal/pothu_udamayum_berlin.md,no,covered,/Users/pugazhendhirajendran/Documents/Codex/2026-07-09/https-www-annavinpadaippugal-info/outputs/annavin_text_extractor/organized_contents/katturaigal/pothu_udamayum_berlin.md
http://www.annavinpadaippugal.info/katturaigal/pothu_visaranai.htm,200,katturaigal/pothu_visaranai.md,no,covered,/Users/pugazhendhirajendran/Documents/Codex/2026-07-09/https-www-annavinpadaippugal-info/outputs/annavin_text_extractor/organized_contents/katturaigal/pothu_visaranai.md
http://www.annavinpadaippugal.info/katturaigal/pothuvazhvu_orukannottam.htm,200,katturaigal/pothuvazhvu_orukannottam.md,no,covered,/Users/pugazhendhirajendran/Documents/Codex/2026-07-09/https-www-annavinpadaippugal-info/outputs/annavin_text_extractor/organized_contents/katturaigal/pothuvazhvu_orukannottam.md
http://www.annavinpadaippugal.info/katturaigal/poverty_garbed.htm,200,katturaigal/poverty_garbed.md,no,covered,/Users/pugazhendhirajendran/Documents/Codex/2026-07-09/https-www-annavinpadaippugal-info/outputs/annavin_text_extractor/organized_contents/katturaigal/poverty_garbed.md
http://www.annavinpadaippugal.info/katturaigal/power_soda.htm,200,katturaigal/power_soda.md,no,covered,/Users/pugazhendhirajendran/Documents/Codex/2026-07-09/https-www-annavinpadaippugal-info/outputs/annavin_text_extractor/organized_contents/katturaigal/power_soda.md
http://www.annavinpadaippugal.info/katturaigal/pracharam_veenpogavillai.htm,200,katturaigal/pracharam_veenpogavillai.md,no,covered,/Users/pugazhendhirajendran/Documents/Codex/2026-07-09/https-www-annavinpadaippugal-info/outputs/annavin_text_extractor/organized_contents/katturaigal/pracharam_veenpogavillai.md
http://www.annavinpadaippugal.info/katturaigal/prakash_pictures.htm,200,katturaigal/prakash_pictures.md,no,covered,/Users/pugazhendhirajendran/Documents/Codex/2026-07-09/https-www-annavinpadaippugal-info/outputs/annavin_text_extractor/organized_contents/katturaigal/prakash_pictures.md
http://www.annavinpadaippugal.info/katturaigal/prarthanai.htm,200,katturaigal/prarthanai.md,no,covered,/Users/pugazhendhirajendran/Documents/Codex/2026-07-09/https-www-annavinpadaippugal-info/outputs/annavin_text_extractor/organized_contents/katturaigal/prarthanai.md
http://www.annavinpadaippugal.info/katturaigal/prayachittham.htm,200,katturaigal/prayachittham.md,no,covered,/Users/pugazhendhirajendran/Documents/Codex/2026-07-09/https-www-annavinpadaippugal-info/outputs/annavin_text_extractor/organized_contents/katturaigal/prayachittham.md
http://www.annavinpadaippugal.info/katturaigal/prennar_kanavayil.htm,200,katturaigal/prennar_kanavayil.md,no,covered,/Users/pugazhendhirajendran/Documents/Codex/2026-07-09/https-www-annavinpadaippugal-info/outputs/annavin_text_extractor/organized_contents/katturaigal/prennar_kanavayil.md
http://www.annavinpadaippugal.info/katturaigal/pulamaikku_porul_puluguvathuthana.htm,200,katturaigal/pulamaikku_porul_puluguvathuthana.md,no,covered,/Users/pugazhendhirajendran/Documents/Codex/2026-07-09/https-www-annavinpadaippugal-info/outputs/annavin_text_extractor/organized_contents/katturaigal/pulamaikku_porul_puluguvathuthana.md
http://www.annavinpadaippugal.info/katturaigal/pulavar_perumakkatkoar.htm,200,katturaigal/pulavar_perumakkatkoar.md,no,covered,/Users/pugazhendhirajendran/Documents/Codex/2026-07-09/https-www-annavinpadaippugal-info/outputs/annavin_text_extractor/organized_contents/katturaigal/pulavar_perumakkatkoar.md
http://www.annavinpadaippugal.info/katturaigal/puli_pulambugirathu.htm,200,katturaigal/puli_pulambugirathu.md,no,covered,/Users/pugazhendhirajendran/Documents/Codex/2026-07-09/https-www-annavinpadaippugal-info/outputs/annavin_text_extractor/organized_contents/katturaigal/puli_pulambugirathu.md
http://www.annavinpadaippugal.info/katturaigal/pulinigar.htm,200,katturaigal/pulinigar.md,no,covered,/Users/pugazhendhirajendran/Documents/Codex/2026-07-09/https-www-annavinpadaippugal-info/outputs/annavin_text_extractor/organized_contents/katturaigal/pulinigar.md
http://www.annavinpadaippugal.info/katturaigal/pulithol_porvai.htm,200,katturaigal/pulithol_porvai.md,no,covered,/Users/pugazhendhirajendran/Documents/Codex/2026-07-09/https-www-annavinpadaippugal-info/outputs/annavin_text_extractor/organized_contents/katturaigal/pulithol_porvai.md
http://www.annavinpadaippugal.info/katturaigal/puliyana_kathai.htm,200,katturaigal/puliyana_kathai.md,no,covered,/Users/pugazhendhirajendran/Documents/Codex/2026-07-09/https-www-annavinpadaippugal-info/outputs/annavin_text_extractor/organized_contents/katturaigal/puliyana_kathai.md
http://www.annavinpadaippugal.info/katturaigal/puliyin_kili.htm,200,katturaigal/puliyin_kili.md,no,covered,/Users/pugazhendhirajendran/Documents/Codex/2026-07-09/https-www-annavinpadaippugal-info/outputs/annavin_text_extractor/organized_contents/katturaigal/puliyin_kili.md
http://www.annavinpadaippugal.info/katturaigal/puliyur_puguvatha.htm,200,katturaigal/puliyur_puguvatha.md,no,covered,/Users/pugazhendhirajendran/Documents/Codex/2026-07-09/https-www-annavinpadaippugal-info/outputs/annavin_text_extractor/organized_contents/katturaigal/puliyur_puguvatha.md
http://www.annavinpadaippugal.info/katturaigal/punavil_tokio.htm,200,katturaigal/punavil_tokio.md,no,covered,/Users/pugazhendhirajendran/Documents/Codex/2026-07-09/https-www-annavinpadaippugal-info/outputs/annavin_text_extractor/organized_contents/katturaigal/punavil_tokio.md
http://www.annavinpadaippugal.info/katturaigal/punnagai.htm,200,katturaigal/punnagai.md,no,covered,/Users/pugazhendhirajendran/Documents/Codex/2026-07-09/https-www-annavinpadaippugal-info/outputs/annavin_text_extractor/organized_contents/katturaigal/punnagai.md
http://www.annavinpadaippugal.info/katturaigal/punnagaiyum_peru.htm,200,katturaigal/punnagaiyum_peru.md,no,covered,/Users/pugazhendhirajendran/Documents/Codex/2026-07-09/https-www-annavinpadaippugal-info/outputs/annavin_text_extractor/organized_contents/katturaigal/punnagaiyum_peru.md
http://www.annavinpadaippugal.info/katturaigal/punniya_boomi.htm,200,katturaigal/punniya_boomi.md,no,covered,/Users/pugazhendhirajendran/Documents/Codex/2026-07-09/https-www-annavinpadaippugal-info/outputs/annavin_text_extractor/organized_contents/katturaigal/punniya_boomi.md
http://www.annavinpadaippugal.info/katturaigal/punsirippu.htm,200,katturaigal/punsirippu.md,no,covered,/Users/pugazhendhirajendran/Documents/Codex/2026-07-09/https-www-annavinpadaippugal-info/outputs/annavin_text_extractor/organized_contents/katturaigal/punsirippu.md
http://www.annavinpadaippugal.info/katturaigal/puntheera.htm,200,katturaigal/puntheera.md,no,covered,/Users/pugazhendhirajendran/Documents/Codex/2026-07-09/https-www-annavinpadaippugal-info/outputs/annavin_text_extractor/organized_contents/katturaigal/puntheera.md
http://www.annavinpadaippugal.info/katturaigal/purana_ithikasa_manudarma_ozhippu.htm,200,katturaigal/purana_ithikasa_manudarma_ozhippu.md,no,covered,/Users/pugazhendhirajendran/Documents/Codex/2026-07-09/https-www-annavinpadaippugal-info/outputs/annavin_text_extractor/organized_contents/katturaigal/purana_ithikasa_manudarma_ozhippu.md
http://www.annavinpadaippugal.info/katturaigal/puranakala_panjam.htm,200,katturaigal/puranakala_panjam.md,no,covered,/Users/pugazhendhirajendran/Documents/Codex/2026-07-09/https-www-annavinpadaippugal-info/outputs/annavin_text_extractor/organized_contents/katturaigal/puranakala_panjam.md
http://www.annavinpadaippugal.info/katturaigal/puranam_bothaitharum_laehiyam.htm,200,katturaigal/puranam_bothaitharum_laehiyam.md,no,covered,/Users/pugazhendhirajendran/Documents/Codex/2026-07-09/https-www-annavinpadaippugal-info/outputs/annavin_text_extractor/organized_contents/katturaigal/puranam_bothaitharum_laehiyam.md
http://www.annavinpadaippugal.info/katturaigal/puranama.htm,200,katturaigal/puranama.md,no,covered,/Users/pugazhendhirajendran/Documents/Codex/2026-07-09/https-www-annavinpadaippugal-info/outputs/annavin_text_extractor/organized_contents/katturaigal/puranama.md
http://www.annavinpadaippugal.info/katturaigal/puratchi_kanda.htm,200,katturaigal/puratchi_kanda.md,no,covered,/Users/pugazhendhirajendran/Documents/Codex/2026-07-09/https-www-annavinpadaippugal-info/outputs/annavin_text_extractor/organized_contents/katturaigal/puratchi_kanda.md
http://www.annavinpadaippugal.info/katturaigal/puratchiyum_marutchiyum.htm,200,katturaigal/puratchiyum_marutchiyum.md,no,covered,/Users/pugazhendhirajendran/Documents/Codex/2026-07-09/https-www-annavinpadaippugal-info/outputs/annavin_text_extractor/organized_contents/katturaigal/puratchiyum_marutchiyum.md
http://www.annavinpadaippugal.info/katturaigal/puriyatha_kolaru.htm,200,katturaigal/puriyatha_kolaru.md,no,covered,/Users/pugazhendhirajendran/Documents/Codex/2026-07-09/https-www-annavinpadaippugal-info/outputs/annavin_text_extractor/organized_contents/katturaigal/puriyatha_kolaru.md
http://www.annavinpadaippugal.info/katturaigal/puriyavillai.htm,200,katturaigal/puriyavillai.md,no,covered,/Users/pugazhendhirajendran/Documents/Codex/2026-07-09/https-www-annavinpadaippugal-info/outputs/annavin_text_extractor/organized_contents/katturaigal/puriyavillai.md
http://www.annavinpadaippugal.info/katturaigal/puthia_thiruppam.htm,200,katturaigal/puthia_thiruppam.md,no,covered,/Users/pugazhendhirajendran/Documents/Codex/2026-07-09/https-www-annavinpadaippugal-info/outputs/annavin_text_extractor/organized_contents/katturaigal/puthia_thiruppam.md
http://www.annavinpadaippugal.info/katturaigal/puthiya_aekathipathiyam.htm,200,katturaigal/puthiya_aekathipathiyam.md,no,covered,/Users/pugazhendhirajendran/Documents/Codex/2026-07-09/https-www-annavinpadaippugal-info/outputs/annavin_text_extractor/organized_contents/katturaigal/puthiya_aekathipathiyam.md
http://www.annavinpadaippugal.info/katturaigal/puthiya_ani.htm,200,katturaigal/puthiya_ani.md,no,covered,/Users/pugazhendhirajendran/Documents/Codex/2026-07-09/https-www-annavinpadaippugal-info/outputs/annavin_text_extractor/organized_contents/katturaigal/puthiya_ani.md
http://www.annavinpadaippugal.info/katturaigal/puthiya_paathai.htm,200,katturaigal/puthiya_paathai.md,no,covered,/Users/pugazhendhirajendran/Documents/Codex/2026-07-09/https-www-annavinpadaippugal-info/outputs/annavin_text_extractor/organized_contents/katturaigal/puthiya_paathai.md
http://www.annavinpadaippugal.info/katturaigal/puthiya_ponmozhi.htm,200,katturaigal/puthiya_ponmozhi.md,no,covered,/Users/pugazhendhirajendran/Documents/Codex/2026-07-09/https-www-annavinpadaippugal-info/outputs/annavin_text_extractor/organized_contents/katturaigal/puthiya_ponmozhi.md
http://www.annavinpadaippugal.info/katturaigal/puthiyapera.htm,200,katturaigal/puthiyapera.md,no,covered,/Users/pugazhendhirajendran/Documents/Codex/2026-07-09/https-www-annavinpadaippugal-info/outputs/annavin_text_extractor/organized_contents/katturaigal/puthiyapera.md
http://www.annavinpadaippugal.info/katturaigal/puthumurai_piracharam.htm,200,katturaigal/puthumurai_piracharam.md,no,covered,/Users/pugazhendhirajendran/Documents/Codex/2026-07-09/https-www-annavinpadaippugal-info/outputs/annavin_text_extractor/organized_contents/katturaigal/puthumurai_piracharam.md
http://www.annavinpadaippugal.info/katturaigal/puthuppothanai.html,200,katturaigal/puthuppothanai.md,no,covered,/Users/pugazhendhirajendran/Documents/Codex/2026-07-09/https-www-annavinpadaippugal-info/outputs/annavin_text_extractor/organized_contents/katturaigal/puthuppothanai.md
http://www.annavinpadaippugal.info/katturaigal/puthuthittam.htm,200,katturaigal/puthuthittam.md,no,covered,/Users/pugazhendhirajendran/Documents/Codex/2026-07-09/https-www-annavinpadaippugal-info/outputs/annavin_text_extractor/organized_contents/katturaigal/puthuthittam.md
http://www.annavinpadaippugal.info/katturaigal/puthuvali.htm,200,katturaigal/puthuvali.md,no,covered,/Users/pugazhendhirajendran/Documents/Codex/2026-07-09/https-www-annavinpadaippugal-info/outputs/annavin_text_extractor/organized_contents/katturaigal/puthuvali.md
http://www.annavinpadaippugal.info/katturaigal/puthvazhvu.htm,200,katturaigal/puthvazhvu.md,no,covered,/Users/pugazhendhirajendran/Documents/Codex/2026-07-09/https-www-annavinpadaippugal-info/outputs/annavin_text_extractor/organized_contents/katturaigal/puthvazhvu.md
http://www.annavinpadaippugal.info/katturaigal/puyal_adikkirathu.htm,200,katturaigal/puyal_adikkirathu.md,no,covered,/Users/pugazhendhirajendran/Documents/Codex/2026-07-09/https-www-annavinpadaippugal-info/outputs/annavin_text_extractor/organized_contents/katturaigal/puyal_adikkirathu.md
http://www.annavinpadaippugal.info/katturaigal/puyal_kodumayai.htm,200,katturaigal/puyal_kodumayai.md,no,covered,/Users/pugazhendhirajendran/Documents/Codex/2026-07-09/https-www-annavinpadaippugal-info/outputs/annavin_text_extractor/organized_contents/katturaigal/puyal_kodumayai.md
http://www.annavinpadaippugal.info/katturaigal/puyalukku_mun.htm,200,katturaigal/puyalukku_mun.md,no,covered,/Users/pugazhendhirajendran/Documents/Codex/2026-07-09/https-www-annavinpadaippugal-info/outputs/annavin_text_extractor/organized_contents/katturaigal/puyalukku_mun.md
http://www.annavinpadaippugal.info/katturaigal/raama_rajyam.htm,200,katturaigal/raama_rajyam.md,no,covered,/Users/pugazhendhirajendran/Documents/Codex/2026-07-09/https-www-annavinpadaippugal-info/outputs/annavin_text_extractor/organized_contents/katturaigal/raama_rajyam.md
http://www.annavinpadaippugal.info/katturaigal/radhavukku_thadai.htm,200,katturaigal/radhavukku_thadai.md,no,covered,/Users/pugazhendhirajendran/Documents/Codex/2026-07-09/https-www-annavinpadaippugal-info/outputs/annavin_text_extractor/organized_contents/katturaigal/radhavukku_thadai.md
http://www.annavinpadaippugal.info/katturaigal/raja_annama.htm,200,katturaigal/raja_annama.md,no,covered,/Users/pugazhendhirajendran/Documents/Codex/2026-07-09/https-www-annavinpadaippugal-info/outputs/annavin_text_extractor/organized_contents/katturaigal/raja_annama.md
http://www.annavinpadaippugal.info/katturaigal/raja_sir.htm,200,katturaigal/raja_sir.md,no,covered,/Users/pugazhendhirajendran/Documents/Codex/2026-07-09/https-www-annavinpadaippugal-info/outputs/annavin_text_extractor/organized_contents/katturaigal/raja_sir.md
http://www.annavinpadaippugal.info/katturaigal/ramblers_rhythm_1.htm,200,katturaigal/ramblers_rhythm.md,yes,covered,/Users/pugazhendhirajendran/Documents/Codex/2026-07-09/https-www-annavinpadaippugal-info/outputs/annavin_text_extractor/organized_contents/katturaigal/ramblers_rhythm.md
http://www.annavinpadaippugal.info/katturaigal/ramblers_rhythm_2.htm,200,katturaigal/ramblers_rhythm.md,yes,covered,/Users/pugazhendhirajendran/Documents/Codex/2026-07-09/https-www-annavinpadaippugal-info/outputs/annavin_text_extractor/organized_contents/katturaigal/ramblers_rhythm.md
http://www.annavinpadaippugal.info/katturaigal/ramblers_rhythm_3.htm,200,katturaigal/ramblers_rhythm.md,yes,covered,/Users/pugazhendhirajendran/Documents/Codex/2026-07-09/https-www-annavinpadaippugal-info/outputs/annavin_text_extractor/organized_contents/katturaigal/ramblers_rhythm.md
http://www.annavinpadaippugal.info/katturaigal/ramblers_rhythm_4.htm,200,katturaigal/ramblers_rhythm.md,yes,covered,/Users/pugazhendhirajendran/Documents/Codex/2026-07-09/https-www-annavinpadaippugal-info/outputs/annavin_text_extractor/organized_contents/katturaigal/ramblers_rhythm.md
http://www.annavinpadaippugal.info/katturaigal/ramblers_rhythm_5.htm,200,katturaigal/ramblers_rhythm.md,yes,covered,/Users/pugazhendhirajendran/Documents/Codex/2026-07-09/https-www-annavinpadaippugal-info/outputs/annavin_text_extractor/organized_contents/katturaigal/ramblers_rhythm.md
http://www.annavinpadaippugal.info/katturaigal/ramblers_rhythm_6.htm,200,katturaigal/ramblers_rhythm.md,yes,covered,/Users/pugazhendhirajendran/Documents/Codex/2026-07-09/https-www-annavinpadaippugal-info/outputs/annavin_text_extractor/organized_contents/katturaigal/ramblers_rhythm.md
http://www.annavinpadaippugal.info/katturaigal/rashya_sirikirathu.htm,200,katturaigal/rashya_sirikirathu.md,no,covered,/Users/pugazhendhirajendran/Documents/Codex/2026-07-09/https-www-annavinpadaippugal-info/outputs/annavin_text_extractor/organized_contents/katturaigal/rashya_sirikirathu.md
http://www.annavinpadaippugal.info/katturaigal/rashya_thinam.htm,200,katturaigal/rashya_thinam.md,no,covered,/Users/pugazhendhirajendran/Documents/Codex/2026-07-09/https-www-annavinpadaippugal-info/outputs/annavin_text_extractor/organized_contents/katturaigal/rashya_thinam.md
http://www.annavinpadaippugal.info/katturaigal/ratthum_bayamum.htm,200,katturaigal/ratthum_bayamum.md,no,covered,/Users/pugazhendhirajendran/Documents/Codex/2026-07-09/https-www-annavinpadaippugal-info/outputs/annavin_text_extractor/organized_contents/katturaigal/ratthum_bayamum.md
http://www.annavinpadaippugal.info/katturaigal/ravana_kaviathirku.htm,200,katturaigal/ravana_kaviathirku.md,no,covered,/Users/pugazhendhirajendran/Documents/Codex/2026-07-09/https-www-annavinpadaippugal-info/outputs/annavin_text_extractor/organized_contents/katturaigal/ravana_kaviathirku.md
http://www.annavinpadaippugal.info/katturaigal/ravana_kaviyam.htm,200,katturaigal/ravana_kaviyam.md,no,covered,/Users/pugazhendhirajendran/Documents/Codex/2026-07-09/https-www-annavinpadaippugal-info/outputs/annavin_text_extractor/organized_contents/katturaigal/ravana_kaviyam.md
http://www.annavinpadaippugal.info/katturaigal/ravishthan.htm,200,katturaigal/ravishthan.md,no,covered,/Users/pugazhendhirajendran/Documents/Codex/2026-07-09/https-www-annavinpadaippugal-info/outputs/annavin_text_extractor/organized_contents/katturaigal/ravishthan.md
http://www.annavinpadaippugal.info/katturaigal/rayilaeri_rameswaram.htm,200,katturaigal/rayilaeri_rameswaram.md,no,covered,/Users/pugazhendhirajendran/Documents/Codex/2026-07-09/https-www-annavinpadaippugal-info/outputs/annavin_text_extractor/organized_contents/katturaigal/rayilaeri_rameswaram.md
http://www.annavinpadaippugal.info/katturaigal/rejected_so_what.htm,200,katturaigal/rejected_so_what.md,no,covered,/Users/pugazhendhirajendran/Documents/Codex/2026-07-09/https-www-annavinpadaippugal-info/outputs/annavin_text_extractor/organized_contents/katturaigal/rejected_so_what.md
http://www.annavinpadaippugal.info/katturaigal/resident_johnson_and_general_degaulle.htm,200,katturaigal/resident_johnson_and_general_degaulle.md,no,covered,/Users/pugazhendhirajendran/Documents/Codex/2026-07-09/https-www-annavinpadaippugal-info/outputs/annavin_text_extractor/organized_contents/katturaigal/resident_johnson_and_general_degaulle.md
http://www.annavinpadaippugal.info/katturaigal/ribbon_mandapathu.htm,200,katturaigal/ribbon_mandapathu.md,no,covered,/Users/pugazhendhirajendran/Documents/Codex/2026-07-09/https-www-annavinpadaippugal-info/outputs/annavin_text_extractor/organized_contents/katturaigal/ribbon_mandapathu.md
http://www.annavinpadaippugal.info/katturaigal/romapuri_ranigal_1.htm,200,nadagangal/romapuri_ranigal.md,yes,covered,/Users/pugazhendhirajendran/Documents/Codex/2026-07-09/https-www-annavinpadaippugal-info/outputs/annavin_text_extractor/organized_contents/nadagangal/romapuri_ranigal.md
http://www.annavinpadaippugal.info/katturaigal/romapuri_ranigal_2.htm,200,nadagangal/romapuri_ranigal.md,yes,covered,/Users/pugazhendhirajendran/Documents/Codex/2026-07-09/https-www-annavinpadaippugal-info/outputs/annavin_text_extractor/organized_contents/nadagangal/romapuri_ranigal.md
http://www.annavinpadaippugal.info/katturaigal/romapuri_ranigal_3.htm,200,nadagangal/romapuri_ranigal.md,yes,covered,/Users/pugazhendhirajendran/Documents/Codex/2026-07-09/https-www-annavinpadaippugal-info/outputs/annavin_text_extractor/organized_contents/nadagangal/romapuri_ranigal.md
http://www.annavinpadaippugal.info/katturaigal/romapuri_ranigal_4.htm,200,nadagangal/romapuri_ranigal.md,yes,covered,/Users/pugazhendhirajendran/Documents/Codex/2026-07-09/https-www-annavinpadaippugal-info/outputs/annavin_text_extractor/organized_contents/nadagangal/romapuri_ranigal.md
http://www.annavinpadaippugal.info/katturaigal/romapuri_ranigal_5.htm,200,nadagangal/romapuri_ranigal.md,yes,covered,/Users/pugazhendhirajendran/Documents/Codex/2026-07-09/https-www-annavinpadaippugal-info/outputs/annavin_text_extractor/organized_contents/nadagangal/romapuri_ranigal.md
http://www.annavinpadaippugal.info/katturaigal/romapuri_ranigal_6.htm,200,nadagangal/romapuri_ranigal.md,yes,covered,/Users/pugazhendhirajendran/Documents/Codex/2026-07-09/https-www-annavinpadaippugal-info/outputs/annavin_text_extractor/organized_contents/nadagangal/romapuri_ranigal.md
http://www.annavinpadaippugal.info/katturaigal/romapuri_ranigal_7.htm,200,nadagangal/romapuri_ranigal.md,yes,covered,/Users/pugazhendhirajendran/Documents/Codex/2026-07-09/https-www-annavinpadaippugal-info/outputs/annavin_text_extractor/organized_contents/nadagangal/romapuri_ranigal.md
http://www.annavinpadaippugal.info/katturaigal/romapuri_ranigal_8.htm,200,nadagangal/romapuri_ranigal.md,yes,covered,/Users/pugazhendhirajendran/Documents/Codex/2026-07-09/https-www-annavinpadaippugal-info/outputs/annavin_text_extractor/organized_contents/nadagangal/romapuri_ranigal.md
http://www.annavinpadaippugal.info/katturaigal/royalaseema.htm,200,katturaigal/royalaseema.md,no,covered,/Users/pugazhendhirajendran/Documents/Codex/2026-07-09/https-www-annavinpadaippugal-info/outputs/annavin_text_extractor/organized_contents/katturaigal/royalaseema.md
http://www.annavinpadaippugal.info/katturaigal/rupee_is_sick.htm,200,katturaigal/rupee_is_sick.md,no,covered,/Users/pugazhendhirajendran/Documents/Codex/2026-07-09/https-www-annavinpadaippugal-info/outputs/annavin_text_extractor/organized_contents/katturaigal/rupee_is_sick.md
http://www.annavinpadaippugal.info/katturaigal/s_o_s.htm,200,katturaigal/s_o_s.md,no,covered,/Users/pugazhendhirajendran/Documents/Codex/2026-07-09/https-www-annavinpadaippugal-info/outputs/annavin_text_extractor/organized_contents/katturaigal/s_o_s.md
http://www.annavinpadaippugal.info/katturaigal/saakkadai_arugae.htm,200,katturaigal/saakkadai_arugae.md,no,covered,/Users/pugazhendhirajendran/Documents/Codex/2026-07-09/https-www-annavinpadaippugal-info/outputs/annavin_text_extractor/organized_contents/katturaigal/saakkadai_arugae.md
http://www.annavinpadaippugal.info/katturaigal/saamanyamalla.htm,200,katturaigal/saamanyamalla.md,no,covered,/Users/pugazhendhirajendran/Documents/Codex/2026-07-09/https-www-annavinpadaippugal-info/outputs/annavin_text_extractor/organized_contents/katturaigal/saamanyamalla.md
http://www.annavinpadaippugal.info/katturaigal/saathibetham.htm,200,katturaigal/saathibetham.md,no,covered,/Users/pugazhendhirajendran/Documents/Codex/2026-07-09/https-www-annavinpadaippugal-info/outputs/annavin_text_extractor/organized_contents/katturaigal/saathibetham.md
http://www.annavinpadaippugal.info/katturaigal/sachivothamar.htm,200,katturaigal/sachivothamar.md,no,covered,/Users/pugazhendhirajendran/Documents/Codex/2026-07-09/https-www-annavinpadaippugal-info/outputs/annavin_text_extractor/organized_contents/katturaigal/sachivothamar.md
http://www.annavinpadaippugal.info/katturaigal/sadhu_santharam.htm,200,katturaigal/sadhu_santharam.md,no,covered,/Users/pugazhendhirajendran/Documents/Codex/2026-07-09/https-www-annavinpadaippugal-info/outputs/annavin_text_extractor/organized_contents/katturaigal/sadhu_santharam.md
http://www.annavinpadaippugal.info/katturaigal/saeravaarum.htm,200,katturaigal/saeravaarum.md,no,covered,/Users/pugazhendhirajendran/Documents/Codex/2026-07-09/https-www-annavinpadaippugal-info/outputs/annavin_text_extractor/organized_contents/katturaigal/saeravaarum.md
http://www.annavinpadaippugal.info/katturaigal/saerkkai_vaasanai.htm,200,katturaigal/saerkkai_vaasanai.md,no,covered,/Users/pugazhendhirajendran/Documents/Codex/2026-07-09/https-www-annavinpadaippugal-info/outputs/annavin_text_extractor/organized_contents/katturaigal/saerkkai_vaasanai.md
http://www.annavinpadaippugal.info/katturaigal/saiva_vainava.htm,200,katturaigal/saiva_vainava.md,no,covered,/Users/pugazhendhirajendran/Documents/Codex/2026-07-09/https-www-annavinpadaippugal-info/outputs/annavin_text_extractor/organized_contents/katturaigal/saiva_vainava.md
http://www.annavinpadaippugal.info/katturaigal/sakkaraneri.htm,200,katturaigal/sakkaraneri.md,no,covered,/Users/pugazhendhirajendran/Documents/Codex/2026-07-09/https-www-annavinpadaippugal-info/outputs/annavin_text_extractor/organized_contents/katturaigal/sakkaraneri.md
http://www.annavinpadaippugal.info/katturaigal/salem_pirantha_idam.htm,200,katturaigal/salem_pirantha_idam.md,no,covered,/Users/pugazhendhirajendran/Documents/Codex/2026-07-09/https-www-annavinpadaippugal-info/outputs/annavin_text_extractor/organized_contents/katturaigal/salem_pirantha_idam.md
http://www.annavinpadaippugal.info/katturaigal/salem_vaareer.htm,200,katturaigal/salem_vaareer.md,no,covered,/Users/pugazhendhirajendran/Documents/Codex/2026-07-09/https-www-annavinpadaippugal-info/outputs/annavin_text_extractor/organized_contents/katturaigal/salem_vaareer.md
http://www.annavinpadaippugal.info/katturaigal/salem_vazhikaattum.htm,200,katturaigal/salem_vazhikaattum.md,no,covered,/Users/pugazhendhirajendran/Documents/Codex/2026-07-09/https-www-annavinpadaippugal-info/outputs/annavin_text_extractor/organized_contents/katturaigal/salem_vazhikaattum.md
http://www.annavinpadaippugal.info/katturaigal/samadharma_vetri.htm,200,katturaigal/samadharma_vetri.md,no,covered,/Users/pugazhendhirajendran/Documents/Codex/2026-07-09/https-www-annavinpadaippugal-info/outputs/annavin_text_extractor/organized_contents/katturaigal/samadharma_vetri.md
http://www.annavinpadaippugal.info/katturaigal/samanyama.htm,200,katturaigal/samanyama.md,no,covered,/Users/pugazhendhirajendran/Documents/Codex/2026-07-09/https-www-annavinpadaippugal-info/outputs/annavin_text_extractor/organized_contents/katturaigal/samanyama.md
http://www.annavinpadaippugal.info/katturaigal/samathi_pulambum.htm,200,katturaigal/samathi_pulambum.md,no,covered,/Users/pugazhendhirajendran/Documents/Codex/2026-07-09/https-www-annavinpadaippugal-info/outputs/annavin_text_extractor/organized_contents/katturaigal/samathi_pulambum.md
http://www.annavinpadaippugal.info/katturaigal/samaya_vila.htm,200,katturaigal/samaya_vila.md,no,covered,/Users/pugazhendhirajendran/Documents/Codex/2026-07-09/https-www-annavinpadaippugal-info/outputs/annavin_text_extractor/organized_contents/katturaigal/samaya_vila.md
http://www.annavinpadaippugal.info/katturaigal/samayasancheevi.htm,200,katturaigal/samayasancheevi.md,no,covered,/Users/pugazhendhirajendran/Documents/Codex/2026-07-09/https-www-annavinpadaippugal-info/outputs/annavin_text_extractor/organized_contents/katturaigal/samayasancheevi.md
http://www.annavinpadaippugal.info/katturaigal/sampath_thara.htm,200,katturaigal/sampath_thara.md,no,covered,/Users/pugazhendhirajendran/Documents/Codex/2026-07-09/https-www-annavinpadaippugal-info/outputs/annavin_text_extractor/organized_contents/katturaigal/sampath_thara.md
http://www.annavinpadaippugal.info/katturaigal/sanathana_charchilgal.htm,200,katturaigal/sanathana_charchilgal.md,no,covered,/Users/pugazhendhirajendran/Documents/Codex/2026-07-09/https-www-annavinpadaippugal-info/outputs/annavin_text_extractor/organized_contents/katturaigal/sanathana_charchilgal.md
http://www.annavinpadaippugal.info/katturaigal/sanga_kaalathil.htm,200,katturaigal/sanga_kaalathil.md,no,covered,/Users/pugazhendhirajendran/Documents/Codex/2026-07-09/https-www-annavinpadaippugal-info/outputs/annavin_text_extractor/organized_contents/katturaigal/sanga_kaalathil.md
http://www.annavinpadaippugal.info/katturaigal/sankarachari_pathavi_tharkolai.htm,200,katturaigal/sankarachari_pathavi_tharkolai.md,no,covered,/Users/pugazhendhirajendran/Documents/Codex/2026-07-09/https-www-annavinpadaippugal-info/outputs/annavin_text_extractor/organized_contents/katturaigal/sankarachari_pathavi_tharkolai.md
http://www.annavinpadaippugal.info/katturaigal/santhaegamillai.htm,200,katturaigal/santhaegamillai.md,no,covered,/Users/pugazhendhirajendran/Documents/Codex/2026-07-09/https-www-annavinpadaippugal-info/outputs/annavin_text_extractor/organized_contents/katturaigal/santhaegamillai.md
http://www.annavinpadaippugal.info/katturaigal/santhana_sapra.htm,200,katturaigal/santhana_sapra.md,no,covered,/Users/pugazhendhirajendran/Documents/Codex/2026-07-09/https-www-annavinpadaippugal-info/outputs/annavin_text_extractor/organized_contents/katturaigal/santhana_sapra.md
http://www.annavinpadaippugal.info/katturaigal/santhana_sapramanjam.htm,200,katturaigal/santhana_sapramanjam.md,no,covered,/Users/pugazhendhirajendran/Documents/Codex/2026-07-09/https-www-annavinpadaippugal-info/outputs/annavin_text_extractor/organized_contents/katturaigal/santhana_sapramanjam.md
http://www.annavinpadaippugal.info/katturaigal/santharpas.htm,200,katturaigal/santharpas.md,no,covered,/Users/pugazhendhirajendran/Documents/Codex/2026-07-09/https-www-annavinpadaippugal-info/outputs/annavin_text_extractor/organized_contents/katturaigal/santharpas.md
http://www.annavinpadaippugal.info/katturaigal/santhisthan.htm,200,katturaigal/santhisthan.md,no,covered,/Users/pugazhendhirajendran/Documents/Codex/2026-07-09/https-www-annavinpadaippugal-info/outputs/annavin_text_extractor/organized_contents/katturaigal/santhisthan.md
http://www.annavinpadaippugal.info/katturaigal/sarasamum_sathiyum.htm,200,katturaigal/sarasamum_sathiyum.md,no,covered,/Users/pugazhendhirajendran/Documents/Codex/2026-07-09/https-www-annavinpadaippugal-info/outputs/annavin_text_extractor/organized_contents/katturaigal/sarasamum_sathiyum.md
http://www.annavinpadaippugal.info/katturaigal/sarchilism.htm,200,katturaigal/sarchilism.md,no,covered,/Users/pugazhendhirajendran/Documents/Codex/2026-07-09/https-www-annavinpadaippugal-info/outputs/annavin_text_extractor/organized_contents/katturaigal/sarchilism.md
http://www.annavinpadaippugal.info/katturaigal/sarintha_samrajyam_1.htm,200,katturaigal/sarintha_samrajyam_1.md,no,covered,/Users/pugazhendhirajendran/Documents/Codex/2026-07-09/https-www-annavinpadaippugal-info/outputs/annavin_text_extractor/organized_contents/katturaigal/sarintha_samrajyam_1.md
http://www.annavinpadaippugal.info/katturaigal/sarkar_vidumurai.htm,200,katturaigal/sarkar_vidumurai.md,no,covered,/Users/pugazhendhirajendran/Documents/Codex/2026-07-09/https-www-annavinpadaippugal-info/outputs/annavin_text_extractor/organized_contents/katturaigal/sarkar_vidumurai.md
http://www.annavinpadaippugal.info/katturaigal/sarkkar_kadamai.htm,200,katturaigal/sarkkar_kadamai.md,no,covered,/Users/pugazhendhirajendran/Documents/Codex/2026-07-09/https-www-annavinpadaippugal-info/outputs/annavin_text_extractor/organized_contents/katturaigal/sarkkar_kadamai.md
http://www.annavinpadaippugal.info/katturaigal/sasthiriyar_kattiya_jalladam.htm,200,katturaigal/sasthiriyar_kattiya_jalladam.md,no,covered,/Users/pugazhendhirajendran/Documents/Codex/2026-07-09/https-www-annavinpadaippugal-info/outputs/annavin_text_extractor/organized_contents/katturaigal/sasthiriyar_kattiya_jalladam.md
http://www.annavinpadaippugal.info/katturaigal/sathuvethi_mangalam.htm,200,katturaigal/sathuvethi_mangalam.md,no,covered,/Users/pugazhendhirajendran/Documents/Codex/2026-07-09/https-www-annavinpadaippugal-info/outputs/annavin_text_extractor/organized_contents/katturaigal/sathuvethi_mangalam.md
http://www.annavinpadaippugal.info/katturaigal/sathya_sothanai.htm,200,katturaigal/sathya_sothanai.md,no,covered,/Users/pugazhendhirajendran/Documents/Codex/2026-07-09/https-www-annavinpadaippugal-info/outputs/annavin_text_extractor/organized_contents/katturaigal/sathya_sothanai.md
http://www.annavinpadaippugal.info/katturaigal/satta_maruppum.htm,200,katturaigal/satta_maruppum.md,no,covered,/Users/pugazhendhirajendran/Documents/Codex/2026-07-09/https-www-annavinpadaippugal-info/outputs/annavin_text_extractor/organized_contents/katturaigal/satta_maruppum.md
http://www.annavinpadaippugal.info/katturaigal/sattanathar.htm,200,katturaigal/sattanathar.md,no,covered,/Users/pugazhendhirajendran/Documents/Codex/2026-07-09/https-www-annavinpadaippugal-info/outputs/annavin_text_extractor/organized_contents/katturaigal/sattanathar.md
http://www.annavinpadaippugal.info/katturaigal/sattasabayilae_sagajanandar.htm,200,katturaigal/sattasabayilae_sagajanandar.md,no,covered,/Users/pugazhendhirajendran/Documents/Codex/2026-07-09/https-www-annavinpadaippugal-info/outputs/annavin_text_extractor/organized_contents/katturaigal/sattasabayilae_sagajanandar.md
http://www.annavinpadaippugal.info/katturaigal/savundappan.htm,200,katturaigal/savundappan.md,no,covered,/Users/pugazhendhirajendran/Documents/Codex/2026-07-09/https-www-annavinpadaippugal-info/outputs/annavin_text_extractor/organized_contents/katturaigal/savundappan.md
http://www.annavinpadaippugal.info/katturaigal/savundigalukku_savukkadi.htm,200,katturaigal/savundigalukku_savukkadi.md,no,covered,/Users/pugazhendhirajendran/Documents/Codex/2026-07-09/https-www-annavinpadaippugal-info/outputs/annavin_text_extractor/organized_contents/katturaigal/savundigalukku_savukkadi.md
http://www.annavinpadaippugal.info/katturaigal/sayam_velukkirathu.htm,200,katturaigal/sayam_velukkirathu.md,no,covered,/Users/pugazhendhirajendran/Documents/Codex/2026-07-09/https-www-annavinpadaippugal-info/outputs/annavin_text_extractor/organized_contents/katturaigal/sayam_velukkirathu.md
http://www.annavinpadaippugal.info/katturaigal/scaring_surnames.htm,200,katturaigal/scaring_surnames.md,no,covered,/Users/pugazhendhirajendran/Documents/Codex/2026-07-09/https-www-annavinpadaippugal-info/outputs/annavin_text_extractor/organized_contents/katturaigal/scaring_surnames.md
http://www.annavinpadaippugal.info/katturaigal/seedar_silambam_edukirar.htm,200,katturaigal/seedar_silambam_edukirar.md,no,covered,/Users/pugazhendhirajendran/Documents/Codex/2026-07-09/https-www-annavinpadaippugal-info/outputs/annavin_text_extractor/organized_contents/katturaigal/seedar_silambam_edukirar.md
http://www.annavinpadaippugal.info/katturaigal/seena_sivappagirathu.htm,200,katturaigal/seena_sivappagirathu.md,no,covered,/Users/pugazhendhirajendran/Documents/Codex/2026-07-09/https-www-annavinpadaippugal-info/outputs/annavin_text_extractor/organized_contents/katturaigal/seena_sivappagirathu.md
http://www.annavinpadaippugal.info/katturaigal/seerum_seeman.htm,200,katturaigal/seerum_seeman.md,no,covered,/Users/pugazhendhirajendran/Documents/Codex/2026-07-09/https-www-annavinpadaippugal-info/outputs/annavin_text_extractor/organized_contents/katturaigal/seerum_seeman.md
http://www.annavinpadaippugal.info/katturaigal/seerum_sillaraigal.htm,200,katturaigal/seerum_sillaraigal.md,no,covered,/Users/pugazhendhirajendran/Documents/Codex/2026-07-09/https-www-annavinpadaippugal-info/outputs/annavin_text_extractor/organized_contents/katturaigal/seerum_sillaraigal.md
http://www.annavinpadaippugal.info/katturaigal/sekizhar_oru.htm,200,katturaigal/sekizhar_oru.md,no,covered,/Users/pugazhendhirajendran/Documents/Codex/2026-07-09/https-www-annavinpadaippugal-info/outputs/annavin_text_extractor/organized_contents/katturaigal/sekizhar_oru.md
http://www.annavinpadaippugal.info/katturaigal/sellathu.htm,200,katturaigal/sellathu.md,no,covered,/Users/pugazhendhirajendran/Documents/Codex/2026-07-09/https-www-annavinpadaippugal-info/outputs/annavin_text_extractor/organized_contents/katturaigal/sellathu.md
http://www.annavinpadaippugal.info/katturaigal/sendraen_vanthaen.htm,200,katturaigal/sendraen_vanthaen.md,no,covered,/Users/pugazhendhirajendran/Documents/Codex/2026-07-09/https-www-annavinpadaippugal-info/outputs/annavin_text_extractor/organized_contents/katturaigal/sendraen_vanthaen.md
http://www.annavinpadaippugal.info/katturaigal/sengodi_nizhalilae.htm,200,katturaigal/sengodi_nizhalilae.md,no,covered,/Users/pugazhendhirajendran/Documents/Codex/2026-07-09/https-www-annavinpadaippugal-info/outputs/annavin_text_extractor/organized_contents/katturaigal/sengodi_nizhalilae.md
http://www.annavinpadaippugal.info/katturaigal/sennai_sirayil.htm,200,katturaigal/sennai_sirayil.md,no,covered,/Users/pugazhendhirajendran/Documents/Codex/2026-07-09/https-www-annavinpadaippugal-info/outputs/annavin_text_extractor/organized_contents/katturaigal/sennai_sirayil.md
http://www.annavinpadaippugal.info/katturaigal/sennayil_ezhuthurimai.htm,200,katturaigal/sennayil_ezhuthurimai.md,no,covered,/Users/pugazhendhirajendran/Documents/Codex/2026-07-09/https-www-annavinpadaippugal-info/outputs/annavin_text_extractor/organized_contents/katturaigal/sennayil_ezhuthurimai.md
http://www.annavinpadaippugal.info/katturaigal/sennayil_ramarajyam.htm,200,katturaigal/sennayil_ramarajyam.md,no,covered,/Users/pugazhendhirajendran/Documents/Codex/2026-07-09/https-www-annavinpadaippugal-info/outputs/annavin_text_extractor/organized_contents/katturaigal/sennayil_ramarajyam.md
http://www.annavinpadaippugal.info/katturaigal/sensational_offer.htm,200,katturaigal/sensational_offer.md,no,covered,/Users/pugazhendhirajendran/Documents/Codex/2026-07-09/https-www-annavinpadaippugal-info/outputs/annavin_text_extractor/organized_contents/katturaigal/sensational_offer.md
http://www.annavinpadaippugal.info/katturaigal/sermons_are_heard.htm,200,katturaigal/sermons_are_heard.md,no,covered,/Users/pugazhendhirajendran/Documents/Codex/2026-07-09/https-www-annavinpadaippugal-info/outputs/annavin_text_extractor/organized_contents/katturaigal/sermons_are_heard.md
http://www.annavinpadaippugal.info/katturaigal/setthukattinar.htm,200,katturaigal/setthukattinar.md,no,covered,/Users/pugazhendhirajendran/Documents/Codex/2026-07-09/https-www-annavinpadaippugal-info/outputs/annavin_text_extractor/organized_contents/katturaigal/setthukattinar.md
http://www.annavinpadaippugal.info/katturaigal/sevichuvai.htm,200,katturaigal/sevichuvai.md,no,covered,/Users/pugazhendhirajendran/Documents/Codex/2026-07-09/https-www-annavinpadaippugal-info/outputs/annavin_text_extractor/organized_contents/katturaigal/sevichuvai.md
http://www.annavinpadaippugal.info/katturaigal/seyalatrungal.htm,200,katturaigal/seyalatrungal.md,no,covered,/Users/pugazhendhirajendran/Documents/Codex/2026-07-09/https-www-annavinpadaippugal-info/outputs/annavin_text_extractor/organized_contents/katturaigal/seyalatrungal.md
http://www.annavinpadaippugal.info/katturaigal/shanmuga_samvatham.htm,200,katturaigal/shanmuga_samvatham.md,no,covered,/Users/pugazhendhirajendran/Documents/Codex/2026-07-09/https-www-annavinpadaippugal-info/outputs/annavin_text_extractor/organized_contents/katturaigal/shanmuga_samvatham.md
http://www.annavinpadaippugal.info/katturaigal/sheetlarin_soagam.htm,200,katturaigal/sheetlarin_soagam.md,no,covered,/Users/pugazhendhirajendran/Documents/Codex/2026-07-09/https-www-annavinpadaippugal-info/outputs/annavin_text_extractor/organized_contents/katturaigal/sheetlarin_soagam.md
http://www.annavinpadaippugal.info/katturaigal/significance_of_six_monts.htm,200,katturaigal/significance_of_six_monts.md,no,covered,/Users/pugazhendhirajendran/Documents/Codex/2026-07-09/https-www-annavinpadaippugal-info/outputs/annavin_text_extractor/organized_contents/katturaigal/significance_of_six_monts.md
http://www.annavinpadaippugal.info/katturaigal/silambuthantha.htm,200,katturaigal/silambuthantha.md,no,covered,/Users/pugazhendhirajendran/Documents/Codex/2026-07-09/https-www-annavinpadaippugal-info/outputs/annavin_text_extractor/organized_contents/katturaigal/silambuthantha.md
http://www.annavinpadaippugal.info/katturaigal/silanthiyum.htm,200,katturaigal/silanthiyum.md,no,covered,/Users/pugazhendhirajendran/Documents/Codex/2026-07-09/https-www-annavinpadaippugal-info/outputs/annavin_text_extractor/organized_contents/katturaigal/silanthiyum.md
http://www.annavinpadaippugal.info/katturaigal/singam_sirunari_1.htm,200,katturaigal/singam_sirunari_1.md,no,covered,/Users/pugazhendhirajendran/Documents/Codex/2026-07-09/https-www-annavinpadaippugal-info/outputs/annavin_text_extractor/organized_contents/katturaigal/singam_sirunari_1.md
http://www.annavinpadaippugal.info/katturaigal/singam_sirunari_2.html,200,katturaigal/singam_sirunari_2.md,no,covered,/Users/pugazhendhirajendran/Documents/Codex/2026-07-09/https-www-annavinpadaippugal-info/outputs/annavin_text_extractor/organized_contents/katturaigal/singam_sirunari_2.md
http://www.annavinpadaippugal.info/katturaigal/singara_chirai.htm,200,katturaigal/singara_chirai.md,no,covered,/Users/pugazhendhirajendran/Documents/Codex/2026-07-09/https-www-annavinpadaippugal-info/outputs/annavin_text_extractor/organized_contents/katturaigal/singara_chirai.md
http://www.annavinpadaippugal.info/katturaigal/singathin_bangam.htm,200,katturaigal/singathin_bangam.md,no,covered,/Users/pugazhendhirajendran/Documents/Codex/2026-07-09/https-www-annavinpadaippugal-info/outputs/annavin_text_extractor/organized_contents/katturaigal/singathin_bangam.md
http://www.annavinpadaippugal.info/katturaigal/sinnan_sinima_paarkiran.htm,200,katturaigal/sinnan_sinima_paarkiran.md,no,covered,/Users/pugazhendhirajendran/Documents/Codex/2026-07-09/https-www-annavinpadaippugal-info/outputs/annavin_text_extractor/organized_contents/katturaigal/sinnan_sinima_paarkiran.md
http://www.annavinpadaippugal.info/katturaigal/sinthanai_chirpi.htm,200,katturaigal/sinthanai_chirpi.md,no,covered,/Users/pugazhendhirajendran/Documents/Codex/2026-07-09/https-www-annavinpadaippugal-info/outputs/annavin_text_extractor/organized_contents/katturaigal/sinthanai_chirpi.md
http://www.annavinpadaippugal.info/katturaigal/sinthanai_kalan.htm,200,katturaigal/sinthanai_kalan.md,no,covered,/Users/pugazhendhirajendran/Documents/Codex/2026-07-09/https-www-annavinpadaippugal-info/outputs/annavin_text_extractor/organized_contents/katturaigal/sinthanai_kalan.md
http://www.annavinpadaippugal.info/katturaigal/sinthanaikku.htm,200,katturaigal/sinthanaikku.md,no,covered,/Users/pugazhendhirajendran/Documents/Codex/2026-07-09/https-www-annavinpadaippugal-info/outputs/annavin_text_extractor/organized_contents/katturaigal/sinthanaikku.md
http://www.annavinpadaippugal.info/katturaigal/sir_cv_ramanukku.htm,200,katturaigal/sir_cv_ramanukku.md,no,covered,/Users/pugazhendhirajendran/Documents/Codex/2026-07-09/https-www-annavinpadaippugal-info/outputs/annavin_text_extractor/organized_contents/katturaigal/sir_cv_ramanukku.md
http://www.annavinpadaippugal.info/katturaigal/sir_paathro.htm,200,katturaigal/sir_paathro.md,no,covered,/Users/pugazhendhirajendran/Documents/Codex/2026-07-09/https-www-annavinpadaippugal-info/outputs/annavin_text_extractor/organized_contents/katturaigal/sir_paathro.md
http://www.annavinpadaippugal.info/katturaigal/sir_polish.htm,200,katturaigal/sir_polish.md,no,covered,/Users/pugazhendhirajendran/Documents/Codex/2026-07-09/https-www-annavinpadaippugal-info/outputs/annavin_text_extractor/organized_contents/katturaigal/sir_polish.md
http://www.annavinpadaippugal.info/katturaigal/siraichalai_ennaseyyum.htm,200,katturaigal/siraichalai_ennaseyyum.md,no,covered,/Users/pugazhendhirajendran/Documents/Codex/2026-07-09/https-www-annavinpadaippugal-info/outputs/annavin_text_extractor/organized_contents/katturaigal/siraichalai_ennaseyyum.md
http://www.annavinpadaippugal.info/katturaigal/siraichalai_ennaseyyum_1949.htm,200,katturaigal/siraichalai_ennaseyyum_1949.md,no,covered,/Users/pugazhendhirajendran/Documents/Codex/2026-07-09/https-www-annavinpadaippugal-info/outputs/annavin_text_extractor/organized_contents/katturaigal/siraichalai_ennaseyyum_1949.md
http://www.annavinpadaippugal.info/katturaigal/sirantha_nanbar.htm,200,katturaigal/sirantha_nanbar.md,no,covered,/Users/pugazhendhirajendran/Documents/Codex/2026-07-09/https-www-annavinpadaippugal-info/outputs/annavin_text_extractor/organized_contents/katturaigal/sirantha_nanbar.md
http://www.annavinpadaippugal.info/katturaigal/sirayil_radha.htm,200,katturaigal/sirayil_radha.md,no,covered,/Users/pugazhendhirajendran/Documents/Codex/2026-07-09/https-www-annavinpadaippugal-info/outputs/annavin_text_extractor/organized_contents/katturaigal/sirayil_radha.md
http://www.annavinpadaippugal.info/katturaigal/sirayilae_thangam.htm,200,katturaigal/sirayilae_thangam.md,no,covered,/Users/pugazhendhirajendran/Documents/Codex/2026-07-09/https-www-annavinpadaippugal-info/outputs/annavin_text_extractor/organized_contents/katturaigal/sirayilae_thangam.md
http://www.annavinpadaippugal.info/katturaigal/sirunarikku.htm,200,katturaigal/sirunarikku.md,no,covered,/Users/pugazhendhirajendran/Documents/Codex/2026-07-09/https-www-annavinpadaippugal-info/outputs/annavin_text_extractor/organized_contents/katturaigal/sirunarikku.md
http://www.annavinpadaippugal.info/katturaigal/sirunariyin.htm,200,katturaigal/sirunariyin.md,no,covered,/Users/pugazhendhirajendran/Documents/Codex/2026-07-09/https-www-annavinpadaippugal-info/outputs/annavin_text_extractor/organized_contents/katturaigal/sirunariyin.md
http://www.annavinpadaippugal.info/katturaigal/sitthaiyankoattai.htm,200,katturaigal/sitthaiyankoattai.md,no,covered,/Users/pugazhendhirajendran/Documents/Codex/2026-07-09/https-www-annavinpadaippugal-info/outputs/annavin_text_extractor/organized_contents/katturaigal/sitthaiyankoattai.md
http://www.annavinpadaippugal.info/katturaigal/sivalogavasigal.htm,200,katturaigal/sivalogavasigal.md,no,covered,/Users/pugazhendhirajendran/Documents/Codex/2026-07-09/https-www-annavinpadaippugal-info/outputs/annavin_text_extractor/organized_contents/katturaigal/sivalogavasigal.md
http://www.annavinpadaippugal.info/katturaigal/sivanesarkatku.htm,200,katturaigal/sivanesarkatku.md,no,covered,/Users/pugazhendhirajendran/Documents/Codex/2026-07-09/https-www-annavinpadaippugal-info/outputs/annavin_text_extractor/organized_contents/katturaigal/sivanesarkatku.md
http://www.annavinpadaippugal.info/katturaigal/sivapoojayil_karadi.htm,200,katturaigal/sivapoojayil_karadi.md,no,covered,/Users/pugazhendhirajendran/Documents/Codex/2026-07-09/https-www-annavinpadaippugal-info/outputs/annavin_text_extractor/organized_contents/katturaigal/sivapoojayil_karadi.md
http://www.annavinpadaippugal.info/katturaigal/slet_nathikkarayil.htm,200,katturaigal/slet_nathikkarayil.md,no,covered,/Users/pugazhendhirajendran/Documents/Codex/2026-07-09/https-www-annavinpadaippugal-info/outputs/annavin_text_extractor/organized_contents/katturaigal/slet_nathikkarayil.md
http://www.annavinpadaippugal.info/katturaigal/sootchumam_ithuthan.htm,200,katturaigal/sootchumam_ithuthan.md,no,covered,/Users/pugazhendhirajendran/Documents/Codex/2026-07-09/https-www-annavinpadaippugal-info/outputs/annavin_text_extractor/organized_contents/katturaigal/sootchumam_ithuthan.md
http://www.annavinpadaippugal.info/katturaigal/sorgathil_naragam_1.htm,200,katturaigal/sorgathil_naragam.md,yes,covered,/Users/pugazhendhirajendran/Documents/Codex/2026-07-09/https-www-annavinpadaippugal-info/outputs/annavin_text_extractor/organized_contents/katturaigal/sorgathil_naragam.md
http://www.annavinpadaippugal.info/katturaigal/sorgathil_naragam_2.htm,200,katturaigal/sorgathil_naragam.md,yes,covered,/Users/pugazhendhirajendran/Documents/Codex/2026-07-09/https-www-annavinpadaippugal-info/outputs/annavin_text_extractor/organized_contents/katturaigal/sorgathil_naragam.md
http://www.annavinpadaippugal.info/katturaigal/sorgavasal.htm,200,katturaigal/sorgavasal.md,no,covered,/Users/pugazhendhirajendran/Documents/Codex/2026-07-09/https-www-annavinpadaippugal-info/outputs/annavin_text_extractor/organized_contents/katturaigal/sorgavasal.md
http://www.annavinpadaippugal.info/katturaigal/sothanayil_vetri.htm,200,katturaigal/sothanayil_vetri.md,no,covered,/Users/pugazhendhirajendran/Documents/Codex/2026-07-09/https-www-annavinpadaippugal-info/outputs/annavin_text_extractor/organized_contents/katturaigal/sothanayil_vetri.md
http://www.annavinpadaippugal.info/katturaigal/soul_of_nation.htm,200,katturaigal/soul_of_nation.md,no,covered,/Users/pugazhendhirajendran/Documents/Codex/2026-07-09/https-www-annavinpadaippugal-info/outputs/annavin_text_extractor/organized_contents/katturaigal/soul_of_nation.md
http://www.annavinpadaippugal.info/katturaigal/soviet_korilla.htm,200,katturaigal/soviet_korilla.md,no,covered,/Users/pugazhendhirajendran/Documents/Codex/2026-07-09/https-www-annavinpadaippugal-info/outputs/annavin_text_extractor/organized_contents/katturaigal/soviet_korilla.md
http://www.annavinpadaippugal.info/katturaigal/soviet_singam_lenin.htm,200,katturaigal/soviet_singam_lenin.md,no,covered,/Users/pugazhendhirajendran/Documents/Codex/2026-07-09/https-www-annavinpadaippugal-info/outputs/annavin_text_extractor/organized_contents/katturaigal/soviet_singam_lenin.md
http://www.annavinpadaippugal.info/katturaigal/soviet_vikadam.htm,200,katturaigal/soviet_vikadam.md,no,covered,/Users/pugazhendhirajendran/Documents/Codex/2026-07-09/https-www-annavinpadaippugal-info/outputs/annavin_text_extractor/organized_contents/katturaigal/soviet_vikadam.md
http://www.annavinpadaippugal.info/katturaigal/spade_work.htm,200,katturaigal/spade_work.md,no,covered,/Users/pugazhendhirajendran/Documents/Codex/2026-07-09/https-www-annavinpadaippugal-info/outputs/annavin_text_extractor/organized_contents/katturaigal/spade_work.md
http://www.annavinpadaippugal.info/katturaigal/still_fads.htm,200,katturaigal/still_fads.md,no,covered,/Users/pugazhendhirajendran/Documents/Codex/2026-07-09/https-www-annavinpadaippugal-info/outputs/annavin_text_extractor/organized_contents/katturaigal/still_fads.md
http://www.annavinpadaippugal.info/katturaigal/summayirar.htm,200,katturaigal/summayirar.md,no,covered,/Users/pugazhendhirajendran/Documents/Codex/2026-07-09/https-www-annavinpadaippugal-info/outputs/annavin_text_extractor/organized_contents/katturaigal/summayirar.md
http://www.annavinpadaippugal.info/katturaigal/sun_day_in_ceylon.htm,200,katturaigal/sun_day_in_ceylon.md,no,covered,/Users/pugazhendhirajendran/Documents/Codex/2026-07-09/https-www-annavinpadaippugal-info/outputs/annavin_text_extractor/organized_contents/katturaigal/sun_day_in_ceylon.md
http://www.annavinpadaippugal.info/katturaigal/surandal_koodathu.htm,200,katturaigal/surandal_koodathu.md,no,covered,/Users/pugazhendhirajendran/Documents/Codex/2026-07-09/https-www-annavinpadaippugal-info/outputs/annavin_text_extractor/organized_contents/katturaigal/surandal_koodathu.md
http://www.annavinpadaippugal.info/katturaigal/suthesi_surandal_enthiram.htm,200,katturaigal/suthesi_surandal_enthiram.md,no,covered,/Users/pugazhendhirajendran/Documents/Codex/2026-07-09/https-www-annavinpadaippugal-info/outputs/annavin_text_extractor/organized_contents/katturaigal/suthesi_surandal_enthiram.md
http://www.annavinpadaippugal.info/katturaigal/suyarajyam.htm,200,katturaigal/suyarajyam.md,no,covered,/Users/pugazhendhirajendran/Documents/Codex/2026-07-09/https-www-annavinpadaippugal-info/outputs/annavin_text_extractor/organized_contents/katturaigal/suyarajyam.md
http://www.annavinpadaippugal.info/katturaigal/suzhal_vilakku.htm,200,katturaigal/suzhal_vilakku.md,no,covered,/Users/pugazhendhirajendran/Documents/Codex/2026-07-09/https-www-annavinpadaippugal-info/outputs/annavin_text_extractor/organized_contents/katturaigal/suzhal_vilakku.md
http://www.annavinpadaippugal.info/katturaigal/suzhalum_sak.htm,200,katturaigal/suzhalum_sak.md,no,covered,/Users/pugazhendhirajendran/Documents/Codex/2026-07-09/https-www-annavinpadaippugal-info/outputs/annavin_text_extractor/organized_contents/katturaigal/suzhalum_sak.md
http://www.annavinpadaippugal.info/katturaigal/swamigalin.htm,200,katturaigal/swamigalin.md,no,covered,/Users/pugazhendhirajendran/Documents/Codex/2026-07-09/https-www-annavinpadaippugal-info/outputs/annavin_text_extractor/organized_contents/katturaigal/swamigalin.md
http://www.annavinpadaippugal.info/katturaigal/t_n_raman.htm,200,katturaigal/t_n_raman.md,no,covered,/Users/pugazhendhirajendran/Documents/Codex/2026-07-09/https-www-annavinpadaippugal-info/outputs/annavin_text_extractor/organized_contents/katturaigal/t_n_raman.md
http://www.annavinpadaippugal.info/katturaigal/t_t_k.htm,200,katturaigal/t_t_k.md,no,covered,/Users/pugazhendhirajendran/Documents/Codex/2026-07-09/https-www-annavinpadaippugal-info/outputs/annavin_text_extractor/organized_contents/katturaigal/t_t_k.md
http://www.annavinpadaippugal.info/katturaigal/tahro_tahro.htm,200,katturaigal/tahro_tahro.md,no,covered,/Users/pugazhendhirajendran/Documents/Codex/2026-07-09/https-www-annavinpadaippugal-info/outputs/annavin_text_extractor/organized_contents/katturaigal/tahro_tahro.md
http://www.annavinpadaippugal.info/katturaigal/tall_talks_of_congress.htm,200,katturaigal/tall_talks_of_congress.md,no,covered,/Users/pugazhendhirajendran/Documents/Codex/2026-07-09/https-www-annavinpadaippugal-info/outputs/annavin_text_extractor/organized_contents/katturaigal/tall_talks_of_congress.md
http://www.annavinpadaippugal.info/katturaigal/tamil_muzhakkam.htm,200,katturaigal/tamil_muzhakkam.md,no,covered,/Users/pugazhendhirajendran/Documents/Codex/2026-07-09/https-www-annavinpadaippugal-info/outputs/annavin_text_extractor/organized_contents/katturaigal/tamil_muzhakkam.md
http://www.annavinpadaippugal.info/katturaigal/tamilan_thodu_kuri.htm,200,katturaigal/tamilan_thodu_kuri.md,no,covered,/Users/pugazhendhirajendran/Documents/Codex/2026-07-09/https-www-annavinpadaippugal-info/outputs/annavin_text_extractor/organized_contents/katturaigal/tamilan_thodu_kuri.md
http://www.annavinpadaippugal.info/katturaigal/tamilan_thodutha.htm,200,katturaigal/tamilan_thodutha.md,no,covered,/Users/pugazhendhirajendran/Documents/Codex/2026-07-09/https-www-annavinpadaippugal-info/outputs/annavin_text_extractor/organized_contents/katturaigal/tamilan_thodutha.md
http://www.annavinpadaippugal.info/katturaigal/Tamilians_shed_tears_of_blood.htm,200,katturaigal/Tamilians_shed_tears_of_blood.md,no,covered,/Users/pugazhendhirajendran/Documents/Codex/2026-07-09/https-www-annavinpadaippugal-info/outputs/annavin_text_extractor/organized_contents/katturaigal/Tamilians_shed_tears_of_blood.md
http://www.annavinpadaippugal.info/katturaigal/televishion.htm,200,katturaigal/televishion.md,no,covered,/Users/pugazhendhirajendran/Documents/Codex/2026-07-09/https-www-annavinpadaippugal-info/outputs/annavin_text_extractor/organized_contents/katturaigal/televishion.md
http://www.annavinpadaippugal.info/katturaigal/tenth_avatar.htm,200,katturaigal/tenth_avatar.md,no,covered,/Users/pugazhendhirajendran/Documents/Codex/2026-07-09/https-www-annavinpadaippugal-info/outputs/annavin_text_extractor/organized_contents/katturaigal/tenth_avatar.md
http://www.annavinpadaippugal.info/katturaigal/thaalam_season_arambam.htm,200,katturaigal/thaalam_season_arambam.md,no,covered,/Users/pugazhendhirajendran/Documents/Codex/2026-07-09/https-www-annavinpadaippugal-info/outputs/annavin_text_extractor/organized_contents/katturaigal/thaalam_season_arambam.md
http://www.annavinpadaippugal.info/katturaigal/thadai_utharavu.htm,200,katturaigal/thadai_utharavu.md,no,covered,/Users/pugazhendhirajendran/Documents/Codex/2026-07-09/https-www-annavinpadaippugal-info/outputs/annavin_text_extractor/organized_contents/katturaigal/thadai_utharavu.md
http://www.annavinpadaippugal.info/katturaigal/thadiyatchi.htm,200,katturaigal/thadiyatchi.md,no,covered,/Users/pugazhendhirajendran/Documents/Codex/2026-07-09/https-www-annavinpadaippugal-info/outputs/annavin_text_extractor/organized_contents/katturaigal/thadiyatchi.md
http://www.annavinpadaippugal.info/katturaigal/thaembum_thayagam.htm,200,katturaigal/thaembum_thayagam.md,no,covered,/Users/pugazhendhirajendran/Documents/Codex/2026-07-09/https-www-annavinpadaippugal-info/outputs/annavin_text_extractor/organized_contents/katturaigal/thaembum_thayagam.md
http://www.annavinpadaippugal.info/katturaigal/thaen_iruntha_sippiyil.htm,200,katturaigal/thaen_iruntha_sippiyil.md,no,covered,/Users/pugazhendhirajendran/Documents/Codex/2026-07-09/https-www-annavinpadaippugal-info/outputs/annavin_text_extractor/organized_contents/katturaigal/thaen_iruntha_sippiyil.md
http://www.annavinpadaippugal.info/katturaigal/thaensurakka_paesi.htm,200,katturaigal/thaensurakka_paesi.md,no,covered,/Users/pugazhendhirajendran/Documents/Codex/2026-07-09/https-www-annavinpadaippugal-info/outputs/annavin_text_extractor/organized_contents/katturaigal/thaensurakka_paesi.md
http://www.annavinpadaippugal.info/katturaigal/thaenudan_vaembu.htm,200,katturaigal/thaenudan_vaembu.md,no,covered,/Users/pugazhendhirajendran/Documents/Codex/2026-07-09/https-www-annavinpadaippugal-info/outputs/annavin_text_extractor/organized_contents/katturaigal/thaenudan_vaembu.md
http://www.annavinpadaippugal.info/katturaigal/thaeyilai_thottathilae.htm,200,katturaigal/thaeyilai_thottathilae.md,no,covered,/Users/pugazhendhirajendran/Documents/Codex/2026-07-09/https-www-annavinpadaippugal-info/outputs/annavin_text_extractor/organized_contents/katturaigal/thaeyilai_thottathilae.md
http://www.annavinpadaippugal.info/katturaigal/thaimaargalin_urchagam.htm,200,katturaigal/thaimaargalin_urchagam.md,no,covered,/Users/pugazhendhirajendran/Documents/Codex/2026-07-09/https-www-annavinpadaippugal-info/outputs/annavin_text_extractor/organized_contents/katturaigal/thaimaargalin_urchagam.md
http://www.annavinpadaippugal.info/katturaigal/thakkuthal_aarambam.htm,200,katturaigal/thakkuthal_aarambam.md,no,covered,/Users/pugazhendhirajendran/Documents/Codex/2026-07-09/https-www-annavinpadaippugal-info/outputs/annavin_text_extractor/organized_contents/katturaigal/thakkuthal_aarambam.md
http://www.annavinpadaippugal.info/katturaigal/thalaivarin.htm,200,katturaigal/thalaivarin.md,no,covered,/Users/pugazhendhirajendran/Documents/Codex/2026-07-09/https-www-annavinpadaippugal-info/outputs/annavin_text_extractor/organized_contents/katturaigal/thalaivarin.md
http://www.annavinpadaippugal.info/katturaigal/thalamuthu.htm,200,katturaigal/thalamuthu.md,no,covered,/Users/pugazhendhirajendran/Documents/Codex/2026-07-09/https-www-annavinpadaippugal-info/outputs/annavin_text_extractor/organized_contents/katturaigal/thalamuthu.md
http://www.annavinpadaippugal.info/katturaigal/thalayathirai.htm,200,katturaigal/thalayathirai.md,no,covered,/Users/pugazhendhirajendran/Documents/Codex/2026-07-09/https-www-annavinpadaippugal-info/outputs/annavin_text_extractor/organized_contents/katturaigal/thalayathirai.md
http://www.annavinpadaippugal.info/katturaigal/thamarai_pootha_kulam.htm,200,katturaigal/thamarai_pootha_kulam.md,no,covered,/Users/pugazhendhirajendran/Documents/Codex/2026-07-09/https-www-annavinpadaippugal-info/outputs/annavin_text_extractor/organized_contents/katturaigal/thamarai_pootha_kulam.md
http://www.annavinpadaippugal.info/katturaigal/thamil_panditharukku.htm,200,katturaigal/thamil_panditharukku.md,no,covered,/Users/pugazhendhirajendran/Documents/Codex/2026-07-09/https-www-annavinpadaippugal-info/outputs/annavin_text_extractor/organized_contents/katturaigal/thamil_panditharukku.md
http://www.annavinpadaippugal.info/katturaigal/thamilar_thirunaal_1943.htm,200,katturaigal/thamilar_thirunaal_1943.md,no,covered,/Users/pugazhendhirajendran/Documents/Codex/2026-07-09/https-www-annavinpadaippugal-info/outputs/annavin_text_extractor/organized_contents/katturaigal/thamilar_thirunaal_1943.md
http://www.annavinpadaippugal.info/katturaigal/thamilargal_thalainimirthidugindranar.htm,200,katturaigal/thamilargal_thalainimirthidugindranar.md,no,covered,/Users/pugazhendhirajendran/Documents/Codex/2026-07-09/https-www-annavinpadaippugal-info/outputs/annavin_text_extractor/organized_contents/katturaigal/thamilargal_thalainimirthidugindranar.md
http://www.annavinpadaippugal.info/katturaigal/thamizhar_thirunaal_1949.htm,200,katturaigal/thamizhar_thirunaal_1949.md,no,covered,/Users/pugazhendhirajendran/Documents/Codex/2026-07-09/https-www-annavinpadaippugal-info/outputs/annavin_text_extractor/organized_contents/katturaigal/thamizhar_thirunaal_1949.md
http://www.annavinpadaippugal.info/katturaigal/thamizharin_marularchi.htm,200,katturaigal/thamizharin_marularchi.md,no,covered,/Users/pugazhendhirajendran/Documents/Codex/2026-07-09/https-www-annavinpadaippugal-info/outputs/annavin_text_extractor/organized_contents/katturaigal/thamizharin_marularchi.md
http://www.annavinpadaippugal.info/katturaigal/thamizharukku_thaevayillai.htm,200,katturaigal/thamizharukku_thaevayillai.md,no,covered,/Users/pugazhendhirajendran/Documents/Codex/2026-07-09/https-www-annavinpadaippugal-info/outputs/annavin_text_extractor/organized_contents/katturaigal/thamizharukku_thaevayillai.md
http://www.annavinpadaippugal.info/katturaigal/thanae_seyya.htm,200,katturaigal/thanae_seyya.md,no,covered,/Users/pugazhendhirajendran/Documents/Codex/2026-07-09/https-www-annavinpadaippugal-info/outputs/annavin_text_extractor/organized_contents/katturaigal/thanae_seyya.md
http://www.annavinpadaippugal.info/katturaigal/thandanai_petra.htm,200,katturaigal/thandanai_petra.md,no,covered,/Users/pugazhendhirajendran/Documents/Codex/2026-07-09/https-www-annavinpadaippugal-info/outputs/annavin_text_extractor/organized_contents/katturaigal/thandanai_petra.md
http://www.annavinpadaippugal.info/katturaigal/thanga_vayalil.htm,200,katturaigal/thanga_vayalil.md,no,covered,/Users/pugazhendhirajendran/Documents/Codex/2026-07-09/https-www-annavinpadaippugal-info/outputs/annavin_text_extractor/organized_contents/katturaigal/thanga_vayalil.md
http://www.annavinpadaippugal.info/katturaigal/thangam_thanalil.htm,200,katturaigal/thangam_thanalil.md,no,covered,/Users/pugazhendhirajendran/Documents/Codex/2026-07-09/https-www-annavinpadaippugal-info/outputs/annavin_text_extractor/organized_contents/katturaigal/thangam_thanalil.md
http://www.annavinpadaippugal.info/katturaigal/thanjayil_puyal.htm,200,katturaigal/thanjayil_puyal.md,no,covered,/Users/pugazhendhirajendran/Documents/Codex/2026-07-09/https-www-annavinpadaippugal-info/outputs/annavin_text_extractor/organized_contents/katturaigal/thanjayil_puyal.md
http://www.annavinpadaippugal.info/katturaigal/tharkala_samayam.htm,200,katturaigal/tharkala_samayam.md,no,covered,/Users/pugazhendhirajendran/Documents/Codex/2026-07-09/https-www-annavinpadaippugal-info/outputs/annavin_text_extractor/organized_contents/katturaigal/tharkala_samayam.md
http://www.annavinpadaippugal.info/katturaigal/tharkaliga_santhiyae.htm,200,katturaigal/tharkaliga_santhiyae.md,no,covered,/Users/pugazhendhirajendran/Documents/Codex/2026-07-09/https-www-annavinpadaippugal-info/outputs/annavin_text_extractor/organized_contents/katturaigal/tharkaliga_santhiyae.md
http://www.annavinpadaippugal.info/katturaigal/tharuthalai_aattam.htm,200,katturaigal/tharuthalai_aattam.md,no,covered,/Users/pugazhendhirajendran/Documents/Codex/2026-07-09/https-www-annavinpadaippugal-info/outputs/annavin_text_extractor/organized_contents/katturaigal/tharuthalai_aattam.md
http://www.annavinpadaippugal.info/katturaigal/that_what_if_atittude.htm,200,katturaigal/that_what_if_atittude.md,no,covered,/Users/pugazhendhirajendran/Documents/Codex/2026-07-09/https-www-annavinpadaippugal-info/outputs/annavin_text_extractor/organized_contents/katturaigal/that_what_if_atittude.md
http://www.annavinpadaippugal.info/katturaigal/thatha_katta.htm,200,katturaigal/thatha_katta.md,no,covered,/Users/pugazhendhirajendran/Documents/Codex/2026-07-09/https-www-annavinpadaippugal-info/outputs/annavin_text_extractor/organized_contents/katturaigal/thatha_katta.md
http://www.annavinpadaippugal.info/katturaigal/thathuvam_paesugirar.htm,200,katturaigal/thathuvam_paesugirar.md,no,covered,/Users/pugazhendhirajendran/Documents/Codex/2026-07-09/https-www-annavinpadaippugal-info/outputs/annavin_text_extractor/organized_contents/katturaigal/thathuvam_paesugirar.md
http://www.annavinpadaippugal.info/katturaigal/thavarai_unarnthal.htm,200,katturaigal/thavarai_unarnthal.md,no,covered,/Users/pugazhendhirajendran/Documents/Codex/2026-07-09/https-www-annavinpadaippugal-info/outputs/annavin_text_extractor/organized_contents/katturaigal/thavarai_unarnthal.md
http://www.annavinpadaippugal.info/katturaigal/thayangathae.htm,200,katturaigal/thayangathae.md,no,covered,/Users/pugazhendhirajendran/Documents/Codex/2026-07-09/https-www-annavinpadaippugal-info/outputs/annavin_text_extractor/organized_contents/katturaigal/thayangathae.md
http://www.annavinpadaippugal.info/katturaigal/the_accusing_finger.htm,200,katturaigal/the_accusing_finger.md,no,covered,/Users/pugazhendhirajendran/Documents/Codex/2026-07-09/https-www-annavinpadaippugal-info/outputs/annavin_text_extractor/organized_contents/katturaigal/the_accusing_finger.md
http://www.annavinpadaippugal.info/katturaigal/the_challenge.htm,200,katturaigal/the_challenge.md,no,covered,/Users/pugazhendhirajendran/Documents/Codex/2026-07-09/https-www-annavinpadaippugal-info/outputs/annavin_text_extractor/organized_contents/katturaigal/the_challenge.md
http://www.annavinpadaippugal.info/katturaigal/the_cuckoo_club.htm,200,katturaigal/the_cuckoo_club.md,no,covered,/Users/pugazhendhirajendran/Documents/Codex/2026-07-09/https-www-annavinpadaippugal-info/outputs/annavin_text_extractor/organized_contents/katturaigal/the_cuckoo_club.md
http://www.annavinpadaippugal.info/katturaigal/the_draggon_teeth.htm,200,katturaigal/the_draggon_teeth.md,no,covered,/Users/pugazhendhirajendran/Documents/Codex/2026-07-09/https-www-annavinpadaippugal-info/outputs/annavin_text_extractor/organized_contents/katturaigal/the_draggon_teeth.md
http://www.annavinpadaippugal.info/katturaigal/The_Flesh_Is_Weak_1.htm,200,katturaigal/The_Flesh_Is_Weak.md,yes,covered,/Users/pugazhendhirajendran/Documents/Codex/2026-07-09/https-www-annavinpadaippugal-info/outputs/annavin_text_extractor/organized_contents/katturaigal/The_Flesh_Is_Weak.md
http://www.annavinpadaippugal.info/katturaigal/The_Flesh_Is_Weak_2.htm,200,katturaigal/The_Flesh_Is_Weak.md,yes,covered,/Users/pugazhendhirajendran/Documents/Codex/2026-07-09/https-www-annavinpadaippugal-info/outputs/annavin_text_extractor/organized_contents/katturaigal/The_Flesh_Is_Weak.md
http://www.annavinpadaippugal.info/katturaigal/The_Flesh_Is_Weak_3.htm,200,katturaigal/The_Flesh_Is_Weak.md,yes,covered,/Users/pugazhendhirajendran/Documents/Codex/2026-07-09/https-www-annavinpadaippugal-info/outputs/annavin_text_extractor/organized_contents/katturaigal/The_Flesh_Is_Weak.md
http://www.annavinpadaippugal.info/katturaigal/The_Flesh_Is_Weak_4.htm,200,katturaigal/The_Flesh_Is_Weak.md,yes,covered,/Users/pugazhendhirajendran/Documents/Codex/2026-07-09/https-www-annavinpadaippugal-info/outputs/annavin_text_extractor/organized_contents/katturaigal/The_Flesh_Is_Weak.md
http://www.annavinpadaippugal.info/katturaigal/The_Flesh_Is_Weak_5.htm,200,katturaigal/The_Flesh_Is_Weak.md,yes,covered,/Users/pugazhendhirajendran/Documents/Codex/2026-07-09/https-www-annavinpadaippugal-info/outputs/annavin_text_extractor/organized_contents/katturaigal/The_Flesh_Is_Weak.md
http://www.annavinpadaippugal.info/katturaigal/the_greatest_show.htm,200,katturaigal/the_greatest_show.md,no,covered,/Users/pugazhendhirajendran/Documents/Codex/2026-07-09/https-www-annavinpadaippugal-info/outputs/annavin_text_extractor/organized_contents/katturaigal/the_greatest_show.md
http://www.annavinpadaippugal.info/katturaigal/the_new_force.htm,200,katturaigal/the_new_force.md,no,covered,/Users/pugazhendhirajendran/Documents/Codex/2026-07-09/https-www-annavinpadaippugal-info/outputs/annavin_text_extractor/organized_contents/katturaigal/the_new_force.md
http://www.annavinpadaippugal.info/katturaigal/the_stern_sculptor.htm,200,katturaigal/the_stern_sculptor.md,no,covered,/Users/pugazhendhirajendran/Documents/Codex/2026-07-09/https-www-annavinpadaippugal-info/outputs/annavin_text_extractor/organized_contents/katturaigal/the_stern_sculptor.md
http://www.annavinpadaippugal.info/katturaigal/the_sukarno_spell.htm,200,katturaigal/the_sukarno_spell.md,no,covered,/Users/pugazhendhirajendran/Documents/Codex/2026-07-09/https-www-annavinpadaippugal-info/outputs/annavin_text_extractor/organized_contents/katturaigal/the_sukarno_spell.md
http://www.annavinpadaippugal.info/katturaigal/the_twenty_days_itch.htm,200,katturaigal/the_twenty_days_itch.md,no,covered,/Users/pugazhendhirajendran/Documents/Codex/2026-07-09/https-www-annavinpadaippugal-info/outputs/annavin_text_extractor/organized_contents/katturaigal/the_twenty_days_itch.md
http://www.annavinpadaippugal.info/katturaigal/thee_vaali.htm,200,katturaigal/thee_vaali.md,no,covered,/Users/pugazhendhirajendran/Documents/Codex/2026-07-09/https-www-annavinpadaippugal-info/outputs/annavin_text_extractor/organized_contents/katturaigal/thee_vaali.md
http://www.annavinpadaippugal.info/katturaigal/theekkannan.htm,200,katturaigal/theekkannan.md,no,covered,/Users/pugazhendhirajendran/Documents/Codex/2026-07-09/https-www-annavinpadaippugal-info/outputs/annavin_text_extractor/organized_contents/katturaigal/theekkannan.md
http://www.annavinpadaippugal.info/katturaigal/theer_paravumun.htm,200,katturaigal/theer_paravumun.md,no,covered,/Users/pugazhendhirajendran/Documents/Codex/2026-07-09/https-www-annavinpadaippugal-info/outputs/annavin_text_extractor/organized_contents/katturaigal/theer_paravumun.md
http://www.annavinpadaippugal.info/katturaigal/theera_thuyaram.htm,200,katturaigal/theera_thuyaram.md,no,covered,/Users/pugazhendhirajendran/Documents/Codex/2026-07-09/https-www-annavinpadaippugal-info/outputs/annavin_text_extractor/organized_contents/katturaigal/theera_thuyaram.md
http://www.annavinpadaippugal.info/katturaigal/theerppu.htm,200,katturaigal/theerppu.md,no,covered,/Users/pugazhendhirajendran/Documents/Codex/2026-07-09/https-www-annavinpadaippugal-info/outputs/annavin_text_extractor/organized_contents/katturaigal/theerppu.md
http://www.annavinpadaippugal.info/katturaigal/theetchithar_veetil.htm,200,katturaigal/theetchithar_veetil.md,no,covered,/Users/pugazhendhirajendran/Documents/Codex/2026-07-09/https-www-annavinpadaippugal-info/outputs/annavin_text_extractor/organized_contents/katturaigal/theetchithar_veetil.md
http://www.annavinpadaippugal.info/katturaigal/theeviram_kolveer.html,200,katturaigal/theeviram_kolveer.md,no,covered,/Users/pugazhendhirajendran/Documents/Codex/2026-07-09/https-www-annavinpadaippugal-info/outputs/annavin_text_extractor/organized_contents/katturaigal/theeviram_kolveer.md
http://www.annavinpadaippugal.info/katturaigal/theeyitta_thiruvilayadal.htm,200,katturaigal/theeyitta_thiruvilayadal.md,no,covered,/Users/pugazhendhirajendran/Documents/Codex/2026-07-09/https-www-annavinpadaippugal-info/outputs/annavin_text_extractor/organized_contents/katturaigal/theeyitta_thiruvilayadal.md
http://www.annavinpadaippugal.info/katturaigal/theeynaikkum_padayinarae.htm,200,katturaigal/theeynaikkum_padayinarae.md,no,covered,/Users/pugazhendhirajendran/Documents/Codex/2026-07-09/https-www-annavinpadaippugal-info/outputs/annavin_text_extractor/organized_contents/katturaigal/theeynaikkum_padayinarae.md
http://www.annavinpadaippugal.info/katturaigal/theiveega_mooligai.htm,200,katturaigal/theiveega_mooligai.md,no,covered,/Users/pugazhendhirajendran/Documents/Codex/2026-07-09/https-www-annavinpadaippugal-info/outputs/annavin_text_extractor/organized_contents/katturaigal/theiveega_mooligai.md
http://www.annavinpadaippugal.info/katturaigal/thenali_poi.htm,200,katturaigal/thenali_poi.md,no,covered,/Users/pugazhendhirajendran/Documents/Codex/2026-07-09/https-www-annavinpadaippugal-info/outputs/annavin_text_extractor/organized_contents/katturaigal/thenali_poi.md
http://www.annavinpadaippugal.info/katturaigal/thendran_veesattum.htm,200,katturaigal/thendran_veesattum.md,no,covered,/Users/pugazhendhirajendran/Documents/Codex/2026-07-09/https-www-annavinpadaippugal-info/outputs/annavin_text_extractor/organized_contents/katturaigal/thendran_veesattum.md
http://www.annavinpadaippugal.info/katturaigal/theniyil_kaaligal.htm,200,katturaigal/theniyil_kaaligal.md,no,covered,/Users/pugazhendhirajendran/Documents/Codex/2026-07-09/https-www-annavinpadaippugal-info/outputs/annavin_text_extractor/organized_contents/katturaigal/theniyil_kaaligal.md
http://www.annavinpadaippugal.info/katturaigal/thennattu_congressum.htm,200,katturaigal/thennattu_congressum.md,no,covered,/Users/pugazhendhirajendran/Documents/Codex/2026-07-09/https-www-annavinpadaippugal-info/outputs/annavin_text_extractor/organized_contents/katturaigal/thennattu_congressum.md
http://www.annavinpadaippugal.info/katturaigal/thennattu_poar.htm,200,katturaigal/thennattu_poar.md,no,covered,/Users/pugazhendhirajendran/Documents/Codex/2026-07-09/https-www-annavinpadaippugal-info/outputs/annavin_text_extractor/organized_contents/katturaigal/thennattu_poar.md
http://www.annavinpadaippugal.info/katturaigal/there_they_score.htm,200,katturaigal/there_they_score.md,no,covered,/Users/pugazhendhirajendran/Documents/Codex/2026-07-09/https-www-annavinpadaippugal-info/outputs/annavin_text_extractor/organized_contents/katturaigal/there_they_score.md
http://www.annavinpadaippugal.info/katturaigal/therinthukollungal.htm,200,katturaigal/therinthukollungal.md,no,covered,/Users/pugazhendhirajendran/Documents/Codex/2026-07-09/https-www-annavinpadaippugal-info/outputs/annavin_text_extractor/organized_contents/katturaigal/therinthukollungal.md
http://www.annavinpadaippugal.info/katturaigal/theriyathavargal.htm,200,katturaigal/theriyathavargal.md,no,covered,/Users/pugazhendhirajendran/Documents/Codex/2026-07-09/https-www-annavinpadaippugal-info/outputs/annavin_text_extractor/organized_contents/katturaigal/theriyathavargal.md
http://www.annavinpadaippugal.info/katturaigal/thi_velara_ninaivirukkattum.htm,200,katturaigal/thi_velara_ninaivirukkattum.md,no,covered,/Users/pugazhendhirajendran/Documents/Codex/2026-07-09/https-www-annavinpadaippugal-info/outputs/annavin_text_extractor/organized_contents/katturaigal/thi_velara_ninaivirukkattum.md
http://www.annavinpadaippugal.info/katturaigal/thillai_theetichithar_thittam.htm,200,katturaigal/thillai_theetichithar_thittam.md,no,covered,/Users/pugazhendhirajendran/Documents/Codex/2026-07-09/https-www-annavinpadaippugal-info/outputs/annavin_text_extractor/organized_contents/katturaigal/thillai_theetichithar_thittam.md
http://www.annavinpadaippugal.info/katturaigal/thindattam.htm,200,katturaigal/thindattam.md,no,covered,/Users/pugazhendhirajendran/Documents/Codex/2026-07-09/https-www-annavinpadaippugal-info/outputs/annavin_text_extractor/organized_contents/katturaigal/thindattam.md
http://www.annavinpadaippugal.info/katturaigal/thiruchiyil_thooku.htm,200,katturaigal/thiruchiyil_thooku.md,no,covered,/Users/pugazhendhirajendran/Documents/Codex/2026-07-09/https-www-annavinpadaippugal-info/outputs/annavin_text_extractor/organized_contents/katturaigal/thiruchiyil_thooku.md
http://www.annavinpadaippugal.info/katturaigal/thirukkazhukundram_karuppu.htm,200,katturaigal/thirukkazhukundram_karuppu.md,no,covered,/Users/pugazhendhirajendran/Documents/Codex/2026-07-09/https-www-annavinpadaippugal-info/outputs/annavin_text_extractor/organized_contents/katturaigal/thirukkazhukundram_karuppu.md
http://www.annavinpadaippugal.info/katturaigal/thirukkural_or_thiruppani.htm,200,katturaigal/thirukkural_or_thiruppani.md,no,covered,/Users/pugazhendhirajendran/Documents/Codex/2026-07-09/https-www-annavinpadaippugal-info/outputs/annavin_text_extractor/organized_contents/katturaigal/thirukkural_or_thiruppani.md
http://www.annavinpadaippugal.info/katturaigal/thirumaenigal.htm,200,katturaigal/thirumaenigal.md,no,covered,/Users/pugazhendhirajendran/Documents/Codex/2026-07-09/https-www-annavinpadaippugal-info/outputs/annavin_text_extractor/organized_contents/katturaigal/thirumaenigal.md
http://www.annavinpadaippugal.info/katturaigal/thirumugam.htm,200,katturaigal/thirumugam.md,no,covered,/Users/pugazhendhirajendran/Documents/Codex/2026-07-09/https-www-annavinpadaippugal-info/outputs/annavin_text_extractor/organized_contents/katturaigal/thirumugam.md
http://www.annavinpadaippugal.info/katturaigal/thirunaal_1946.htm,200,katturaigal/thirunaal.md,yes,covered,/Users/pugazhendhirajendran/Documents/Codex/2026-07-09/https-www-annavinpadaippugal-info/outputs/annavin_text_extractor/organized_contents/katturaigal/thirunaal.md
http://www.annavinpadaippugal.info/katturaigal/thirunaal_1947.htm,200,katturaigal/thirunaal.md,yes,covered,/Users/pugazhendhirajendran/Documents/Codex/2026-07-09/https-www-annavinpadaippugal-info/outputs/annavin_text_extractor/organized_contents/katturaigal/thirunaal.md
http://www.annavinpadaippugal.info/katturaigal/thirunaal_kaana_var.htm,200,katturaigal/thirunaal_kaana_var.md,no,covered,/Users/pugazhendhirajendran/Documents/Codex/2026-07-09/https-www-annavinpadaippugal-info/outputs/annavin_text_extractor/organized_contents/katturaigal/thirunaal_kaana_var.md
http://www.annavinpadaippugal.info/katturaigal/thirunadu.htm,200,katturaigal/thirunadu.md,no,covered,/Users/pugazhendhirajendran/Documents/Codex/2026-07-09/https-www-annavinpadaippugal-info/outputs/annavin_text_extractor/organized_contents/katturaigal/thirunadu.md
http://www.annavinpadaippugal.info/katturaigal/thiruthani.htm,200,katturaigal/thiruthani.md,no,covered,/Users/pugazhendhirajendran/Documents/Codex/2026-07-09/https-www-annavinpadaippugal-info/outputs/annavin_text_extractor/organized_contents/katturaigal/thiruthani.md
http://www.annavinpadaippugal.info/katturaigal/thiruvaalarae.htm,200,katturaigal/thiruvaalarae.md,no,covered,/Users/pugazhendhirajendran/Documents/Codex/2026-07-09/https-www-annavinpadaippugal-info/outputs/annavin_text_extractor/organized_contents/katturaigal/thiruvaalarae.md
http://www.annavinpadaippugal.info/katturaigal/thiruvangur_thivan.htm,200,katturaigal/thiruvangur_thivan.md,no,covered,/Users/pugazhendhirajendran/Documents/Codex/2026-07-09/https-www-annavinpadaippugal-info/outputs/annavin_text_extractor/organized_contents/katturaigal/thiruvangur_thivan.md
http://www.annavinpadaippugal.info/katturaigal/thiruvottu.htm,200,katturaigal/thiruvottu.md,no,covered,/Users/pugazhendhirajendran/Documents/Codex/2026-07-09/https-www-annavinpadaippugal-info/outputs/annavin_text_extractor/organized_contents/katturaigal/thiruvottu.md
http://www.annavinpadaippugal.info/katturaigal/thithikkum_seithi.htm,200,katturaigal/thithikkum_seithi.md,no,covered,/Users/pugazhendhirajendran/Documents/Codex/2026-07-09/https-www-annavinpadaippugal-info/outputs/annavin_text_extractor/organized_contents/katturaigal/thithikkum_seithi.md
http://www.annavinpadaippugal.info/katturaigal/thivelara_thinaral.htm,200,katturaigal/thivelara_thinaral.md,no,covered,/Users/pugazhendhirajendran/Documents/Codex/2026-07-09/https-www-annavinpadaippugal-info/outputs/annavin_text_extractor/organized_contents/katturaigal/thivelara_thinaral.md
http://www.annavinpadaippugal.info/katturaigal/thiyaga_parambarai.htm,200,katturaigal/thiyaga_parambarai.md,no,covered,/Users/pugazhendhirajendran/Documents/Codex/2026-07-09/https-www-annavinpadaippugal-info/outputs/annavin_text_extractor/organized_contents/katturaigal/thiyaga_parambarai.md
http://www.annavinpadaippugal.info/katturaigal/thiyagakattam.htm,200,katturaigal/thiyagakattam.md,no,covered,/Users/pugazhendhirajendran/Documents/Codex/2026-07-09/https-www-annavinpadaippugal-info/outputs/annavin_text_extractor/organized_contents/katturaigal/thiyagakattam.md
http://www.annavinpadaippugal.info/katturaigal/thiyagatheeyil.htm,200,katturaigal/thiyagatheeyil.md,no,covered,/Users/pugazhendhirajendran/Documents/Codex/2026-07-09/https-www-annavinpadaippugal-info/outputs/annavin_text_extractor/organized_contents/katturaigal/thiyagatheeyil.md
http://www.annavinpadaippugal.info/katturaigal/thoalvi_aanal.htm,200,katturaigal/thoalvi_aanal.md,no,covered,/Users/pugazhendhirajendran/Documents/Codex/2026-07-09/https-www-annavinpadaippugal-info/outputs/annavin_text_extractor/organized_contents/katturaigal/thoalvi_aanal.md
http://www.annavinpadaippugal.info/katturaigal/thookumaedai_yar.htm,200,katturaigal/thookumaedai_yar.md,no,covered,/Users/pugazhendhirajendran/Documents/Codex/2026-07-09/https-www-annavinpadaippugal-info/outputs/annavin_text_extractor/organized_contents/katturaigal/thookumaedai_yar.md
http://www.annavinpadaippugal.info/katturaigal/thookumaedayil_matro.htm,200,katturaigal/thookumaedayil_matro.md,no,covered,/Users/pugazhendhirajendran/Documents/Codex/2026-07-09/https-www-annavinpadaippugal-info/outputs/annavin_text_extractor/organized_contents/katturaigal/thookumaedayil_matro.md
http://www.annavinpadaippugal.info/katturaigal/thookumedai.htm,200,katturaigal/thookumedai.md,no,covered,/Users/pugazhendhirajendran/Documents/Codex/2026-07-09/https-www-annavinpadaippugal-info/outputs/annavin_text_extractor/organized_contents/katturaigal/thookumedai.md
http://www.annavinpadaippugal.info/katturaigal/thookuveer_katthiyai.htm,200,katturaigal/thookuveer_katthiyai.md,no,covered,/Users/pugazhendhirajendran/Documents/Codex/2026-07-09/https-www-annavinpadaippugal-info/outputs/annavin_text_extractor/organized_contents/katturaigal/thookuveer_katthiyai.md
http://www.annavinpadaippugal.info/katturaigal/thoondil_echarik.htm,200,katturaigal/thoondil_echarik.md,no,covered,/Users/pugazhendhirajendran/Documents/Codex/2026-07-09/https-www-annavinpadaippugal-info/outputs/annavin_text_extractor/organized_contents/katturaigal/thoondil_echarik.md
http://www.annavinpadaippugal.info/katturaigal/thoondugirar.htm,200,katturaigal/thoondugirar.md,no,covered,/Users/pugazhendhirajendran/Documents/Codex/2026-07-09/https-www-annavinpadaippugal-info/outputs/annavin_text_extractor/organized_contents/katturaigal/thoondugirar.md
http://www.annavinpadaippugal.info/katturaigal/thoongiyaevittargal.htm,200,katturaigal/thoongiyaevittargal.md,no,covered,/Users/pugazhendhirajendran/Documents/Codex/2026-07-09/https-www-annavinpadaippugal-info/outputs/annavin_text_extractor/organized_contents/katturaigal/thoongiyaevittargal.md
http://www.annavinpadaippugal.info/katturaigal/thoothukudi.htm,200,katturaigal/thoothukudi.md,no,covered,/Users/pugazhendhirajendran/Documents/Codex/2026-07-09/https-www-annavinpadaippugal-info/outputs/annavin_text_extractor/organized_contents/katturaigal/thoothukudi.md
http://www.annavinpadaippugal.info/katturaigal/thoothukudi_maanadu.htm,200,katturaigal/thoothukudi_maanadu.md,no,covered,/Users/pugazhendhirajendran/Documents/Codex/2026-07-09/https-www-annavinpadaippugal-info/outputs/annavin_text_extractor/organized_contents/katturaigal/thoothukudi_maanadu.md
http://www.annavinpadaippugal.info/katturaigal/thoothunee_sollivarai.htm,200,katturaigal/thoothunee_sollivarai.md,no,covered,/Users/pugazhendhirajendran/Documents/Codex/2026-07-09/https-www-annavinpadaippugal-info/outputs/annavin_text_extractor/organized_contents/katturaigal/thoothunee_sollivarai.md
http://www.annavinpadaippugal.info/katturaigal/thoppiyai.htm,200,katturaigal/thoppiyai.md,no,covered,/Users/pugazhendhirajendran/Documents/Codex/2026-07-09/https-www-annavinpadaippugal-info/outputs/annavin_text_extractor/organized_contents/katturaigal/thoppiyai.md
http://www.annavinpadaippugal.info/katturaigal/those_pulls.htm,200,katturaigal/those_pulls.md,no,covered,/Users/pugazhendhirajendran/Documents/Codex/2026-07-09/https-www-annavinpadaippugal-info/outputs/annavin_text_extractor/organized_contents/katturaigal/those_pulls.md
http://www.annavinpadaippugal.info/katturaigal/thozhar_aasaithambi.htm,200,katturaigal/thozhar_aasaithambi.md,no,covered,/Users/pugazhendhirajendran/Documents/Codex/2026-07-09/https-www-annavinpadaippugal-info/outputs/annavin_text_extractor/organized_contents/katturaigal/thozhar_aasaithambi.md
http://www.annavinpadaippugal.info/katturaigal/thozhar_daniel.htm,200,katturaigal/thozhar_daniel.md,no,covered,/Users/pugazhendhirajendran/Documents/Codex/2026-07-09/https-www-annavinpadaippugal-info/outputs/annavin_text_extractor/organized_contents/katturaigal/thozhar_daniel.md
http://www.annavinpadaippugal.info/katturaigal/thozhar_k.htm,200,katturaigal/thozhar_k.md,no,covered,/Users/pugazhendhirajendran/Documents/Codex/2026-07-09/https-www-annavinpadaippugal-info/outputs/annavin_text_extractor/organized_contents/katturaigal/thozhar_k.md
http://www.annavinpadaippugal.info/katturaigal/thozhar_mu_ka.htm,200,katturaigal/thozhar_mu_ka.md,no,covered,/Users/pugazhendhirajendran/Documents/Codex/2026-07-09/https-www-annavinpadaippugal-info/outputs/annavin_text_extractor/organized_contents/katturaigal/thozhar_mu_ka.md
http://www.annavinpadaippugal.info/katturaigal/thozhar_sivaraj.htm,200,katturaigal/thozhar_sivaraj.md,no,covered,/Users/pugazhendhirajendran/Documents/Codex/2026-07-09/https-www-annavinpadaippugal-info/outputs/annavin_text_extractor/organized_contents/katturaigal/thozhar_sivaraj.md
http://www.annavinpadaippugal.info/katturaigal/thozhar_somasundara.htm,200,katturaigal/thozhar_somasundara.md,no,covered,/Users/pugazhendhirajendran/Documents/Codex/2026-07-09/https-www-annavinpadaippugal-info/outputs/annavin_text_extractor/organized_contents/katturaigal/thozhar_somasundara.md
http://www.annavinpadaippugal.info/katturaigal/thozhar_tm.htm,200,katturaigal/thozhar_tm.md,no,covered,/Users/pugazhendhirajendran/Documents/Codex/2026-07-09/https-www-annavinpadaippugal-info/outputs/annavin_text_extractor/organized_contents/katturaigal/thozhar_tm.md
http://www.annavinpadaippugal.info/katturaigal/thudaithukolga.htm,200,katturaigal/thudaithukolga.md,no,covered,/Users/pugazhendhirajendran/Documents/Codex/2026-07-09/https-www-annavinpadaippugal-info/outputs/annavin_text_extractor/organized_contents/katturaigal/thudaithukolga.md
http://www.annavinpadaippugal.info/katturaigal/thugiluritha.htm,200,katturaigal/thugiluritha.md,no,covered,/Users/pugazhendhirajendran/Documents/Codex/2026-07-09/https-www-annavinpadaippugal-info/outputs/annavin_text_extractor/organized_contents/katturaigal/thugiluritha.md
http://www.annavinpadaippugal.info/katturaigal/thukkavaaram.htm,200,katturaigal/thukkavaaram.md,no,covered,/Users/pugazhendhirajendran/Documents/Codex/2026-07-09/https-www-annavinpadaippugal-info/outputs/annavin_text_extractor/organized_contents/katturaigal/thukkavaaram.md
http://www.annavinpadaippugal.info/katturaigal/thuravi.htm,200,katturaigal/thuravi.md,no,covered,/Users/pugazhendhirajendran/Documents/Codex/2026-07-09/https-www-annavinpadaippugal-info/outputs/annavin_text_extractor/organized_contents/katturaigal/thuravi.md
http://www.annavinpadaippugal.info/katturaigal/thuyar_thudaikka.htm,200,katturaigal/thuyar_thudaikka.md,no,covered,/Users/pugazhendhirajendran/Documents/Codex/2026-07-09/https-www-annavinpadaippugal-info/outputs/annavin_text_extractor/organized_contents/katturaigal/thuyar_thudaikka.md
http://www.annavinpadaippugal.info/katturaigal/thvajarohanam.htm,200,katturaigal/thvajarohanam.md,no,covered,/Users/pugazhendhirajendran/Documents/Codex/2026-07-09/https-www-annavinpadaippugal-info/outputs/annavin_text_extractor/organized_contents/katturaigal/thvajarohanam.md
http://www.annavinpadaippugal.info/katturaigal/tn_tamilarukkae_1.html,200,katturaigal/tn_tamilarukkae.md,yes,covered,/Users/pugazhendhirajendran/Documents/Codex/2026-07-09/https-www-annavinpadaippugal-info/outputs/annavin_text_extractor/organized_contents/katturaigal/tn_tamilarukkae.md
http://www.annavinpadaippugal.info/katturaigal/tn_tamilarukkae_2.html,200,katturaigal/tn_tamilarukkae.md,yes,covered,/Users/pugazhendhirajendran/Documents/Codex/2026-07-09/https-www-annavinpadaippugal-info/outputs/annavin_text_extractor/organized_contents/katturaigal/tn_tamilarukkae.md
http://www.annavinpadaippugal.info/katturaigal/truth_comes_trickling.htm,200,katturaigal/truth_comes_trickling.md,no,covered,/Users/pugazhendhirajendran/Documents/Codex/2026-07-09/https-www-annavinpadaippugal-info/outputs/annavin_text_extractor/organized_contents/katturaigal/truth_comes_trickling.md
http://www.annavinpadaippugal.info/katturaigal/truth_triumphant.htm,200,katturaigal/truth_triumphant.md,no,covered,/Users/pugazhendhirajendran/Documents/Codex/2026-07-09/https-www-annavinpadaippugal-info/outputs/annavin_text_extractor/organized_contents/katturaigal/truth_triumphant.md
http://www.annavinpadaippugal.info/katturaigal/tuchtigkeit.htm,200,katturaigal/tuchtigkeit.md,no,covered,/Users/pugazhendhirajendran/Documents/Codex/2026-07-09/https-www-annavinpadaippugal-info/outputs/annavin_text_extractor/organized_contents/katturaigal/tuchtigkeit.md
http://www.annavinpadaippugal.info/katturaigal/udan_piranthar_1.htm,200,katturaigal/udan_piranthar_1.md,no,covered,/Users/pugazhendhirajendran/Documents/Codex/2026-07-09/https-www-annavinpadaippugal-info/outputs/annavin_text_extractor/organized_contents/katturaigal/udan_piranthar_1.md
http://www.annavinpadaippugal.info/katturaigal/udhagayil.htm,200,katturaigal/udhagayil.md,no,covered,/Users/pugazhendhirajendran/Documents/Codex/2026-07-09/https-www-annavinpadaippugal-info/outputs/annavin_text_extractor/organized_contents/katturaigal/udhagayil.md
http://www.annavinpadaippugal.info/katturaigal/udumalai_vazhakku.htm,200,katturaigal/udumalai_vazhakku.md,no,covered,/Users/pugazhendhirajendran/Documents/Codex/2026-07-09/https-www-annavinpadaippugal-info/outputs/annavin_text_extractor/organized_contents/katturaigal/udumalai_vazhakku.md
http://www.annavinpadaippugal.info/katturaigal/ulaga_periyar_1.html,200,katturaigal/ulaga_periyar.md,yes,covered,/Users/pugazhendhirajendran/Documents/Codex/2026-07-09/https-www-annavinpadaippugal-info/outputs/annavin_text_extractor/organized_contents/katturaigal/ulaga_periyar.md
http://www.annavinpadaippugal.info/katturaigal/ulaga_periyar_2.html,200,katturaigal/ulaga_periyar.md,yes,covered,/Users/pugazhendhirajendran/Documents/Codex/2026-07-09/https-www-annavinpadaippugal-info/outputs/annavin_text_extractor/organized_contents/katturaigal/ulaga_periyar.md
http://www.annavinpadaippugal.info/katturaigal/ulakkai_thaasar.htm,200,katturaigal/ulakkai_thaasar.md,no,covered,/Users/pugazhendhirajendran/Documents/Codex/2026-07-09/https-www-annavinpadaippugal-info/outputs/annavin_text_extractor/organized_contents/katturaigal/ulakkai_thaasar.md
http://www.annavinpadaippugal.info/katturaigal/ulla_uram.htm,200,katturaigal/ulla_uram.md,no,covered,/Users/pugazhendhirajendran/Documents/Codex/2026-07-09/https-www-annavinpadaippugal-info/outputs/annavin_text_extractor/organized_contents/katturaigal/ulla_uram.md
http://www.annavinpadaippugal.info/katturaigal/unnaviratha_mahimai.htm,200,katturaigal/unnaviratha_mahimai.md,no,covered,/Users/pugazhendhirajendran/Documents/Codex/2026-07-09/https-www-annavinpadaippugal-info/outputs/annavin_text_extractor/organized_contents/katturaigal/unnaviratha_mahimai.md
http://www.annavinpadaippugal.info/katturaigal/unnodu_piranthal.htm,200,katturaigal/unnodu_piranthal.md,no,covered,/Users/pugazhendhirajendran/Documents/Codex/2026-07-09/https-www-annavinpadaippugal-info/outputs/annavin_text_extractor/organized_contents/katturaigal/unnodu_piranthal.md
http://www.annavinpadaippugal.info/katturaigal/uppu_thozhilalar.htm,200,katturaigal/uppu_thozhilalar.md,no,covered,/Users/pugazhendhirajendran/Documents/Codex/2026-07-09/https-www-annavinpadaippugal-info/outputs/annavin_text_extractor/organized_contents/katturaigal/uppu_thozhilalar.md
http://www.annavinpadaippugal.info/katturaigal/urchagam_vaen.htm,200,katturaigal/urchagam_vaen.md,no,covered,/Users/pugazhendhirajendran/Documents/Codex/2026-07-09/https-www-annavinpadaippugal-info/outputs/annavin_text_extractor/organized_contents/katturaigal/urchagam_vaen.md
http://www.annavinpadaippugal.info/katturaigal/urimai_murasoli.htm,200,katturaigal/urimai_murasoli.md,no,covered,/Users/pugazhendhirajendran/Documents/Codex/2026-07-09/https-www-annavinpadaippugal-info/outputs/annavin_text_extractor/organized_contents/katturaigal/urimai_murasoli.md
http://www.annavinpadaippugal.info/katturaigal/urimaipor_vetri.html,200,katturaigal/urimaipor_vetri.md,no,covered,/Users/pugazhendhirajendran/Documents/Codex/2026-07-09/https-www-annavinpadaippugal-info/outputs/annavin_text_extractor/organized_contents/katturaigal/urimaipor_vetri.md
http://www.annavinpadaippugal.info/katturaigal/urulaikizhangum_ubathaesiyarhalum.htm,200,katturaigal/urulaikizhangum_ubathaesiyarhalum.md,no,covered,/Users/pugazhendhirajendran/Documents/Codex/2026-07-09/https-www-annavinpadaippugal-info/outputs/annavin_text_extractor/organized_contents/katturaigal/urulaikizhangum_ubathaesiyarhalum.md
http://www.annavinpadaippugal.info/katturaigal/uruthi_koor.htm,200,katturaigal/uruthi_koor.md,no,covered,/Users/pugazhendhirajendran/Documents/Codex/2026-07-09/https-www-annavinpadaippugal-info/outputs/annavin_text_extractor/organized_contents/katturaigal/uruthi_koor.md
http://www.annavinpadaippugal.info/katturaigal/uruvana_palan.htm,200,katturaigal/uruvana_palan.md,no,covered,/Users/pugazhendhirajendran/Documents/Codex/2026-07-09/https-www-annavinpadaippugal-info/outputs/annavin_text_extractor/organized_contents/katturaigal/uruvana_palan.md
http://www.annavinpadaippugal.info/katturaigal/uruvana_seyal.htm,200,katturaigal/uruvana_seyal.md,no,covered,/Users/pugazhendhirajendran/Documents/Codex/2026-07-09/https-www-annavinpadaippugal-info/outputs/annavin_text_extractor/organized_contents/katturaigal/uruvana_seyal.md
http://www.annavinpadaippugal.info/katturaigal/ushaar.htm,200,katturaigal/ushaar.md,no,covered,/Users/pugazhendhirajendran/Documents/Codex/2026-07-09/https-www-annavinpadaippugal-info/outputs/annavin_text_extractor/organized_contents/katturaigal/ushaar.md
http://www.annavinpadaippugal.info/katturaigal/uthaikkum_kaalukku.htm,200,katturaigal/uthaikkum_kaalukku.md,no,covered,/Users/pugazhendhirajendran/Documents/Codex/2026-07-09/https-www-annavinpadaippugal-info/outputs/annavin_text_extractor/organized_contents/katturaigal/uthaikkum_kaalukku.md
http://www.annavinpadaippugal.info/katturaigal/uthamar_sinthiya.htm,200,katturaigal/uthamar_sinthiya.md,no,covered,/Users/pugazhendhirajendran/Documents/Codex/2026-07-09/https-www-annavinpadaippugal-info/outputs/annavin_text_extractor/organized_contents/katturaigal/uthamar_sinthiya.md
http://www.annavinpadaippugal.info/katturaigal/uthamarai_izhanthom.htm,200,katturaigal/uthamarai_izhanthom.md,no,covered,/Users/pugazhendhirajendran/Documents/Codex/2026-07-09/https-www-annavinpadaippugal-info/outputs/annavin_text_extractor/organized_contents/katturaigal/uthamarai_izhanthom.md
http://www.annavinpadaippugal.info/katturaigal/uzhaippalikkae_ulagam.htm,200,katturaigal/uzhaippalikkae_ulagam.md,no,covered,/Users/pugazhendhirajendran/Documents/Codex/2026-07-09/https-www-annavinpadaippugal-info/outputs/annavin_text_extractor/organized_contents/katturaigal/uzhaippalikkae_ulagam.md
http://www.annavinpadaippugal.info/katturaigal/vaadagai_vandi.htm,200,katturaigal/vaadagai_vandi.md,no,covered,/Users/pugazhendhirajendran/Documents/Codex/2026-07-09/https-www-annavinpadaippugal-info/outputs/annavin_text_extractor/organized_contents/katturaigal/vaadagai_vandi.md
http://www.annavinpadaippugal.info/katturaigal/vaai_thiravatheer.htm,200,katturaigal/vaai_thiravatheer.md,no,covered,/Users/pugazhendhirajendran/Documents/Codex/2026-07-09/https-www-annavinpadaippugal-info/outputs/annavin_text_extractor/organized_contents/katturaigal/vaai_thiravatheer.md
http://www.annavinpadaippugal.info/katturaigal/vaalai_surittikkondu.htm,200,katturaigal/vaalai_surittikkondu.md,no,covered,/Users/pugazhendhirajendran/Documents/Codex/2026-07-09/https-www-annavinpadaippugal-info/outputs/annavin_text_extractor/organized_contents/katturaigal/vaalai_surittikkondu.md
http://www.annavinpadaippugal.info/katturaigal/vaalaja_thimuka.htm,200,katturaigal/vaalaja_thimuka.md,no,covered,/Users/pugazhendhirajendran/Documents/Codex/2026-07-09/https-www-annavinpadaippugal-info/outputs/annavin_text_extractor/organized_contents/katturaigal/vaalaja_thimuka.md
http://www.annavinpadaippugal.info/katturaigal/vaalaja_thozhargalukku.htm,200,katturaigal/vaalaja_thozhargalukku.md,no,covered,/Users/pugazhendhirajendran/Documents/Codex/2026-07-09/https-www-annavinpadaippugal-info/outputs/annavin_text_extractor/organized_contents/katturaigal/vaalaja_thozhargalukku.md
http://www.annavinpadaippugal.info/katturaigal/vaalattam.htm,200,katturaigal/vaalattam.md,no,covered,/Users/pugazhendhirajendran/Documents/Codex/2026-07-09/https-www-annavinpadaippugal-info/outputs/annavin_text_extractor/organized_contents/katturaigal/vaalattam.md
http://www.annavinpadaippugal.info/katturaigal/vaanulaga_veethi.htm,200,katturaigal/vaanulaga_veethi.md,no,covered,/Users/pugazhendhirajendran/Documents/Codex/2026-07-09/https-www-annavinpadaippugal-info/outputs/annavin_text_extractor/organized_contents/katturaigal/vaanulaga_veethi.md
http://www.annavinpadaippugal.info/katturaigal/vaarsu.htm,200,katturaigal/vaarsu.md,no,covered,/Users/pugazhendhirajendran/Documents/Codex/2026-07-09/https-www-annavinpadaippugal-info/outputs/annavin_text_extractor/organized_contents/katturaigal/vaarsu.md
http://www.annavinpadaippugal.info/katturaigal/vaartha_munivar.htm,200,katturaigal/vaartha_munivar.md,no,covered,/Users/pugazhendhirajendran/Documents/Codex/2026-07-09/https-www-annavinpadaippugal-info/outputs/annavin_text_extractor/organized_contents/katturaigal/vaartha_munivar.md
http://www.annavinpadaippugal.info/katturaigal/vaayai_moodi.htm,200,katturaigal/vaayai_moodi.md,no,covered,/Users/pugazhendhirajendran/Documents/Codex/2026-07-09/https-www-annavinpadaippugal-info/outputs/annavin_text_extractor/organized_contents/katturaigal/vaayai_moodi.md
http://www.annavinpadaippugal.info/katturaigal/vaaypootu.htm,200,katturaigal/vaaypootu.md,no,covered,/Users/pugazhendhirajendran/Documents/Codex/2026-07-09/https-www-annavinpadaippugal-info/outputs/annavin_text_extractor/organized_contents/katturaigal/vaaypootu.md
http://www.annavinpadaippugal.info/katturaigal/vaazhkai_vizha.htm,200,katturaigal/vaazhkai_vizha.md,no,covered,/Users/pugazhendhirajendran/Documents/Codex/2026-07-09/https-www-annavinpadaippugal-info/outputs/annavin_text_extractor/organized_contents/katturaigal/vaazhkai_vizha.md
http://www.annavinpadaippugal.info/katturaigal/vaazhviloru_thirunaal.htm,200,katturaigal/vaazhviloru_thirunaal.md,no,covered,/Users/pugazhendhirajendran/Documents/Codex/2026-07-09/https-www-annavinpadaippugal-info/outputs/annavin_text_extractor/organized_contents/katturaigal/vaazhviloru_thirunaal.md
http://www.annavinpadaippugal.info/katturaigal/vadanattu_governer.htm,200,katturaigal/vadanattu_governer.md,no,covered,/Users/pugazhendhirajendran/Documents/Codex/2026-07-09/https-www-annavinpadaippugal-info/outputs/annavin_text_extractor/organized_contents/katturaigal/vadanattu_governer.md
http://www.annavinpadaippugal.info/katturaigal/vaeguthae.htm,200,katturaigal/vaeguthae.md,no,covered,/Users/pugazhendhirajendran/Documents/Codex/2026-07-09/https-www-annavinpadaippugal-info/outputs/annavin_text_extractor/organized_contents/katturaigal/vaeguthae.md
http://www.annavinpadaippugal.info/katturaigal/vael_paayntha_vezham.htm,200,katturaigal/vael_paayntha_vezham.md,no,covered,/Users/pugazhendhirajendran/Documents/Codex/2026-07-09/https-www-annavinpadaippugal-info/outputs/annavin_text_extractor/organized_contents/katturaigal/vael_paayntha_vezham.md
http://www.annavinpadaippugal.info/katturaigal/vaelai_kodungal.htm,200,katturaigal/vaelai_kodungal.md,no,covered,/Users/pugazhendhirajendran/Documents/Codex/2026-07-09/https-www-annavinpadaippugal-info/outputs/annavin_text_extractor/organized_contents/katturaigal/vaelai_kodungal.md
http://www.annavinpadaippugal.info/katturaigal/vaendam_vibareetham.htm,200,katturaigal/vaendam_vibareetham.md,no,covered,/Users/pugazhendhirajendran/Documents/Codex/2026-07-09/https-www-annavinpadaippugal-info/outputs/annavin_text_extractor/organized_contents/katturaigal/vaendam_vibareetham.md
http://www.annavinpadaippugal.info/katturaigal/vaendave_vaendam.html,200,katturaigal/vaendave_vaendam.md,no,covered,/Users/pugazhendhirajendran/Documents/Codex/2026-07-09/https-www-annavinpadaippugal-info/outputs/annavin_text_extractor/organized_contents/katturaigal/vaendave_vaendam.md
http://www.annavinpadaippugal.info/katturaigal/vaendukoal.htm,200,katturaigal/vaendukoal.md,no,covered,/Users/pugazhendhirajendran/Documents/Codex/2026-07-09/https-www-annavinpadaippugal-info/outputs/annavin_text_extractor/organized_contents/katturaigal/vaendukoal.md
http://www.annavinpadaippugal.info/katturaigal/vaendukoal1508.html,200,katturaigal/vaendukoal1508.md,no,covered,/Users/pugazhendhirajendran/Documents/Codex/2026-07-09/https-www-annavinpadaippugal-info/outputs/annavin_text_extractor/organized_contents/katturaigal/vaendukoal1508.md
http://www.annavinpadaippugal.info/katturaigal/vaethakaala_kadavul.htm,200,katturaigal/vaethakaala_kadavul.md,no,covered,/Users/pugazhendhirajendran/Documents/Codex/2026-07-09/https-www-annavinpadaippugal-info/outputs/annavin_text_extractor/organized_contents/katturaigal/vaethakaala_kadavul.md
http://www.annavinpadaippugal.info/katturaigal/vaethalam.htm,200,katturaigal/vaethalam.md,no,covered,/Users/pugazhendhirajendran/Documents/Codex/2026-07-09/https-www-annavinpadaippugal-info/outputs/annavin_text_extractor/organized_contents/katturaigal/vaethalam.md
http://www.annavinpadaippugal.info/katturaigal/vaethanayai_pokki.htm,200,katturaigal/vaethanayai_pokki.md,no,covered,/Users/pugazhendhirajendran/Documents/Codex/2026-07-09/https-www-annavinpadaippugal-info/outputs/annavin_text_extractor/organized_contents/katturaigal/vaethanayai_pokki.md
http://www.annavinpadaippugal.info/katturaigal/vaethanthiyin_vizhippu.htm,200,katturaigal/vaethanthiyin_vizhippu.md,no,covered,/Users/pugazhendhirajendran/Documents/Codex/2026-07-09/https-www-annavinpadaippugal-info/outputs/annavin_text_extractor/organized_contents/katturaigal/vaethanthiyin_vizhippu.md
http://www.annavinpadaippugal.info/katturaigal/vaeval_prabhu.htm,200,katturaigal/vaeval_prabhu.md,no,covered,/Users/pugazhendhirajendran/Documents/Codex/2026-07-09/https-www-annavinpadaippugal-info/outputs/annavin_text_extractor/organized_contents/katturaigal/vaeval_prabhu.md
http://www.annavinpadaippugal.info/katturaigal/vaeval_thittam.htm,200,katturaigal/vaeval_thittam.md,no,covered,/Users/pugazhendhirajendran/Documents/Codex/2026-07-09/https-www-annavinpadaippugal-info/outputs/annavin_text_extractor/organized_contents/katturaigal/vaeval_thittam.md
http://www.annavinpadaippugal.info/katturaigal/vaguppu_thuv.htm,200,katturaigal/vaguppu_thuv.md,no,covered,/Users/pugazhendhirajendran/Documents/Codex/2026-07-09/https-www-annavinpadaippugal-info/outputs/annavin_text_extractor/organized_contents/katturaigal/vaguppu_thuv.md
http://www.annavinpadaippugal.info/katturaigal/vaguppurimai_por.htm,200,katturaigal/vaguppurimai_por.md,no,covered,/Users/pugazhendhirajendran/Documents/Codex/2026-07-09/https-www-annavinpadaippugal-info/outputs/annavin_text_extractor/organized_contents/katturaigal/vaguppurimai_por.md
http://www.annavinpadaippugal.info/katturaigal/vaithiya_vaeval.htm,200,katturaigal/vaithiya_vaeval.md,no,covered,/Users/pugazhendhirajendran/Documents/Codex/2026-07-09/https-www-annavinpadaippugal-info/outputs/annavin_text_extractor/organized_contents/katturaigal/vaithiya_vaeval.md
http://www.annavinpadaippugal.info/katturaigal/valajavil.html,200,katturaigal/valajavil.md,no,covered,/Users/pugazhendhirajendran/Documents/Codex/2026-07-09/https-www-annavinpadaippugal-info/outputs/annavin_text_extractor/organized_contents/katturaigal/valajavil.md
http://www.annavinpadaippugal.info/katturaigal/valam_irukirathu.htm,200,katturaigal/valam_irukirathu.md,no,covered,/Users/pugazhendhirajendran/Documents/Codex/2026-07-09/https-www-annavinpadaippugal-info/outputs/annavin_text_extractor/organized_contents/katturaigal/valam_irukirathu.md
http://www.annavinpadaippugal.info/katturaigal/valarppupen.htm,200,katturaigal/valarppupen.md,no,covered,/Users/pugazhendhirajendran/Documents/Codex/2026-07-09/https-www-annavinpadaippugal-info/outputs/annavin_text_extractor/organized_contents/katturaigal/valarppupen.md
http://www.annavinpadaippugal.info/katturaigal/valarum_vadakku.htm,200,katturaigal/valarum_vadakku.md,no,covered,/Users/pugazhendhirajendran/Documents/Codex/2026-07-09/https-www-annavinpadaippugal-info/outputs/annavin_text_extractor/organized_contents/katturaigal/valarum_vadakku.md
http://www.annavinpadaippugal.info/katturaigal/vallal_marainthar.htm,200,katturaigal/vallal_marainthar.md,no,covered,/Users/pugazhendhirajendran/Documents/Codex/2026-07-09/https-www-annavinpadaippugal-info/outputs/annavin_text_extractor/organized_contents/katturaigal/vallal_marainthar.md
http://www.annavinpadaippugal.info/katturaigal/vallooruhalukku_azhaippu.htm,200,katturaigal/vallooruhalukku_azhaippu.md,no,covered,/Users/pugazhendhirajendran/Documents/Codex/2026-07-09/https-www-annavinpadaippugal-info/outputs/annavin_text_extractor/organized_contents/katturaigal/vallooruhalukku_azhaippu.md
http://www.annavinpadaippugal.info/katturaigal/vanambadi_para.htm,200,katturaigal/vanambadi_para.md,no,covered,/Users/pugazhendhirajendran/Documents/Codex/2026-07-09/https-www-annavinpadaippugal-info/outputs/annavin_text_extractor/organized_contents/katturaigal/vanambadi_para.md
http://www.annavinpadaippugal.info/katturaigal/vantha_vanthar.htm,200,katturaigal/vantha_vanthar.md,no,covered,/Users/pugazhendhirajendran/Documents/Codex/2026-07-09/https-www-annavinpadaippugal-info/outputs/annavin_text_extractor/organized_contents/katturaigal/vantha_vanthar.md
http://www.annavinpadaippugal.info/katturaigal/vanthaene_nanae.htm,200,katturaigal/vanthaene_nanae.md,no,covered,/Users/pugazhendhirajendran/Documents/Codex/2026-07-09/https-www-annavinpadaippugal-info/outputs/annavin_text_extractor/organized_contents/katturaigal/vanthaene_nanae.md
http://www.annavinpadaippugal.info/katturaigal/vanthathu_vibathu.htm,200,katturaigal/vanthathu_vibathu.md,no,covered,/Users/pugazhendhirajendran/Documents/Codex/2026-07-09/https-www-annavinpadaippugal-info/outputs/annavin_text_extractor/organized_contents/katturaigal/vanthathu_vibathu.md
http://www.annavinpadaippugal.info/katturaigal/varalatril_idamperum.htm,200,katturaigal/varalatril_idamperum.md,no,covered,/Users/pugazhendhirajendran/Documents/Codex/2026-07-09/https-www-annavinpadaippugal-info/outputs/annavin_text_extractor/organized_contents/katturaigal/varalatril_idamperum.md
http://www.annavinpadaippugal.info/katturaigal/varappoguthayyae.htm,200,katturaigal/varappoguthayyae.md,no,covered,/Users/pugazhendhirajendran/Documents/Codex/2026-07-09/https-www-annavinpadaippugal-info/outputs/annavin_text_extractor/organized_contents/katturaigal/varappoguthayyae.md
http://www.annavinpadaippugal.info/katturaigal/varattumae_vallalar.htm,200,katturaigal/varattumae_vallalar.md,no,covered,/Users/pugazhendhirajendran/Documents/Codex/2026-07-09/https-www-annavinpadaippugal-info/outputs/annavin_text_extractor/organized_contents/katturaigal/varattumae_vallalar.md
http://www.annavinpadaippugal.info/katturaigal/varavaerkirom.html,200,katturaigal/varavaerkirom.md,no,covered,/Users/pugazhendhirajendran/Documents/Codex/2026-07-09/https-www-annavinpadaippugal-info/outputs/annavin_text_extractor/organized_contents/katturaigal/varavaerkirom.md
http://www.annavinpadaippugal.info/katturaigal/vareer_vaguthavazhi.htm,200,katturaigal/vareer_vaguthavazhi.md,no,covered,/Users/pugazhendhirajendran/Documents/Codex/2026-07-09/https-www-annavinpadaippugal-info/outputs/annavin_text_extractor/organized_contents/katturaigal/vareer_vaguthavazhi.md
http://www.annavinpadaippugal.info/katturaigal/varnasramam_ozhiga.htm,200,katturaigal/varnasramam_ozhiga.md,no,covered,/Users/pugazhendhirajendran/Documents/Codex/2026-07-09/https-www-annavinpadaippugal-info/outputs/annavin_text_extractor/organized_contents/katturaigal/varnasramam_ozhiga.md
http://www.annavinpadaippugal.info/katturaigal/varuga_thalaivare_vazhga.htm,200,katturaigal/varuga_thalaivare_vazhga.md,no,covered,/Users/pugazhendhirajendran/Documents/Codex/2026-07-09/https-www-annavinpadaippugal-info/outputs/annavin_text_extractor/organized_contents/katturaigal/varuga_thalaivare_vazhga.md
http://www.annavinpadaippugal.info/katturaigal/varunthu_311048.htm,200,katturaigal/varunthu_311048.md,no,covered,/Users/pugazhendhirajendran/Documents/Codex/2026-07-09/https-www-annavinpadaippugal-info/outputs/annavin_text_extractor/organized_contents/katturaigal/varunthu_311048.md
http://www.annavinpadaippugal.info/katturaigal/varunthugirom.htm,200,katturaigal/varunthugirom.md,no,covered,/Users/pugazhendhirajendran/Documents/Codex/2026-07-09/https-www-annavinpadaippugal-info/outputs/annavin_text_extractor/organized_contents/katturaigal/varunthugirom.md
http://www.annavinpadaippugal.info/katturaigal/varuthukirom_190948.htm,200,katturaigal/varuthukirom_190948.md,no,covered,/Users/pugazhendhirajendran/Documents/Codex/2026-07-09/https-www-annavinpadaippugal-info/outputs/annavin_text_extractor/organized_contents/katturaigal/varuthukirom_190948.md
http://www.annavinpadaippugal.info/katturaigal/vasanthakala_thakkuthal.htm,200,katturaigal/vasanthakala_thakkuthal.md,no,covered,/Users/pugazhendhirajendran/Documents/Codex/2026-07-09/https-www-annavinpadaippugal-info/outputs/annavin_text_extractor/organized_contents/katturaigal/vasanthakala_thakkuthal.md
http://www.annavinpadaippugal.info/katturaigal/vazhakkada.htm,200,katturaigal/vazhakkada.md,no,covered,/Users/pugazhendhirajendran/Documents/Codex/2026-07-09/https-www-annavinpadaippugal-info/outputs/annavin_text_extractor/organized_contents/katturaigal/vazhakkada.md
http://www.annavinpadaippugal.info/katturaigal/vazhakku_thodarattum.htm,200,katturaigal/vazhakku_thodarattum.md,no,covered,/Users/pugazhendhirajendran/Documents/Codex/2026-07-09/https-www-annavinpadaippugal-info/outputs/annavin_text_extractor/organized_contents/katturaigal/vazhakku_thodarattum.md
http://www.annavinpadaippugal.info/katturaigal/vazhakkumandrathil.htm,200,katturaigal/vazhakkumandrathil.md,no,covered,/Users/pugazhendhirajendran/Documents/Codex/2026-07-09/https-www-annavinpadaippugal-info/outputs/annavin_text_extractor/organized_contents/katturaigal/vazhakkumandrathil.md
http://www.annavinpadaippugal.info/katturaigal/vazhga_arivagam.htm,200,katturaigal/vazhga_arivagam.md,no,covered,/Users/pugazhendhirajendran/Documents/Codex/2026-07-09/https-www-annavinpadaippugal-info/outputs/annavin_text_extractor/organized_contents/katturaigal/vazhga_arivagam.md
http://www.annavinpadaippugal.info/katturaigal/vazhga_etthiraj.htm,200,katturaigal/vazhga_etthiraj.md,no,covered,/Users/pugazhendhirajendran/Documents/Codex/2026-07-09/https-www-annavinpadaippugal-info/outputs/annavin_text_extractor/organized_contents/katturaigal/vazhga_etthiraj.md
http://www.annavinpadaippugal.info/katturaigal/vazhga_natarajan.htm,200,katturaigal/vazhga_natarajan.md,no,covered,/Users/pugazhendhirajendran/Documents/Codex/2026-07-09/https-www-annavinpadaippugal-info/outputs/annavin_text_extractor/organized_contents/katturaigal/vazhga_natarajan.md
http://www.annavinpadaippugal.info/katturaigal/vazhga_soviet.htm,200,katturaigal/vazhga_soviet.md,no,covered,/Users/pugazhendhirajendran/Documents/Codex/2026-07-09/https-www-annavinpadaippugal-info/outputs/annavin_text_extractor/organized_contents/katturaigal/vazhga_soviet.md
http://www.annavinpadaippugal.info/katturaigal/vazhga_thindivanam.htm,200,katturaigal/vazhga_thindivanam.md,no,covered,/Users/pugazhendhirajendran/Documents/Codex/2026-07-09/https-www-annavinpadaippugal-info/outputs/annavin_text_extractor/organized_contents/katturaigal/vazhga_thindivanam.md
http://www.annavinpadaippugal.info/katturaigal/vazhga_vasavalar.htm,200,katturaigal/vazhga_vasavalar.md,no,covered,/Users/pugazhendhirajendran/Documents/Codex/2026-07-09/https-www-annavinpadaippugal-info/outputs/annavin_text_extractor/organized_contents/katturaigal/vazhga_vasavalar.md
http://www.annavinpadaippugal.info/katturaigal/vazhi_vazhi.htm,200,katturaigal/vazhi_vazhi.md,no,covered,/Users/pugazhendhirajendran/Documents/Codex/2026-07-09/https-www-annavinpadaippugal-info/outputs/annavin_text_extractor/organized_contents/katturaigal/vazhi_vazhi.md
http://www.annavinpadaippugal.info/katturaigal/vazhthinar.htm,200,katturaigal/vazhthinar.md,no,covered,/Users/pugazhendhirajendran/Documents/Codex/2026-07-09/https-www-annavinpadaippugal-info/outputs/annavin_text_extractor/organized_contents/katturaigal/vazhthinar.md
http://www.annavinpadaippugal.info/katturaigal/vazhthu_140160.htm,200,katturaigal/vazhthu_140160.md,no,covered,/Users/pugazhendhirajendran/Documents/Codex/2026-07-09/https-www-annavinpadaippugal-info/outputs/annavin_text_extractor/organized_contents/katturaigal/vazhthu_140160.md
http://www.annavinpadaippugal.info/katturaigal/vazhthugindrom180552.htm,200,katturaigal/vazhthugindrom180552.md,no,covered,/Users/pugazhendhirajendran/Documents/Codex/2026-07-09/https-www-annavinpadaippugal-info/outputs/annavin_text_extractor/organized_contents/katturaigal/vazhthugindrom180552.md
http://www.annavinpadaippugal.info/katturaigal/vazhthugirom_1.htm,200,katturaigal/vazhthugirom.md,yes,covered,/Users/pugazhendhirajendran/Documents/Codex/2026-07-09/https-www-annavinpadaippugal-info/outputs/annavin_text_extractor/organized_contents/katturaigal/vazhthugirom.md
http://www.annavinpadaippugal.info/katturaigal/vazhthugirom_2.htm,200,katturaigal/vazhthugirom.md,yes,covered,/Users/pugazhendhirajendran/Documents/Codex/2026-07-09/https-www-annavinpadaippugal-info/outputs/annavin_text_extractor/organized_contents/katturaigal/vazhthugirom.md
http://www.annavinpadaippugal.info/katturaigal/vazhthugirom_varam_kidaikkirathu.htm,200,katturaigal/vazhthugirom_varam_kidaikkirathu.md,no,covered,/Users/pugazhendhirajendran/Documents/Codex/2026-07-09/https-www-annavinpadaippugal-info/outputs/annavin_text_extractor/organized_contents/katturaigal/vazhthugirom_varam_kidaikkirathu.md
http://www.annavinpadaippugal.info/katturaigal/vazhthuhindraen.htm,200,katturaigal/vazhthuhindraen.md,no,covered,/Users/pugazhendhirajendran/Documents/Codex/2026-07-09/https-www-annavinpadaippugal-info/outputs/annavin_text_extractor/organized_contents/katturaigal/vazhthuhindraen.md
http://www.annavinpadaippugal.info/katturaigal/vazhvikkavae.htm,200,katturaigal/vazhvikkavae.md,no,covered,/Users/pugazhendhirajendran/Documents/Codex/2026-07-09/https-www-annavinpadaippugal-info/outputs/annavin_text_extractor/organized_contents/katturaigal/vazhvikkavae.md
http://www.annavinpadaippugal.info/katturaigal/vazhvin_latchiyam.htm,200,katturaigal/vazhvin_latchiyam.md,no,covered,/Users/pugazhendhirajendran/Documents/Codex/2026-07-09/https-www-annavinpadaippugal-info/outputs/annavin_text_extractor/organized_contents/katturaigal/vazhvin_latchiyam.md
http://www.annavinpadaippugal.info/katturaigal/vazhvu_oru.htm,200,katturaigal/vazhvu_oru.md,no,covered,/Users/pugazhendhirajendran/Documents/Codex/2026-07-09/https-www-annavinpadaippugal-info/outputs/annavin_text_extractor/organized_contents/katturaigal/vazhvu_oru.md
http://www.annavinpadaippugal.info/katturaigal/veera_vazhvu.htm,200,katturaigal/veera_vazhvu.md,no,covered,/Users/pugazhendhirajendran/Documents/Codex/2026-07-09/https-www-annavinpadaippugal-info/outputs/annavin_text_extractor/organized_contents/katturaigal/veera_vazhvu.md
http://www.annavinpadaippugal.info/katturaigal/veeran_vidai.htm,200,katturaigal/veeran_vidai.md,no,covered,/Users/pugazhendhirajendran/Documents/Codex/2026-07-09/https-www-annavinpadaippugal-info/outputs/annavin_text_extractor/organized_contents/katturaigal/veeran_vidai.md
http://www.annavinpadaippugal.info/katturaigal/veerar_chidambara.htm,200,katturaigal/veerar_chidambara.md,no,covered,/Users/pugazhendhirajendran/Documents/Codex/2026-07-09/https-www-annavinpadaippugal-info/outputs/annavin_text_extractor/organized_contents/katturaigal/veerar_chidambara.md
http://www.annavinpadaippugal.info/katturaigal/veerar_vaendum.htm,200,katturaigal/veerar_vaendum.md,no,covered,/Users/pugazhendhirajendran/Documents/Codex/2026-07-09/https-www-annavinpadaippugal-info/outputs/annavin_text_extractor/organized_contents/katturaigal/veerar_vaendum.md
http://www.annavinpadaippugal.info/katturaigal/veerar_veerarthan.htm,200,katturaigal/veerar_veerarthan.md,no,covered,/Users/pugazhendhirajendran/Documents/Codex/2026-07-09/https-www-annavinpadaippugal-info/outputs/annavin_text_extractor/organized_contents/katturaigal/veerar_veerarthan.md
http://www.annavinpadaippugal.info/katturaigal/veeravainavar_venkadasami.htm,200,katturaigal/veeravainavar_venkadasami.md,no,covered,/Users/pugazhendhirajendran/Documents/Codex/2026-07-09/https-www-annavinpadaippugal-info/outputs/annavin_text_extractor/organized_contents/katturaigal/veeravainavar_venkadasami.md
http://www.annavinpadaippugal.info/katturaigal/veesugirar_suyarajyam.htm,200,katturaigal/veesugirar_suyarajyam.md,no,covered,/Users/pugazhendhirajendran/Documents/Codex/2026-07-09/https-www-annavinpadaippugal-info/outputs/annavin_text_extractor/organized_contents/katturaigal/veesugirar_suyarajyam.md
http://www.annavinpadaippugal.info/katturaigal/velga_jananayagam.htm,200,katturaigal/velga_jananayagam.md,no,covered,/Users/pugazhendhirajendran/Documents/Codex/2026-07-09/https-www-annavinpadaippugal-info/outputs/annavin_text_extractor/organized_contents/katturaigal/velga_jananayagam.md
http://www.annavinpadaippugal.info/katturaigal/vellai_sigappukodi.htm,200,katturaigal/vellai_sigappukodi.md,no,covered,/Users/pugazhendhirajendran/Documents/Codex/2026-07-09/https-www-annavinpadaippugal-info/outputs/annavin_text_extractor/organized_contents/katturaigal/vellai_sigappukodi.md
http://www.annavinpadaippugal.info/katturaigal/vellam_vazhi.htm,200,katturaigal/vellam_vazhi.md,no,covered,/Users/pugazhendhirajendran/Documents/Codex/2026-07-09/https-www-annavinpadaippugal-info/outputs/annavin_text_extractor/organized_contents/katturaigal/vellam_vazhi.md
http://www.annavinpadaippugal.info/katturaigal/velli_mulaikka.htm,200,katturaigal/velli_mulaikka.md,no,covered,/Users/pugazhendhirajendran/Documents/Codex/2026-07-09/https-www-annavinpadaippugal-info/outputs/annavin_text_extractor/organized_contents/katturaigal/velli_mulaikka.md
http://www.annavinpadaippugal.info/katturaigal/velli_mulaikkirathu.htm,200,katturaigal/velli_mulaikkirathu.md,no,covered,/Users/pugazhendhirajendran/Documents/Codex/2026-07-09/https-www-annavinpadaippugal-info/outputs/annavin_text_extractor/organized_contents/katturaigal/velli_mulaikkirathu.md
http://www.annavinpadaippugal.info/katturaigal/vennai_vaithu_kokku.htm,200,katturaigal/vennai_vaithu_kokku.md,no,covered,/Users/pugazhendhirajendran/Documents/Codex/2026-07-09/https-www-annavinpadaippugal-info/outputs/annavin_text_extractor/organized_contents/katturaigal/vennai_vaithu_kokku.md
http://www.annavinpadaippugal.info/katturaigal/ventha_punnil.htm,200,katturaigal/ventha_punnil.md,no,covered,/Users/pugazhendhirajendran/Documents/Codex/2026-07-09/https-www-annavinpadaippugal-info/outputs/annavin_text_extractor/organized_contents/katturaigal/ventha_punnil.md
http://www.annavinpadaippugal.info/katturaigal/veri_vetri.htm,200,katturaigal/veri_vetri.md,no,covered,/Users/pugazhendhirajendran/Documents/Codex/2026-07-09/https-www-annavinpadaippugal-info/outputs/annavin_text_extractor/organized_contents/katturaigal/veri_vetri.md
http://www.annavinpadaippugal.info/katturaigal/verippathai_visithiram.htm,200,katturaigal/verippathai_visithiram.md,no,covered,/Users/pugazhendhirajendran/Documents/Codex/2026-07-09/https-www-annavinpadaippugal-info/outputs/annavin_text_extractor/organized_contents/katturaigal/verippathai_visithiram.md
http://www.annavinpadaippugal.info/katturaigal/vetkam.htm,200,katturaigal/vetkam.md,no,covered,/Users/pugazhendhirajendran/Documents/Codex/2026-07-09/https-www-annavinpadaippugal-info/outputs/annavin_text_extractor/organized_contents/katturaigal/vetkam.md
http://www.annavinpadaippugal.info/katturaigal/vetkama.htm,200,katturaigal/vetkama.md,no,covered,/Users/pugazhendhirajendran/Documents/Codex/2026-07-09/https-www-annavinpadaippugal-info/outputs/annavin_text_extractor/organized_contents/katturaigal/vetkama.md
http://www.annavinpadaippugal.info/katturaigal/vetkapada_vaendum.htm,200,katturaigal/vetkapada_vaendum.md,no,covered,/Users/pugazhendhirajendran/Documents/Codex/2026-07-09/https-www-annavinpadaippugal-info/outputs/annavin_text_extractor/organized_contents/katturaigal/vetkapada_vaendum.md
http://www.annavinpadaippugal.info/katturaigal/vetkapadamal_vaerenna.htm,200,katturaigal/vetkapadamal_vaerenna.md,no,covered,/Users/pugazhendhirajendran/Documents/Codex/2026-07-09/https-www-annavinpadaippugal-info/outputs/annavin_text_extractor/organized_contents/katturaigal/vetkapadamal_vaerenna.md
http://www.annavinpadaippugal.info/katturaigal/vetkapadugirom_1.html,200,katturaigal/vetkapadugirom.md,yes,covered,/Users/pugazhendhirajendran/Documents/Codex/2026-07-09/https-www-annavinpadaippugal-info/outputs/annavin_text_extractor/organized_contents/katturaigal/vetkapadugirom.md
http://www.annavinpadaippugal.info/katturaigal/vetkapadugirom_2.html,200,katturaigal/vetkapadugirom.md,yes,covered,/Users/pugazhendhirajendran/Documents/Codex/2026-07-09/https-www-annavinpadaippugal-info/outputs/annavin_text_extractor/organized_contents/katturaigal/vetkapadugirom.md
http://www.annavinpadaippugal.info/katturaigal/vetkappaduhindrom.htm,200,katturaigal/vetkappaduhindrom.md,no,covered,/Users/pugazhendhirajendran/Documents/Codex/2026-07-09/https-www-annavinpadaippugal-info/outputs/annavin_text_extractor/organized_contents/katturaigal/vetkappaduhindrom.md
http://www.annavinpadaippugal.info/katturaigal/vetri_chithu.htm,200,katturaigal/vetri_chithu.md,no,covered,/Users/pugazhendhirajendran/Documents/Codex/2026-07-09/https-www-annavinpadaippugal-info/outputs/annavin_text_extractor/organized_contents/katturaigal/vetri_chithu.md
http://www.annavinpadaippugal.info/katturaigal/vetri_vizha.htm,200,katturaigal/vetri_vizha.md,no,covered,/Users/pugazhendhirajendran/Documents/Codex/2026-07-09/https-www-annavinpadaippugal-info/outputs/annavin_text_extractor/organized_contents/katturaigal/vetri_vizha.md
http://www.annavinpadaippugal.info/katturaigal/vetrikalippu.htm,200,katturaigal/vetrikalippu.md,no,covered,/Users/pugazhendhirajendran/Documents/Codex/2026-07-09/https-www-annavinpadaippugal-info/outputs/annavin_text_extractor/organized_contents/katturaigal/vetrikalippu.md
http://www.annavinpadaippugal.info/katturaigal/vetriyalla.htm,200,katturaigal/vetriyalla.md,no,covered,/Users/pugazhendhirajendran/Documents/Codex/2026-07-09/https-www-annavinpadaippugal-info/outputs/annavin_text_extractor/organized_contents/katturaigal/vetriyalla.md
http://www.annavinpadaippugal.info/katturaigal/vetriyil_veezhchi2_aditha.htm,200,katturaigal/vetriyil_veezhchi2_aditha.md,no,covered,/Users/pugazhendhirajendran/Documents/Codex/2026-07-09/https-www-annavinpadaippugal-info/outputs/annavin_text_extractor/organized_contents/katturaigal/vetriyil_veezhchi2_aditha.md
http://www.annavinpadaippugal.info/katturaigal/vetriyil_veezhchi_pune.htm,200,katturaigal/vetriyil_veezhchi_pune.md,no,covered,/Users/pugazhendhirajendran/Documents/Codex/2026-07-09/https-www-annavinpadaippugal-info/outputs/annavin_text_extractor/organized_contents/katturaigal/vetriyil_veezhchi_pune.md
http://www.annavinpadaippugal.info/katturaigal/vettuppoar.htm,200,katturaigal/vettuppoar.md,no,covered,/Users/pugazhendhirajendran/Documents/Codex/2026-07-09/https-www-annavinpadaippugal-info/outputs/annavin_text_extractor/organized_contents/katturaigal/vettuppoar.md
http://www.annavinpadaippugal.info/katturaigal/vibareetha_paathai.htm,200,katturaigal/vibareetha_paathai.md,no,covered,/Users/pugazhendhirajendran/Documents/Codex/2026-07-09/https-www-annavinpadaippugal-info/outputs/annavin_text_extractor/organized_contents/katturaigal/vibareetha_paathai.md
http://www.annavinpadaippugal.info/katturaigal/vibration_from_vijayawada.htm,200,katturaigal/vibration_from_vijayawada.md,no,covered,/Users/pugazhendhirajendran/Documents/Codex/2026-07-09/https-www-annavinpadaippugal-info/outputs/annavin_text_extractor/organized_contents/katturaigal/vibration_from_vijayawada.md
http://www.annavinpadaippugal.info/katturaigal/victory_of_the_valiant.htm,200,katturaigal/victory_of_the_valiant.md,no,covered,/Users/pugazhendhirajendran/Documents/Codex/2026-07-09/https-www-annavinpadaippugal-info/outputs/annavin_text_extractor/organized_contents/katturaigal/victory_of_the_valiant.md
http://www.annavinpadaippugal.info/katturaigal/viduthalai_veeran.htm,200,katturaigal/viduthalai_veeran.md,no,covered,/Users/pugazhendhirajendran/Documents/Codex/2026-07-09/https-www-annavinpadaippugal-info/outputs/annavin_text_extractor/organized_contents/katturaigal/viduthalai_veeran.md
http://www.annavinpadaippugal.info/katturaigal/viduthalai_veeran_rooso.htm,200,katturaigal/viduthalai_veeran_rooso.md,no,covered,/Users/pugazhendhirajendran/Documents/Codex/2026-07-09/https-www-annavinpadaippugal-info/outputs/annavin_text_extractor/organized_contents/katturaigal/viduthalai_veeran_rooso.md
http://www.annavinpadaippugal.info/katturaigal/viduthalaippor_1.htm,200,katturaigal/viduthalaippor.md,yes,covered,/Users/pugazhendhirajendran/Documents/Codex/2026-07-09/https-www-annavinpadaippugal-info/outputs/annavin_text_extractor/organized_contents/katturaigal/viduthalaippor.md
http://www.annavinpadaippugal.info/katturaigal/viduthalaippor_2.htm,200,katturaigal/viduthalaippor.md,yes,covered,/Users/pugazhendhirajendran/Documents/Codex/2026-07-09/https-www-annavinpadaippugal-info/outputs/annavin_text_extractor/organized_contents/katturaigal/viduthalaippor.md
http://www.annavinpadaippugal.info/katturaigal/viduthalaippor_3.htm,200,katturaigal/viduthalaippor.md,yes,covered,/Users/pugazhendhirajendran/Documents/Codex/2026-07-09/https-www-annavinpadaippugal-info/outputs/annavin_text_extractor/organized_contents/katturaigal/viduthalaippor.md
http://www.annavinpadaippugal.info/katturaigal/viduthalaiyanar.htm,200,katturaigal/viduthalaiyanar.md,no,covered,/Users/pugazhendhirajendran/Documents/Codex/2026-07-09/https-www-annavinpadaippugal-info/outputs/annavin_text_extractor/organized_contents/katturaigal/viduthalaiyanar.md
http://www.annavinpadaippugal.info/katturaigal/vignana_olimun.htm,200,katturaigal/vignana_olimun.md,no,covered,/Users/pugazhendhirajendran/Documents/Codex/2026-07-09/https-www-annavinpadaippugal-info/outputs/annavin_text_extractor/organized_contents/katturaigal/vignana_olimun.md
http://www.annavinpadaippugal.info/katturaigal/vignana_vilaivu.htm,200,katturaigal/vignana_vilaivu.md,no,covered,/Users/pugazhendhirajendran/Documents/Codex/2026-07-09/https-www-annavinpadaippugal-info/outputs/annavin_text_extractor/organized_contents/katturaigal/vignana_vilaivu.md
http://www.annavinpadaippugal.info/katturaigal/vignanakkan.htm,200,katturaigal/vignanakkan.md,no,covered,/Users/pugazhendhirajendran/Documents/Codex/2026-07-09/https-www-annavinpadaippugal-info/outputs/annavin_text_extractor/organized_contents/katturaigal/vignanakkan.md
http://www.annavinpadaippugal.info/katturaigal/vignanam_viduthalai.htm,200,katturaigal/vignanam_viduthalai.md,no,covered,/Users/pugazhendhirajendran/Documents/Codex/2026-07-09/https-www-annavinpadaippugal-info/outputs/annavin_text_extractor/organized_contents/katturaigal/vignanam_viduthalai.md
http://www.annavinpadaippugal.info/katturaigal/vilai_aerivittathu.htm,200,katturaigal/vilai_aerivittathu.md,no,covered,/Users/pugazhendhirajendran/Documents/Codex/2026-07-09/https-www-annavinpadaippugal-info/outputs/annavin_text_extractor/organized_contents/katturaigal/vilai_aerivittathu.md
http://www.annavinpadaippugal.info/katturaigal/vilambarachavadi.htm,200,katturaigal/vilambarachavadi.md,no,covered,/Users/pugazhendhirajendran/Documents/Codex/2026-07-09/https-www-annavinpadaippugal-info/outputs/annavin_text_extractor/organized_contents/katturaigal/vilambarachavadi.md
http://www.annavinpadaippugal.info/katturaigal/vilangittanar.htm,200,katturaigal/vilangittanar.md,no,covered,/Users/pugazhendhirajendran/Documents/Codex/2026-07-09/https-www-annavinpadaippugal-info/outputs/annavin_text_extractor/organized_contents/katturaigal/vilangittanar.md
http://www.annavinpadaippugal.info/katturaigal/villalan_thanthai.htm,200,katturaigal/villalan_thanthai.md,no,covered,/Users/pugazhendhirajendran/Documents/Codex/2026-07-09/https-www-annavinpadaippugal-info/outputs/annavin_text_extractor/organized_contents/katturaigal/villalan_thanthai.md
http://www.annavinpadaippugal.info/katturaigal/villavan_kothai_virunthu.htm,200,katturaigal/villavan_kothai_virunthu.md,no,covered,/Users/pugazhendhirajendran/Documents/Codex/2026-07-09/https-www-annavinpadaippugal-info/outputs/annavin_text_extractor/organized_contents/katturaigal/villavan_kothai_virunthu.md
http://www.annavinpadaippugal.info/katturaigal/virunthilae_marunthu.htm,200,katturaigal/virunthilae_marunthu.md,no,covered,/Users/pugazhendhirajendran/Documents/Codex/2026-07-09/https-www-annavinpadaippugal-info/outputs/annavin_text_extractor/organized_contents/katturaigal/virunthilae_marunthu.md
http://www.annavinpadaippugal.info/katturaigal/visaranai_nadathuga.htm,200,katturaigal/visaranai_nadathuga.md,no,covered,/Users/pugazhendhirajendran/Documents/Codex/2026-07-09/https-www-annavinpadaippugal-info/outputs/annavin_text_extractor/organized_contents/katturaigal/visaranai_nadathuga.md
http://www.annavinpadaippugal.info/katturaigal/visithira_sitthar.htm,200,katturaigal/visithira_sitthar.md,no,covered,/Users/pugazhendhirajendran/Documents/Codex/2026-07-09/https-www-annavinpadaippugal-info/outputs/annavin_text_extractor/organized_contents/katturaigal/visithira_sitthar.md
http://www.annavinpadaippugal.info/katturaigal/visithiram.htm,200,katturaigal/visithiram.md,no,covered,/Users/pugazhendhirajendran/Documents/Codex/2026-07-09/https-www-annavinpadaippugal-info/outputs/annavin_text_extractor/organized_contents/katturaigal/visithiram.md
http://www.annavinpadaippugal.info/katturaigal/vithaikkathu_vilayum.htm,200,katturaigal/vithaikkathu_vilayum.md,no,covered,/Users/pugazhendhirajendran/Documents/Codex/2026-07-09/https-www-annavinpadaippugal-info/outputs/annavin_text_extractor/organized_contents/katturaigal/vithaikkathu_vilayum.md
http://www.annavinpadaippugal.info/katturaigal/vithavayin_kanneer.htm,200,katturaigal/vithavayin_kanneer.md,no,covered,/Users/pugazhendhirajendran/Documents/Codex/2026-07-09/https-www-annavinpadaippugal-info/outputs/annavin_text_extractor/organized_contents/katturaigal/vithavayin_kanneer.md
http://www.annavinpadaippugal.info/katturaigal/vithavayin_vaethanai.htm,200,katturaigal/vithavayin_vaethanai.md,no,covered,/Users/pugazhendhirajendran/Documents/Codex/2026-07-09/https-www-annavinpadaippugal-info/outputs/annavin_text_extractor/organized_contents/katturaigal/vithavayin_vaethanai.md
http://www.annavinpadaippugal.info/katturaigal/Vive_La-Red_Tape.htm,200,katturaigal/Vive_La-Red_Tape.md,no,covered,/Users/pugazhendhirajendran/Documents/Codex/2026-07-09/https-www-annavinpadaippugal-info/outputs/annavin_text_extractor/organized_contents/katturaigal/Vive_La-Red_Tape.md
http://www.annavinpadaippugal.info/katturaigal/vivega_sinthamani_mattum_pothathu.htm,200,katturaigal/vivega_sinthamani_mattum_pothathu.md,no,covered,/Users/pugazhendhirajendran/Documents/Codex/2026-07-09/https-www-annavinpadaippugal-info/outputs/annavin_text_extractor/organized_contents/katturaigal/vivega_sinthamani_mattum_pothathu.md
http://www.annavinpadaippugal.info/katturaigal/vivek_sabhas_verdict.htm,200,katturaigal/vivek_sabhas_verdict.md,no,covered,/Users/pugazhendhirajendran/Documents/Codex/2026-07-09/https-www-annavinpadaippugal-info/outputs/annavin_text_extractor/organized_contents/katturaigal/vivek_sabhas_verdict.md
http://www.annavinpadaippugal.info/katturaigal/vizha.htm,200,katturaigal/vizha.md,no,covered,/Users/pugazhendhirajendran/Documents/Codex/2026-07-09/https-www-annavinpadaippugal-info/outputs/annavin_text_extractor/organized_contents/katturaigal/vizha.md
http://www.annavinpadaippugal.info/katturaigal/vizhanaalil.htm,200,katturaigal/vizhanaalil.md,no,covered,/Users/pugazhendhirajendran/Documents/Codex/2026-07-09/https-www-annavinpadaippugal-info/outputs/annavin_text_extractor/organized_contents/katturaigal/vizhanaalil.md
http://www.annavinpadaippugal.info/katturaigal/vovvalin_visaram.htm,200,katturaigal/vovvalin_visaram.md,no,covered,/Users/pugazhendhirajendran/Documents/Codex/2026-07-09/https-www-annavinpadaippugal-info/outputs/annavin_text_extractor/organized_contents/katturaigal/vovvalin_visaram.md
http://www.annavinpadaippugal.info/katturaigal/we_welcome.htm,200,katturaigal/we_welcome.md,no,covered,/Users/pugazhendhirajendran/Documents/Codex/2026-07-09/https-www-annavinpadaippugal-info/outputs/annavin_text_extractor/organized_contents/katturaigal/we_welcome.md
http://www.annavinpadaippugal.info/katturaigal/what_answer.htm,200,katturaigal/what_answer.md,no,covered,/Users/pugazhendhirajendran/Documents/Codex/2026-07-09/https-www-annavinpadaippugal-info/outputs/annavin_text_extractor/organized_contents/katturaigal/what_answer.md
http://www.annavinpadaippugal.info/katturaigal/when_the_crony_gets.htm,200,katturaigal/when_the_crony_gets.md,no,covered,/Users/pugazhendhirajendran/Documents/Codex/2026-07-09/https-www-annavinpadaippugal-info/outputs/annavin_text_extractor/organized_contents/katturaigal/when_the_crony_gets.md
http://www.annavinpadaippugal.info/katturaigal/With_the_Hound_or.htm,200,katturaigal/With_the_Hound_or.md,no,covered,/Users/pugazhendhirajendran/Documents/Codex/2026-07-09/https-www-annavinpadaippugal-info/outputs/annavin_text_extractor/organized_contents/katturaigal/With_the_Hound_or.md
http://www.annavinpadaippugal.info/katturaigal/yaanai_meethaeri_poonai.htm,200,katturaigal/yaanai_meethaeri_poonai.md,no,covered,/Users/pugazhendhirajendran/Documents/Codex/2026-07-09/https-www-annavinpadaippugal-info/outputs/annavin_text_extractor/organized_contents/katturaigal/yaanai_meethaeri_poonai.md
http://www.annavinpadaippugal.info/katturaigal/yaathirai.htm,200,katturaigal/yaathirai.md,no,covered,/Users/pugazhendhirajendran/Documents/Codex/2026-07-09/https-www-annavinpadaippugal-info/outputs/annavin_text_extractor/organized_contents/katturaigal/yaathirai.md
http://www.annavinpadaippugal.info/katturaigal/yarukku_paathuk.htm,200,katturaigal/yarukku_paathuk.md,no,covered,/Users/pugazhendhirajendran/Documents/Codex/2026-07-09/https-www-annavinpadaippugal-info/outputs/annavin_text_extractor/organized_contents/katturaigal/yarukku_paathuk.md
http://www.annavinpadaippugal.info/katturaigal/yes_men_note_please.htm,200,katturaigal/yes_men_note_please.md,no,covered,/Users/pugazhendhirajendran/Documents/Codex/2026-07-09/https-www-annavinpadaippugal-info/outputs/annavin_text_extractor/organized_contents/katturaigal/yes_men_note_please.md
http://www.annavinpadaippugal.info/katturaigal/yezhayaga.htm,200,katturaigal/yezhayaga.md,no,covered,/Users/pugazhendhirajendran/Documents/Codex/2026-07-09/https-www-annavinpadaippugal-info/outputs/annavin_text_extractor/organized_contents/katturaigal/yezhayaga.md
http://www.annavinpadaippugal.info/katturaigal/yosiyungal.htm,200,katturaigal/yosiyungal.md,no,covered,/Users/pugazhendhirajendran/Documents/Codex/2026-07-09/https-www-annavinpadaippugal-info/outputs/annavin_text_extractor/organized_contents/katturaigal/yosiyungal.md
http://www.annavinpadaippugal.info/katturaigal/younoo.htm,200,katturaigal/younoo.md,no,covered,/Users/pugazhendhirajendran/Documents/Codex/2026-07-09/https-www-annavinpadaippugal-info/outputs/annavin_text_extractor/organized_contents/katturaigal/younoo.md
http://www.annavinpadaippugal.info/katturaigal/yuthan_thulakkol.htm,200,katturaigal/yuthan_thulakkol.md,no,covered,/Users/pugazhendhirajendran/Documents/Codex/2026-07-09/https-www-annavinpadaippugal-info/outputs/annavin_text_extractor/organized_contents/katturaigal/yuthan_thulakkol.md
http://www.annavinpadaippugal.info/kavithaigal/aariyamayai_potri.htm,200,kavithaigal/aariyamayai_potri.md,no,covered,/Users/pugazhendhirajendran/Documents/Codex/2026-07-09/https-www-annavinpadaippugal-info/outputs/annavin_text_extractor/organized_contents/kavithaigal/aariyamayai_potri.md
http://www.annavinpadaippugal.info/kavithaigal/adithalum_anaithalum.htm,200,kavithaigal/adithalum_anaithalum.md,no,covered,/Users/pugazhendhirajendran/Documents/Codex/2026-07-09/https-www-annavinpadaippugal-info/outputs/annavin_text_extractor/organized_contents/kavithaigal/adithalum_anaithalum.md
http://www.annavinpadaippugal.info/kavithaigal/avana_ivana_arivali.htm,200,kavithaigal/avana_ivana_arivali.md,no,covered,/Users/pugazhendhirajendran/Documents/Codex/2026-07-09/https-www-annavinpadaippugal-info/outputs/annavin_text_extractor/organized_contents/kavithaigal/avana_ivana_arivali.md
http://www.annavinpadaippugal.info/kavithaigal/congress_oozhal.htm,200,kavithaigal/congress_oozhal.md,no,covered,/Users/pugazhendhirajendran/Documents/Codex/2026-07-09/https-www-annavinpadaippugal-info/outputs/annavin_text_extractor/organized_contents/kavithaigal/congress_oozhal.md
http://www.annavinpadaippugal.info/kavithaigal/devathai_poatri.htm,200,kavithaigal/devathai_poatri.md,no,covered,/Users/pugazhendhirajendran/Documents/Codex/2026-07-09/https-www-annavinpadaippugal-info/outputs/annavin_text_extractor/organized_contents/kavithaigal/devathai_poatri.md
http://www.annavinpadaippugal.info/kavithaigal/enathu_karuthoattam.htm,200,kavithaigal/enathu_karuthoattam.md,no,covered,/Users/pugazhendhirajendran/Documents/Codex/2026-07-09/https-www-annavinpadaippugal-info/outputs/annavin_text_extractor/organized_contents/kavithaigal/enathu_karuthoattam.md
http://www.annavinpadaippugal.info/kavithaigal/ethirkaala_nilamai.htm,200,kavithaigal/ethirkaala_nilamai.md,no,covered,/Users/pugazhendhirajendran/Documents/Codex/2026-07-09/https-www-annavinpadaippugal-info/outputs/annavin_text_extractor/organized_contents/kavithaigal/ethirkaala_nilamai.md
http://www.annavinpadaippugal.info/kavithaigal/gandhi_panirendu.htm,200,kavithaigal/gandhi_panirendu.md,no,covered,/Users/pugazhendhirajendran/Documents/Codex/2026-07-09/https-www-annavinpadaippugal-info/outputs/annavin_text_extractor/organized_contents/kavithaigal/gandhi_panirendu.md
http://www.annavinpadaippugal.info/kavithaigal/idhazh_vaazhthu.htm,200,kavithaigal/idhazh_vaazhthu.md,no,covered,/Users/pugazhendhirajendran/Documents/Codex/2026-07-09/https-www-annavinpadaippugal-info/outputs/annavin_text_extractor/organized_contents/kavithaigal/idhazh_vaazhthu.md
http://www.annavinpadaippugal.info/kavithaigal/ilamayil_mudhumai.htm,200,kavithaigal/ilamayil_mudhumai.md,no,covered,/Users/pugazhendhirajendran/Documents/Codex/2026-07-09/https-www-annavinpadaippugal-info/outputs/annavin_text_extractor/organized_contents/kavithaigal/ilamayil_mudhumai.md
http://www.annavinpadaippugal.info/kavithaigal/inbam_kaana.htm,200,kavithaigal/inbam_kaana.md,no,covered,/Users/pugazhendhirajendran/Documents/Codex/2026-07-09/https-www-annavinpadaippugal-info/outputs/annavin_text_extractor/organized_contents/kavithaigal/inbam_kaana.md
http://www.annavinpadaippugal.info/kavithaigal/iniyana_ini_pala.htm,200,kavithaigal/iniyana_ini_pala.md,no,covered,/Users/pugazhendhirajendran/Documents/Codex/2026-07-09/https-www-annavinpadaippugal-info/outputs/annavin_text_extractor/organized_contents/kavithaigal/iniyana_ini_pala.md
http://www.annavinpadaippugal.info/kavithaigal/ivargalai_paarungal.htm,200,kavithaigal/ivargalai_paarungal.md,no,covered,/Users/pugazhendhirajendran/Documents/Codex/2026-07-09/https-www-annavinpadaippugal-info/outputs/annavin_text_extractor/organized_contents/kavithaigal/ivargalai_paarungal.md
http://www.annavinpadaippugal.info/kavithaigal/juvas_poatri.htm,200,kavithaigal/juvas_poatri.md,no,covered,/Users/pugazhendhirajendran/Documents/Codex/2026-07-09/https-www-annavinpadaippugal-info/outputs/annavin_text_extractor/organized_contents/kavithaigal/juvas_poatri.md
http://www.annavinpadaippugal.info/kavithaigal/juvasin_kalyana_gunam.htm,200,kavithaigal/juvasin_kalyana_gunam.md,no,covered,/Users/pugazhendhirajendran/Documents/Codex/2026-07-09/https-www-annavinpadaippugal-info/outputs/annavin_text_extractor/organized_contents/kavithaigal/juvasin_kalyana_gunam.md
http://www.annavinpadaippugal.info/kavithaigal/kaadudayar.htm,200,kavithaigal/kaadudayar.md,no,covered,/Users/pugazhendhirajendran/Documents/Codex/2026-07-09/https-www-annavinpadaippugal-info/outputs/annavin_text_extractor/organized_contents/kavithaigal/kaadudayar.md
http://www.annavinpadaippugal.info/kavithaigal/kaathirunthaen.htm,200,kavithaigal/kaathirunthaen.md,no,covered,/Users/pugazhendhirajendran/Documents/Codex/2026-07-09/https-www-annavinpadaippugal-info/outputs/annavin_text_extractor/organized_contents/kavithaigal/kaathirunthaen.md
http://www.annavinpadaippugal.info/kavithaigal/kadaisi_sinnam.htm,200,kavithaigal/kadaisi_sinnam.md,no,covered,/Users/pugazhendhirajendran/Documents/Codex/2026-07-09/https-www-annavinpadaippugal-info/outputs/annavin_text_extractor/organized_contents/kavithaigal/kadaisi_sinnam.md
http://www.annavinpadaippugal.info/kavithaigal/kadavul_engae.htm,200,kavithaigal/kadavul_engae.md,no,covered,/Users/pugazhendhirajendran/Documents/Codex/2026-07-09/https-www-annavinpadaippugal-info/outputs/annavin_text_extractor/organized_contents/kavithaigal/kadavul_engae.md
http://www.annavinpadaippugal.info/kavithaigal/kalkatha_kalakkam.htm,200,kavithaigal/kalkatha_kalakkam.md,no,covered,/Users/pugazhendhirajendran/Documents/Codex/2026-07-09/https-www-annavinpadaippugal-info/outputs/annavin_text_extractor/organized_contents/kavithaigal/kalkatha_kalakkam.md
http://www.annavinpadaippugal.info/kavithaigal/karpanayur.htm,200,kavithaigal/karpanayur.md,no,covered,/Users/pugazhendhirajendran/Documents/Codex/2026-07-09/https-www-annavinpadaippugal-info/outputs/annavin_text_extractor/organized_contents/kavithaigal/karpanayur.md
http://www.annavinpadaippugal.info/kavithaigal/katharin_mahimai.htm,200,kavithaigal/katharin_mahimai.md,no,covered,/Users/pugazhendhirajendran/Documents/Codex/2026-07-09/https-www-annavinpadaippugal-info/outputs/annavin_text_extractor/organized_contents/kavithaigal/katharin_mahimai.md
http://www.annavinpadaippugal.info/kavithaigal/koabam.htm,200,kavithaigal/koabam.md,no,covered,/Users/pugazhendhirajendran/Documents/Codex/2026-07-09/https-www-annavinpadaippugal-info/outputs/annavin_text_extractor/organized_contents/kavithaigal/koabam.md
http://www.annavinpadaippugal.info/kavithaigal/kochuvandhi_kummi.htm,200,kavithaigal/kochuvandhi_kummi.md,no,covered,/Users/pugazhendhirajendran/Documents/Codex/2026-07-09/https-www-annavinpadaippugal-info/outputs/annavin_text_extractor/organized_contents/kavithaigal/kochuvandhi_kummi.md
http://www.annavinpadaippugal.info/kavithaigal/kolaikaaran_kotsae.htm,200,kavithaigal/kolaikaaran_kotsae.md,no,covered,/Users/pugazhendhirajendran/Documents/Codex/2026-07-09/https-www-annavinpadaippugal-info/outputs/annavin_text_extractor/organized_contents/kavithaigal/kolaikaaran_kotsae.md
http://www.annavinpadaippugal.info/kavithaigal/kundram_pala.htm,200,kavithaigal/kundram_pala.md,no,covered,/Users/pugazhendhirajendran/Documents/Codex/2026-07-09/https-www-annavinpadaippugal-info/outputs/annavin_text_extractor/organized_contents/kavithaigal/kundram_pala.md
http://www.annavinpadaippugal.info/kavithaigal/kurai_kaelai.htm,200,kavithaigal/kurai_kaelai.md,no,covered,/Users/pugazhendhirajendran/Documents/Codex/2026-07-09/https-www-annavinpadaippugal-info/outputs/annavin_text_extractor/organized_contents/kavithaigal/kurai_kaelai.md
http://www.annavinpadaippugal.info/kavithaigal/malar_manam.htm,200,kavithaigal/malar_manam.md,no,covered,/Users/pugazhendhirajendran/Documents/Codex/2026-07-09/https-www-annavinpadaippugal-info/outputs/annavin_text_extractor/organized_contents/kavithaigal/malar_manam.md
http://www.annavinpadaippugal.info/kavithaigal/manitha_maembadu.htm,200,kavithaigal/manitha_maembadu.md,no,covered,/Users/pugazhendhirajendran/Documents/Codex/2026-07-09/https-www-annavinpadaippugal-info/outputs/annavin_text_extractor/organized_contents/kavithaigal/manitha_maembadu.md
http://www.annavinpadaippugal.info/kavithaigal/manithan.htm,200,kavithaigal/manithan.md,no,covered,/Users/pugazhendhirajendran/Documents/Codex/2026-07-09/https-www-annavinpadaippugal-info/outputs/annavin_text_extractor/organized_contents/kavithaigal/manithan.md
http://www.annavinpadaippugal.info/kavithaigal/mootharignar.htm,200,kavithaigal/mootharignar.md,no,covered,/Users/pugazhendhirajendran/Documents/Codex/2026-07-09/https-www-annavinpadaippugal-info/outputs/annavin_text_extractor/organized_contents/kavithaigal/mootharignar.md
http://www.annavinpadaippugal.info/kavithaigal/nacharavu.htm,200,kavithaigal/nacharavu.md,no,covered,/Users/pugazhendhirajendran/Documents/Codex/2026-07-09/https-www-annavinpadaippugal-info/outputs/annavin_text_extractor/organized_contents/kavithaigal/nacharavu.md
http://www.annavinpadaippugal.info/kavithaigal/nadai_chithiram.htm,200,kavithaigal/nadai_chithiram.md,no,covered,/Users/pugazhendhirajendran/Documents/Codex/2026-07-09/https-www-annavinpadaippugal-info/outputs/annavin_text_extractor/organized_contents/kavithaigal/nadai_chithiram.md
http://www.annavinpadaippugal.info/kavithaigal/nanae_thalaivan.htm,200,kavithaigal/nanae_thalaivan.md,no,covered,/Users/pugazhendhirajendran/Documents/Codex/2026-07-09/https-www-annavinpadaippugal-info/outputs/annavin_text_extractor/organized_contents/kavithaigal/nanae_thalaivan.md
http://www.annavinpadaippugal.info/kavithaigal/nasukkivittal.htm,200,kavithaigal/nasukkivittal.md,no,covered,/Users/pugazhendhirajendran/Documents/Codex/2026-07-09/https-www-annavinpadaippugal-info/outputs/annavin_text_extractor/organized_contents/kavithaigal/nasukkivittal.md
http://www.annavinpadaippugal.info/kavithaigal/nee_ennadi.htm,200,kavithaigal/nee_ennadi.md,no,covered,/Users/pugazhendhirajendran/Documents/Codex/2026-07-09/https-www-annavinpadaippugal-info/outputs/annavin_text_extractor/organized_contents/kavithaigal/nee_ennadi.md
http://www.annavinpadaippugal.info/kavithaigal/neengal_padaitha_aezhai.htm,200,kavithaigal/neengal_padaitha_aezhai.md,no,covered,/Users/pugazhendhirajendran/Documents/Codex/2026-07-09/https-www-annavinpadaippugal-info/outputs/annavin_text_extractor/organized_contents/kavithaigal/neengal_padaitha_aezhai.md
http://www.annavinpadaippugal.info/kavithaigal/niraveriyar.htm,200,kavithaigal/niraveriyar.md,no,covered,/Users/pugazhendhirajendran/Documents/Codex/2026-07-09/https-www-annavinpadaippugal-info/outputs/annavin_text_extractor/organized_contents/kavithaigal/niraveriyar.md
http://www.annavinpadaippugal.info/kavithaigal/odin_poatri.htm,200,kavithaigal/odin_poatri.md,no,covered,/Users/pugazhendhirajendran/Documents/Codex/2026-07-09/https-www-annavinpadaippugal-info/outputs/annavin_text_extractor/organized_contents/kavithaigal/odin_poatri.md
http://www.annavinpadaippugal.info/kavithaigal/orae_nilavu.htm,200,kavithaigal/orae_nilavu.md,no,covered,/Users/pugazhendhirajendran/Documents/Codex/2026-07-09/https-www-annavinpadaippugal-info/outputs/annavin_text_extractor/organized_contents/kavithaigal/orae_nilavu.md
http://www.annavinpadaippugal.info/kavithaigal/paesugirar_aesubiran.htm,200,kavithaigal/paesugirar_aesubiran.md,no,covered,/Users/pugazhendhirajendran/Documents/Codex/2026-07-09/https-www-annavinpadaippugal-info/outputs/annavin_text_extractor/organized_contents/kavithaigal/paesugirar_aesubiran.md
http://www.annavinpadaippugal.info/kavithaigal/paranthathu_oru_pura.htm,200,kavithaigal/paranthathu_oru_pura.md,no,covered,/Users/pugazhendhirajendran/Documents/Codex/2026-07-09/https-www-annavinpadaippugal-info/outputs/annavin_text_extractor/organized_contents/kavithaigal/paranthathu_oru_pura.md
http://www.annavinpadaippugal.info/kavithaigal/pidipattan.htm,200,kavithaigal/pidipattan.md,no,covered,/Users/pugazhendhirajendran/Documents/Codex/2026-07-09/https-www-annavinpadaippugal-info/outputs/annavin_text_extractor/organized_contents/kavithaigal/pidipattan.md
http://www.annavinpadaippugal.info/kavithaigal/poarmurasu.htm,200,kavithaigal/poarmurasu.md,no,covered,/Users/pugazhendhirajendran/Documents/Codex/2026-07-09/https-www-annavinpadaippugal-info/outputs/annavin_text_extractor/organized_contents/kavithaigal/poarmurasu.md
http://www.annavinpadaippugal.info/kavithaigal/pongal_valthu1961.htm,200,kavithaigal/pongal_valthu1961.md,no,covered,/Users/pugazhendhirajendran/Documents/Codex/2026-07-09/https-www-annavinpadaippugal-info/outputs/annavin_text_extractor/organized_contents/kavithaigal/pongal_valthu1961.md
http://www.annavinpadaippugal.info/kavithaigal/pongal_valthu1963.htm,200,kavithaigal/pongal_valthu1963.md,no,covered,/Users/pugazhendhirajendran/Documents/Codex/2026-07-09/https-www-annavinpadaippugal-info/outputs/annavin_text_extractor/organized_contents/kavithaigal/pongal_valthu1963.md
http://www.annavinpadaippugal.info/kavithaigal/pongal_valthu_dnadu1963.htm,200,kavithaigal/pongal_valthu_dnadu1963.md,no,covered,/Users/pugazhendhirajendran/Documents/Codex/2026-07-09/https-www-annavinpadaippugal-info/outputs/annavin_text_extractor/organized_contents/kavithaigal/pongal_valthu_dnadu1963.md
http://www.annavinpadaippugal.info/kavithaigal/porkalam_kaana.htm,200,kavithaigal/porkalam_kaana.md,no,covered,/Users/pugazhendhirajendran/Documents/Codex/2026-07-09/https-www-annavinpadaippugal-info/outputs/annavin_text_extractor/organized_contents/kavithaigal/porkalam_kaana.md
http://www.annavinpadaippugal.info/kavithaigal/pubthiyilla_ulagam.htm,200,kavithaigal/pubthiyilla_ulagam.md,no,covered,/Users/pugazhendhirajendran/Documents/Codex/2026-07-09/https-www-annavinpadaippugal-info/outputs/annavin_text_extractor/organized_contents/kavithaigal/pubthiyilla_ulagam.md
http://www.annavinpadaippugal.info/kavithaigal/punniya_naadu.htm,200,kavithaigal/punniya_naadu.md,no,covered,/Users/pugazhendhirajendran/Documents/Codex/2026-07-09/https-www-annavinpadaippugal-info/outputs/annavin_text_extractor/organized_contents/kavithaigal/punniya_naadu.md
http://www.annavinpadaippugal.info/kavithaigal/puthupoar.htm,200,kavithaigal/puthupoar.md,no,covered,/Users/pugazhendhirajendran/Documents/Codex/2026-07-09/https-www-annavinpadaippugal-info/outputs/annavin_text_extractor/organized_contents/kavithaigal/puthupoar.md
http://www.annavinpadaippugal.info/kavithaigal/seeridum_seettu.htm,200,kavithaigal/seeridum_seettu.md,no,covered,/Users/pugazhendhirajendran/Documents/Codex/2026-07-09/https-www-annavinpadaippugal-info/outputs/annavin_text_extractor/organized_contents/kavithaigal/seeridum_seettu.md
http://www.annavinpadaippugal.info/kavithaigal/sinnaan_sindhu.htm,200,kavithaigal/sinnaan_sindhu.md,no,covered,/Users/pugazhendhirajendran/Documents/Codex/2026-07-09/https-www-annavinpadaippugal-info/outputs/annavin_text_extractor/organized_contents/kavithaigal/sinnaan_sindhu.md
http://www.annavinpadaippugal.info/kavithaigal/sooriya_kutty.htm,200,kavithaigal/sooriya_kutty.md,no,covered,/Users/pugazhendhirajendran/Documents/Codex/2026-07-09/https-www-annavinpadaippugal-info/outputs/annavin_text_extractor/organized_contents/kavithaigal/sooriya_kutty.md
http://www.annavinpadaippugal.info/kavithaigal/tamil_isai.htm,200,kavithaigal/tamil_isai.md,no,covered,/Users/pugazhendhirajendran/Documents/Codex/2026-07-09/https-www-annavinpadaippugal-info/outputs/annavin_text_extractor/organized_contents/kavithaigal/tamil_isai.md
http://www.annavinpadaippugal.info/kavithaigal/thaembuhiraen.htm,200,kavithaigal/thaembuhiraen.md,no,covered,/Users/pugazhendhirajendran/Documents/Codex/2026-07-09/https-www-annavinpadaippugal-info/outputs/annavin_text_extractor/organized_contents/kavithaigal/thaembuhiraen.md
http://www.annavinpadaippugal.info/kavithaigal/thaeyilai_thottathilae.htm,200,kavithaigal/thaeyilai_thottathilae.md,no,covered,/Users/pugazhendhirajendran/Documents/Codex/2026-07-09/https-www-annavinpadaippugal-info/outputs/annavin_text_extractor/organized_contents/kavithaigal/thaeyilai_thottathilae.md
http://www.annavinpadaippugal.info/kavithaigal/thambi_kael.htm,200,kavithaigal/thambi_kael.md,no,covered,/Users/pugazhendhirajendran/Documents/Codex/2026-07-09/https-www-annavinpadaippugal-info/outputs/annavin_text_extractor/organized_contents/kavithaigal/thambi_kael.md
http://www.annavinpadaippugal.info/kavithaigal/tharthevan_poatri.htm,200,kavithaigal/tharthevan_poatri.md,no,covered,/Users/pugazhendhirajendran/Documents/Codex/2026-07-09/https-www-annavinpadaippugal-info/outputs/annavin_text_extractor/organized_contents/kavithaigal/tharthevan_poatri.md
http://www.annavinpadaippugal.info/kavithaigal/theekural.htm,200,kavithaigal/theekural.md,no,covered,/Users/pugazhendhirajendran/Documents/Codex/2026-07-09/https-www-annavinpadaippugal-info/outputs/annavin_text_extractor/organized_contents/kavithaigal/theekural.md
http://www.annavinpadaippugal.info/kavithaigal/theemaigal_ozhithukatta.htm,200,kavithaigal/theemaigal_ozhithukatta.md,no,covered,/Users/pugazhendhirajendran/Documents/Codex/2026-07-09/https-www-annavinpadaippugal-info/outputs/annavin_text_extractor/organized_contents/kavithaigal/theemaigal_ozhithukatta.md
http://www.annavinpadaippugal.info/kavithaigal/theemaigal_podipada.htm,200,kavithaigal/theemaigal_podipada.md,no,covered,/Users/pugazhendhirajendran/Documents/Codex/2026-07-09/https-www-annavinpadaippugal-info/outputs/annavin_text_extractor/organized_contents/kavithaigal/theemaigal_podipada.md
http://www.annavinpadaippugal.info/kavithaigal/thirumbippar.htm,200,kavithaigal/thirumbippar.md,no,covered,/Users/pugazhendhirajendran/Documents/Codex/2026-07-09/https-www-annavinpadaippugal-info/outputs/annavin_text_extractor/organized_contents/kavithaigal/thirumbippar.md
http://www.annavinpadaippugal.info/kavithaigal/thiruvidathai.htm,200,kavithaigal/thiruvidathai.md,no,covered,/Users/pugazhendhirajendran/Documents/Codex/2026-07-09/https-www-annavinpadaippugal-info/outputs/annavin_text_extractor/organized_contents/kavithaigal/thiruvidathai.md
http://www.annavinpadaippugal.info/kavithaigal/udayar_oalam.htm,200,kavithaigal/udayar_oalam.md,no,covered,/Users/pugazhendhirajendran/Documents/Codex/2026-07-09/https-www-annavinpadaippugal-info/outputs/annavin_text_extractor/organized_contents/kavithaigal/udayar_oalam.md
http://www.annavinpadaippugal.info/kavithaigal/unarveer.htm,200,kavithaigal/unarveer.md,no,covered,/Users/pugazhendhirajendran/Documents/Codex/2026-07-09/https-www-annavinpadaippugal-info/outputs/annavin_text_extractor/organized_contents/kavithaigal/unarveer.md
http://www.annavinpadaippugal.info/kavithaigal/vaelappanum_veerappanum.htm,200,kavithaigal/vaelappanum_veerappanum.md,no,covered,/Users/pugazhendhirajendran/Documents/Codex/2026-07-09/https-www-annavinpadaippugal-info/outputs/annavin_text_extractor/organized_contents/kavithaigal/vaelappanum_veerappanum.md
http://www.annavinpadaippugal.info/kavithaigal/vaendum_viduthalai.htm,200,kavithaigal/vaendum_viduthalai.md,no,covered,/Users/pugazhendhirajendran/Documents/Codex/2026-07-09/https-www-annavinpadaippugal-info/outputs/annavin_text_extractor/organized_contents/kavithaigal/vaendum_viduthalai.md
http://www.annavinpadaippugal.info/kavithaigal/vaetpalar_varugirar.htm,200,kavithaigal/vaetpalar_varugirar.md,no,covered,/Users/pugazhendhirajendran/Documents/Codex/2026-07-09/https-www-annavinpadaippugal-info/outputs/annavin_text_extractor/organized_contents/kavithaigal/vaetpalar_varugirar.md
http://www.annavinpadaippugal.info/kavithaigal/vandikaran_magan.htm,200,kavithaigal/vandikaran_magan.md,no,covered,/Users/pugazhendhirajendran/Documents/Codex/2026-07-09/https-www-annavinpadaippugal-info/outputs/annavin_text_extractor/organized_contents/kavithaigal/vandikaran_magan.md
http://www.annavinpadaippugal.info/kavithaigal/vandu_kandaen.htm,200,kavithaigal/vandu_kandaen.md,no,covered,/Users/pugazhendhirajendran/Documents/Codex/2026-07-09/https-www-annavinpadaippugal-info/outputs/annavin_text_extractor/organized_contents/kavithaigal/vandu_kandaen.md
http://www.annavinpadaippugal.info/kavithaigal/vazhibadu.htm,200,kavithaigal/vazhibadu.md,no,covered,/Users/pugazhendhirajendran/Documents/Codex/2026-07-09/https-www-annavinpadaippugal-info/outputs/annavin_text_extractor/organized_contents/kavithaigal/vazhibadu.md
http://www.annavinpadaippugal.info/kavithaigal/veettu_vilakku.htm,200,kavithaigal/veettu_vilakku.md,no,covered,/Users/pugazhendhirajendran/Documents/Codex/2026-07-09/https-www-annavinpadaippugal-info/outputs/annavin_text_extractor/organized_contents/kavithaigal/veettu_vilakku.md
http://www.annavinpadaippugal.info/kavithaigal/velli_mulaikkuthu.htm,200,kavithaigal/velli_mulaikkuthu.md,no,covered,/Users/pugazhendhirajendran/Documents/Codex/2026-07-09/https-www-annavinpadaippugal-info/outputs/annavin_text_extractor/organized_contents/kavithaigal/velli_mulaikkuthu.md
http://www.annavinpadaippugal.info/kavithaigal/viduthalai.htm,200,kavithaigal/viduthalai.md,no,covered,/Users/pugazhendhirajendran/Documents/Codex/2026-07-09/https-www-annavinpadaippugal-info/outputs/annavin_text_extractor/organized_contents/kavithaigal/viduthalai.md
http://www.annavinpadaippugal.info/kavithaigal/vizhiputra_paattali.htm,200,kavithaigal/vizhiputra_paattali.md,no,covered,/Users/pugazhendhirajendran/Documents/Codex/2026-07-09/https-www-annavinpadaippugal-info/outputs/annavin_text_extractor/organized_contents/kavithaigal/vizhiputra_paattali.md
http://www.annavinpadaippugal.info/Kurunavalgal/appothae_sonnaen_1.htm,200,Kurunavalgal/appothae_sonnaen.md,yes,covered,/Users/pugazhendhirajendran/Documents/Codex/2026-07-09/https-www-annavinpadaippugal-info/outputs/annavin_text_extractor/organized_contents/Kurunavalgal/appothae_sonnaen.md
http://www.annavinpadaippugal.info/Kurunavalgal/appothae_sonnaen_2.htm,200,Kurunavalgal/appothae_sonnaen.md,yes,covered,/Users/pugazhendhirajendran/Documents/Codex/2026-07-09/https-www-annavinpadaippugal-info/outputs/annavin_text_extractor/organized_contents/Kurunavalgal/appothae_sonnaen.md
http://www.annavinpadaippugal.info/Kurunavalgal/appothae_sonnaen_3.htm,200,Kurunavalgal/appothae_sonnaen.md,yes,covered,/Users/pugazhendhirajendran/Documents/Codex/2026-07-09/https-www-annavinpadaippugal-info/outputs/annavin_text_extractor/organized_contents/Kurunavalgal/appothae_sonnaen.md
http://www.annavinpadaippugal.info/Kurunavalgal/appothae_sonnaen_4.htm,200,Kurunavalgal/appothae_sonnaen.md,yes,covered,/Users/pugazhendhirajendran/Documents/Codex/2026-07-09/https-www-annavinpadaippugal-info/outputs/annavin_text_extractor/organized_contents/Kurunavalgal/appothae_sonnaen.md
http://www.annavinpadaippugal.info/Kurunavalgal/appothae_sonnaen_5.htm,200,Kurunavalgal/appothae_sonnaen.md,yes,covered,/Users/pugazhendhirajendran/Documents/Codex/2026-07-09/https-www-annavinpadaippugal-info/outputs/annavin_text_extractor/organized_contents/Kurunavalgal/appothae_sonnaen.md
http://www.annavinpadaippugal.info/Kurunavalgal/arasanda_aandi_1.htm,200,Kurunavalgal/arasanda_aandi.md,yes,covered,/Users/pugazhendhirajendran/Documents/Codex/2026-07-09/https-www-annavinpadaippugal-info/outputs/annavin_text_extractor/organized_contents/Kurunavalgal/arasanda_aandi.md
http://www.annavinpadaippugal.info/Kurunavalgal/arasanda_aandi_2.htm,200,Kurunavalgal/arasanda_aandi.md,yes,covered,/Users/pugazhendhirajendran/Documents/Codex/2026-07-09/https-www-annavinpadaippugal-info/outputs/annavin_text_extractor/organized_contents/Kurunavalgal/arasanda_aandi.md
http://www.annavinpadaippugal.info/Kurunavalgal/arasanda_aandi_3.htm,200,Kurunavalgal/arasanda_aandi.md,yes,covered,/Users/pugazhendhirajendran/Documents/Codex/2026-07-09/https-www-annavinpadaippugal-info/outputs/annavin_text_extractor/organized_contents/Kurunavalgal/arasanda_aandi.md
http://www.annavinpadaippugal.info/Kurunavalgal/arasanda_aandi_4.htm,200,Kurunavalgal/arasanda_aandi.md,yes,covered,/Users/pugazhendhirajendran/Documents/Codex/2026-07-09/https-www-annavinpadaippugal-info/outputs/annavin_text_extractor/organized_contents/Kurunavalgal/arasanda_aandi.md
http://www.annavinpadaippugal.info/Kurunavalgal/arasanda_aandi_5.htm,200,Kurunavalgal/arasanda_aandi.md,yes,covered,/Users/pugazhendhirajendran/Documents/Codex/2026-07-09/https-www-annavinpadaippugal-info/outputs/annavin_text_extractor/organized_contents/Kurunavalgal/arasanda_aandi.md
http://www.annavinpadaippugal.info/Kurunavalgal/arasanda_aandi_6.htm,200,Kurunavalgal/arasanda_aandi.md,yes,covered,/Users/pugazhendhirajendran/Documents/Codex/2026-07-09/https-www-annavinpadaippugal-info/outputs/annavin_text_extractor/organized_contents/Kurunavalgal/arasanda_aandi.md
http://www.annavinpadaippugal.info/Kurunavalgal/arasanda_aandi_7.htm,200,Kurunavalgal/arasanda_aandi.md,yes,covered,/Users/pugazhendhirajendran/Documents/Codex/2026-07-09/https-www-annavinpadaippugal-info/outputs/annavin_text_extractor/organized_contents/Kurunavalgal/arasanda_aandi.md
http://www.annavinpadaippugal.info/Kurunavalgal/ettu_naatkal_1.htm,200,Kurunavalgal/ettu_naatkal.md,yes,covered,/Users/pugazhendhirajendran/Documents/Codex/2026-07-09/https-www-annavinpadaippugal-info/outputs/annavin_text_extractor/organized_contents/Kurunavalgal/ettu_naatkal.md
http://www.annavinpadaippugal.info/Kurunavalgal/ettu_naatkal_2.htm,200,Kurunavalgal/ettu_naatkal.md,yes,covered,/Users/pugazhendhirajendran/Documents/Codex/2026-07-09/https-www-annavinpadaippugal-info/outputs/annavin_text_extractor/organized_contents/Kurunavalgal/ettu_naatkal.md
http://www.annavinpadaippugal.info/Kurunavalgal/ettu_naatkal_3.htm,200,Kurunavalgal/ettu_naatkal.md,yes,covered,/Users/pugazhendhirajendran/Documents/Codex/2026-07-09/https-www-annavinpadaippugal-info/outputs/annavin_text_extractor/organized_contents/Kurunavalgal/ettu_naatkal.md
http://www.annavinpadaippugal.info/Kurunavalgal/ettu_naatkal_4.htm,200,Kurunavalgal/ettu_naatkal.md,yes,covered,/Users/pugazhendhirajendran/Documents/Codex/2026-07-09/https-www-annavinpadaippugal-info/outputs/annavin_text_extractor/organized_contents/Kurunavalgal/ettu_naatkal.md
http://www.annavinpadaippugal.info/Kurunavalgal/idhayam_irumbanal_1.htm,200,Kurunavalgal/idhayam_irumbanal.md,yes,covered,/Users/pugazhendhirajendran/Documents/Codex/2026-07-09/https-www-annavinpadaippugal-info/outputs/annavin_text_extractor/organized_contents/Kurunavalgal/idhayam_irumbanal.md
http://www.annavinpadaippugal.info/Kurunavalgal/idhayam_irumbanal_2.htm,200,Kurunavalgal/idhayam_irumbanal.md,yes,covered,/Users/pugazhendhirajendran/Documents/Codex/2026-07-09/https-www-annavinpadaippugal-info/outputs/annavin_text_extractor/organized_contents/Kurunavalgal/idhayam_irumbanal.md
http://www.annavinpadaippugal.info/Kurunavalgal/idhayam_irumbanal_3.htm,200,Kurunavalgal/idhayam_irumbanal.md,yes,covered,/Users/pugazhendhirajendran/Documents/Codex/2026-07-09/https-www-annavinpadaippugal-info/outputs/annavin_text_extractor/organized_contents/Kurunavalgal/idhayam_irumbanal.md
http://www.annavinpadaippugal.info/Kurunavalgal/idhayam_irumbanal_4.htm,200,Kurunavalgal/idhayam_irumbanal.md,yes,covered,/Users/pugazhendhirajendran/Documents/Codex/2026-07-09/https-www-annavinpadaippugal-info/outputs/annavin_text_extractor/organized_contents/Kurunavalgal/idhayam_irumbanal.md
http://www.annavinpadaippugal.info/Kurunavalgal/idhayam_pongiya_1.htm,200,Kurunavalgal/idhayam_pongiya.md,yes,covered,/Users/pugazhendhirajendran/Documents/Codex/2026-07-09/https-www-annavinpadaippugal-info/outputs/annavin_text_extractor/organized_contents/Kurunavalgal/idhayam_pongiya.md
http://www.annavinpadaippugal.info/Kurunavalgal/idhayam_pongiya_2.htm,200,Kurunavalgal/idhayam_pongiya.md,yes,covered,/Users/pugazhendhirajendran/Documents/Codex/2026-07-09/https-www-annavinpadaippugal-info/outputs/annavin_text_extractor/organized_contents/Kurunavalgal/idhayam_pongiya.md
http://www.annavinpadaippugal.info/Kurunavalgal/idhayam_pongiya_3.htm,200,Kurunavalgal/idhayam_pongiya.md,yes,covered,/Users/pugazhendhirajendran/Documents/Codex/2026-07-09/https-www-annavinpadaippugal-info/outputs/annavin_text_extractor/organized_contents/Kurunavalgal/idhayam_pongiya.md
http://www.annavinpadaippugal.info/Kurunavalgal/idhayam_pongiya_4.htm,200,Kurunavalgal/idhayam_pongiya.md,yes,covered,/Users/pugazhendhirajendran/Documents/Codex/2026-07-09/https-www-annavinpadaippugal-info/outputs/annavin_text_extractor/organized_contents/Kurunavalgal/idhayam_pongiya.md
http://www.annavinpadaippugal.info/Kurunavalgal/idhayam_pongiya_5.htm,200,Kurunavalgal/idhayam_pongiya.md,yes,covered,/Users/pugazhendhirajendran/Documents/Codex/2026-07-09/https-www-annavinpadaippugal-info/outputs/annavin_text_extractor/organized_contents/Kurunavalgal/idhayam_pongiya.md
http://www.annavinpadaippugal.info/Kurunavalgal/idhayam_pongiya_6.htm,200,Kurunavalgal/idhayam_pongiya.md,yes,covered,/Users/pugazhendhirajendran/Documents/Codex/2026-07-09/https-www-annavinpadaippugal-info/outputs/annavin_text_extractor/organized_contents/Kurunavalgal/idhayam_pongiya.md
http://www.annavinpadaippugal.info/Kurunavalgal/idhayam_pongiya_7.htm,200,Kurunavalgal/idhayam_pongiya.md,yes,covered,/Users/pugazhendhirajendran/Documents/Codex/2026-07-09/https-www-annavinpadaippugal-info/outputs/annavin_text_extractor/organized_contents/Kurunavalgal/idhayam_pongiya.md
http://www.annavinpadaippugal.info/Kurunavalgal/idhayam_pongiya_8.htm,200,Kurunavalgal/idhayam_pongiya.md,yes,covered,/Users/pugazhendhirajendran/Documents/Codex/2026-07-09/https-www-annavinpadaippugal-info/outputs/annavin_text_extractor/organized_contents/Kurunavalgal/idhayam_pongiya.md
http://www.annavinpadaippugal.info/Kurunavalgal/irumbu_mul_veli_1.htm,200,Kurunavalgal/irumbu_mul_veli.md,yes,covered,/Users/pugazhendhirajendran/Documents/Codex/2026-07-09/https-www-annavinpadaippugal-info/outputs/annavin_text_extractor/organized_contents/Kurunavalgal/irumbu_mul_veli.md
http://www.annavinpadaippugal.info/Kurunavalgal/irumbu_mul_veli_2.htm,200,Kurunavalgal/irumbu_mul_veli.md,yes,covered,/Users/pugazhendhirajendran/Documents/Codex/2026-07-09/https-www-annavinpadaippugal-info/outputs/annavin_text_extractor/organized_contents/Kurunavalgal/irumbu_mul_veli.md
http://www.annavinpadaippugal.info/Kurunavalgal/irumbu_mul_veli_3.htm,200,Kurunavalgal/irumbu_mul_veli.md,yes,covered,/Users/pugazhendhirajendran/Documents/Codex/2026-07-09/https-www-annavinpadaippugal-info/outputs/annavin_text_extractor/organized_contents/Kurunavalgal/irumbu_mul_veli.md
http://www.annavinpadaippugal.info/Kurunavalgal/irumbu_mul_veli_4.htm,200,Kurunavalgal/irumbu_mul_veli.md,yes,covered,/Users/pugazhendhirajendran/Documents/Codex/2026-07-09/https-www-annavinpadaippugal-info/outputs/annavin_text_extractor/organized_contents/Kurunavalgal/irumbu_mul_veli.md
http://www.annavinpadaippugal.info/Kurunavalgal/kabothipurakkathal_1.htm,200,Kurunavalgal/kabothipurakkathal.md,yes,covered,/Users/pugazhendhirajendran/Documents/Codex/2026-07-09/https-www-annavinpadaippugal-info/outputs/annavin_text_extractor/organized_contents/Kurunavalgal/kabothipurakkathal.md
http://www.annavinpadaippugal.info/Kurunavalgal/kabothipurakkathal_2.htm,200,Kurunavalgal/kabothipurakkathal.md,yes,covered,/Users/pugazhendhirajendran/Documents/Codex/2026-07-09/https-www-annavinpadaippugal-info/outputs/annavin_text_extractor/organized_contents/Kurunavalgal/kabothipurakkathal.md
http://www.annavinpadaippugal.info/Kurunavalgal/kabothipurakkathal_3.htm,200,Kurunavalgal/kabothipurakkathal.md,yes,covered,/Users/pugazhendhirajendran/Documents/Codex/2026-07-09/https-www-annavinpadaippugal-info/outputs/annavin_text_extractor/organized_contents/Kurunavalgal/kabothipurakkathal.md
http://www.annavinpadaippugal.info/Kurunavalgal/kabothipurakkathal_4.htm,200,Kurunavalgal/kabothipurakkathal.md,yes,covered,/Users/pugazhendhirajendran/Documents/Codex/2026-07-09/https-www-annavinpadaippugal-info/outputs/annavin_text_extractor/organized_contents/Kurunavalgal/kabothipurakkathal.md
http://www.annavinpadaippugal.info/Kurunavalgal/kabothipurakkathal_5.htm,200,Kurunavalgal/kabothipurakkathal.md,yes,covered,/Users/pugazhendhirajendran/Documents/Codex/2026-07-09/https-www-annavinpadaippugal-info/outputs/annavin_text_extractor/organized_contents/Kurunavalgal/kabothipurakkathal.md
http://www.annavinpadaippugal.info/Kurunavalgal/kabothipurakkathal_6.htm,200,Kurunavalgal/kabothipurakkathal.md,yes,covered,/Users/pugazhendhirajendran/Documents/Codex/2026-07-09/https-www-annavinpadaippugal-info/outputs/annavin_text_extractor/organized_contents/Kurunavalgal/kabothipurakkathal.md
http://www.annavinpadaippugal.info/Kurunavalgal/kadaisikkalavu_1.htm,200,Kurunavalgal/kadaisikkalavu.md,yes,covered,/Users/pugazhendhirajendran/Documents/Codex/2026-07-09/https-www-annavinpadaippugal-info/outputs/annavin_text_extractor/organized_contents/Kurunavalgal/kadaisikkalavu.md
http://www.annavinpadaippugal.info/Kurunavalgal/kadaisikkalavu_2.htm,200,Kurunavalgal/kadaisikkalavu.md,yes,covered,/Users/pugazhendhirajendran/Documents/Codex/2026-07-09/https-www-annavinpadaippugal-info/outputs/annavin_text_extractor/organized_contents/Kurunavalgal/kadaisikkalavu.md
http://www.annavinpadaippugal.info/Kurunavalgal/kadaisikkalavu_3.htm,200,Kurunavalgal/kadaisikkalavu.md,yes,covered,/Users/pugazhendhirajendran/Documents/Codex/2026-07-09/https-www-annavinpadaippugal-info/outputs/annavin_text_extractor/organized_contents/Kurunavalgal/kadaisikkalavu.md
http://www.annavinpadaippugal.info/Kurunavalgal/kadaisikkalavu_4.htm,200,Kurunavalgal/kadaisikkalavu.md,yes,covered,/Users/pugazhendhirajendran/Documents/Codex/2026-07-09/https-www-annavinpadaippugal-info/outputs/annavin_text_extractor/organized_contents/Kurunavalgal/kadaisikkalavu.md
http://www.annavinpadaippugal.info/Kurunavalgal/kadaisikkalavu_5.htm,200,Kurunavalgal/kadaisikkalavu.md,yes,covered,/Users/pugazhendhirajendran/Documents/Codex/2026-07-09/https-www-annavinpadaippugal-info/outputs/annavin_text_extractor/organized_contents/Kurunavalgal/kadaisikkalavu.md
http://www.annavinpadaippugal.info/Kurunavalgal/kadaisikkalavu_6.htm,200,Kurunavalgal/kadaisikkalavu.md,yes,covered,/Users/pugazhendhirajendran/Documents/Codex/2026-07-09/https-www-annavinpadaippugal-info/outputs/annavin_text_extractor/organized_contents/Kurunavalgal/kadaisikkalavu.md
http://www.annavinpadaippugal.info/Kurunavalgal/komalathin_kobam_1.htm,200,Kurunavalgal/komalathin_kobam.md,yes,covered,/Users/pugazhendhirajendran/Documents/Codex/2026-07-09/https-www-annavinpadaippugal-info/outputs/annavin_text_extractor/organized_contents/Kurunavalgal/komalathin_kobam.md
http://www.annavinpadaippugal.info/Kurunavalgal/komalathin_kobam_2.htm,200,Kurunavalgal/komalathin_kobam.md,yes,covered,/Users/pugazhendhirajendran/Documents/Codex/2026-07-09/https-www-annavinpadaippugal-info/outputs/annavin_text_extractor/organized_contents/Kurunavalgal/komalathin_kobam.md
http://www.annavinpadaippugal.info/Kurunavalgal/komalathin_kobam_3.htm,200,Kurunavalgal/komalathin_kobam.md,yes,covered,/Users/pugazhendhirajendran/Documents/Codex/2026-07-09/https-www-annavinpadaippugal-info/outputs/annavin_text_extractor/organized_contents/Kurunavalgal/komalathin_kobam.md
http://www.annavinpadaippugal.info/Kurunavalgal/kumarikkottam_1.htm,200,Kurunavalgal/kumarikkottam.md,yes,covered,/Users/pugazhendhirajendran/Documents/Codex/2026-07-09/https-www-annavinpadaippugal-info/outputs/annavin_text_extractor/organized_contents/Kurunavalgal/kumarikkottam.md
http://www.annavinpadaippugal.info/Kurunavalgal/kumarikkottam_2.htm,200,Kurunavalgal/kumarikkottam.md,yes,covered,/Users/pugazhendhirajendran/Documents/Codex/2026-07-09/https-www-annavinpadaippugal-info/outputs/annavin_text_extractor/organized_contents/Kurunavalgal/kumarikkottam.md
http://www.annavinpadaippugal.info/Kurunavalgal/kumarikkottam_3.htm,200,Kurunavalgal/kumarikkottam.md,yes,covered,/Users/pugazhendhirajendran/Documents/Codex/2026-07-09/https-www-annavinpadaippugal-info/outputs/annavin_text_extractor/organized_contents/Kurunavalgal/kumarikkottam.md
http://www.annavinpadaippugal.info/Kurunavalgal/kumarikkottam_4.htm,200,Kurunavalgal/kumarikkottam.md,yes,covered,/Users/pugazhendhirajendran/Documents/Codex/2026-07-09/https-www-annavinpadaippugal-info/outputs/annavin_text_extractor/organized_contents/Kurunavalgal/kumarikkottam.md
http://www.annavinpadaippugal.info/Kurunavalgal/kumasthavin_penn_1.htm,200,Kurunavalgal/kumasthavin_penn.md,yes,covered,/Users/pugazhendhirajendran/Documents/Codex/2026-07-09/https-www-annavinpadaippugal-info/outputs/annavin_text_extractor/organized_contents/Kurunavalgal/kumasthavin_penn.md
http://www.annavinpadaippugal.info/Kurunavalgal/kumasthavin_penn_2.htm,200,Kurunavalgal/kumasthavin_penn.md,yes,covered,/Users/pugazhendhirajendran/Documents/Codex/2026-07-09/https-www-annavinpadaippugal-info/outputs/annavin_text_extractor/organized_contents/Kurunavalgal/kumasthavin_penn.md
http://www.annavinpadaippugal.info/Kurunavalgal/kumasthavin_penn_3.htm,200,Kurunavalgal/kumasthavin_penn.md,yes,covered,/Users/pugazhendhirajendran/Documents/Codex/2026-07-09/https-www-annavinpadaippugal-info/outputs/annavin_text_extractor/organized_contents/Kurunavalgal/kumasthavin_penn.md
http://www.annavinpadaippugal.info/Kurunavalgal/kumasthavin_penn_4.htm,200,Kurunavalgal/kumasthavin_penn.md,yes,covered,/Users/pugazhendhirajendran/Documents/Codex/2026-07-09/https-www-annavinpadaippugal-info/outputs/annavin_text_extractor/organized_contents/Kurunavalgal/kumasthavin_penn.md
http://www.annavinpadaippugal.info/Kurunavalgal/kumasthavin_penn_5.htm,200,Kurunavalgal/kumasthavin_penn.md,yes,covered,/Users/pugazhendhirajendran/Documents/Codex/2026-07-09/https-www-annavinpadaippugal-info/outputs/annavin_text_extractor/organized_contents/Kurunavalgal/kumasthavin_penn.md
http://www.annavinpadaippugal.info/Kurunavalgal/kumasthavin_penn_6.htm,200,Kurunavalgal/kumasthavin_penn.md,yes,covered,/Users/pugazhendhirajendran/Documents/Codex/2026-07-09/https-www-annavinpadaippugal-info/outputs/annavin_text_extractor/organized_contents/Kurunavalgal/kumasthavin_penn.md
http://www.annavinpadaippugal.info/Kurunavalgal/makkal_karamum_mannar_siramum_1.htm,200,Kurunavalgal/makkal_karamum_mannar_siramum.md,yes,covered,/Users/pugazhendhirajendran/Documents/Codex/2026-07-09/https-www-annavinpadaippugal-info/outputs/annavin_text_extractor/organized_contents/Kurunavalgal/makkal_karamum_mannar_siramum.md
http://www.annavinpadaippugal.info/Kurunavalgal/makkal_karamum_mannar_siramum_2.htm,200,Kurunavalgal/makkal_karamum_mannar_siramum.md,yes,covered,/Users/pugazhendhirajendran/Documents/Codex/2026-07-09/https-www-annavinpadaippugal-info/outputs/annavin_text_extractor/organized_contents/Kurunavalgal/makkal_karamum_mannar_siramum.md
http://www.annavinpadaippugal.info/Kurunavalgal/makkal_karamum_mannar_siramum_3.htm,200,Kurunavalgal/makkal_karamum_mannar_siramum.md,yes,covered,/Users/pugazhendhirajendran/Documents/Codex/2026-07-09/https-www-annavinpadaippugal-info/outputs/annavin_text_extractor/organized_contents/Kurunavalgal/makkal_karamum_mannar_siramum.md
http://www.annavinpadaippugal.info/Kurunavalgal/makkal_karamum_mannar_siramum_4.htm,200,Kurunavalgal/makkal_karamum_mannar_siramum.md,yes,covered,/Users/pugazhendhirajendran/Documents/Codex/2026-07-09/https-www-annavinpadaippugal-info/outputs/annavin_text_extractor/organized_contents/Kurunavalgal/makkal_karamum_mannar_siramum.md
http://www.annavinpadaippugal.info/Kurunavalgal/makkal_theerpu_1.htm,200,Kurunavalgal/makkal_theerpu.md,yes,covered,/Users/pugazhendhirajendran/Documents/Codex/2026-07-09/https-www-annavinpadaippugal-info/outputs/annavin_text_extractor/organized_contents/Kurunavalgal/makkal_theerpu.md
http://www.annavinpadaippugal.info/Kurunavalgal/makkal_theerpu_2.htm,200,Kurunavalgal/makkal_theerpu.md,yes,covered,/Users/pugazhendhirajendran/Documents/Codex/2026-07-09/https-www-annavinpadaippugal-info/outputs/annavin_text_extractor/organized_contents/Kurunavalgal/makkal_theerpu.md
http://www.annavinpadaippugal.info/Kurunavalgal/makkal_theerpu_3.htm,200,Kurunavalgal/makkal_theerpu.md,yes,covered,/Users/pugazhendhirajendran/Documents/Codex/2026-07-09/https-www-annavinpadaippugal-info/outputs/annavin_text_extractor/organized_contents/Kurunavalgal/makkal_theerpu.md
http://www.annavinpadaippugal.info/Kurunavalgal/oliyuril_omakundam_1.htm,200,Kurunavalgal/oliyuril_omakundam.md,yes,covered,/Users/pugazhendhirajendran/Documents/Codex/2026-07-09/https-www-annavinpadaippugal-info/outputs/annavin_text_extractor/organized_contents/Kurunavalgal/oliyuril_omakundam.md
http://www.annavinpadaippugal.info/Kurunavalgal/oliyuril_omakundam_2.htm,200,Kurunavalgal/oliyuril_omakundam.md,yes,covered,/Users/pugazhendhirajendran/Documents/Codex/2026-07-09/https-www-annavinpadaippugal-info/outputs/annavin_text_extractor/organized_contents/Kurunavalgal/oliyuril_omakundam.md
http://www.annavinpadaippugal.info/Kurunavalgal/oliyuril_omakundam_3.htm,200,Kurunavalgal/oliyuril_omakundam.md,yes,covered,/Users/pugazhendhirajendran/Documents/Codex/2026-07-09/https-www-annavinpadaippugal-info/outputs/annavin_text_extractor/organized_contents/Kurunavalgal/oliyuril_omakundam.md
http://www.annavinpadaippugal.info/Kurunavalgal/pavalapaspam_1.htm,200,Kurunavalgal/pavalapaspam.md,yes,covered,/Users/pugazhendhirajendran/Documents/Codex/2026-07-09/https-www-annavinpadaippugal-info/outputs/annavin_text_extractor/organized_contents/Kurunavalgal/pavalapaspam.md
http://www.annavinpadaippugal.info/Kurunavalgal/pavalapaspam_2.htm,200,Kurunavalgal/pavalapaspam.md,yes,covered,/Users/pugazhendhirajendran/Documents/Codex/2026-07-09/https-www-annavinpadaippugal-info/outputs/annavin_text_extractor/organized_contents/Kurunavalgal/pavalapaspam.md
http://www.annavinpadaippugal.info/Kurunavalgal/pavalapaspam_3.htm,200,Kurunavalgal/pavalapaspam.md,yes,covered,/Users/pugazhendhirajendran/Documents/Codex/2026-07-09/https-www-annavinpadaippugal-info/outputs/annavin_text_extractor/organized_contents/Kurunavalgal/pavalapaspam.md
http://www.annavinpadaippugal.info/Kurunavalgal/pidisambal_1.htm,200,Kurunavalgal/pidisambal.md,yes,covered,/Users/pugazhendhirajendran/Documents/Codex/2026-07-09/https-www-annavinpadaippugal-info/outputs/annavin_text_extractor/organized_contents/Kurunavalgal/pidisambal.md
http://www.annavinpadaippugal.info/Kurunavalgal/pidisambal_2.htm,200,Kurunavalgal/pidisambal.md,yes,covered,/Users/pugazhendhirajendran/Documents/Codex/2026-07-09/https-www-annavinpadaippugal-info/outputs/annavin_text_extractor/organized_contents/Kurunavalgal/pidisambal.md
http://www.annavinpadaippugal.info/Kurunavalgal/pidisambal_3.htm,200,Kurunavalgal/pidisambal.md,yes,covered,/Users/pugazhendhirajendran/Documents/Codex/2026-07-09/https-www-annavinpadaippugal-info/outputs/annavin_text_extractor/organized_contents/Kurunavalgal/pidisambal.md
http://www.annavinpadaippugal.info/Kurunavalgal/pidisambal_4.htm,200,Kurunavalgal/pidisambal.md,yes,covered,/Users/pugazhendhirajendran/Documents/Codex/2026-07-09/https-www-annavinpadaippugal-info/outputs/annavin_text_extractor/organized_contents/Kurunavalgal/pidisambal.md
http://www.annavinpadaippugal.info/Kurunavalgal/puthiya_polivu_1.htm,200,Kurunavalgal/puthiya_polivu.md,yes,covered,/Users/pugazhendhirajendran/Documents/Codex/2026-07-09/https-www-annavinpadaippugal-info/outputs/annavin_text_extractor/organized_contents/Kurunavalgal/puthiya_polivu.md
http://www.annavinpadaippugal.info/Kurunavalgal/puthiya_polivu_2.htm,200,Kurunavalgal/puthiya_polivu.md,yes,covered,/Users/pugazhendhirajendran/Documents/Codex/2026-07-09/https-www-annavinpadaippugal-info/outputs/annavin_text_extractor/organized_contents/Kurunavalgal/puthiya_polivu.md
http://www.annavinpadaippugal.info/Kurunavalgal/puthiya_polivu_3.htm,200,Kurunavalgal/puthiya_polivu.md,yes,covered,/Users/pugazhendhirajendran/Documents/Codex/2026-07-09/https-www-annavinpadaippugal-info/outputs/annavin_text_extractor/organized_contents/Kurunavalgal/puthiya_polivu.md
http://www.annavinpadaippugal.info/Kurunavalgal/puthiya_polivu_4.htm,200,Kurunavalgal/puthiya_polivu.md,yes,covered,/Users/pugazhendhirajendran/Documents/Codex/2026-07-09/https-www-annavinpadaippugal-info/outputs/annavin_text_extractor/organized_contents/Kurunavalgal/puthiya_polivu.md
http://www.annavinpadaippugal.info/Kurunavalgal/puthiya_polivu_5.htm,200,Kurunavalgal/puthiya_polivu.md,yes,covered,/Users/pugazhendhirajendran/Documents/Codex/2026-07-09/https-www-annavinpadaippugal-info/outputs/annavin_text_extractor/organized_contents/Kurunavalgal/puthiya_polivu.md
http://www.annavinpadaippugal.info/Kurunavalgal/santhirothayam_1.htm,200,Kurunavalgal/santhirothayam.md,yes,covered,/Users/pugazhendhirajendran/Documents/Codex/2026-07-09/https-www-annavinpadaippugal-info/outputs/annavin_text_extractor/organized_contents/Kurunavalgal/santhirothayam.md
http://www.annavinpadaippugal.info/Kurunavalgal/santhirothayam_2.htm,200,Kurunavalgal/santhirothayam.md,yes,covered,/Users/pugazhendhirajendran/Documents/Codex/2026-07-09/https-www-annavinpadaippugal-info/outputs/annavin_text_extractor/organized_contents/Kurunavalgal/santhirothayam.md
http://www.annavinpadaippugal.info/Kurunavalgal/singalacheematti_1.htm,200,Kurunavalgal/singalacheematti.md,yes,covered,/Users/pugazhendhirajendran/Documents/Codex/2026-07-09/https-www-annavinpadaippugal-info/outputs/annavin_text_extractor/organized_contents/Kurunavalgal/singalacheematti.md
http://www.annavinpadaippugal.info/Kurunavalgal/singalacheematti_2.htm,200,Kurunavalgal/singalacheematti.md,yes,covered,/Users/pugazhendhirajendran/Documents/Codex/2026-07-09/https-www-annavinpadaippugal-info/outputs/annavin_text_extractor/organized_contents/Kurunavalgal/singalacheematti.md
http://www.annavinpadaippugal.info/Kurunavalgal/thanjai_veezhchi_1.htm,200,Kurunavalgal/thanjai_veezhchi.md,yes,covered,/Users/pugazhendhirajendran/Documents/Codex/2026-07-09/https-www-annavinpadaippugal-info/outputs/annavin_text_extractor/organized_contents/Kurunavalgal/thanjai_veezhchi.md
http://www.annavinpadaippugal.info/Kurunavalgal/thanjai_veezhchi_2.htm,200,Kurunavalgal/thanjai_veezhchi.md,yes,covered,/Users/pugazhendhirajendran/Documents/Codex/2026-07-09/https-www-annavinpadaippugal-info/outputs/annavin_text_extractor/organized_contents/Kurunavalgal/thanjai_veezhchi.md
http://www.annavinpadaippugal.info/Kurunavalgal/thanjai_veezhchi_3.htm,200,Kurunavalgal/thanjai_veezhchi.md,yes,covered,/Users/pugazhendhirajendran/Documents/Codex/2026-07-09/https-www-annavinpadaippugal-info/outputs/annavin_text_extractor/organized_contents/Kurunavalgal/thanjai_veezhchi.md
http://www.annavinpadaippugal.info/Kurunavalgal/thanjai_veezhchi_4.htm,200,Kurunavalgal/thanjai_veezhchi.md,yes,covered,/Users/pugazhendhirajendran/Documents/Codex/2026-07-09/https-www-annavinpadaippugal-info/outputs/annavin_text_extractor/organized_contents/Kurunavalgal/thanjai_veezhchi.md
http://www.annavinpadaippugal.info/Kurunavalgal/thazhumbugal_1.htm,200,Kurunavalgal/thazhumbugal.md,yes,covered,/Users/pugazhendhirajendran/Documents/Codex/2026-07-09/https-www-annavinpadaippugal-info/outputs/annavin_text_extractor/organized_contents/Kurunavalgal/thazhumbugal.md
http://www.annavinpadaippugal.info/Kurunavalgal/thazhumbugal_2.htm,200,Kurunavalgal/thazhumbugal.md,yes,covered,/Users/pugazhendhirajendran/Documents/Codex/2026-07-09/https-www-annavinpadaippugal-info/outputs/annavin_text_extractor/organized_contents/Kurunavalgal/thazhumbugal.md
http://www.annavinpadaippugal.info/Kurunavalgal/thazhumbugal_3.htm,200,Kurunavalgal/thazhumbugal.md,yes,covered,/Users/pugazhendhirajendran/Documents/Codex/2026-07-09/https-www-annavinpadaippugal-info/outputs/annavin_text_extractor/organized_contents/Kurunavalgal/thazhumbugal.md
http://www.annavinpadaippugal.info/Kurunavalgal/thazhumbugal_4.htm,200,Kurunavalgal/thazhumbugal.md,yes,covered,/Users/pugazhendhirajendran/Documents/Codex/2026-07-09/https-www-annavinpadaippugal-info/outputs/annavin_text_extractor/organized_contents/Kurunavalgal/thazhumbugal.md
http://www.annavinpadaippugal.info/Kurunavalgal/thirumalai_kanda_thivyajothi_1.htm,200,Kurunavalgal/thirumalai_kanda_thivyajothi.md,yes,covered,/Users/pugazhendhirajendran/Documents/Codex/2026-07-09/https-www-annavinpadaippugal-info/outputs/annavin_text_extractor/organized_contents/Kurunavalgal/thirumalai_kanda_thivyajothi.md
http://www.annavinpadaippugal.info/Kurunavalgal/thirumalai_kanda_thivyajothi_2.htm,200,Kurunavalgal/thirumalai_kanda_thivyajothi.md,yes,covered,/Users/pugazhendhirajendran/Documents/Codex/2026-07-09/https-www-annavinpadaippugal-info/outputs/annavin_text_extractor/organized_contents/Kurunavalgal/thirumalai_kanda_thivyajothi.md
http://www.annavinpadaippugal.info/Kurunavalgal/udanpiranthar_iruvar_1.htm,200,Kurunavalgal/udanpiranthar_iruvar.md,yes,covered,/Users/pugazhendhirajendran/Documents/Codex/2026-07-09/https-www-annavinpadaippugal-info/outputs/annavin_text_extractor/organized_contents/Kurunavalgal/udanpiranthar_iruvar.md
http://www.annavinpadaippugal.info/Kurunavalgal/udanpiranthar_iruvar_2.htm,200,Kurunavalgal/udanpiranthar_iruvar.md,yes,covered,/Users/pugazhendhirajendran/Documents/Codex/2026-07-09/https-www-annavinpadaippugal-info/outputs/annavin_text_extractor/organized_contents/Kurunavalgal/udanpiranthar_iruvar.md
http://www.annavinpadaippugal.info/Kurunavalgal/udanpiranthar_iruvar_3.htm,200,Kurunavalgal/udanpiranthar_iruvar.md,yes,covered,/Users/pugazhendhirajendran/Documents/Codex/2026-07-09/https-www-annavinpadaippugal-info/outputs/annavin_text_extractor/organized_contents/Kurunavalgal/udanpiranthar_iruvar.md
http://www.annavinpadaippugal.info/Kurunavalgal/udanpiranthar_iruvar_4.htm,200,Kurunavalgal/udanpiranthar_iruvar.md,yes,covered,/Users/pugazhendhirajendran/Documents/Codex/2026-07-09/https-www-annavinpadaippugal-info/outputs/annavin_text_extractor/organized_contents/Kurunavalgal/udanpiranthar_iruvar.md
http://www.annavinpadaippugal.info/Kurunavalgal/vandikkaran_magan_1.htm,200,Kurunavalgal/vandikkaran_magan.md,yes,covered,/Users/pugazhendhirajendran/Documents/Codex/2026-07-09/https-www-annavinpadaippugal-info/outputs/annavin_text_extractor/organized_contents/Kurunavalgal/vandikkaran_magan.md
http://www.annavinpadaippugal.info/Kurunavalgal/vandikkaran_magan_2.htm,200,Kurunavalgal/vandikkaran_magan.md,yes,covered,/Users/pugazhendhirajendran/Documents/Codex/2026-07-09/https-www-annavinpadaippugal-info/outputs/annavin_text_extractor/organized_contents/Kurunavalgal/vandikkaran_magan.md
http://www.annavinpadaippugal.info/Kurunavalgal/vandikkaran_magan_3.htm,200,Kurunavalgal/vandikkaran_magan.md,yes,covered,/Users/pugazhendhirajendran/Documents/Codex/2026-07-09/https-www-annavinpadaippugal-info/outputs/annavin_text_extractor/organized_contents/Kurunavalgal/vandikkaran_magan.md
http://www.annavinpadaippugal.info/Kurunavalgal/vandikkaran_magan_4.htm,200,Kurunavalgal/vandikkaran_magan.md,yes,covered,/Users/pugazhendhirajendran/Documents/Codex/2026-07-09/https-www-annavinpadaippugal-info/outputs/annavin_text_extractor/organized_contents/Kurunavalgal/vandikkaran_magan.md
http://www.annavinpadaippugal.info/nadagangal/aadiyapatham_1.htm,200,nadagangal/aadiyapatham.md,yes,covered,/Users/pugazhendhirajendran/Documents/Codex/2026-07-09/https-www-annavinpadaippugal-info/outputs/annavin_text_extractor/organized_contents/nadagangal/aadiyapatham.md
http://www.annavinpadaippugal.info/nadagangal/aadiyapatham_2.htm,200,nadagangal/aadiyapatham.md,yes,covered,/Users/pugazhendhirajendran/Documents/Codex/2026-07-09/https-www-annavinpadaippugal-info/outputs/annavin_text_extractor/organized_contents/nadagangal/aadiyapatham.md
http://www.annavinpadaippugal.info/nadagangal/aadiyapatham_3.htm,200,nadagangal/aadiyapatham.md,yes,covered,/Users/pugazhendhirajendran/Documents/Codex/2026-07-09/https-www-annavinpadaippugal-info/outputs/annavin_text_extractor/organized_contents/nadagangal/aadiyapatham.md
http://www.annavinpadaippugal.info/nadagangal/aalai_arumugam_1.htm,200,nadagangal/aalai_arumugam.md,yes,covered,/Users/pugazhendhirajendran/Documents/Codex/2026-07-09/https-www-annavinpadaippugal-info/outputs/annavin_text_extractor/organized_contents/nadagangal/aalai_arumugam.md
http://www.annavinpadaippugal.info/nadagangal/aalai_arumugam_2.htm,200,nadagangal/aalai_arumugam.md,yes,covered,/Users/pugazhendhirajendran/Documents/Codex/2026-07-09/https-www-annavinpadaippugal-info/outputs/annavin_text_extractor/organized_contents/nadagangal/aalai_arumugam.md
http://www.annavinpadaippugal.info/nadagangal/aatrangaraiyinilae_1.htm,200,nadagangal/aatrangaraiyinilae_1.md,no,covered,/Users/pugazhendhirajendran/Documents/Codex/2026-07-09/https-www-annavinpadaippugal-info/outputs/annavin_text_extractor/organized_contents/nadagangal/aatrangaraiyinilae_1.md
http://www.annavinpadaippugal.info/nadagangal/ambal_kadatcham_1.htm,200,nadagangal/ambal_kadatcham.md,yes,covered,/Users/pugazhendhirajendran/Documents/Codex/2026-07-09/https-www-annavinpadaippugal-info/outputs/annavin_text_extractor/organized_contents/nadagangal/ambal_kadatcham.md
http://www.annavinpadaippugal.info/nadagangal/ambal_kadatcham_2.htm,200,nadagangal/ambal_kadatcham.md,yes,covered,/Users/pugazhendhirajendran/Documents/Codex/2026-07-09/https-www-annavinpadaippugal-info/outputs/annavin_text_extractor/organized_contents/nadagangal/ambal_kadatcham.md
http://www.annavinpadaippugal.info/nadagangal/avan_pithana_1.htm,200,nadagangal/avan_pithana.md,yes,covered,/Users/pugazhendhirajendran/Documents/Codex/2026-07-09/https-www-annavinpadaippugal-info/outputs/annavin_text_extractor/organized_contents/nadagangal/avan_pithana.md
http://www.annavinpadaippugal.info/nadagangal/avan_pithana_2.htm,200,nadagangal/avan_pithana.md,yes,covered,/Users/pugazhendhirajendran/Documents/Codex/2026-07-09/https-www-annavinpadaippugal-info/outputs/annavin_text_extractor/organized_contents/nadagangal/avan_pithana.md
http://www.annavinpadaippugal.info/nadagangal/avanasiyar_1.htm,200,nadagangal/avanasiyar_1.md,no,covered,/Users/pugazhendhirajendran/Documents/Codex/2026-07-09/https-www-annavinpadaippugal-info/outputs/annavin_text_extractor/organized_contents/nadagangal/avanasiyar_1.md
http://www.annavinpadaippugal.info/nadagangal/avar_pesathathu_1.htm,200,nadagangal/avar_pesathathu_1.md,no,covered,/Users/pugazhendhirajendran/Documents/Codex/2026-07-09/https-www-annavinpadaippugal-info/outputs/annavin_text_extractor/organized_contents/nadagangal/avar_pesathathu_1.md
http://www.annavinpadaippugal.info/nadagangal/avargal_ullam_1.htm,200,nadagangal/avargal_ullam_1.md,no,covered,/Users/pugazhendhirajendran/Documents/Codex/2026-07-09/https-www-annavinpadaippugal-info/outputs/annavin_text_extractor/organized_contents/nadagangal/avargal_ullam_1.md
http://www.annavinpadaippugal.info/nadagangal/bagirathiyin_1.htm,200,nadagangal/bagirathiyin_1.md,no,covered,/Users/pugazhendhirajendran/Documents/Codex/2026-07-09/https-www-annavinpadaippugal-info/outputs/annavin_text_extractor/organized_contents/nadagangal/bagirathiyin_1.md
http://www.annavinpadaippugal.info/nadagangal/bajirao_1.htm,200,nadagangal/bajirao_1.md,no,covered,/Users/pugazhendhirajendran/Documents/Codex/2026-07-09/https-www-annavinpadaippugal-info/outputs/annavin_text_extractor/organized_contents/nadagangal/bajirao_1.md
http://www.annavinpadaippugal.info/nadagangal/bankak_bankaja_1.htm,200,nadagangal/bankak_bankaja_1.md,no,covered,/Users/pugazhendhirajendran/Documents/Codex/2026-07-09/https-www-annavinpadaippugal-info/outputs/annavin_text_extractor/organized_contents/nadagangal/bankak_bankaja_1.md
http://www.annavinpadaippugal.info/nadagangal/bankar_1.htm,200,nadagangal/bankar_1.md,no,covered,/Users/pugazhendhirajendran/Documents/Codex/2026-07-09/https-www-annavinpadaippugal-info/outputs/annavin_text_extractor/organized_contents/nadagangal/bankar_1.md
http://www.annavinpadaippugal.info/nadagangal/bharatham_1.htm,200,nadagangal/bharatham_1.md,no,covered,/Users/pugazhendhirajendran/Documents/Codex/2026-07-09/https-www-annavinpadaippugal-info/outputs/annavin_text_extractor/organized_contents/nadagangal/bharatham_1.md
http://www.annavinpadaippugal.info/nadagangal/chandramohan_1.htm,200,nadagangal/chandramohan.md,yes,covered,/Users/pugazhendhirajendran/Documents/Codex/2026-07-09/https-www-annavinpadaippugal-info/outputs/annavin_text_extractor/organized_contents/nadagangal/chandramohan.md
http://www.annavinpadaippugal.info/nadagangal/chandramohan_10.htm,200,nadagangal/chandramohan.md,yes,covered,/Users/pugazhendhirajendran/Documents/Codex/2026-07-09/https-www-annavinpadaippugal-info/outputs/annavin_text_extractor/organized_contents/nadagangal/chandramohan.md
http://www.annavinpadaippugal.info/nadagangal/chandramohan_11.htm,200,nadagangal/chandramohan.md,yes,covered,/Users/pugazhendhirajendran/Documents/Codex/2026-07-09/https-www-annavinpadaippugal-info/outputs/annavin_text_extractor/organized_contents/nadagangal/chandramohan.md
http://www.annavinpadaippugal.info/nadagangal/chandramohan_2.htm,200,nadagangal/chandramohan.md,yes,covered,/Users/pugazhendhirajendran/Documents/Codex/2026-07-09/https-www-annavinpadaippugal-info/outputs/annavin_text_extractor/organized_contents/nadagangal/chandramohan.md
http://www.annavinpadaippugal.info/nadagangal/chandramohan_3.htm,200,nadagangal/chandramohan.md,yes,covered,/Users/pugazhendhirajendran/Documents/Codex/2026-07-09/https-www-annavinpadaippugal-info/outputs/annavin_text_extractor/organized_contents/nadagangal/chandramohan.md
http://www.annavinpadaippugal.info/nadagangal/chandramohan_4.htm,200,nadagangal/chandramohan.md,yes,covered,/Users/pugazhendhirajendran/Documents/Codex/2026-07-09/https-www-annavinpadaippugal-info/outputs/annavin_text_extractor/organized_contents/nadagangal/chandramohan.md
http://www.annavinpadaippugal.info/nadagangal/chandramohan_5.htm,200,nadagangal/chandramohan.md,yes,covered,/Users/pugazhendhirajendran/Documents/Codex/2026-07-09/https-www-annavinpadaippugal-info/outputs/annavin_text_extractor/organized_contents/nadagangal/chandramohan.md
http://www.annavinpadaippugal.info/nadagangal/chandramohan_6.htm,200,nadagangal/chandramohan.md,yes,covered,/Users/pugazhendhirajendran/Documents/Codex/2026-07-09/https-www-annavinpadaippugal-info/outputs/annavin_text_extractor/organized_contents/nadagangal/chandramohan.md
http://www.annavinpadaippugal.info/nadagangal/chandramohan_7.htm,200,nadagangal/chandramohan.md,yes,covered,/Users/pugazhendhirajendran/Documents/Codex/2026-07-09/https-www-annavinpadaippugal-info/outputs/annavin_text_extractor/organized_contents/nadagangal/chandramohan.md
http://www.annavinpadaippugal.info/nadagangal/chandramohan_8.htm,200,nadagangal/chandramohan.md,yes,covered,/Users/pugazhendhirajendran/Documents/Codex/2026-07-09/https-www-annavinpadaippugal-info/outputs/annavin_text_extractor/organized_contents/nadagangal/chandramohan.md
http://www.annavinpadaippugal.info/nadagangal/chandramohan_9.htm,200,nadagangal/chandramohan.md,yes,covered,/Users/pugazhendhirajendran/Documents/Codex/2026-07-09/https-www-annavinpadaippugal-info/outputs/annavin_text_extractor/organized_contents/nadagangal/chandramohan.md
http://www.annavinpadaippugal.info/nadagangal/chandrodhayam_1.htm,200,nadagangal/chandrodhayam.md,yes,covered,/Users/pugazhendhirajendran/Documents/Codex/2026-07-09/https-www-annavinpadaippugal-info/outputs/annavin_text_extractor/organized_contents/nadagangal/chandrodhayam.md
http://www.annavinpadaippugal.info/nadagangal/chandrodhayam_2.htm,200,nadagangal/chandrodhayam.md,yes,covered,/Users/pugazhendhirajendran/Documents/Codex/2026-07-09/https-www-annavinpadaippugal-info/outputs/annavin_text_extractor/organized_contents/nadagangal/chandrodhayam.md
http://www.annavinpadaippugal.info/nadagangal/chandrodhayam_3.htm,200,nadagangal/chandrodhayam.md,yes,covered,/Users/pugazhendhirajendran/Documents/Codex/2026-07-09/https-www-annavinpadaippugal-info/outputs/annavin_text_extractor/organized_contents/nadagangal/chandrodhayam.md
http://www.annavinpadaippugal.info/nadagangal/chandrodhayam_4.htm,200,nadagangal/chandrodhayam.md,yes,covered,/Users/pugazhendhirajendran/Documents/Codex/2026-07-09/https-www-annavinpadaippugal-info/outputs/annavin_text_extractor/organized_contents/nadagangal/chandrodhayam.md
http://www.annavinpadaippugal.info/nadagangal/chandrodhayam_5.htm,200,nadagangal/chandrodhayam.md,yes,covered,/Users/pugazhendhirajendran/Documents/Codex/2026-07-09/https-www-annavinpadaippugal-info/outputs/annavin_text_extractor/organized_contents/nadagangal/chandrodhayam.md
http://www.annavinpadaippugal.info/nadagangal/chandrodhayam_6.htm,200,nadagangal/chandrodhayam.md,yes,covered,/Users/pugazhendhirajendran/Documents/Codex/2026-07-09/https-www-annavinpadaippugal-info/outputs/annavin_text_extractor/organized_contents/nadagangal/chandrodhayam.md
http://www.annavinpadaippugal.info/nadagangal/chandrodhayam_7.htm,200,nadagangal/chandrodhayam.md,yes,covered,/Users/pugazhendhirajendran/Documents/Codex/2026-07-09/https-www-annavinpadaippugal-info/outputs/annavin_text_extractor/organized_contents/nadagangal/chandrodhayam.md
http://www.annavinpadaippugal.info/nadagangal/congresswala_1.htm,200,nadagangal/congresswala_1.md,no,covered,/Users/pugazhendhirajendran/Documents/Codex/2026-07-09/https-www-annavinpadaippugal-info/outputs/annavin_text_extractor/organized_contents/nadagangal/congresswala_1.md
http://www.annavinpadaippugal.info/nadagangal/dharmam_thalai_1.htm,200,nadagangal/dharmam_thalai_1.md,no,covered,/Users/pugazhendhirajendran/Documents/Codex/2026-07-09/https-www-annavinpadaippugal-info/outputs/annavin_text_extractor/organized_contents/nadagangal/dharmam_thalai_1.md
http://www.annavinpadaippugal.info/nadagangal/dhrogi_kaplan_1.htm,200,nadagangal/dhrogi_kaplan_1.md,no,covered,/Users/pugazhendhirajendran/Documents/Codex/2026-07-09/https-www-annavinpadaippugal-info/outputs/annavin_text_extractor/organized_contents/nadagangal/dhrogi_kaplan_1.md
http://www.annavinpadaippugal.info/nadagangal/enthan_thiru_1.htm,200,nadagangal/enthan_thiru_1.md,no,covered,/Users/pugazhendhirajendran/Documents/Codex/2026-07-09/https-www-annavinpadaippugal-info/outputs/annavin_text_extractor/organized_contents/nadagangal/enthan_thiru_1.md
http://www.annavinpadaippugal.info/nadagangal/gandhi_jayanthi_1.htm,200,nadagangal/gandhi_jayanthi_1.md,no,covered,/Users/pugazhendhirajendran/Documents/Codex/2026-07-09/https-www-annavinpadaippugal-info/outputs/annavin_text_extractor/organized_contents/nadagangal/gandhi_jayanthi_1.md
http://www.annavinpadaippugal.info/nadagangal/ilangogin_sabatham_1.htm,200,nadagangal/ilangogin_sabatham_1.md,no,covered,/Users/pugazhendhirajendran/Documents/Codex/2026-07-09/https-www-annavinpadaippugal-info/outputs/annavin_text_extractor/organized_contents/nadagangal/ilangogin_sabatham_1.md
http://www.annavinpadaippugal.info/nadagangal/inba_oli_1.htm,200,nadagangal/inba_oli.md,yes,covered,/Users/pugazhendhirajendran/Documents/Codex/2026-07-09/https-www-annavinpadaippugal-info/outputs/annavin_text_extractor/organized_contents/nadagangal/inba_oli.md
http://www.annavinpadaippugal.info/nadagangal/inba_oli_10.htm,200,nadagangal/inba_oli.md,yes,covered,/Users/pugazhendhirajendran/Documents/Codex/2026-07-09/https-www-annavinpadaippugal-info/outputs/annavin_text_extractor/organized_contents/nadagangal/inba_oli.md
http://www.annavinpadaippugal.info/nadagangal/inba_oli_11.htm,200,nadagangal/inba_oli.md,yes,covered,/Users/pugazhendhirajendran/Documents/Codex/2026-07-09/https-www-annavinpadaippugal-info/outputs/annavin_text_extractor/organized_contents/nadagangal/inba_oli.md
http://www.annavinpadaippugal.info/nadagangal/inba_oli_12.htm,200,nadagangal/inba_oli.md,yes,covered,/Users/pugazhendhirajendran/Documents/Codex/2026-07-09/https-www-annavinpadaippugal-info/outputs/annavin_text_extractor/organized_contents/nadagangal/inba_oli.md
http://www.annavinpadaippugal.info/nadagangal/inba_oli_13.htm,200,nadagangal/inba_oli.md,yes,covered,/Users/pugazhendhirajendran/Documents/Codex/2026-07-09/https-www-annavinpadaippugal-info/outputs/annavin_text_extractor/organized_contents/nadagangal/inba_oli.md
http://www.annavinpadaippugal.info/nadagangal/inba_oli_2.htm,200,nadagangal/inba_oli.md,yes,covered,/Users/pugazhendhirajendran/Documents/Codex/2026-07-09/https-www-annavinpadaippugal-info/outputs/annavin_text_extractor/organized_contents/nadagangal/inba_oli.md
http://www.annavinpadaippugal.info/nadagangal/inba_oli_3.htm,200,nadagangal/inba_oli.md,yes,covered,/Users/pugazhendhirajendran/Documents/Codex/2026-07-09/https-www-annavinpadaippugal-info/outputs/annavin_text_extractor/organized_contents/nadagangal/inba_oli.md
http://www.annavinpadaippugal.info/nadagangal/inba_oli_4.htm,200,nadagangal/inba_oli.md,yes,covered,/Users/pugazhendhirajendran/Documents/Codex/2026-07-09/https-www-annavinpadaippugal-info/outputs/annavin_text_extractor/organized_contents/nadagangal/inba_oli.md
http://www.annavinpadaippugal.info/nadagangal/inba_oli_5.htm,200,nadagangal/inba_oli.md,yes,covered,/Users/pugazhendhirajendran/Documents/Codex/2026-07-09/https-www-annavinpadaippugal-info/outputs/annavin_text_extractor/organized_contents/nadagangal/inba_oli.md
http://www.annavinpadaippugal.info/nadagangal/inba_oli_6.htm,200,nadagangal/inba_oli.md,yes,covered,/Users/pugazhendhirajendran/Documents/Codex/2026-07-09/https-www-annavinpadaippugal-info/outputs/annavin_text_extractor/organized_contents/nadagangal/inba_oli.md
http://www.annavinpadaippugal.info/nadagangal/inba_oli_7.htm,200,nadagangal/inba_oli.md,yes,covered,/Users/pugazhendhirajendran/Documents/Codex/2026-07-09/https-www-annavinpadaippugal-info/outputs/annavin_text_extractor/organized_contents/nadagangal/inba_oli.md
http://www.annavinpadaippugal.info/nadagangal/inba_oli_8.htm,200,nadagangal/inba_oli.md,yes,covered,/Users/pugazhendhirajendran/Documents/Codex/2026-07-09/https-www-annavinpadaippugal-info/outputs/annavin_text_extractor/organized_contents/nadagangal/inba_oli.md
http://www.annavinpadaippugal.info/nadagangal/inba_oli_9.htm,200,nadagangal/inba_oli.md,yes,covered,/Users/pugazhendhirajendran/Documents/Codex/2026-07-09/https-www-annavinpadaippugal-info/outputs/annavin_text_extractor/organized_contents/nadagangal/inba_oli.md
http://www.annavinpadaippugal.info/nadagangal/irakkam_oru_1.htm,200,nadagangal/irakkam_oru_1.md,no,covered,/Users/pugazhendhirajendran/Documents/Codex/2026-07-09/https-www-annavinpadaippugal-info/outputs/annavin_text_extractor/organized_contents/nadagangal/irakkam_oru_1.md
http://www.annavinpadaippugal.info/nadagangal/jananayaga_1.htm,200,nadagangal/jananayaga_1.md,no,covered,/Users/pugazhendhirajendran/Documents/Codex/2026-07-09/https-www-annavinpadaippugal-info/outputs/annavin_text_extractor/organized_contents/nadagangal/jananayaga_1.md
http://www.annavinpadaippugal.info/nadagangal/kaasurar_1.htm,200,nadagangal/kaasurar_1.md,no,covered,/Users/pugazhendhirajendran/Documents/Codex/2026-07-09/https-www-annavinpadaippugal-info/outputs/annavin_text_extractor/organized_contents/nadagangal/kaasurar_1.md
http://www.annavinpadaippugal.info/nadagangal/kadhal_jothi_1.htm,200,nadagangal/kadhal_jothi.md,yes,covered,/Users/pugazhendhirajendran/Documents/Codex/2026-07-09/https-www-annavinpadaippugal-info/outputs/annavin_text_extractor/organized_contents/nadagangal/kadhal_jothi.md
http://www.annavinpadaippugal.info/nadagangal/kadhal_jothi_10.htm,200,nadagangal/kadhal_jothi.md,yes,covered,/Users/pugazhendhirajendran/Documents/Codex/2026-07-09/https-www-annavinpadaippugal-info/outputs/annavin_text_extractor/organized_contents/nadagangal/kadhal_jothi.md
http://www.annavinpadaippugal.info/nadagangal/kadhal_jothi_11.htm,200,nadagangal/kadhal_jothi.md,yes,covered,/Users/pugazhendhirajendran/Documents/Codex/2026-07-09/https-www-annavinpadaippugal-info/outputs/annavin_text_extractor/organized_contents/nadagangal/kadhal_jothi.md
http://www.annavinpadaippugal.info/nadagangal/kadhal_jothi_12.htm,200,nadagangal/kadhal_jothi.md,yes,covered,/Users/pugazhendhirajendran/Documents/Codex/2026-07-09/https-www-annavinpadaippugal-info/outputs/annavin_text_extractor/organized_contents/nadagangal/kadhal_jothi.md
http://www.annavinpadaippugal.info/nadagangal/kadhal_jothi_13.htm,200,nadagangal/kadhal_jothi.md,yes,covered,/Users/pugazhendhirajendran/Documents/Codex/2026-07-09/https-www-annavinpadaippugal-info/outputs/annavin_text_extractor/organized_contents/nadagangal/kadhal_jothi.md
http://www.annavinpadaippugal.info/nadagangal/kadhal_jothi_14.htm,200,nadagangal/kadhal_jothi.md,yes,covered,/Users/pugazhendhirajendran/Documents/Codex/2026-07-09/https-www-annavinpadaippugal-info/outputs/annavin_text_extractor/organized_contents/nadagangal/kadhal_jothi.md
http://www.annavinpadaippugal.info/nadagangal/kadhal_jothi_15.htm,200,nadagangal/kadhal_jothi.md,yes,covered,/Users/pugazhendhirajendran/Documents/Codex/2026-07-09/https-www-annavinpadaippugal-info/outputs/annavin_text_extractor/organized_contents/nadagangal/kadhal_jothi.md
http://www.annavinpadaippugal.info/nadagangal/kadhal_jothi_2.htm,200,nadagangal/kadhal_jothi.md,yes,covered,/Users/pugazhendhirajendran/Documents/Codex/2026-07-09/https-www-annavinpadaippugal-info/outputs/annavin_text_extractor/organized_contents/nadagangal/kadhal_jothi.md
http://www.annavinpadaippugal.info/nadagangal/kadhal_jothi_3.htm,200,nadagangal/kadhal_jothi.md,yes,covered,/Users/pugazhendhirajendran/Documents/Codex/2026-07-09/https-www-annavinpadaippugal-info/outputs/annavin_text_extractor/organized_contents/nadagangal/kadhal_jothi.md
http://www.annavinpadaippugal.info/nadagangal/kadhal_jothi_4.htm,200,nadagangal/kadhal_jothi.md,yes,covered,/Users/pugazhendhirajendran/Documents/Codex/2026-07-09/https-www-annavinpadaippugal-info/outputs/annavin_text_extractor/organized_contents/nadagangal/kadhal_jothi.md
http://www.annavinpadaippugal.info/nadagangal/kadhal_jothi_5.htm,200,nadagangal/kadhal_jothi.md,yes,covered,/Users/pugazhendhirajendran/Documents/Codex/2026-07-09/https-www-annavinpadaippugal-info/outputs/annavin_text_extractor/organized_contents/nadagangal/kadhal_jothi.md
http://www.annavinpadaippugal.info/nadagangal/kadhal_jothi_6.htm,200,nadagangal/kadhal_jothi.md,yes,covered,/Users/pugazhendhirajendran/Documents/Codex/2026-07-09/https-www-annavinpadaippugal-info/outputs/annavin_text_extractor/organized_contents/nadagangal/kadhal_jothi.md
http://www.annavinpadaippugal.info/nadagangal/kadhal_jothi_7.htm,200,nadagangal/kadhal_jothi.md,yes,covered,/Users/pugazhendhirajendran/Documents/Codex/2026-07-09/https-www-annavinpadaippugal-info/outputs/annavin_text_extractor/organized_contents/nadagangal/kadhal_jothi.md
http://www.annavinpadaippugal.info/nadagangal/kadhal_jothi_8.htm,200,nadagangal/kadhal_jothi.md,yes,covered,/Users/pugazhendhirajendran/Documents/Codex/2026-07-09/https-www-annavinpadaippugal-info/outputs/annavin_text_extractor/organized_contents/nadagangal/kadhal_jothi.md
http://www.annavinpadaippugal.info/nadagangal/kadhal_jothi_9.htm,200,nadagangal/kadhal_jothi.md,yes,covered,/Users/pugazhendhirajendran/Documents/Codex/2026-07-09/https-www-annavinpadaippugal-info/outputs/annavin_text_extractor/organized_contents/nadagangal/kadhal_jothi.md
http://www.annavinpadaippugal.info/nadagangal/kailayam_1.htm,200,nadagangal/kailayam_1.md,no,covered,/Users/pugazhendhirajendran/Documents/Codex/2026-07-09/https-www-annavinpadaippugal-info/outputs/annavin_text_extractor/organized_contents/nadagangal/kailayam_1.md
http://www.annavinpadaippugal.info/nadagangal/kal_sumantha_1.htm,200,nadagangal/kal_sumantha_1.md,no,covered,/Users/pugazhendhirajendran/Documents/Codex/2026-07-09/https-www-annavinpadaippugal-info/outputs/annavin_text_extractor/organized_contents/nadagangal/kal_sumantha_1.md
http://www.annavinpadaippugal.info/nadagangal/kalappu_manam_1.htm,200,nadagangal/kalappu_manam.md,yes,covered,/Users/pugazhendhirajendran/Documents/Codex/2026-07-09/https-www-annavinpadaippugal-info/outputs/annavin_text_extractor/organized_contents/nadagangal/kalappu_manam.md
http://www.annavinpadaippugal.info/nadagangal/kalappu_manam_2.htm,200,nadagangal/kalappu_manam.md,yes,covered,/Users/pugazhendhirajendran/Documents/Codex/2026-07-09/https-www-annavinpadaippugal-info/outputs/annavin_text_extractor/organized_contents/nadagangal/kalappu_manam.md
http://www.annavinpadaippugal.info/nadagangal/kannayirathin_1.htm,200,nadagangal/kannayirathin.md,yes,covered,/Users/pugazhendhirajendran/Documents/Codex/2026-07-09/https-www-annavinpadaippugal-info/outputs/annavin_text_extractor/organized_contents/nadagangal/kannayirathin.md
http://www.annavinpadaippugal.info/nadagangal/kannayirathin_2.htm,200,nadagangal/kannayirathin.md,yes,covered,/Users/pugazhendhirajendran/Documents/Codex/2026-07-09/https-www-annavinpadaippugal-info/outputs/annavin_text_extractor/organized_contents/nadagangal/kannayirathin.md
http://www.annavinpadaippugal.info/nadagangal/kannayirathin_3.htm,200,nadagangal/kannayirathin.md,yes,covered,/Users/pugazhendhirajendran/Documents/Codex/2026-07-09/https-www-annavinpadaippugal-info/outputs/annavin_text_extractor/organized_contents/nadagangal/kannayirathin.md
http://www.annavinpadaippugal.info/nadagangal/kannayirathin_4.htm,200,nadagangal/kannayirathin.md,yes,covered,/Users/pugazhendhirajendran/Documents/Codex/2026-07-09/https-www-annavinpadaippugal-info/outputs/annavin_text_extractor/organized_contents/nadagangal/kannayirathin.md
http://www.annavinpadaippugal.info/nadagangal/kannayirathin_5.htm,200,nadagangal/kannayirathin.md,yes,covered,/Users/pugazhendhirajendran/Documents/Codex/2026-07-09/https-www-annavinpadaippugal-info/outputs/annavin_text_extractor/organized_contents/nadagangal/kannayirathin.md
http://www.annavinpadaippugal.info/nadagangal/kannayirathin_6.htm,200,nadagangal/kannayirathin.md,yes,covered,/Users/pugazhendhirajendran/Documents/Codex/2026-07-09/https-www-annavinpadaippugal-info/outputs/annavin_text_extractor/organized_contents/nadagangal/kannayirathin.md
http://www.annavinpadaippugal.info/nadagangal/kanneerthuli_1.htm,200,nadagangal/kanneerthuli.md,yes,covered,/Users/pugazhendhirajendran/Documents/Codex/2026-07-09/https-www-annavinpadaippugal-info/outputs/annavin_text_extractor/organized_contents/nadagangal/kanneerthuli.md
http://www.annavinpadaippugal.info/nadagangal/kanneerthuli_2.htm,200,nadagangal/kanneerthuli.md,yes,covered,/Users/pugazhendhirajendran/Documents/Codex/2026-07-09/https-www-annavinpadaippugal-info/outputs/annavin_text_extractor/organized_contents/nadagangal/kanneerthuli.md
http://www.annavinpadaippugal.info/nadagangal/kattaiviral_1.htm,200,nadagangal/kattaiviral_1.md,no,covered,/Users/pugazhendhirajendran/Documents/Codex/2026-07-09/https-www-annavinpadaippugal-info/outputs/annavin_text_extractor/organized_contents/nadagangal/kattaiviral_1.md
http://www.annavinpadaippugal.info/nadagangal/kurumbukaran_1.htm,200,nadagangal/kurumbukaran_1.md,no,covered,/Users/pugazhendhirajendran/Documents/Codex/2026-07-09/https-www-annavinpadaippugal-info/outputs/annavin_text_extractor/organized_contents/nadagangal/kurumbukaran_1.md
http://www.annavinpadaippugal.info/nadagangal/madamanmiyam_1.htm,200,nadagangal/madamanmiyam_1.md,no,covered,/Users/pugazhendhirajendran/Documents/Codex/2026-07-09/https-www-annavinpadaippugal-info/outputs/annavin_text_extractor/organized_contents/nadagangal/madamanmiyam_1.md
http://www.annavinpadaippugal.info/nadagangal/magudabishegam_1.htm,200,nadagangal/magudabishegam_1.md,no,covered,/Users/pugazhendhirajendran/Documents/Codex/2026-07-09/https-www-annavinpadaippugal-info/outputs/annavin_text_extractor/organized_contents/nadagangal/magudabishegam_1.md
http://www.annavinpadaippugal.info/nadagangal/mangai_oorugai_1.htm,200,nadagangal/mangai_oorugai_1.md,no,covered,/Users/pugazhendhirajendran/Documents/Codex/2026-07-09/https-www-annavinpadaippugal-info/outputs/annavin_text_extractor/organized_contents/nadagangal/mangai_oorugai_1.md
http://www.annavinpadaippugal.info/nadagangal/mangalapuri_1.htm,200,nadagangal/mangalapuri_1.md,no,covered,/Users/pugazhendhirajendran/Documents/Codex/2026-07-09/https-www-annavinpadaippugal-info/outputs/annavin_text_extractor/organized_contents/nadagangal/mangalapuri_1.md
http://www.annavinpadaippugal.info/nadagangal/morarji_thesai_1.htm,200,nadagangal/morarji_thesai.md,yes,covered,/Users/pugazhendhirajendran/Documents/Codex/2026-07-09/https-www-annavinpadaippugal-info/outputs/annavin_text_extractor/organized_contents/nadagangal/morarji_thesai.md
http://www.annavinpadaippugal.info/nadagangal/morarji_thesai_2.htm,200,nadagangal/morarji_thesai.md,yes,covered,/Users/pugazhendhirajendran/Documents/Codex/2026-07-09/https-www-annavinpadaippugal-info/outputs/annavin_text_extractor/organized_contents/nadagangal/morarji_thesai.md
http://www.annavinpadaippugal.info/nadagangal/mudhalalithuva_1.htm,200,nadagangal/mudhalalithuva_1.md,no,covered,/Users/pugazhendhirajendran/Documents/Codex/2026-07-09/https-www-annavinpadaippugal-info/outputs/annavin_text_extractor/organized_contents/nadagangal/mudhalalithuva_1.md
http://www.annavinpadaippugal.info/nadagangal/nadanthathuthan_1.htm,200,nadagangal/nadanthathuthan_1.md,no,covered,/Users/pugazhendhirajendran/Documents/Codex/2026-07-09/https-www-annavinpadaippugal-info/outputs/annavin_text_extractor/organized_contents/nadagangal/nadanthathuthan_1.md
http://www.annavinpadaippugal.info/nadagangal/nankodai_1.htm,200,nadagangal/nankodai.md,yes,covered,/Users/pugazhendhirajendran/Documents/Codex/2026-07-09/https-www-annavinpadaippugal-info/outputs/annavin_text_extractor/organized_contents/nadagangal/nankodai.md
http://www.annavinpadaippugal.info/nadagangal/nankodai_2.htm,200,nadagangal/nankodai.md,yes,covered,/Users/pugazhendhirajendran/Documents/Codex/2026-07-09/https-www-annavinpadaippugal-info/outputs/annavin_text_extractor/organized_contents/nadagangal/nankodai.md
http://www.annavinpadaippugal.info/nadagangal/neethidevan_1.htm,200,nadagangal/neethidevan.md,yes,covered,/Users/pugazhendhirajendran/Documents/Codex/2026-07-09/https-www-annavinpadaippugal-info/outputs/annavin_text_extractor/organized_contents/nadagangal/neethidevan.md
http://www.annavinpadaippugal.info/nadagangal/neethidevan_2.htm,200,nadagangal/neethidevan.md,yes,covered,/Users/pugazhendhirajendran/Documents/Codex/2026-07-09/https-www-annavinpadaippugal-info/outputs/annavin_text_extractor/organized_contents/nadagangal/neethidevan.md
http://www.annavinpadaippugal.info/nadagangal/neethidevan_3.htm,200,nadagangal/neethidevan.md,yes,covered,/Users/pugazhendhirajendran/Documents/Codex/2026-07-09/https-www-annavinpadaippugal-info/outputs/annavin_text_extractor/organized_contents/nadagangal/neethidevan.md
http://www.annavinpadaippugal.info/nadagangal/neethidevan_4.htm,200,nadagangal/neethidevan.md,yes,covered,/Users/pugazhendhirajendran/Documents/Codex/2026-07-09/https-www-annavinpadaippugal-info/outputs/annavin_text_extractor/organized_contents/nadagangal/neethidevan.md
http://www.annavinpadaippugal.info/nadagangal/neethidevan_5.htm,200,nadagangal/neethidevan.md,yes,covered,/Users/pugazhendhirajendran/Documents/Codex/2026-07-09/https-www-annavinpadaippugal-info/outputs/annavin_text_extractor/organized_contents/nadagangal/neethidevan.md
http://www.annavinpadaippugal.info/nadagangal/neethidevan_6.htm,200,nadagangal/neethidevan.md,yes,covered,/Users/pugazhendhirajendran/Documents/Codex/2026-07-09/https-www-annavinpadaippugal-info/outputs/annavin_text_extractor/organized_contents/nadagangal/neethidevan.md
http://www.annavinpadaippugal.info/nadagangal/neethidevan_7.htm,200,nadagangal/neethidevan.md,yes,covered,/Users/pugazhendhirajendran/Documents/Codex/2026-07-09/https-www-annavinpadaippugal-info/outputs/annavin_text_extractor/organized_contents/nadagangal/neethidevan.md
http://www.annavinpadaippugal.info/nadagangal/neethidevan_8.htm,200,nadagangal/neethidevan.md,yes,covered,/Users/pugazhendhirajendran/Documents/Codex/2026-07-09/https-www-annavinpadaippugal-info/outputs/annavin_text_extractor/organized_contents/nadagangal/neethidevan.md
http://www.annavinpadaippugal.info/nadagangal/oar_iravu_1.htm,200,nadagangal/oar_iravu.md,yes,covered,/Users/pugazhendhirajendran/Documents/Codex/2026-07-09/https-www-annavinpadaippugal-info/outputs/annavin_text_extractor/organized_contents/nadagangal/oar_iravu.md
http://www.annavinpadaippugal.info/nadagangal/oar_iravu_10.htm,200,nadagangal/oar_iravu.md,yes,covered,/Users/pugazhendhirajendran/Documents/Codex/2026-07-09/https-www-annavinpadaippugal-info/outputs/annavin_text_extractor/organized_contents/nadagangal/oar_iravu.md
http://www.annavinpadaippugal.info/nadagangal/oar_iravu_2.htm,200,nadagangal/oar_iravu.md,yes,covered,/Users/pugazhendhirajendran/Documents/Codex/2026-07-09/https-www-annavinpadaippugal-info/outputs/annavin_text_extractor/organized_contents/nadagangal/oar_iravu.md
http://www.annavinpadaippugal.info/nadagangal/oar_iravu_3.htm,200,nadagangal/oar_iravu.md,yes,covered,/Users/pugazhendhirajendran/Documents/Codex/2026-07-09/https-www-annavinpadaippugal-info/outputs/annavin_text_extractor/organized_contents/nadagangal/oar_iravu.md
http://www.annavinpadaippugal.info/nadagangal/oar_iravu_4.htm,200,nadagangal/oar_iravu.md,yes,covered,/Users/pugazhendhirajendran/Documents/Codex/2026-07-09/https-www-annavinpadaippugal-info/outputs/annavin_text_extractor/organized_contents/nadagangal/oar_iravu.md
http://www.annavinpadaippugal.info/nadagangal/oar_iravu_5.htm,200,nadagangal/oar_iravu.md,yes,covered,/Users/pugazhendhirajendran/Documents/Codex/2026-07-09/https-www-annavinpadaippugal-info/outputs/annavin_text_extractor/organized_contents/nadagangal/oar_iravu.md
http://www.annavinpadaippugal.info/nadagangal/oar_iravu_6.htm,200,nadagangal/oar_iravu.md,yes,covered,/Users/pugazhendhirajendran/Documents/Codex/2026-07-09/https-www-annavinpadaippugal-info/outputs/annavin_text_extractor/organized_contents/nadagangal/oar_iravu.md
http://www.annavinpadaippugal.info/nadagangal/oar_iravu_7.htm,200,nadagangal/oar_iravu.md,yes,covered,/Users/pugazhendhirajendran/Documents/Codex/2026-07-09/https-www-annavinpadaippugal-info/outputs/annavin_text_extractor/organized_contents/nadagangal/oar_iravu.md
http://www.annavinpadaippugal.info/nadagangal/oar_iravu_8.htm,200,nadagangal/oar_iravu.md,yes,covered,/Users/pugazhendhirajendran/Documents/Codex/2026-07-09/https-www-annavinpadaippugal-info/outputs/annavin_text_extractor/organized_contents/nadagangal/oar_iravu.md
http://www.annavinpadaippugal.info/nadagangal/oar_iravu_9.htm,200,nadagangal/oar_iravu.md,yes,covered,/Users/pugazhendhirajendran/Documents/Codex/2026-07-09/https-www-annavinpadaippugal-info/outputs/annavin_text_extractor/organized_contents/nadagangal/oar_iravu.md
http://www.annavinpadaippugal.info/nadagangal/oorar_urayadal_1.htm,200,nadagangal/oorar_urayadal_1.md,no,covered,/Users/pugazhendhirajendran/Documents/Codex/2026-07-09/https-www-annavinpadaippugal-info/outputs/annavin_text_extractor/organized_contents/nadagangal/oorar_urayadal_1.md
http://www.annavinpadaippugal.info/nadagangal/orae_oru_vithi_1.htm,200,nadagangal/orae_oru_vithi_1.md,no,covered,/Users/pugazhendhirajendran/Documents/Codex/2026-07-09/https-www-annavinpadaippugal-info/outputs/annavin_text_extractor/organized_contents/nadagangal/orae_oru_vithi_1.md
http://www.annavinpadaippugal.info/nadagangal/paavayin_1.htm,200,nadagangal/paavayin.md,yes,covered,/Users/pugazhendhirajendran/Documents/Codex/2026-07-09/https-www-annavinpadaippugal-info/outputs/annavin_text_extractor/organized_contents/nadagangal/paavayin.md
http://www.annavinpadaippugal.info/nadagangal/paavayin_2.htm,200,nadagangal/paavayin.md,yes,covered,/Users/pugazhendhirajendran/Documents/Codex/2026-07-09/https-www-annavinpadaippugal-info/outputs/annavin_text_extractor/organized_contents/nadagangal/paavayin.md
http://www.annavinpadaippugal.info/nadagangal/paavayin_3.htm,200,nadagangal/paavayin.md,yes,covered,/Users/pugazhendhirajendran/Documents/Codex/2026-07-09/https-www-annavinpadaippugal-info/outputs/annavin_text_extractor/organized_contents/nadagangal/paavayin.md
http://www.annavinpadaippugal.info/nadagangal/paavayin_4.htm,200,nadagangal/paavayin.md,yes,covered,/Users/pugazhendhirajendran/Documents/Codex/2026-07-09/https-www-annavinpadaippugal-info/outputs/annavin_text_extractor/organized_contents/nadagangal/paavayin.md
http://www.annavinpadaippugal.info/nadagangal/paavayin_5.htm,200,nadagangal/paavayin.md,yes,covered,/Users/pugazhendhirajendran/Documents/Codex/2026-07-09/https-www-annavinpadaippugal-info/outputs/annavin_text_extractor/organized_contents/nadagangal/paavayin.md
http://www.annavinpadaippugal.info/nadagangal/paavayin_6.htm,200,nadagangal/paavayin.md,yes,covered,/Users/pugazhendhirajendran/Documents/Codex/2026-07-09/https-www-annavinpadaippugal-info/outputs/annavin_text_extractor/organized_contents/nadagangal/paavayin.md
http://www.annavinpadaippugal.info/nadagangal/periayamanithargal_1.htm,200,nadagangal/periayamanithargal_1.md,no,covered,/Users/pugazhendhirajendran/Documents/Codex/2026-07-09/https-www-annavinpadaippugal-info/outputs/annavin_text_extractor/organized_contents/nadagangal/periayamanithargal_1.md
http://www.annavinpadaippugal.info/nadagangal/popular_store_1.htm,200,nadagangal/popular_store_1.md,no,covered,/Users/pugazhendhirajendran/Documents/Codex/2026-07-09/https-www-annavinpadaippugal-info/outputs/annavin_text_extractor/organized_contents/nadagangal/popular_store_1.md
http://www.annavinpadaippugal.info/nadagangal/puthiya_cong_1.htm,200,nadagangal/puthiya_cong_1.md,no,covered,/Users/pugazhendhirajendran/Documents/Codex/2026-07-09/https-www-annavinpadaippugal-info/outputs/annavin_text_extractor/organized_contents/nadagangal/puthiya_cong_1.md
http://www.annavinpadaippugal.info/nadagangal/ragavayanam_1.htm,200,nadagangal/ragavayanam_1.md,no,covered,/Users/pugazhendhirajendran/Documents/Codex/2026-07-09/https-www-annavinpadaippugal-info/outputs/annavin_text_extractor/organized_contents/nadagangal/ragavayanam_1.md
http://www.annavinpadaippugal.info/nadagangal/roam_erigirathu_1.htm,200,nadagangal/roam_erigirathu_1.md,no,covered,/Users/pugazhendhirajendran/Documents/Codex/2026-07-09/https-www-annavinpadaippugal-info/outputs/annavin_text_extractor/organized_contents/nadagangal/roam_erigirathu_1.md
http://www.annavinpadaippugal.info/nadagangal/rottithundu_1.htm,200,nadagangal/rottithundu.md,yes,covered,/Users/pugazhendhirajendran/Documents/Codex/2026-07-09/https-www-annavinpadaippugal-info/outputs/annavin_text_extractor/organized_contents/nadagangal/rottithundu.md
http://www.annavinpadaippugal.info/nadagangal/rottithundu_2.htm,200,nadagangal/rottithundu.md,yes,covered,/Users/pugazhendhirajendran/Documents/Codex/2026-07-09/https-www-annavinpadaippugal-info/outputs/annavin_text_extractor/organized_contents/nadagangal/rottithundu.md
http://www.annavinpadaippugal.info/nadagangal/rottithundu_3.htm,200,nadagangal/rottithundu.md,yes,covered,/Users/pugazhendhirajendran/Documents/Codex/2026-07-09/https-www-annavinpadaippugal-info/outputs/annavin_text_extractor/organized_contents/nadagangal/rottithundu.md
http://www.annavinpadaippugal.info/nadagangal/rottithundu_4.htm,200,nadagangal/rottithundu.md,yes,covered,/Users/pugazhendhirajendran/Documents/Codex/2026-07-09/https-www-annavinpadaippugal-info/outputs/annavin_text_extractor/organized_contents/nadagangal/rottithundu.md
http://www.annavinpadaippugal.info/nadagangal/sanmanam_1.htm,200,nadagangal/sanmanam.md,yes,covered,/Users/pugazhendhirajendran/Documents/Codex/2026-07-09/https-www-annavinpadaippugal-info/outputs/annavin_text_extractor/organized_contents/nadagangal/sanmanam.md
http://www.annavinpadaippugal.info/nadagangal/sanmanam_2.htm,200,nadagangal/sanmanam.md,yes,covered,/Users/pugazhendhirajendran/Documents/Codex/2026-07-09/https-www-annavinpadaippugal-info/outputs/annavin_text_extractor/organized_contents/nadagangal/sanmanam.md
http://www.annavinpadaippugal.info/nadagangal/seeman_1.htm,200,nadagangal/seeman_1.md,no,covered,/Users/pugazhendhirajendran/Documents/Codex/2026-07-09/https-www-annavinpadaippugal-info/outputs/annavin_text_extractor/organized_contents/nadagangal/seeman_1.md
http://www.annavinpadaippugal.info/nadagangal/sellapillai_1.htm,200,nadagangal/sellapillai_1.md,no,covered,/Users/pugazhendhirajendran/Documents/Codex/2026-07-09/https-www-annavinpadaippugal-info/outputs/annavin_text_extractor/organized_contents/nadagangal/sellapillai_1.md
http://www.annavinpadaippugal.info/nadagangal/sorgavaasal_1.htm,200,nadagangal/sorgavaasal.md,yes,covered,/Users/pugazhendhirajendran/Documents/Codex/2026-07-09/https-www-annavinpadaippugal-info/outputs/annavin_text_extractor/organized_contents/nadagangal/sorgavaasal.md
http://www.annavinpadaippugal.info/nadagangal/sorgavaasal_10.htm,200,nadagangal/sorgavaasal.md,yes,covered,/Users/pugazhendhirajendran/Documents/Codex/2026-07-09/https-www-annavinpadaippugal-info/outputs/annavin_text_extractor/organized_contents/nadagangal/sorgavaasal.md
http://www.annavinpadaippugal.info/nadagangal/sorgavaasal_11.htm,200,nadagangal/sorgavaasal.md,yes,covered,/Users/pugazhendhirajendran/Documents/Codex/2026-07-09/https-www-annavinpadaippugal-info/outputs/annavin_text_extractor/organized_contents/nadagangal/sorgavaasal.md
http://www.annavinpadaippugal.info/nadagangal/sorgavaasal_12.htm,200,nadagangal/sorgavaasal.md,yes,covered,/Users/pugazhendhirajendran/Documents/Codex/2026-07-09/https-www-annavinpadaippugal-info/outputs/annavin_text_extractor/organized_contents/nadagangal/sorgavaasal.md
http://www.annavinpadaippugal.info/nadagangal/sorgavaasal_13.htm,200,nadagangal/sorgavaasal.md,yes,covered,/Users/pugazhendhirajendran/Documents/Codex/2026-07-09/https-www-annavinpadaippugal-info/outputs/annavin_text_extractor/organized_contents/nadagangal/sorgavaasal.md
http://www.annavinpadaippugal.info/nadagangal/sorgavaasal_14.htm,200,nadagangal/sorgavaasal.md,yes,covered,/Users/pugazhendhirajendran/Documents/Codex/2026-07-09/https-www-annavinpadaippugal-info/outputs/annavin_text_extractor/organized_contents/nadagangal/sorgavaasal.md
http://www.annavinpadaippugal.info/nadagangal/sorgavaasal_15.htm,200,nadagangal/sorgavaasal.md,yes,covered,/Users/pugazhendhirajendran/Documents/Codex/2026-07-09/https-www-annavinpadaippugal-info/outputs/annavin_text_extractor/organized_contents/nadagangal/sorgavaasal.md
http://www.annavinpadaippugal.info/nadagangal/sorgavaasal_16.htm,200,nadagangal/sorgavaasal.md,yes,covered,/Users/pugazhendhirajendran/Documents/Codex/2026-07-09/https-www-annavinpadaippugal-info/outputs/annavin_text_extractor/organized_contents/nadagangal/sorgavaasal.md
http://www.annavinpadaippugal.info/nadagangal/sorgavaasal_17.htm,200,nadagangal/sorgavaasal.md,yes,covered,/Users/pugazhendhirajendran/Documents/Codex/2026-07-09/https-www-annavinpadaippugal-info/outputs/annavin_text_extractor/organized_contents/nadagangal/sorgavaasal.md
http://www.annavinpadaippugal.info/nadagangal/sorgavaasal_18.htm,200,nadagangal/sorgavaasal.md,yes,covered,/Users/pugazhendhirajendran/Documents/Codex/2026-07-09/https-www-annavinpadaippugal-info/outputs/annavin_text_extractor/organized_contents/nadagangal/sorgavaasal.md
http://www.annavinpadaippugal.info/nadagangal/sorgavaasal_19.htm,200,nadagangal/sorgavaasal.md,yes,covered,/Users/pugazhendhirajendran/Documents/Codex/2026-07-09/https-www-annavinpadaippugal-info/outputs/annavin_text_extractor/organized_contents/nadagangal/sorgavaasal.md
http://www.annavinpadaippugal.info/nadagangal/sorgavaasal_2.htm,200,nadagangal/sorgavaasal.md,yes,covered,/Users/pugazhendhirajendran/Documents/Codex/2026-07-09/https-www-annavinpadaippugal-info/outputs/annavin_text_extractor/organized_contents/nadagangal/sorgavaasal.md
http://www.annavinpadaippugal.info/nadagangal/sorgavaasal_20.htm,200,nadagangal/sorgavaasal.md,yes,covered,/Users/pugazhendhirajendran/Documents/Codex/2026-07-09/https-www-annavinpadaippugal-info/outputs/annavin_text_extractor/organized_contents/nadagangal/sorgavaasal.md
http://www.annavinpadaippugal.info/nadagangal/sorgavaasal_3.htm,200,nadagangal/sorgavaasal.md,yes,covered,/Users/pugazhendhirajendran/Documents/Codex/2026-07-09/https-www-annavinpadaippugal-info/outputs/annavin_text_extractor/organized_contents/nadagangal/sorgavaasal.md
http://www.annavinpadaippugal.info/nadagangal/sorgavaasal_4.htm,200,nadagangal/sorgavaasal.md,yes,covered,/Users/pugazhendhirajendran/Documents/Codex/2026-07-09/https-www-annavinpadaippugal-info/outputs/annavin_text_extractor/organized_contents/nadagangal/sorgavaasal.md
http://www.annavinpadaippugal.info/nadagangal/sorgavaasal_5.htm,200,nadagangal/sorgavaasal.md,yes,covered,/Users/pugazhendhirajendran/Documents/Codex/2026-07-09/https-www-annavinpadaippugal-info/outputs/annavin_text_extractor/organized_contents/nadagangal/sorgavaasal.md
http://www.annavinpadaippugal.info/nadagangal/sorgavaasal_6.htm,200,nadagangal/sorgavaasal.md,yes,covered,/Users/pugazhendhirajendran/Documents/Codex/2026-07-09/https-www-annavinpadaippugal-info/outputs/annavin_text_extractor/organized_contents/nadagangal/sorgavaasal.md
http://www.annavinpadaippugal.info/nadagangal/sorgavaasal_7.htm,200,nadagangal/sorgavaasal.md,yes,covered,/Users/pugazhendhirajendran/Documents/Codex/2026-07-09/https-www-annavinpadaippugal-info/outputs/annavin_text_extractor/organized_contents/nadagangal/sorgavaasal.md
http://www.annavinpadaippugal.info/nadagangal/sorgavaasal_8.htm,200,nadagangal/sorgavaasal.md,yes,covered,/Users/pugazhendhirajendran/Documents/Codex/2026-07-09/https-www-annavinpadaippugal-info/outputs/annavin_text_extractor/organized_contents/nadagangal/sorgavaasal.md
http://www.annavinpadaippugal.info/nadagangal/sorgavaasal_9.htm,200,nadagangal/sorgavaasal.md,yes,covered,/Users/pugazhendhirajendran/Documents/Codex/2026-07-09/https-www-annavinpadaippugal-info/outputs/annavin_text_extractor/organized_contents/nadagangal/sorgavaasal.md
http://www.annavinpadaippugal.info/nadagangal/sumangalipooja_1.htm,200,nadagangal/sumangalipooja_1.md,no,covered,/Users/pugazhendhirajendran/Documents/Codex/2026-07-09/https-www-annavinpadaippugal-info/outputs/annavin_text_extractor/organized_contents/nadagangal/sumangalipooja_1.md
http://www.annavinpadaippugal.info/nadagangal/suyechai_1.htm,200,nadagangal/suyechai.md,yes,covered,/Users/pugazhendhirajendran/Documents/Codex/2026-07-09/https-www-annavinpadaippugal-info/outputs/annavin_text_extractor/organized_contents/nadagangal/suyechai.md
http://www.annavinpadaippugal.info/nadagangal/suyechai_2.htm,200,nadagangal/suyechai.md,yes,covered,/Users/pugazhendhirajendran/Documents/Codex/2026-07-09/https-www-annavinpadaippugal-info/outputs/annavin_text_extractor/organized_contents/nadagangal/suyechai.md
http://www.annavinpadaippugal.info/nadagangal/vaelaikari_1.htm,200,nadagangal/vaelaikari.md,yes,covered,/Users/pugazhendhirajendran/Documents/Codex/2026-07-09/https-www-annavinpadaippugal-info/outputs/annavin_text_extractor/organized_contents/nadagangal/vaelaikari.md
http://www.annavinpadaippugal.info/nadagangal/vaelaikari_10.htm,200,nadagangal/vaelaikari.md,yes,covered,/Users/pugazhendhirajendran/Documents/Codex/2026-07-09/https-www-annavinpadaippugal-info/outputs/annavin_text_extractor/organized_contents/nadagangal/vaelaikari.md
http://www.annavinpadaippugal.info/nadagangal/vaelaikari_2.htm,200,nadagangal/vaelaikari.md,yes,covered,/Users/pugazhendhirajendran/Documents/Codex/2026-07-09/https-www-annavinpadaippugal-info/outputs/annavin_text_extractor/organized_contents/nadagangal/vaelaikari.md
http://www.annavinpadaippugal.info/nadagangal/vaelaikari_3.htm,200,nadagangal/vaelaikari.md,yes,covered,/Users/pugazhendhirajendran/Documents/Codex/2026-07-09/https-www-annavinpadaippugal-info/outputs/annavin_text_extractor/organized_contents/nadagangal/vaelaikari.md
http://www.annavinpadaippugal.info/nadagangal/vaelaikari_4.htm,200,nadagangal/vaelaikari.md,yes,covered,/Users/pugazhendhirajendran/Documents/Codex/2026-07-09/https-www-annavinpadaippugal-info/outputs/annavin_text_extractor/organized_contents/nadagangal/vaelaikari.md
http://www.annavinpadaippugal.info/nadagangal/vaelaikari_5.htm,200,nadagangal/vaelaikari.md,yes,covered,/Users/pugazhendhirajendran/Documents/Codex/2026-07-09/https-www-annavinpadaippugal-info/outputs/annavin_text_extractor/organized_contents/nadagangal/vaelaikari.md
http://www.annavinpadaippugal.info/nadagangal/vaelaikari_6.htm,200,nadagangal/vaelaikari.md,yes,covered,/Users/pugazhendhirajendran/Documents/Codex/2026-07-09/https-www-annavinpadaippugal-info/outputs/annavin_text_extractor/organized_contents/nadagangal/vaelaikari.md
http://www.annavinpadaippugal.info/nadagangal/vaelaikari_7.htm,200,nadagangal/vaelaikari.md,yes,covered,/Users/pugazhendhirajendran/Documents/Codex/2026-07-09/https-www-annavinpadaippugal-info/outputs/annavin_text_extractor/organized_contents/nadagangal/vaelaikari.md
http://www.annavinpadaippugal.info/nadagangal/vaelaikari_8.htm,200,nadagangal/vaelaikari.md,yes,covered,/Users/pugazhendhirajendran/Documents/Codex/2026-07-09/https-www-annavinpadaippugal-info/outputs/annavin_text_extractor/organized_contents/nadagangal/vaelaikari.md
http://www.annavinpadaippugal.info/nadagangal/vaelaikari_9.htm,200,nadagangal/vaelaikari.md,yes,covered,/Users/pugazhendhirajendran/Documents/Codex/2026-07-09/https-www-annavinpadaippugal-info/outputs/annavin_text_extractor/organized_contents/nadagangal/vaelaikari.md
http://www.annavinpadaippugal.info/nadagangal/vazhakku_vapas_1.htm,200,nadagangal/vazhakku_vapas_1.md,no,covered,/Users/pugazhendhirajendran/Documents/Codex/2026-07-09/https-www-annavinpadaippugal-info/outputs/annavin_text_extractor/organized_contents/nadagangal/vazhakku_vapas_1.md
http://www.annavinpadaippugal.info/nadagangal/yar_kaetka_1.htm,200,nadagangal/yar_kaetka.md,yes,covered,/Users/pugazhendhirajendran/Documents/Codex/2026-07-09/https-www-annavinpadaippugal-info/outputs/annavin_text_extractor/organized_contents/nadagangal/yar_kaetka.md
http://www.annavinpadaippugal.info/nadagangal/yar_kaetka_2.htm,200,nadagangal/yar_kaetka.md,yes,covered,/Users/pugazhendhirajendran/Documents/Codex/2026-07-09/https-www-annavinpadaippugal-info/outputs/annavin_text_extractor/organized_contents/nadagangal/yar_kaetka.md
http://www.annavinpadaippugal.info/nandrigal.htm,200,nandrigal.md,no,covered,/Users/pugazhendhirajendran/Documents/Codex/2026-07-09/https-www-annavinpadaippugal-info/outputs/annavin_text_extractor/organized_contents/nandrigal.md
http://www.annavinpadaippugal.info/navalgal/dhasavatharam_1.htm,200,navalgal/dhasavatharam.md,yes,covered,/Users/pugazhendhirajendran/Documents/Codex/2026-07-09/https-www-annavinpadaippugal-info/outputs/annavin_text_extractor/organized_contents/navalgal/dhasavatharam.md
http://www.annavinpadaippugal.info/navalgal/dhasavatharam_10.htm,200,navalgal/dhasavatharam.md,yes,covered,/Users/pugazhendhirajendran/Documents/Codex/2026-07-09/https-www-annavinpadaippugal-info/outputs/annavin_text_extractor/organized_contents/navalgal/dhasavatharam.md
http://www.annavinpadaippugal.info/navalgal/dhasavatharam_11.htm,200,navalgal/dhasavatharam.md,yes,covered,/Users/pugazhendhirajendran/Documents/Codex/2026-07-09/https-www-annavinpadaippugal-info/outputs/annavin_text_extractor/organized_contents/navalgal/dhasavatharam.md
http://www.annavinpadaippugal.info/navalgal/dhasavatharam_12.htm,200,navalgal/dhasavatharam.md,yes,covered,/Users/pugazhendhirajendran/Documents/Codex/2026-07-09/https-www-annavinpadaippugal-info/outputs/annavin_text_extractor/organized_contents/navalgal/dhasavatharam.md
http://www.annavinpadaippugal.info/navalgal/dhasavatharam_13.htm,200,navalgal/dhasavatharam.md,yes,covered,/Users/pugazhendhirajendran/Documents/Codex/2026-07-09/https-www-annavinpadaippugal-info/outputs/annavin_text_extractor/organized_contents/navalgal/dhasavatharam.md
http://www.annavinpadaippugal.info/navalgal/dhasavatharam_14.htm,200,navalgal/dhasavatharam.md,yes,covered,/Users/pugazhendhirajendran/Documents/Codex/2026-07-09/https-www-annavinpadaippugal-info/outputs/annavin_text_extractor/organized_contents/navalgal/dhasavatharam.md
http://www.annavinpadaippugal.info/navalgal/dhasavatharam_2.htm,200,navalgal/dhasavatharam.md,yes,covered,/Users/pugazhendhirajendran/Documents/Codex/2026-07-09/https-www-annavinpadaippugal-info/outputs/annavin_text_extractor/organized_contents/navalgal/dhasavatharam.md
http://www.annavinpadaippugal.info/navalgal/dhasavatharam_3.htm,200,navalgal/dhasavatharam.md,yes,covered,/Users/pugazhendhirajendran/Documents/Codex/2026-07-09/https-www-annavinpadaippugal-info/outputs/annavin_text_extractor/organized_contents/navalgal/dhasavatharam.md
http://www.annavinpadaippugal.info/navalgal/dhasavatharam_4.htm,200,navalgal/dhasavatharam.md,yes,covered,/Users/pugazhendhirajendran/Documents/Codex/2026-07-09/https-www-annavinpadaippugal-info/outputs/annavin_text_extractor/organized_contents/navalgal/dhasavatharam.md
http://www.annavinpadaippugal.info/navalgal/dhasavatharam_5.htm,200,navalgal/dhasavatharam.md,yes,covered,/Users/pugazhendhirajendran/Documents/Codex/2026-07-09/https-www-annavinpadaippugal-info/outputs/annavin_text_extractor/organized_contents/navalgal/dhasavatharam.md
http://www.annavinpadaippugal.info/navalgal/dhasavatharam_6.htm,200,navalgal/dhasavatharam.md,yes,covered,/Users/pugazhendhirajendran/Documents/Codex/2026-07-09/https-www-annavinpadaippugal-info/outputs/annavin_text_extractor/organized_contents/navalgal/dhasavatharam.md
http://www.annavinpadaippugal.info/navalgal/dhasavatharam_7.htm,200,navalgal/dhasavatharam.md,yes,covered,/Users/pugazhendhirajendran/Documents/Codex/2026-07-09/https-www-annavinpadaippugal-info/outputs/annavin_text_extractor/organized_contents/navalgal/dhasavatharam.md
http://www.annavinpadaippugal.info/navalgal/dhasavatharam_8.htm,200,navalgal/dhasavatharam.md,yes,covered,/Users/pugazhendhirajendran/Documents/Codex/2026-07-09/https-www-annavinpadaippugal-info/outputs/annavin_text_extractor/organized_contents/navalgal/dhasavatharam.md
http://www.annavinpadaippugal.info/navalgal/dhasavatharam_9.htm,200,navalgal/dhasavatharam.md,yes,covered,/Users/pugazhendhirajendran/Documents/Codex/2026-07-09/https-www-annavinpadaippugal-info/outputs/annavin_text_extractor/organized_contents/navalgal/dhasavatharam.md
http://www.annavinpadaippugal.info/navalgal/envazhvu_1.htm,200,navalgal/envazhvu.md,yes,covered,/Users/pugazhendhirajendran/Documents/Codex/2026-07-09/https-www-annavinpadaippugal-info/outputs/annavin_text_extractor/organized_contents/navalgal/envazhvu.md
http://www.annavinpadaippugal.info/navalgal/envazhvu_10.htm,200,navalgal/envazhvu.md,yes,covered,/Users/pugazhendhirajendran/Documents/Codex/2026-07-09/https-www-annavinpadaippugal-info/outputs/annavin_text_extractor/organized_contents/navalgal/envazhvu.md
http://www.annavinpadaippugal.info/navalgal/envazhvu_11.htm,200,navalgal/envazhvu.md,yes,covered,/Users/pugazhendhirajendran/Documents/Codex/2026-07-09/https-www-annavinpadaippugal-info/outputs/annavin_text_extractor/organized_contents/navalgal/envazhvu.md
http://www.annavinpadaippugal.info/navalgal/envazhvu_12.htm,200,navalgal/envazhvu.md,yes,covered,/Users/pugazhendhirajendran/Documents/Codex/2026-07-09/https-www-annavinpadaippugal-info/outputs/annavin_text_extractor/organized_contents/navalgal/envazhvu.md
http://www.annavinpadaippugal.info/navalgal/envazhvu_13.htm,200,navalgal/envazhvu.md,yes,covered,/Users/pugazhendhirajendran/Documents/Codex/2026-07-09/https-www-annavinpadaippugal-info/outputs/annavin_text_extractor/organized_contents/navalgal/envazhvu.md
http://www.annavinpadaippugal.info/navalgal/envazhvu_14.htm,200,navalgal/envazhvu.md,yes,covered,/Users/pugazhendhirajendran/Documents/Codex/2026-07-09/https-www-annavinpadaippugal-info/outputs/annavin_text_extractor/organized_contents/navalgal/envazhvu.md
http://www.annavinpadaippugal.info/navalgal/envazhvu_15.htm,200,navalgal/envazhvu.md,yes,covered,/Users/pugazhendhirajendran/Documents/Codex/2026-07-09/https-www-annavinpadaippugal-info/outputs/annavin_text_extractor/organized_contents/navalgal/envazhvu.md
http://www.annavinpadaippugal.info/navalgal/envazhvu_16.htm,200,navalgal/envazhvu.md,yes,covered,/Users/pugazhendhirajendran/Documents/Codex/2026-07-09/https-www-annavinpadaippugal-info/outputs/annavin_text_extractor/organized_contents/navalgal/envazhvu.md
http://www.annavinpadaippugal.info/navalgal/envazhvu_17.htm,200,navalgal/envazhvu.md,yes,covered,/Users/pugazhendhirajendran/Documents/Codex/2026-07-09/https-www-annavinpadaippugal-info/outputs/annavin_text_extractor/organized_contents/navalgal/envazhvu.md
http://www.annavinpadaippugal.info/navalgal/envazhvu_18.htm,200,navalgal/envazhvu.md,yes,covered,/Users/pugazhendhirajendran/Documents/Codex/2026-07-09/https-www-annavinpadaippugal-info/outputs/annavin_text_extractor/organized_contents/navalgal/envazhvu.md
http://www.annavinpadaippugal.info/navalgal/envazhvu_2.htm,200,navalgal/envazhvu.md,yes,covered,/Users/pugazhendhirajendran/Documents/Codex/2026-07-09/https-www-annavinpadaippugal-info/outputs/annavin_text_extractor/organized_contents/navalgal/envazhvu.md
http://www.annavinpadaippugal.info/navalgal/envazhvu_3.htm,200,navalgal/envazhvu.md,yes,covered,/Users/pugazhendhirajendran/Documents/Codex/2026-07-09/https-www-annavinpadaippugal-info/outputs/annavin_text_extractor/organized_contents/navalgal/envazhvu.md
http://www.annavinpadaippugal.info/navalgal/envazhvu_4.htm,200,navalgal/envazhvu.md,yes,covered,/Users/pugazhendhirajendran/Documents/Codex/2026-07-09/https-www-annavinpadaippugal-info/outputs/annavin_text_extractor/organized_contents/navalgal/envazhvu.md
http://www.annavinpadaippugal.info/navalgal/envazhvu_5.htm,200,navalgal/envazhvu.md,yes,covered,/Users/pugazhendhirajendran/Documents/Codex/2026-07-09/https-www-annavinpadaippugal-info/outputs/annavin_text_extractor/organized_contents/navalgal/envazhvu.md
http://www.annavinpadaippugal.info/navalgal/envazhvu_6.htm,200,navalgal/envazhvu.md,yes,covered,/Users/pugazhendhirajendran/Documents/Codex/2026-07-09/https-www-annavinpadaippugal-info/outputs/annavin_text_extractor/organized_contents/navalgal/envazhvu.md
http://www.annavinpadaippugal.info/navalgal/envazhvu_7.htm,200,navalgal/envazhvu.md,yes,covered,/Users/pugazhendhirajendran/Documents/Codex/2026-07-09/https-www-annavinpadaippugal-info/outputs/annavin_text_extractor/organized_contents/navalgal/envazhvu.md
http://www.annavinpadaippugal.info/navalgal/envazhvu_8.htm,200,navalgal/envazhvu.md,yes,covered,/Users/pugazhendhirajendran/Documents/Codex/2026-07-09/https-www-annavinpadaippugal-info/outputs/annavin_text_extractor/organized_contents/navalgal/envazhvu.md
http://www.annavinpadaippugal.info/navalgal/envazhvu_9.htm,200,navalgal/envazhvu.md,yes,covered,/Users/pugazhendhirajendran/Documents/Codex/2026-07-09/https-www-annavinpadaippugal-info/outputs/annavin_text_extractor/organized_contents/navalgal/envazhvu.md
http://www.annavinpadaippugal.info/navalgal/kalingarani_1.htm,200,navalgal/kalingarani.md,yes,covered,/Users/pugazhendhirajendran/Documents/Codex/2026-07-09/https-www-annavinpadaippugal-info/outputs/annavin_text_extractor/organized_contents/navalgal/kalingarani.md
http://www.annavinpadaippugal.info/navalgal/kalingarani_10.htm,200,navalgal/kalingarani.md,yes,covered,/Users/pugazhendhirajendran/Documents/Codex/2026-07-09/https-www-annavinpadaippugal-info/outputs/annavin_text_extractor/organized_contents/navalgal/kalingarani.md
http://www.annavinpadaippugal.info/navalgal/kalingarani_11.htm,200,navalgal/kalingarani.md,yes,covered,/Users/pugazhendhirajendran/Documents/Codex/2026-07-09/https-www-annavinpadaippugal-info/outputs/annavin_text_extractor/organized_contents/navalgal/kalingarani.md
http://www.annavinpadaippugal.info/navalgal/kalingarani_12.htm,200,navalgal/kalingarani.md,yes,covered,/Users/pugazhendhirajendran/Documents/Codex/2026-07-09/https-www-annavinpadaippugal-info/outputs/annavin_text_extractor/organized_contents/navalgal/kalingarani.md
http://www.annavinpadaippugal.info/navalgal/kalingarani_13.htm,200,navalgal/kalingarani.md,yes,covered,/Users/pugazhendhirajendran/Documents/Codex/2026-07-09/https-www-annavinpadaippugal-info/outputs/annavin_text_extractor/organized_contents/navalgal/kalingarani.md
http://www.annavinpadaippugal.info/navalgal/kalingarani_14.htm,200,navalgal/kalingarani.md,yes,covered,/Users/pugazhendhirajendran/Documents/Codex/2026-07-09/https-www-annavinpadaippugal-info/outputs/annavin_text_extractor/organized_contents/navalgal/kalingarani.md
http://www.annavinpadaippugal.info/navalgal/kalingarani_15.htm,200,navalgal/kalingarani.md,yes,covered,/Users/pugazhendhirajendran/Documents/Codex/2026-07-09/https-www-annavinpadaippugal-info/outputs/annavin_text_extractor/organized_contents/navalgal/kalingarani.md
http://www.annavinpadaippugal.info/navalgal/kalingarani_16.htm,200,navalgal/kalingarani.md,yes,covered,/Users/pugazhendhirajendran/Documents/Codex/2026-07-09/https-www-annavinpadaippugal-info/outputs/annavin_text_extractor/organized_contents/navalgal/kalingarani.md
http://www.annavinpadaippugal.info/navalgal/kalingarani_17.htm,200,navalgal/kalingarani.md,yes,covered,/Users/pugazhendhirajendran/Documents/Codex/2026-07-09/https-www-annavinpadaippugal-info/outputs/annavin_text_extractor/organized_contents/navalgal/kalingarani.md
http://www.annavinpadaippugal.info/navalgal/kalingarani_18.htm,200,navalgal/kalingarani.md,yes,covered,/Users/pugazhendhirajendran/Documents/Codex/2026-07-09/https-www-annavinpadaippugal-info/outputs/annavin_text_extractor/organized_contents/navalgal/kalingarani.md
http://www.annavinpadaippugal.info/navalgal/kalingarani_2.htm,200,navalgal/kalingarani.md,yes,covered,/Users/pugazhendhirajendran/Documents/Codex/2026-07-09/https-www-annavinpadaippugal-info/outputs/annavin_text_extractor/organized_contents/navalgal/kalingarani.md
http://www.annavinpadaippugal.info/navalgal/kalingarani_3.htm,200,navalgal/kalingarani.md,yes,covered,/Users/pugazhendhirajendran/Documents/Codex/2026-07-09/https-www-annavinpadaippugal-info/outputs/annavin_text_extractor/organized_contents/navalgal/kalingarani.md
http://www.annavinpadaippugal.info/navalgal/kalingarani_4.htm,200,navalgal/kalingarani.md,yes,covered,/Users/pugazhendhirajendran/Documents/Codex/2026-07-09/https-www-annavinpadaippugal-info/outputs/annavin_text_extractor/organized_contents/navalgal/kalingarani.md
http://www.annavinpadaippugal.info/navalgal/kalingarani_5.htm,200,navalgal/kalingarani.md,yes,covered,/Users/pugazhendhirajendran/Documents/Codex/2026-07-09/https-www-annavinpadaippugal-info/outputs/annavin_text_extractor/organized_contents/navalgal/kalingarani.md
http://www.annavinpadaippugal.info/navalgal/kalingarani_6.htm,200,navalgal/kalingarani.md,yes,covered,/Users/pugazhendhirajendran/Documents/Codex/2026-07-09/https-www-annavinpadaippugal-info/outputs/annavin_text_extractor/organized_contents/navalgal/kalingarani.md
http://www.annavinpadaippugal.info/navalgal/kalingarani_7.htm,200,navalgal/kalingarani.md,yes,covered,/Users/pugazhendhirajendran/Documents/Codex/2026-07-09/https-www-annavinpadaippugal-info/outputs/annavin_text_extractor/organized_contents/navalgal/kalingarani.md
http://www.annavinpadaippugal.info/navalgal/kalingarani_8.htm,200,navalgal/kalingarani.md,yes,covered,/Users/pugazhendhirajendran/Documents/Codex/2026-07-09/https-www-annavinpadaippugal-info/outputs/annavin_text_extractor/organized_contents/navalgal/kalingarani.md
http://www.annavinpadaippugal.info/navalgal/kalingarani_9.htm,200,navalgal/kalingarani.md,yes,covered,/Users/pugazhendhirajendran/Documents/Codex/2026-07-09/https-www-annavinpadaippugal-info/outputs/annavin_text_extractor/organized_contents/navalgal/kalingarani.md
http://www.annavinpadaippugal.info/navalgal/parvathi_ba_1.htm,200,navalgal/parvathi_ba.md,yes,covered,/Users/pugazhendhirajendran/Documents/Codex/2026-07-09/https-www-annavinpadaippugal-info/outputs/annavin_text_extractor/organized_contents/navalgal/parvathi_ba.md
http://www.annavinpadaippugal.info/navalgal/parvathi_ba_10.htm,200,navalgal/parvathi_ba.md,yes,covered,/Users/pugazhendhirajendran/Documents/Codex/2026-07-09/https-www-annavinpadaippugal-info/outputs/annavin_text_extractor/organized_contents/navalgal/parvathi_ba.md
http://www.annavinpadaippugal.info/navalgal/parvathi_ba_11.htm,200,navalgal/parvathi_ba.md,yes,covered,/Users/pugazhendhirajendran/Documents/Codex/2026-07-09/https-www-annavinpadaippugal-info/outputs/annavin_text_extractor/organized_contents/navalgal/parvathi_ba.md
http://www.annavinpadaippugal.info/navalgal/parvathi_ba_12.htm,200,navalgal/parvathi_ba.md,yes,covered,/Users/pugazhendhirajendran/Documents/Codex/2026-07-09/https-www-annavinpadaippugal-info/outputs/annavin_text_extractor/organized_contents/navalgal/parvathi_ba.md
http://www.annavinpadaippugal.info/navalgal/parvathi_ba_13.htm,200,navalgal/parvathi_ba.md,yes,covered,/Users/pugazhendhirajendran/Documents/Codex/2026-07-09/https-www-annavinpadaippugal-info/outputs/annavin_text_extractor/organized_contents/navalgal/parvathi_ba.md
http://www.annavinpadaippugal.info/navalgal/parvathi_ba_14.htm,200,navalgal/parvathi_ba.md,yes,covered,/Users/pugazhendhirajendran/Documents/Codex/2026-07-09/https-www-annavinpadaippugal-info/outputs/annavin_text_extractor/organized_contents/navalgal/parvathi_ba.md
http://www.annavinpadaippugal.info/navalgal/parvathi_ba_15.htm,200,navalgal/parvathi_ba.md,yes,covered,/Users/pugazhendhirajendran/Documents/Codex/2026-07-09/https-www-annavinpadaippugal-info/outputs/annavin_text_extractor/organized_contents/navalgal/parvathi_ba.md
http://www.annavinpadaippugal.info/navalgal/parvathi_ba_16.htm,200,navalgal/parvathi_ba.md,yes,covered,/Users/pugazhendhirajendran/Documents/Codex/2026-07-09/https-www-annavinpadaippugal-info/outputs/annavin_text_extractor/organized_contents/navalgal/parvathi_ba.md
http://www.annavinpadaippugal.info/navalgal/parvathi_ba_17.htm,200,navalgal/parvathi_ba.md,yes,covered,/Users/pugazhendhirajendran/Documents/Codex/2026-07-09/https-www-annavinpadaippugal-info/outputs/annavin_text_extractor/organized_contents/navalgal/parvathi_ba.md
http://www.annavinpadaippugal.info/navalgal/parvathi_ba_18.htm,200,navalgal/parvathi_ba.md,yes,covered,/Users/pugazhendhirajendran/Documents/Codex/2026-07-09/https-www-annavinpadaippugal-info/outputs/annavin_text_extractor/organized_contents/navalgal/parvathi_ba.md
http://www.annavinpadaippugal.info/navalgal/parvathi_ba_19.htm,200,navalgal/parvathi_ba.md,yes,covered,/Users/pugazhendhirajendran/Documents/Codex/2026-07-09/https-www-annavinpadaippugal-info/outputs/annavin_text_extractor/organized_contents/navalgal/parvathi_ba.md
http://www.annavinpadaippugal.info/navalgal/parvathi_ba_2.htm,200,navalgal/parvathi_ba.md,yes,covered,/Users/pugazhendhirajendran/Documents/Codex/2026-07-09/https-www-annavinpadaippugal-info/outputs/annavin_text_extractor/organized_contents/navalgal/parvathi_ba.md
http://www.annavinpadaippugal.info/navalgal/parvathi_ba_20.htm,200,navalgal/parvathi_ba.md,yes,covered,/Users/pugazhendhirajendran/Documents/Codex/2026-07-09/https-www-annavinpadaippugal-info/outputs/annavin_text_extractor/organized_contents/navalgal/parvathi_ba.md
http://www.annavinpadaippugal.info/navalgal/parvathi_ba_21.htm,200,navalgal/parvathi_ba.md,yes,covered,/Users/pugazhendhirajendran/Documents/Codex/2026-07-09/https-www-annavinpadaippugal-info/outputs/annavin_text_extractor/organized_contents/navalgal/parvathi_ba.md
http://www.annavinpadaippugal.info/navalgal/parvathi_ba_3.htm,200,navalgal/parvathi_ba.md,yes,covered,/Users/pugazhendhirajendran/Documents/Codex/2026-07-09/https-www-annavinpadaippugal-info/outputs/annavin_text_extractor/organized_contents/navalgal/parvathi_ba.md
http://www.annavinpadaippugal.info/navalgal/parvathi_ba_4.htm,200,navalgal/parvathi_ba.md,yes,covered,/Users/pugazhendhirajendran/Documents/Codex/2026-07-09/https-www-annavinpadaippugal-info/outputs/annavin_text_extractor/organized_contents/navalgal/parvathi_ba.md
http://www.annavinpadaippugal.info/navalgal/parvathi_ba_5.htm,200,navalgal/parvathi_ba.md,yes,covered,/Users/pugazhendhirajendran/Documents/Codex/2026-07-09/https-www-annavinpadaippugal-info/outputs/annavin_text_extractor/organized_contents/navalgal/parvathi_ba.md
http://www.annavinpadaippugal.info/navalgal/parvathi_ba_6.htm,200,navalgal/parvathi_ba.md,yes,covered,/Users/pugazhendhirajendran/Documents/Codex/2026-07-09/https-www-annavinpadaippugal-info/outputs/annavin_text_extractor/organized_contents/navalgal/parvathi_ba.md
http://www.annavinpadaippugal.info/navalgal/parvathi_ba_7.htm,200,navalgal/parvathi_ba.md,yes,covered,/Users/pugazhendhirajendran/Documents/Codex/2026-07-09/https-www-annavinpadaippugal-info/outputs/annavin_text_extractor/organized_contents/navalgal/parvathi_ba.md
http://www.annavinpadaippugal.info/navalgal/parvathi_ba_8.htm,200,navalgal/parvathi_ba.md,yes,covered,/Users/pugazhendhirajendran/Documents/Codex/2026-07-09/https-www-annavinpadaippugal-info/outputs/annavin_text_extractor/organized_contents/navalgal/parvathi_ba.md
http://www.annavinpadaippugal.info/navalgal/parvathi_ba_9.htm,200,navalgal/parvathi_ba.md,yes,covered,/Users/pugazhendhirajendran/Documents/Codex/2026-07-09/https-www-annavinpadaippugal-info/outputs/annavin_text_extractor/organized_contents/navalgal/parvathi_ba.md
http://www.annavinpadaippugal.info/navalgal/rangon_radha_1.htm,200,navalgal/rangon_radha.md,yes,covered,/Users/pugazhendhirajendran/Documents/Codex/2026-07-09/https-www-annavinpadaippugal-info/outputs/annavin_text_extractor/organized_contents/navalgal/rangon_radha.md
http://www.annavinpadaippugal.info/navalgal/rangon_radha_10.htm,200,navalgal/rangon_radha.md,yes,covered,/Users/pugazhendhirajendran/Documents/Codex/2026-07-09/https-www-annavinpadaippugal-info/outputs/annavin_text_extractor/organized_contents/navalgal/rangon_radha.md
http://www.annavinpadaippugal.info/navalgal/rangon_radha_11.htm,200,navalgal/rangon_radha.md,yes,covered,/Users/pugazhendhirajendran/Documents/Codex/2026-07-09/https-www-annavinpadaippugal-info/outputs/annavin_text_extractor/organized_contents/navalgal/rangon_radha.md
http://www.annavinpadaippugal.info/navalgal/rangon_radha_12.htm,200,navalgal/rangon_radha.md,yes,covered,/Users/pugazhendhirajendran/Documents/Codex/2026-07-09/https-www-annavinpadaippugal-info/outputs/annavin_text_extractor/organized_contents/navalgal/rangon_radha.md
http://www.annavinpadaippugal.info/navalgal/rangon_radha_13.htm,200,navalgal/rangon_radha.md,yes,covered,/Users/pugazhendhirajendran/Documents/Codex/2026-07-09/https-www-annavinpadaippugal-info/outputs/annavin_text_extractor/organized_contents/navalgal/rangon_radha.md
http://www.annavinpadaippugal.info/navalgal/rangon_radha_14.htm,200,navalgal/rangon_radha.md,yes,covered,/Users/pugazhendhirajendran/Documents/Codex/2026-07-09/https-www-annavinpadaippugal-info/outputs/annavin_text_extractor/organized_contents/navalgal/rangon_radha.md
http://www.annavinpadaippugal.info/navalgal/rangon_radha_15.htm,200,navalgal/rangon_radha.md,yes,covered,/Users/pugazhendhirajendran/Documents/Codex/2026-07-09/https-www-annavinpadaippugal-info/outputs/annavin_text_extractor/organized_contents/navalgal/rangon_radha.md
http://www.annavinpadaippugal.info/navalgal/rangon_radha_16.htm,200,navalgal/rangon_radha.md,yes,covered,/Users/pugazhendhirajendran/Documents/Codex/2026-07-09/https-www-annavinpadaippugal-info/outputs/annavin_text_extractor/organized_contents/navalgal/rangon_radha.md
http://www.annavinpadaippugal.info/navalgal/rangon_radha_17.htm,200,navalgal/rangon_radha.md,yes,covered,/Users/pugazhendhirajendran/Documents/Codex/2026-07-09/https-www-annavinpadaippugal-info/outputs/annavin_text_extractor/organized_contents/navalgal/rangon_radha.md
http://www.annavinpadaippugal.info/navalgal/rangon_radha_18.htm,200,navalgal/rangon_radha.md,yes,covered,/Users/pugazhendhirajendran/Documents/Codex/2026-07-09/https-www-annavinpadaippugal-info/outputs/annavin_text_extractor/organized_contents/navalgal/rangon_radha.md
http://www.annavinpadaippugal.info/navalgal/rangon_radha_19.htm,200,navalgal/rangon_radha.md,yes,covered,/Users/pugazhendhirajendran/Documents/Codex/2026-07-09/https-www-annavinpadaippugal-info/outputs/annavin_text_extractor/organized_contents/navalgal/rangon_radha.md
http://www.annavinpadaippugal.info/navalgal/rangon_radha_2.htm,200,navalgal/rangon_radha.md,yes,covered,/Users/pugazhendhirajendran/Documents/Codex/2026-07-09/https-www-annavinpadaippugal-info/outputs/annavin_text_extractor/organized_contents/navalgal/rangon_radha.md
http://www.annavinpadaippugal.info/navalgal/rangon_radha_20.htm,200,navalgal/rangon_radha.md,yes,covered,/Users/pugazhendhirajendran/Documents/Codex/2026-07-09/https-www-annavinpadaippugal-info/outputs/annavin_text_extractor/organized_contents/navalgal/rangon_radha.md
http://www.annavinpadaippugal.info/navalgal/rangon_radha_21.htm,200,navalgal/rangon_radha.md,yes,covered,/Users/pugazhendhirajendran/Documents/Codex/2026-07-09/https-www-annavinpadaippugal-info/outputs/annavin_text_extractor/organized_contents/navalgal/rangon_radha.md
http://www.annavinpadaippugal.info/navalgal/rangon_radha_22.htm,200,navalgal/rangon_radha.md,yes,covered,/Users/pugazhendhirajendran/Documents/Codex/2026-07-09/https-www-annavinpadaippugal-info/outputs/annavin_text_extractor/organized_contents/navalgal/rangon_radha.md
http://www.annavinpadaippugal.info/navalgal/rangon_radha_3.htm,200,navalgal/rangon_radha.md,yes,covered,/Users/pugazhendhirajendran/Documents/Codex/2026-07-09/https-www-annavinpadaippugal-info/outputs/annavin_text_extractor/organized_contents/navalgal/rangon_radha.md
http://www.annavinpadaippugal.info/navalgal/rangon_radha_4.htm,200,navalgal/rangon_radha.md,yes,covered,/Users/pugazhendhirajendran/Documents/Codex/2026-07-09/https-www-annavinpadaippugal-info/outputs/annavin_text_extractor/organized_contents/navalgal/rangon_radha.md
http://www.annavinpadaippugal.info/navalgal/rangon_radha_5.htm,200,navalgal/rangon_radha.md,yes,covered,/Users/pugazhendhirajendran/Documents/Codex/2026-07-09/https-www-annavinpadaippugal-info/outputs/annavin_text_extractor/organized_contents/navalgal/rangon_radha.md
http://www.annavinpadaippugal.info/navalgal/rangon_radha_6.htm,200,navalgal/rangon_radha.md,yes,covered,/Users/pugazhendhirajendran/Documents/Codex/2026-07-09/https-www-annavinpadaippugal-info/outputs/annavin_text_extractor/organized_contents/navalgal/rangon_radha.md
http://www.annavinpadaippugal.info/navalgal/rangon_radha_7.htm,200,navalgal/rangon_radha.md,yes,covered,/Users/pugazhendhirajendran/Documents/Codex/2026-07-09/https-www-annavinpadaippugal-info/outputs/annavin_text_extractor/organized_contents/navalgal/rangon_radha.md
http://www.annavinpadaippugal.info/navalgal/rangon_radha_8.htm,200,navalgal/rangon_radha.md,yes,covered,/Users/pugazhendhirajendran/Documents/Codex/2026-07-09/https-www-annavinpadaippugal-info/outputs/annavin_text_extractor/organized_contents/navalgal/rangon_radha.md
http://www.annavinpadaippugal.info/navalgal/rangon_radha_9.htm,200,navalgal/rangon_radha.md,yes,covered,/Users/pugazhendhirajendran/Documents/Codex/2026-07-09/https-www-annavinpadaippugal-info/outputs/annavin_text_extractor/organized_contents/navalgal/rangon_radha.md
http://www.annavinpadaippugal.info/oaviyam.htm,200,oviyam/oaviyam.md,no,covered,/Users/pugazhendhirajendran/Documents/Codex/2026-07-09/https-www-annavinpadaippugal-info/outputs/annavin_text_extractor/organized_contents/oviyam/oaviyam.md
http://www.annavinpadaippugal.info/paettigal/aavalum_aarvamum.htm,200,paettigal/aavalum_aarvamum.md,no,covered,/Users/pugazhendhirajendran/Documents/Codex/2026-07-09/https-www-annavinpadaippugal-info/outputs/annavin_text_extractor/organized_contents/paettigal/aavalum_aarvamum.md
http://www.annavinpadaippugal.info/paettigal/anaivarum_virumbiya.htm,200,paettigal/anaivarum_virumbiya.md,no,covered,/Users/pugazhendhirajendran/Documents/Codex/2026-07-09/https-www-annavinpadaippugal-info/outputs/annavin_text_extractor/organized_contents/paettigal/anaivarum_virumbiya.md
http://www.annavinpadaippugal.info/paettigal/anna_uraiyadal.htm,200,paettigal/anna_uraiyadal.md,no,covered,/Users/pugazhendhirajendran/Documents/Codex/2026-07-09/https-www-annavinpadaippugal-info/outputs/annavin_text_extractor/organized_contents/paettigal/anna_uraiyadal.md
http://www.annavinpadaippugal.info/paettigal/arasiyalarivum_unarvum.htm,200,paettigal/arasiyalarivum_unarvum.md,no,covered,/Users/pugazhendhirajendran/Documents/Codex/2026-07-09/https-www-annavinpadaippugal-info/outputs/annavin_text_extractor/organized_contents/paettigal/arasiyalarivum_unarvum.md
http://www.annavinpadaippugal.info/paettigal/ariya_america_payanam.htm,200,paettigal/ariya_america_payanam.md,no,covered,/Users/pugazhendhirajendran/Documents/Codex/2026-07-09/https-www-annavinpadaippugal-info/outputs/annavin_text_extractor/organized_contents/paettigal/ariya_america_payanam.md
http://www.annavinpadaippugal.info/paettigal/baba_anna.htm,200,paettigal/baba_anna.md,no,covered,/Users/pugazhendhirajendran/Documents/Codex/2026-07-09/https-www-annavinpadaippugal-info/outputs/annavin_text_extractor/organized_contents/paettigal/baba_anna.md
http://www.annavinpadaippugal.info/paettigal/burma_arisi.htm,200,paettigal/burma_arisi.md,no,covered,/Users/pugazhendhirajendran/Documents/Codex/2026-07-09/https-www-annavinpadaippugal-info/outputs/annavin_text_extractor/organized_contents/paettigal/burma_arisi.md
http://www.annavinpadaippugal.info/paettigal/dravida_arasu.htm,200,paettigal/dravida_arasu.md,no,covered,/Users/pugazhendhirajendran/Documents/Codex/2026-07-09/https-www-annavinpadaippugal-info/outputs/annavin_text_extractor/organized_contents/paettigal/dravida_arasu.md
http://www.annavinpadaippugal.info/paettigal/hindiyum_dravidanadum.htm,200,paettigal/hindiyum_dravidanadum.md,no,covered,/Users/pugazhendhirajendran/Documents/Codex/2026-07-09/https-www-annavinpadaippugal-info/outputs/annavin_text_extractor/organized_contents/paettigal/hindiyum_dravidanadum.md
http://www.annavinpadaippugal.info/paettigal/hongkongil_anna.htm,200,paettigal/hongkongil_anna.md,no,covered,/Users/pugazhendhirajendran/Documents/Codex/2026-07-09/https-www-annavinpadaippugal-info/outputs/annavin_text_extractor/organized_contents/paettigal/hongkongil_anna.md
http://www.annavinpadaippugal.info/paettigal/iyandrathai_seivoam.htm,200,paettigal/iyandrathai_seivoam.md,no,covered,/Users/pugazhendhirajendran/Documents/Codex/2026-07-09/https-www-annavinpadaippugal-info/outputs/annavin_text_extractor/organized_contents/paettigal/iyandrathai_seivoam.md
http://www.annavinpadaippugal.info/paettigal/koottu_amaicharavai.htm,200,paettigal/koottu_amaicharavai.md,no,covered,/Users/pugazhendhirajendran/Documents/Codex/2026-07-09/https-www-annavinpadaippugal-info/outputs/annavin_text_extractor/organized_contents/paettigal/koottu_amaicharavai.md
http://www.annavinpadaippugal.info/paettigal/latchiya_arasu.htm,200,paettigal/latchiya_arasu.md,no,covered,/Users/pugazhendhirajendran/Documents/Codex/2026-07-09/https-www-annavinpadaippugal-info/outputs/annavin_text_extractor/organized_contents/paettigal/latchiya_arasu.md
http://www.annavinpadaippugal.info/paettigal/madhuvilakku.htm,200,paettigal/madhuvilakku.md,no,covered,/Users/pugazhendhirajendran/Documents/Codex/2026-07-09/https-www-annavinpadaippugal-info/outputs/annavin_text_extractor/organized_contents/paettigal/madhuvilakku.md
http://www.annavinpadaippugal.info/paettigal/mozhi_ullitta_prachinai.htm,200,paettigal/mozhi_ullitta_prachinai.md,no,covered,/Users/pugazhendhirajendran/Documents/Codex/2026-07-09/https-www-annavinpadaippugal-info/outputs/annavin_text_extractor/organized_contents/paettigal/mozhi_ullitta_prachinai.md
http://www.annavinpadaippugal.info/paettigal/mummozhi_thittam.htm,200,paettigal/mummozhi_thittam.md,no,covered,/Users/pugazhendhirajendran/Documents/Codex/2026-07-09/https-www-annavinpadaippugal-info/outputs/annavin_text_extractor/organized_contents/paettigal/mummozhi_thittam.md
http://www.annavinpadaippugal.info/paettigal/naangam_ainthandu.htm,200,paettigal/naangam_ainthandu.md,no,covered,/Users/pugazhendhirajendran/Documents/Codex/2026-07-09/https-www-annavinpadaippugal-info/outputs/annavin_text_extractor/organized_contents/paettigal/naangam_ainthandu.md
http://www.annavinpadaippugal.info/paettigal/nallavar_virumbum_thodarbu.htm,200,paettigal/nallavar_virumbum_thodarbu.md,no,covered,/Users/pugazhendhirajendran/Documents/Codex/2026-07-09/https-www-annavinpadaippugal-info/outputs/annavin_text_extractor/organized_contents/paettigal/nallavar_virumbum_thodarbu.md
http://www.annavinpadaippugal.info/paettigal/nirvagamum.htm,200,paettigal/nirvagamum.md,no,covered,/Users/pugazhendhirajendran/Documents/Codex/2026-07-09/https-www-annavinpadaippugal-info/outputs/annavin_text_extractor/organized_contents/paettigal/nirvagamum.md
http://www.annavinpadaippugal.info/paettigal/orae_katchi_aatchi.htm,200,paettigal/orae_katchi_aatchi.md,no,covered,/Users/pugazhendhirajendran/Documents/Codex/2026-07-09/https-www-annavinpadaippugal-info/outputs/annavin_text_extractor/organized_contents/paettigal/orae_katchi_aatchi.md
http://www.annavinpadaippugal.info/paettigal/pop_santhippu.htm,200,paettigal/pop_santhippu.md,no,covered,/Users/pugazhendhirajendran/Documents/Codex/2026-07-09/https-www-annavinpadaippugal-info/outputs/annavin_text_extractor/organized_contents/paettigal/pop_santhippu.md
http://www.annavinpadaippugal.info/paettigal/prachinaigal_pala.htm,200,paettigal/prachinaigal_pala.md,no,covered,/Users/pugazhendhirajendran/Documents/Codex/2026-07-09/https-www-annavinpadaippugal-info/outputs/annavin_text_extractor/organized_contents/paettigal/prachinaigal_pala.md
http://www.annavinpadaippugal.info/paettigal/thavaru_seithapothu.htm,200,paettigal/thavaru_seithapothu.md,no,covered,/Users/pugazhendhirajendran/Documents/Codex/2026-07-09/https-www-annavinpadaippugal-info/outputs/annavin_text_extractor/organized_contents/paettigal/thavaru_seithapothu.md
http://www.annavinpadaippugal.info/paettigal/thimuka_nilai.htm,200,paettigal/thimuka_nilai.md,no,covered,/Users/pugazhendhirajendran/Documents/Codex/2026-07-09/https-www-annavinpadaippugal-info/outputs/annavin_text_extractor/organized_contents/paettigal/thimuka_nilai.md
http://www.annavinpadaippugal.info/paettigal/thunai_amaichargal.htm,200,paettigal/thunai_amaichargal.md,no,covered,/Users/pugazhendhirajendran/Documents/Codex/2026-07-09/https-www-annavinpadaippugal-info/outputs/annavin_text_extractor/organized_contents/paettigal/thunai_amaichargal.md
http://www.annavinpadaippugal.info/paettigal/vaanolipaetiyil.htm,200,paettigal/vaanolipaetiyil.md,no,covered,/Users/pugazhendhirajendran/Documents/Codex/2026-07-09/https-www-annavinpadaippugal-info/outputs/annavin_text_extractor/organized_contents/paettigal/vaanolipaetiyil.md
http://www.annavinpadaippugal.info/parimalam_photos_1.htm,200,photos/parimalam_photos.md,yes,covered,/Users/pugazhendhirajendran/Documents/Codex/2026-07-09/https-www-annavinpadaippugal-info/outputs/annavin_text_extractor/organized_contents/photos/parimalam_photos.md
http://www.annavinpadaippugal.info/parimalam_photos_2.htm,200,photos/parimalam_photos.md,yes,covered,/Users/pugazhendhirajendran/Documents/Codex/2026-07-09/https-www-annavinpadaippugal-info/outputs/annavin_text_extractor/organized_contents/photos/parimalam_photos.md
http://www.annavinpadaippugal.info/parimalam_photos_3.htm,200,photos/parimalam_photos.md,yes,covered,/Users/pugazhendhirajendran/Documents/Codex/2026-07-09/https-www-annavinpadaippugal-info/outputs/annavin_text_extractor/organized_contents/photos/parimalam_photos.md
http://www.annavinpadaippugal.info/photos.htm,200,photos/photos.md,no,covered,/Users/pugazhendhirajendran/Documents/Codex/2026-07-09/https-www-annavinpadaippugal-info/outputs/annavin_text_extractor/organized_contents/photos/photos.md
http://www.annavinpadaippugal.info/sirukathaigal/1938-1940_1.htm,200,sirukathaigal/1938-1940.md,yes,covered,/Users/pugazhendhirajendran/Documents/Codex/2026-07-09/https-www-annavinpadaippugal-info/outputs/annavin_text_extractor/organized_contents/sirukathaigal/1938-1940.md
http://www.annavinpadaippugal.info/sirukathaigal/1938-1940_2.htm,200,sirukathaigal/1938-1940.md,yes,covered,/Users/pugazhendhirajendran/Documents/Codex/2026-07-09/https-www-annavinpadaippugal-info/outputs/annavin_text_extractor/organized_contents/sirukathaigal/1938-1940.md
http://www.annavinpadaippugal.info/sirukathaigal/aarumugam.htm,200,sirukathaigal/aarumugam.md,no,covered,/Users/pugazhendhirajendran/Documents/Codex/2026-07-09/https-www-annavinpadaippugal-info/outputs/annavin_text_extractor/organized_contents/sirukathaigal/aarumugam.md
http://www.annavinpadaippugal.info/sirukathaigal/aezhai_1.htm,200,sirukathaigal/aezhai.md,yes,covered,/Users/pugazhendhirajendran/Documents/Codex/2026-07-09/https-www-annavinpadaippugal-info/outputs/annavin_text_extractor/organized_contents/sirukathaigal/aezhai.md
http://www.annavinpadaippugal.info/sirukathaigal/aezhai_2.htm,200,sirukathaigal/aezhai.md,yes,covered,/Users/pugazhendhirajendran/Documents/Codex/2026-07-09/https-www-annavinpadaippugal-info/outputs/annavin_text_extractor/organized_contents/sirukathaigal/aezhai.md
http://www.annavinpadaippugal.info/sirukathaigal/alladum_andavan.htm,200,sirukathaigal/alladum_andavan.md,no,covered,/Users/pugazhendhirajendran/Documents/Codex/2026-07-09/https-www-annavinpadaippugal-info/outputs/annavin_text_extractor/organized_contents/sirukathaigal/alladum_andavan.md
http://www.annavinpadaippugal.info/sirukathaigal/annadhanam.htm,200,sirukathaigal/annadhanam.md,no,covered,/Users/pugazhendhirajendran/Documents/Codex/2026-07-09/https-www-annavinpadaippugal-info/outputs/annavin_text_extractor/organized_contents/sirukathaigal/annadhanam.md
http://www.annavinpadaippugal.info/sirukathaigal/aruvadai.htm,200,sirukathaigal/aruvadai.md,no,covered,/Users/pugazhendhirajendran/Documents/Codex/2026-07-09/https-www-annavinpadaippugal-info/outputs/annavin_text_extractor/organized_contents/sirukathaigal/aruvadai.md
http://www.annavinpadaippugal.info/sirukathaigal/aval_mudivu.htm,200,sirukathaigal/aval_mudivu.md,no,covered,/Users/pugazhendhirajendran/Documents/Codex/2026-07-09/https-www-annavinpadaippugal-info/outputs/annavin_text_extractor/organized_contents/sirukathaigal/aval_mudivu.md
http://www.annavinpadaippugal.info/sirukathaigal/baktha_bakthath.htm,200,sirukathaigal/baktha_bakthath.md,no,covered,/Users/pugazhendhirajendran/Documents/Codex/2026-07-09/https-www-annavinpadaippugal-info/outputs/annavin_text_extractor/organized_contents/sirukathaigal/baktha_bakthath.md
http://www.annavinpadaippugal.info/sirukathaigal/bali.htm,200,sirukathaigal/bali.md,no,covered,/Users/pugazhendhirajendran/Documents/Codex/2026-07-09/https-www-annavinpadaippugal-info/outputs/annavin_text_extractor/organized_contents/sirukathaigal/bali.md
http://www.annavinpadaippugal.info/sirukathaigal/bama_vijayam.htm,200,sirukathaigal/bama_vijayam.md,no,covered,/Users/pugazhendhirajendran/Documents/Codex/2026-07-09/https-www-annavinpadaippugal-info/outputs/annavin_text_extractor/organized_contents/sirukathaigal/bama_vijayam.md
http://www.annavinpadaippugal.info/sirukathaigal/boobathiyin.htm,200,sirukathaigal/boobathiyin.md,no,covered,/Users/pugazhendhirajendran/Documents/Codex/2026-07-09/https-www-annavinpadaippugal-info/outputs/annavin_text_extractor/organized_contents/sirukathaigal/boobathiyin.md
http://www.annavinpadaippugal.info/sirukathaigal/brammanayakam.htm,200,sirukathaigal/brammanayakam.md,no,covered,/Users/pugazhendhirajendran/Documents/Codex/2026-07-09/https-www-annavinpadaippugal-info/outputs/annavin_text_extractor/organized_contents/sirukathaigal/brammanayakam.md
http://www.annavinpadaippugal.info/sirukathaigal/danabal_chettiyar.htm,200,sirukathaigal/danabal_chettiyar.md,no,covered,/Users/pugazhendhirajendran/Documents/Codex/2026-07-09/https-www-annavinpadaippugal-info/outputs/annavin_text_extractor/organized_contents/sirukathaigal/danabal_chettiyar.md
http://www.annavinpadaippugal.info/sirukathaigal/devathayin_thuyaram.htm,200,sirukathaigal/devathayin_thuyaram.md,no,covered,/Users/pugazhendhirajendran/Documents/Codex/2026-07-09/https-www-annavinpadaippugal-info/outputs/annavin_text_extractor/organized_contents/sirukathaigal/devathayin_thuyaram.md
http://www.annavinpadaippugal.info/sirukathaigal/engum_avan.htm,200,sirukathaigal/engum_avan.md,no,covered,/Users/pugazhendhirajendran/Documents/Codex/2026-07-09/https-www-annavinpadaippugal-info/outputs/annavin_text_extractor/organized_contents/sirukathaigal/engum_avan.md
http://www.annavinpadaippugal.info/sirukathaigal/ganavaan.htm,200,sirukathaigal/ganavaan.md,no,covered,/Users/pugazhendhirajendran/Documents/Codex/2026-07-09/https-www-annavinpadaippugal-info/outputs/annavin_text_extractor/organized_contents/sirukathaigal/ganavaan.md
http://www.annavinpadaippugal.info/sirukathaigal/imsaikku_aalana_1.htm,200,sirukathaigal/imsaikku_aalana.md,yes,covered,/Users/pugazhendhirajendran/Documents/Codex/2026-07-09/https-www-annavinpadaippugal-info/outputs/annavin_text_extractor/organized_contents/sirukathaigal/imsaikku_aalana.md
http://www.annavinpadaippugal.info/sirukathaigal/imsaikku_aalana_2.htm,200,sirukathaigal/imsaikku_aalana.md,yes,covered,/Users/pugazhendhirajendran/Documents/Codex/2026-07-09/https-www-annavinpadaippugal-info/outputs/annavin_text_extractor/organized_contents/sirukathaigal/imsaikku_aalana.md
http://www.annavinpadaippugal.info/sirukathaigal/iru_satchigal.htm,200,sirukathaigal/iru_satchigal.md,no,covered,/Users/pugazhendhirajendran/Documents/Codex/2026-07-09/https-www-annavinpadaippugal-info/outputs/annavin_text_extractor/organized_contents/sirukathaigal/iru_satchigal.md
http://www.annavinpadaippugal.info/sirukathaigal/irumbaram_1.htm,200,sirukathaigal/irumbaram.md,yes,covered,/Users/pugazhendhirajendran/Documents/Codex/2026-07-09/https-www-annavinpadaippugal-info/outputs/annavin_text_extractor/organized_contents/sirukathaigal/irumbaram.md
http://www.annavinpadaippugal.info/sirukathaigal/irumbaram_2.htm,200,sirukathaigal/irumbaram.md,yes,covered,/Users/pugazhendhirajendran/Documents/Codex/2026-07-09/https-www-annavinpadaippugal-info/outputs/annavin_text_extractor/organized_contents/sirukathaigal/irumbaram.md
http://www.annavinpadaippugal.info/sirukathaigal/iruparambaraigal.htm,200,sirukathaigal/iruparambaraigal.md,no,covered,/Users/pugazhendhirajendran/Documents/Codex/2026-07-09/https-www-annavinpadaippugal-info/outputs/annavin_text_extractor/organized_contents/sirukathaigal/iruparambaraigal.md
http://www.annavinpadaippugal.info/sirukathaigal/iruvar.htm,200,sirukathaigal/iruvar.md,no,covered,/Users/pugazhendhirajendran/Documents/Codex/2026-07-09/https-www-annavinpadaippugal-info/outputs/annavin_text_extractor/organized_contents/sirukathaigal/iruvar.md
http://www.annavinpadaippugal.info/sirukathaigal/ivargal_kutravaligala.htm,200,sirukathaigal/ivargal_kutravaligala.md,no,covered,/Users/pugazhendhirajendran/Documents/Codex/2026-07-09/https-www-annavinpadaippugal-info/outputs/annavin_text_extractor/organized_contents/sirukathaigal/ivargal_kutravaligala.md
http://www.annavinpadaippugal.info/sirukathaigal/justice_janaki.htm,200,sirukathaigal/justice_janaki.md,no,covered,/Users/pugazhendhirajendran/Documents/Codex/2026-07-09/https-www-annavinpadaippugal-info/outputs/annavin_text_extractor/organized_contents/sirukathaigal/justice_janaki.md
http://www.annavinpadaippugal.info/sirukathaigal/kadavulin_kavalai.htm,200,sirukathaigal/kadavulin_kavalai.md,no,covered,/Users/pugazhendhirajendran/Documents/Codex/2026-07-09/https-www-annavinpadaippugal-info/outputs/annavin_text_extractor/organized_contents/sirukathaigal/kadavulin_kavalai.md
http://www.annavinpadaippugal.info/sirukathaigal/kadvul_thandipar.htm,200,sirukathaigal/kadvul_thandipar.md,no,covered,/Users/pugazhendhirajendran/Documents/Codex/2026-07-09/https-www-annavinpadaippugal-info/outputs/annavin_text_extractor/organized_contents/sirukathaigal/kadvul_thandipar.md
http://www.annavinpadaippugal.info/sirukathaigal/kaikku_ettiyathu.htm,200,sirukathaigal/kaikku_ettiyathu.md,no,covered,/Users/pugazhendhirajendran/Documents/Codex/2026-07-09/https-www-annavinpadaippugal-info/outputs/annavin_text_extractor/organized_contents/sirukathaigal/kaikku_ettiyathu.md
http://www.annavinpadaippugal.info/sirukathaigal/kaithigal.htm,200,sirukathaigal/kaithigal.md,no,covered,/Users/pugazhendhirajendran/Documents/Codex/2026-07-09/https-www-annavinpadaippugal-info/outputs/annavin_text_extractor/organized_contents/sirukathaigal/kaithigal.md
http://www.annavinpadaippugal.info/sirukathaigal/kali_theertha.htm,200,sirukathaigal/kali_theertha.md,no,covered,/Users/pugazhendhirajendran/Documents/Codex/2026-07-09/https-www-annavinpadaippugal-info/outputs/annavin_text_extractor/organized_contents/sirukathaigal/kali_theertha.md
http://www.annavinpadaippugal.info/sirukathaigal/kalizhanthan_1.htm,200,sirukathaigal/kalizhanthan.md,yes,covered,/Users/pugazhendhirajendran/Documents/Codex/2026-07-09/https-www-annavinpadaippugal-info/outputs/annavin_text_extractor/organized_contents/sirukathaigal/kalizhanthan.md
http://www.annavinpadaippugal.info/sirukathaigal/kalizhanthan_2.htm,200,sirukathaigal/kalizhanthan.md,yes,covered,/Users/pugazhendhirajendran/Documents/Codex/2026-07-09/https-www-annavinpadaippugal-info/outputs/annavin_text_extractor/organized_contents/sirukathaigal/kalizhanthan.md
http://www.annavinpadaippugal.info/sirukathaigal/kallum_kannadi.htm,200,sirukathaigal/kallum_kannadi.md,no,covered,/Users/pugazhendhirajendran/Documents/Codex/2026-07-09/https-www-annavinpadaippugal-info/outputs/annavin_text_extractor/organized_contents/sirukathaigal/kallum_kannadi.md
http://www.annavinpadaippugal.info/sirukathaigal/kamakurangu_1.htm,200,sirukathaigal/kamakurangu.md,yes,covered,/Users/pugazhendhirajendran/Documents/Codex/2026-07-09/https-www-annavinpadaippugal-info/outputs/annavin_text_extractor/organized_contents/sirukathaigal/kamakurangu.md
http://www.annavinpadaippugal.info/sirukathaigal/kamakurangu_2.htm,200,sirukathaigal/kamakurangu.md,yes,covered,/Users/pugazhendhirajendran/Documents/Codex/2026-07-09/https-www-annavinpadaippugal-info/outputs/annavin_text_extractor/organized_contents/sirukathaigal/kamakurangu.md
http://www.annavinpadaippugal.info/sirukathaigal/kanavil_keerathar.htm,200,sirukathaigal/kanavil_keerathar.md,no,covered,/Users/pugazhendhirajendran/Documents/Codex/2026-07-09/https-www-annavinpadaippugal-info/outputs/annavin_text_extractor/organized_contents/sirukathaigal/kanavil_keerathar.md
http://www.annavinpadaippugal.info/sirukathaigal/kanni_vithavai_1.htm,200,sirukathaigal/kanni_vithavai.md,yes,covered,/Users/pugazhendhirajendran/Documents/Codex/2026-07-09/https-www-annavinpadaippugal-info/outputs/annavin_text_extractor/organized_contents/sirukathaigal/kanni_vithavai.md
http://www.annavinpadaippugal.info/sirukathaigal/kanni_vithavai_2.htm,200,sirukathaigal/kanni_vithavai.md,yes,covered,/Users/pugazhendhirajendran/Documents/Codex/2026-07-09/https-www-annavinpadaippugal-info/outputs/annavin_text_extractor/organized_contents/sirukathaigal/kanni_vithavai.md
http://www.annavinpadaippugal.info/sirukathaigal/karuppannasamy.htm,200,sirukathaigal/karuppannasamy.md,no,covered,/Users/pugazhendhirajendran/Documents/Codex/2026-07-09/https-www-annavinpadaippugal-info/outputs/annavin_text_extractor/organized_contents/sirukathaigal/karuppannasamy.md
http://www.annavinpadaippugal.info/sirukathaigal/kathiravan_kanneer_1.htm,200,sirukathaigal/kathiravan_kanneer.md,yes,covered,/Users/pugazhendhirajendran/Documents/Codex/2026-07-09/https-www-annavinpadaippugal-info/outputs/annavin_text_extractor/organized_contents/sirukathaigal/kathiravan_kanneer.md
http://www.annavinpadaippugal.info/sirukathaigal/kathiravan_kanneer_2.htm,200,sirukathaigal/kathiravan_kanneer.md,yes,covered,/Users/pugazhendhirajendran/Documents/Codex/2026-07-09/https-www-annavinpadaippugal-info/outputs/annavin_text_extractor/organized_contents/sirukathaigal/kathiravan_kanneer.md
http://www.annavinpadaippugal.info/sirukathaigal/kokarko.htm,200,sirukathaigal/kokarko.md,no,covered,/Users/pugazhendhirajendran/Documents/Codex/2026-07-09/https-www-annavinpadaippugal-info/outputs/annavin_text_extractor/organized_contents/sirukathaigal/kokarko.md
http://www.annavinpadaippugal.info/sirukathaigal/kolaikari.htm,200,sirukathaigal/kolaikari.md,no,covered,/Users/pugazhendhirajendran/Documents/Codex/2026-07-09/https-www-annavinpadaippugal-info/outputs/annavin_text_extractor/organized_contents/sirukathaigal/kolaikari.md
http://www.annavinpadaippugal.info/sirukathaigal/krishnaleela_1.htm,200,sirukathaigal/krishnaleela.md,yes,covered,/Users/pugazhendhirajendran/Documents/Codex/2026-07-09/https-www-annavinpadaippugal-info/outputs/annavin_text_extractor/organized_contents/sirukathaigal/krishnaleela.md
http://www.annavinpadaippugal.info/sirukathaigal/krishnaleela_2.htm,200,sirukathaigal/krishnaleela.md,yes,covered,/Users/pugazhendhirajendran/Documents/Codex/2026-07-09/https-www-annavinpadaippugal-info/outputs/annavin_text_extractor/organized_contents/sirukathaigal/krishnaleela.md
http://www.annavinpadaippugal.info/sirukathaigal/kumari_soorya.htm,200,sirukathaigal/kumari_soorya.md,no,covered,/Users/pugazhendhirajendran/Documents/Codex/2026-07-09/https-www-annavinpadaippugal-info/outputs/annavin_text_extractor/organized_contents/sirukathaigal/kumari_soorya.md
http://www.annavinpadaippugal.info/sirukathaigal/kuralappar.htm,200,sirukathaigal/kuralappar.md,no,covered,/Users/pugazhendhirajendran/Documents/Codex/2026-07-09/https-www-annavinpadaippugal-info/outputs/annavin_text_extractor/organized_contents/sirukathaigal/kuralappar.md
http://www.annavinpadaippugal.info/sirukathaigal/kutravaali_koondilae.htm,200,sirukathaigal/kutravaali_koondilae.md,no,covered,/Users/pugazhendhirajendran/Documents/Codex/2026-07-09/https-www-annavinpadaippugal-info/outputs/annavin_text_extractor/organized_contents/sirukathaigal/kutravaali_koondilae.md
http://www.annavinpadaippugal.info/sirukathaigal/kutravaali_yar.htm,200,sirukathaigal/kutravaali_yar.md,no,covered,/Users/pugazhendhirajendran/Documents/Codex/2026-07-09/https-www-annavinpadaippugal-info/outputs/annavin_text_extractor/organized_contents/sirukathaigal/kutravaali_yar.md
http://www.annavinpadaippugal.info/sirukathaigal/kutravali_koondukku.htm,200,sirukathaigal/kutravali_koondukku.md,no,covered,/Users/pugazhendhirajendran/Documents/Codex/2026-07-09/https-www-annavinpadaippugal-info/outputs/annavin_text_extractor/organized_contents/sirukathaigal/kutravali_koondukku.md
http://www.annavinpadaippugal.info/sirukathaigal/maadiveedu_1.htm,200,sirukathaigal/maadiveedu.md,yes,covered,/Users/pugazhendhirajendran/Documents/Codex/2026-07-09/https-www-annavinpadaippugal-info/outputs/annavin_text_extractor/organized_contents/sirukathaigal/maadiveedu.md
http://www.annavinpadaippugal.info/sirukathaigal/maadiveedu_2.htm,200,sirukathaigal/maadiveedu.md,yes,covered,/Users/pugazhendhirajendran/Documents/Codex/2026-07-09/https-www-annavinpadaippugal-info/outputs/annavin_text_extractor/organized_contents/sirukathaigal/maadiveedu.md
http://www.annavinpadaippugal.info/sirukathaigal/maduraikku_ticket_illai.htm,200,sirukathaigal/maduraikku_ticket_illai.md,no,covered,/Users/pugazhendhirajendran/Documents/Codex/2026-07-09/https-www-annavinpadaippugal-info/outputs/annavin_text_extractor/organized_contents/sirukathaigal/maduraikku_ticket_illai.md
http://www.annavinpadaippugal.info/sirukathaigal/maelathikari_1.htm,200,sirukathaigal/maelathikari.md,yes,covered,/Users/pugazhendhirajendran/Documents/Codex/2026-07-09/https-www-annavinpadaippugal-info/outputs/annavin_text_extractor/organized_contents/sirukathaigal/maelathikari.md
http://www.annavinpadaippugal.info/sirukathaigal/maelathikari_2.htm,200,sirukathaigal/maelathikari.md,yes,covered,/Users/pugazhendhirajendran/Documents/Codex/2026-07-09/https-www-annavinpadaippugal-info/outputs/annavin_text_extractor/organized_contents/sirukathaigal/maelathikari.md
http://www.annavinpadaippugal.info/sirukathaigal/manitha_manthai.htm,200,sirukathaigal/manitha_manthai.md,no,covered,/Users/pugazhendhirajendran/Documents/Codex/2026-07-09/https-www-annavinpadaippugal-info/outputs/annavin_text_extractor/organized_contents/sirukathaigal/manitha_manthai.md
http://www.annavinpadaippugal.info/sirukathaigal/marathundu.htm,200,sirukathaigal/marathundu.md,no,covered,/Users/pugazhendhirajendran/Documents/Codex/2026-07-09/https-www-annavinpadaippugal-info/outputs/annavin_text_extractor/organized_contents/sirukathaigal/marathundu.md
http://www.annavinpadaippugal.info/sirukathaigal/moolakaranam.htm,200,sirukathaigal/moolakaranam.md,no,covered,/Users/pugazhendhirajendran/Documents/Codex/2026-07-09/https-www-annavinpadaippugal-info/outputs/annavin_text_extractor/organized_contents/sirukathaigal/moolakaranam.md
http://www.annavinpadaippugal.info/sirukathaigal/moondru_kadithangal.htm,200,sirukathaigal/moondru_kadithangal.md,no,covered,/Users/pugazhendhirajendran/Documents/Codex/2026-07-09/https-www-annavinpadaippugal-info/outputs/annavin_text_extractor/organized_contents/sirukathaigal/moondru_kadithangal.md
http://www.annavinpadaippugal.info/sirukathaigal/mugam_veluthathu.htm,200,sirukathaigal/mugam_veluthathu.md,no,covered,/Users/pugazhendhirajendran/Documents/Codex/2026-07-09/https-www-annavinpadaippugal-info/outputs/annavin_text_extractor/organized_contents/sirukathaigal/mugam_veluthathu.md
http://www.annavinpadaippugal.info/sirukathaigal/naakizhanthar.htm,200,sirukathaigal/naakizhanthar.md,no,covered,/Users/pugazhendhirajendran/Documents/Codex/2026-07-09/https-www-annavinpadaippugal-info/outputs/annavin_text_extractor/organized_contents/sirukathaigal/naakizhanthar.md
http://www.annavinpadaippugal.info/sirukathaigal/naan_manithananaen.htm,200,sirukathaigal/naan_manithananaen.md,no,covered,/Users/pugazhendhirajendran/Documents/Codex/2026-07-09/https-www-annavinpadaippugal-info/outputs/annavin_text_extractor/organized_contents/sirukathaigal/naan_manithananaen.md
http://www.annavinpadaippugal.info/sirukathaigal/nadodi.htm,200,sirukathaigal/nadodi.md,no,covered,/Users/pugazhendhirajendran/Documents/Codex/2026-07-09/https-www-annavinpadaippugal-info/outputs/annavin_text_extractor/organized_contents/sirukathaigal/nadodi.md
http://www.annavinpadaippugal.info/sirukathaigal/nagaithal_nangai.htm,200,sirukathaigal/nagaithal_nangai.md,no,covered,/Users/pugazhendhirajendran/Documents/Codex/2026-07-09/https-www-annavinpadaippugal-info/outputs/annavin_text_extractor/organized_contents/sirukathaigal/nagaithal_nangai.md
http://www.annavinpadaippugal.info/sirukathaigal/neethipathi_vakeel_1.htm,200,sirukathaigal/neethipathi_vakeel.md,yes,covered,/Users/pugazhendhirajendran/Documents/Codex/2026-07-09/https-www-annavinpadaippugal-info/outputs/annavin_text_extractor/organized_contents/sirukathaigal/neethipathi_vakeel.md
http://www.annavinpadaippugal.info/sirukathaigal/neethipathi_vakeel_2.htm,200,sirukathaigal/neethipathi_vakeel.md,yes,covered,/Users/pugazhendhirajendran/Documents/Codex/2026-07-09/https-www-annavinpadaippugal-info/outputs/annavin_text_extractor/organized_contents/sirukathaigal/neethipathi_vakeel.md
http://www.annavinpadaippugal.info/sirukathaigal/neethipathi_vakeel_3.htm,200,sirukathaigal/neethipathi_vakeel.md,yes,covered,/Users/pugazhendhirajendran/Documents/Codex/2026-07-09/https-www-annavinpadaippugal-info/outputs/annavin_text_extractor/organized_contents/sirukathaigal/neethipathi_vakeel.md
http://www.annavinpadaippugal.info/sirukathaigal/nenjil_neruppu.htm,200,sirukathaigal/nenjil_neruppu.md,no,covered,/Users/pugazhendhirajendran/Documents/Codex/2026-07-09/https-www-annavinpadaippugal-info/outputs/annavin_text_extractor/organized_contents/sirukathaigal/nenjil_neruppu.md
http://www.annavinpadaippugal.info/sirukathaigal/oru_muttalin_kathai_1.htm,200,sirukathaigal/oru_muttalin_kathai.md,yes,covered,/Users/pugazhendhirajendran/Documents/Codex/2026-07-09/https-www-annavinpadaippugal-info/outputs/annavin_text_extractor/organized_contents/sirukathaigal/oru_muttalin_kathai.md
http://www.annavinpadaippugal.info/sirukathaigal/oru_muttalin_kathai_2.htm,200,sirukathaigal/oru_muttalin_kathai.md,yes,covered,/Users/pugazhendhirajendran/Documents/Codex/2026-07-09/https-www-annavinpadaippugal-info/outputs/annavin_text_extractor/organized_contents/sirukathaigal/oru_muttalin_kathai.md
http://www.annavinpadaippugal.info/sirukathaigal/oruvanthan.htm,200,sirukathaigal/oruvanthan.md,no,covered,/Users/pugazhendhirajendran/Documents/Codex/2026-07-09/https-www-annavinpadaippugal-info/outputs/annavin_text_extractor/organized_contents/sirukathaigal/oruvanthan.md
http://www.annavinpadaippugal.info/sirukathaigal/paei_oadi_poachu.htm,200,sirukathaigal/paei_oadi_poachu.md,no,covered,/Users/pugazhendhirajendran/Documents/Codex/2026-07-09/https-www-annavinpadaippugal-info/outputs/annavin_text_extractor/organized_contents/sirukathaigal/paei_oadi_poachu.md
http://www.annavinpadaippugal.info/sirukathaigal/paeran_bengalooril.htm,200,sirukathaigal/paeran_bengalooril.md,no,covered,/Users/pugazhendhirajendran/Documents/Codex/2026-07-09/https-www-annavinpadaippugal-info/outputs/annavin_text_extractor/organized_contents/sirukathaigal/paeran_bengalooril.md
http://www.annavinpadaippugal.info/sirukathaigal/palapalan.htm,200,sirukathaigal/palapalan.md,no,covered,/Users/pugazhendhirajendran/Documents/Codex/2026-07-09/https-www-annavinpadaippugal-info/outputs/annavin_text_extractor/organized_contents/sirukathaigal/palapalan.md
http://www.annavinpadaippugal.info/sirukathaigal/pallilikkum.htm,200,sirukathaigal/pallilikkum.md,no,covered,/Users/pugazhendhirajendran/Documents/Codex/2026-07-09/https-www-annavinpadaippugal-info/outputs/annavin_text_extractor/organized_contents/sirukathaigal/pallilikkum.md
http://www.annavinpadaippugal.info/sirukathaigal/palliyarayil_paramasivan.htm,200,sirukathaigal/palliyarayil_paramasivan.md,no,covered,/Users/pugazhendhirajendran/Documents/Codex/2026-07-09/https-www-annavinpadaippugal-info/outputs/annavin_text_extractor/organized_contents/sirukathaigal/palliyarayil_paramasivan.md
http://www.annavinpadaippugal.info/sirukathaigal/pavalapaspam_1.htm,200,sirukathaigal/pavalapaspam.md,yes,covered,/Users/pugazhendhirajendran/Documents/Codex/2026-07-09/https-www-annavinpadaippugal-info/outputs/annavin_text_extractor/organized_contents/sirukathaigal/pavalapaspam.md
http://www.annavinpadaippugal.info/sirukathaigal/pavalapaspam_2.htm,200,sirukathaigal/pavalapaspam.md,yes,covered,/Users/pugazhendhirajendran/Documents/Codex/2026-07-09/https-www-annavinpadaippugal-info/outputs/annavin_text_extractor/organized_contents/sirukathaigal/pavalapaspam.md
http://www.annavinpadaippugal.info/sirukathaigal/pavalapaspam_3.htm,200,sirukathaigal/pavalapaspam.md,yes,covered,/Users/pugazhendhirajendran/Documents/Codex/2026-07-09/https-www-annavinpadaippugal-info/outputs/annavin_text_extractor/organized_contents/sirukathaigal/pavalapaspam.md
http://www.annavinpadaippugal.info/sirukathaigal/pithalai_alla.htm,200,sirukathaigal/pithalai_alla.md,no,covered,/Users/pugazhendhirajendran/Documents/Codex/2026-07-09/https-www-annavinpadaippugal-info/outputs/annavin_text_extractor/organized_contents/sirukathaigal/pithalai_alla.md
http://www.annavinpadaippugal.info/sirukathaigal/police_ponnusamy.htm,200,sirukathaigal/police_ponnusamy.md,no,covered,/Users/pugazhendhirajendran/Documents/Codex/2026-07-09/https-www-annavinpadaippugal-info/outputs/annavin_text_extractor/organized_contents/sirukathaigal/police_ponnusamy.md
http://www.annavinpadaippugal.info/sirukathaigal/pongal_parisu.htm,200,sirukathaigal/pongal_parisu.md,no,covered,/Users/pugazhendhirajendran/Documents/Codex/2026-07-09/https-www-annavinpadaippugal-info/outputs/annavin_text_extractor/organized_contents/sirukathaigal/pongal_parisu.md
http://www.annavinpadaippugal.info/sirukathaigal/prarthanai.htm,200,sirukathaigal/prarthanai.md,no,covered,/Users/pugazhendhirajendran/Documents/Codex/2026-07-09/https-www-annavinpadaippugal-info/outputs/annavin_text_extractor/organized_contents/sirukathaigal/prarthanai.md
http://www.annavinpadaippugal.info/sirukathaigal/prasang_booshanam.htm,200,sirukathaigal/prasang_booshanam.md,no,covered,/Users/pugazhendhirajendran/Documents/Codex/2026-07-09/https-www-annavinpadaippugal-info/outputs/annavin_text_extractor/organized_contents/sirukathaigal/prasang_booshanam.md
http://www.annavinpadaippugal.info/sirukathaigal/pulinagam.htm,200,sirukathaigal/pulinagam.md,no,covered,/Users/pugazhendhirajendran/Documents/Codex/2026-07-09/https-www-annavinpadaippugal-info/outputs/annavin_text_extractor/organized_contents/sirukathaigal/pulinagam.md
http://www.annavinpadaippugal.info/sirukathaigal/puthiya_nayanar_1.htm,200,sirukathaigal/puthiya_nayanar.md,yes,covered,/Users/pugazhendhirajendran/Documents/Codex/2026-07-09/https-www-annavinpadaippugal-info/outputs/annavin_text_extractor/organized_contents/sirukathaigal/puthiya_nayanar.md
http://www.annavinpadaippugal.info/sirukathaigal/puthiya_nayanar_2.htm,200,sirukathaigal/puthiya_nayanar.md,yes,covered,/Users/pugazhendhirajendran/Documents/Codex/2026-07-09/https-www-annavinpadaippugal-info/outputs/annavin_text_extractor/organized_contents/sirukathaigal/puthiya_nayanar.md
http://www.annavinpadaippugal.info/sirukathaigal/rajapart_1.htm,200,sirukathaigal/rajapart.md,yes,covered,/Users/pugazhendhirajendran/Documents/Codex/2026-07-09/https-www-annavinpadaippugal-info/outputs/annavin_text_extractor/organized_contents/sirukathaigal/rajapart.md
http://www.annavinpadaippugal.info/sirukathaigal/rajapart_2.htm,200,sirukathaigal/rajapart.md,yes,covered,/Users/pugazhendhirajendran/Documents/Codex/2026-07-09/https-www-annavinpadaippugal-info/outputs/annavin_text_extractor/organized_contents/sirukathaigal/rajapart.md
http://www.annavinpadaippugal.info/sirukathaigal/rottithundu.htm,200,sirukathaigal/rottithundu.md,no,covered,/Users/pugazhendhirajendran/Documents/Codex/2026-07-09/https-www-annavinpadaippugal-info/outputs/annavin_text_extractor/organized_contents/sirukathaigal/rottithundu.md
http://www.annavinpadaippugal.info/sirukathaigal/saadhu.htm,200,sirukathaigal/saadhu.md,no,covered,/Users/pugazhendhirajendran/Documents/Codex/2026-07-09/https-www-annavinpadaippugal-info/outputs/annavin_text_extractor/organized_contents/sirukathaigal/saadhu.md
http://www.annavinpadaippugal.info/sirukathaigal/samayapurathamman.htm,200,sirukathaigal/samayapurathamman.md,no,covered,/Users/pugazhendhirajendran/Documents/Codex/2026-07-09/https-www-annavinpadaippugal-info/outputs/annavin_text_extractor/organized_contents/sirukathaigal/samayapurathamman.md
http://www.annavinpadaippugal.info/sirukathaigal/samooga_sevaki.htm,200,sirukathaigal/samooga_sevaki.md,no,covered,/Users/pugazhendhirajendran/Documents/Codex/2026-07-09/https-www-annavinpadaippugal-info/outputs/annavin_text_extractor/organized_contents/sirukathaigal/samooga_sevaki.md
http://www.annavinpadaippugal.info/sirukathaigal/saroja_aarana.htm,200,sirukathaigal/saroja_aarana.md,no,covered,/Users/pugazhendhirajendran/Documents/Codex/2026-07-09/https-www-annavinpadaippugal-info/outputs/annavin_text_extractor/organized_contents/sirukathaigal/saroja_aarana.md
http://www.annavinpadaippugal.info/sirukathaigal/sengarumbu_1.htm,200,sirukathaigal/sengarumbu.md,yes,covered,/Users/pugazhendhirajendran/Documents/Codex/2026-07-09/https-www-annavinpadaippugal-info/outputs/annavin_text_extractor/organized_contents/sirukathaigal/sengarumbu.md
http://www.annavinpadaippugal.info/sirukathaigal/sengarumbu_2.htm,200,sirukathaigal/sengarumbu.md,yes,covered,/Users/pugazhendhirajendran/Documents/Codex/2026-07-09/https-www-annavinpadaippugal-info/outputs/annavin_text_extractor/organized_contents/sirukathaigal/sengarumbu.md
http://www.annavinpadaippugal.info/sirukathaigal/sevvazhai.htm,200,sirukathaigal/sevvazhai.md,no,covered,/Users/pugazhendhirajendran/Documents/Codex/2026-07-09/https-www-annavinpadaippugal-info/outputs/annavin_text_extractor/organized_contents/sirukathaigal/sevvazhai.md
http://www.annavinpadaippugal.info/sirukathaigal/sokki.htm,200,sirukathaigal/sokki.md,no,covered,/Users/pugazhendhirajendran/Documents/Codex/2026-07-09/https-www-annavinpadaippugal-info/outputs/annavin_text_extractor/organized_contents/sirukathaigal/sokki.md
http://www.annavinpadaippugal.info/sirukathaigal/sollathathu.htm,200,sirukathaigal/sollathathu.md,no,covered,/Users/pugazhendhirajendran/Documents/Codex/2026-07-09/https-www-annavinpadaippugal-info/outputs/annavin_text_extractor/organized_contents/sirukathaigal/sollathathu.md
http://www.annavinpadaippugal.info/sirukathaigal/solvathai_ezhuthaenda.htm,200,sirukathaigal/solvathai_ezhuthaenda.md,no,covered,/Users/pugazhendhirajendran/Documents/Codex/2026-07-09/https-www-annavinpadaippugal-info/outputs/annavin_text_extractor/organized_contents/sirukathaigal/solvathai_ezhuthaenda.md
http://www.annavinpadaippugal.info/sirukathaigal/soothadi.htm,200,sirukathaigal/soothadi.md,no,covered,/Users/pugazhendhirajendran/Documents/Codex/2026-07-09/https-www-annavinpadaippugal-info/outputs/annavin_text_extractor/organized_contents/sirukathaigal/soothadi.md
http://www.annavinpadaippugal.info/sirukathaigal/sudumoonchi.htm,200,sirukathaigal/sudumoonchi.md,no,covered,/Users/pugazhendhirajendran/Documents/Codex/2026-07-09/https-www-annavinpadaippugal-info/outputs/annavin_text_extractor/organized_contents/sirukathaigal/sudumoonchi.md
http://www.annavinpadaippugal.info/sirukathaigal/sumar_subbaiah.htm,200,sirukathaigal/sumar_subbaiah.md,no,covered,/Users/pugazhendhirajendran/Documents/Codex/2026-07-09/https-www-annavinpadaippugal-info/outputs/annavin_text_extractor/organized_contents/sirukathaigal/sumar_subbaiah.md
http://www.annavinpadaippugal.info/sirukathaigal/thangathin_kathalan.htm,200,sirukathaigal/thangathin_kathalan.md,no,covered,/Users/pugazhendhirajendran/Documents/Codex/2026-07-09/https-www-annavinpadaippugal-info/outputs/annavin_text_extractor/organized_contents/sirukathaigal/thangathin_kathalan.md
http://www.annavinpadaippugal.info/sirukathaigal/thavalayum_manithanum.htm,200,sirukathaigal/thavalayum_manithanum.md,no,covered,/Users/pugazhendhirajendran/Documents/Codex/2026-07-09/https-www-annavinpadaippugal-info/outputs/annavin_text_extractor/organized_contents/sirukathaigal/thavalayum_manithanum.md
http://www.annavinpadaippugal.info/sirukathaigal/thediyathu_vakeelai.htm,200,sirukathaigal/thediyathu_vakeelai.md,no,covered,/Users/pugazhendhirajendran/Documents/Codex/2026-07-09/https-www-annavinpadaippugal-info/outputs/annavin_text_extractor/organized_contents/sirukathaigal/thediyathu_vakeelai.md
http://www.annavinpadaippugal.info/sirukathaigal/theerpaliyungal.htm,200,sirukathaigal/theerpaliyungal.md,no,covered,/Users/pugazhendhirajendran/Documents/Codex/2026-07-09/https-www-annavinpadaippugal-info/outputs/annavin_text_extractor/organized_contents/sirukathaigal/theerpaliyungal.md
http://www.annavinpadaippugal.info/sirukathaigal/theetuthuni.htm,200,sirukathaigal/theetuthuni.md,no,covered,/Users/pugazhendhirajendran/Documents/Codex/2026-07-09/https-www-annavinpadaippugal-info/outputs/annavin_text_extractor/organized_contents/sirukathaigal/theetuthuni.md
http://www.annavinpadaippugal.info/sirukathaigal/thirappu_vizha.htm,200,sirukathaigal/thirappu_vizha.md,no,covered,/Users/pugazhendhirajendran/Documents/Codex/2026-07-09/https-www-annavinpadaippugal-info/outputs/annavin_text_extractor/organized_contents/sirukathaigal/thirappu_vizha.md
http://www.annavinpadaippugal.info/sirukathaigal/thunai_nadigai.htm,200,sirukathaigal/thunai_nadigai.md,no,covered,/Users/pugazhendhirajendran/Documents/Codex/2026-07-09/https-www-annavinpadaippugal-info/outputs/annavin_text_extractor/organized_contents/sirukathaigal/thunai_nadigai.md
http://www.annavinpadaippugal.info/sirukathaigal/ubakari_ulaga.htm,200,sirukathaigal/ubakari_ulaga.md,no,covered,/Users/pugazhendhirajendran/Documents/Codex/2026-07-09/https-www-annavinpadaippugal-info/outputs/annavin_text_extractor/organized_contents/sirukathaigal/ubakari_ulaga.md
http://www.annavinpadaippugal.info/sirukathaigal/udai_poattathum.htm,200,sirukathaigal/udai_poattathum.md,no,covered,/Users/pugazhendhirajendran/Documents/Codex/2026-07-09/https-www-annavinpadaippugal-info/outputs/annavin_text_extractor/organized_contents/sirukathaigal/udai_poattathum.md
http://www.annavinpadaippugal.info/sirukathaigal/udayar_ullam.htm,200,sirukathaigal/udayar_ullam.md,no,covered,/Users/pugazhendhirajendran/Documents/Codex/2026-07-09/https-www-annavinpadaippugal-info/outputs/annavin_text_extractor/organized_contents/sirukathaigal/udayar_ullam.md
http://www.annavinpadaippugal.info/sirukathaigal/unnaviratham_oru_thandanai.htm,200,sirukathaigal/unnaviratham_oru_thandanai.md,no,covered,/Users/pugazhendhirajendran/Documents/Codex/2026-07-09/https-www-annavinpadaippugal-info/outputs/annavin_text_extractor/organized_contents/sirukathaigal/unnaviratham_oru_thandanai.md
http://www.annavinpadaippugal.info/sirukathaigal/vaelai_kidaithathu.htm,200,sirukathaigal/vaelai_kidaithathu.md,no,covered,/Users/pugazhendhirajendran/Documents/Codex/2026-07-09/https-www-annavinpadaippugal-info/outputs/annavin_text_extractor/organized_contents/sirukathaigal/vaelai_kidaithathu.md
http://www.annavinpadaippugal.info/sirukathaigal/vaelai_pochu_1.htm,200,sirukathaigal/vaelai_pochu.md,yes,covered,/Users/pugazhendhirajendran/Documents/Codex/2026-07-09/https-www-annavinpadaippugal-info/outputs/annavin_text_extractor/organized_contents/sirukathaigal/vaelai_pochu.md
http://www.annavinpadaippugal.info/sirukathaigal/vaelai_pochu_2.htm,200,sirukathaigal/vaelai_pochu.md,yes,covered,/Users/pugazhendhirajendran/Documents/Codex/2026-07-09/https-www-annavinpadaippugal-info/outputs/annavin_text_extractor/organized_contents/sirukathaigal/vaelai_pochu.md
http://www.annavinpadaippugal.info/sirukathaigal/valiba_virunthu.htm,200,sirukathaigal/valiba_virunthu.md,no,covered,/Users/pugazhendhirajendran/Documents/Codex/2026-07-09/https-www-annavinpadaippugal-info/outputs/annavin_text_extractor/organized_contents/sirukathaigal/valiba_virunthu.md
http://www.annavinpadaippugal.info/sirukathaigal/valli_nayakiyin.htm,200,sirukathaigal/valli_nayakiyin.md,no,covered,/Users/pugazhendhirajendran/Documents/Codex/2026-07-09/https-www-annavinpadaippugal-info/outputs/annavin_text_extractor/organized_contents/sirukathaigal/valli_nayakiyin.md
http://www.annavinpadaippugal.info/sirukathaigal/valli_thirumanam.htm,200,sirukathaigal/valli_thirumanam.md,no,covered,/Users/pugazhendhirajendran/Documents/Codex/2026-07-09/https-www-annavinpadaippugal-info/outputs/annavin_text_extractor/organized_contents/sirukathaigal/valli_thirumanam.md
http://www.annavinpadaippugal.info/sirukathaigal/valliyin_devi.htm,200,sirukathaigal/valliyin_devi.md,no,covered,/Users/pugazhendhirajendran/Documents/Codex/2026-07-09/https-www-annavinpadaippugal-info/outputs/annavin_text_extractor/organized_contents/sirukathaigal/valliyin_devi.md
http://www.annavinpadaippugal.info/sirukathaigal/varavu_selavu.htm,200,sirukathaigal/varavu_selavu.md,no,covered,/Users/pugazhendhirajendran/Documents/Codex/2026-07-09/https-www-annavinpadaippugal-info/outputs/annavin_text_extractor/organized_contents/sirukathaigal/varavu_selavu.md
http://www.annavinpadaippugal.info/sirukathaigal/vazhuki_vizhunthavargal.htm,200,sirukathaigal/vazhuki_vizhunthavargal.md,no,covered,/Users/pugazhendhirajendran/Documents/Codex/2026-07-09/https-www-annavinpadaippugal-info/outputs/annavin_text_extractor/organized_contents/sirukathaigal/vazhuki_vizhunthavargal.md
http://www.annavinpadaippugal.info/sirukathaigal/velli_ratham.htm,200,sirukathaigal/velli_ratham.md,no,covered,/Users/pugazhendhirajendran/Documents/Codex/2026-07-09/https-www-annavinpadaippugal-info/outputs/annavin_text_extractor/organized_contents/sirukathaigal/velli_ratham.md
http://www.annavinpadaippugal.info/sirukathaigal/yaarmeethu_kobithu_1.htm,200,sirukathaigal/yaarmeethu_kobithu.md,yes,covered,/Users/pugazhendhirajendran/Documents/Codex/2026-07-09/https-www-annavinpadaippugal-info/outputs/annavin_text_extractor/organized_contents/sirukathaigal/yaarmeethu_kobithu.md
http://www.annavinpadaippugal.info/sirukathaigal/yaarmeethu_kobithu_2.htm,200,sirukathaigal/yaarmeethu_kobithu.md,yes,covered,/Users/pugazhendhirajendran/Documents/Codex/2026-07-09/https-www-annavinpadaippugal-info/outputs/annavin_text_extractor/organized_contents/sirukathaigal/yaarmeethu_kobithu.md
http://www.annavinpadaippugal.info/sirukathaigal/yogapiyasam_1.htm,200,sirukathaigal/yogapiyasam_1.md,no,covered,/Users/pugazhendhirajendran/Documents/Codex/2026-07-09/https-www-annavinpadaippugal-info/outputs/annavin_text_extractor/organized_contents/sirukathaigal/yogapiyasam_1.md
http://www.annavinpadaippugal.info/sorpozhivugal/040767.htm,200,sorpozhivugal/040767.md,no,covered,/Users/pugazhendhirajendran/Documents/Codex/2026-07-09/https-www-annavinpadaippugal-info/outputs/annavin_text_extractor/organized_contents/sorpozhivugal/040767.md
http://www.annavinpadaippugal.info/sorpozhivugal/050767.htm,200,sorpozhivugal/050767.md,no,covered,/Users/pugazhendhirajendran/Documents/Codex/2026-07-09/https-www-annavinpadaippugal-info/outputs/annavin_text_extractor/organized_contents/sorpozhivugal/050767.md
http://www.annavinpadaippugal.info/sorpozhivugal/050767_2.htm,200,sorpozhivugal/050767_2.md,no,covered,/Users/pugazhendhirajendran/Documents/Codex/2026-07-09/https-www-annavinpadaippugal-info/outputs/annavin_text_extractor/organized_contents/sorpozhivugal/050767_2.md
http://www.annavinpadaippugal.info/sorpozhivugal/060368.htm,200,sorpozhivugal/060368.md,no,covered,/Users/pugazhendhirajendran/Documents/Codex/2026-07-09/https-www-annavinpadaippugal-info/outputs/annavin_text_extractor/organized_contents/sorpozhivugal/060368.md
http://www.annavinpadaippugal.info/sorpozhivugal/060767.htm,200,sorpozhivugal/060767.md,no,covered,/Users/pugazhendhirajendran/Documents/Codex/2026-07-09/https-www-annavinpadaippugal-info/outputs/annavin_text_extractor/organized_contents/sorpozhivugal/060767.md
http://www.annavinpadaippugal.info/sorpozhivugal/070767.htm,200,sorpozhivugal/070767.md,no,covered,/Users/pugazhendhirajendran/Documents/Codex/2026-07-09/https-www-annavinpadaippugal-info/outputs/annavin_text_extractor/organized_contents/sorpozhivugal/070767.md
http://www.annavinpadaippugal.info/sorpozhivugal/080767.htm,200,sorpozhivugal/080767.md,no,covered,/Users/pugazhendhirajendran/Documents/Codex/2026-07-09/https-www-annavinpadaippugal-info/outputs/annavin_text_extractor/organized_contents/sorpozhivugal/080767.md
http://www.annavinpadaippugal.info/sorpozhivugal/080767_2.htm,200,sorpozhivugal/080767_2.md,no,covered,/Users/pugazhendhirajendran/Documents/Codex/2026-07-09/https-www-annavinpadaippugal-info/outputs/annavin_text_extractor/organized_contents/sorpozhivugal/080767_2.md
http://www.annavinpadaippugal.info/sorpozhivugal/110667_1.htm,200,sorpozhivugal/110667.md,yes,covered,/Users/pugazhendhirajendran/Documents/Codex/2026-07-09/https-www-annavinpadaippugal-info/outputs/annavin_text_extractor/organized_contents/sorpozhivugal/110667.md
http://www.annavinpadaippugal.info/sorpozhivugal/110667_2.htm,200,sorpozhivugal/110667.md,yes,covered,/Users/pugazhendhirajendran/Documents/Codex/2026-07-09/https-www-annavinpadaippugal-info/outputs/annavin_text_extractor/organized_contents/sorpozhivugal/110667.md
http://www.annavinpadaippugal.info/sorpozhivugal/110667_3.htm,200,sorpozhivugal/110667.md,yes,covered,/Users/pugazhendhirajendran/Documents/Codex/2026-07-09/https-www-annavinpadaippugal-info/outputs/annavin_text_extractor/organized_contents/sorpozhivugal/110667.md
http://www.annavinpadaippugal.info/sorpozhivugal/110667_4.htm,200,sorpozhivugal/110667.md,yes,covered,/Users/pugazhendhirajendran/Documents/Codex/2026-07-09/https-www-annavinpadaippugal-info/outputs/annavin_text_extractor/organized_contents/sorpozhivugal/110667.md
http://www.annavinpadaippugal.info/sorpozhivugal/120767.htm,200,sorpozhivugal/120767.md,no,covered,/Users/pugazhendhirajendran/Documents/Codex/2026-07-09/https-www-annavinpadaippugal-info/outputs/annavin_text_extractor/organized_contents/sorpozhivugal/120767.md
http://www.annavinpadaippugal.info/sorpozhivugal/130767.htm,200,sorpozhivugal/130767.md,no,covered,/Users/pugazhendhirajendran/Documents/Codex/2026-07-09/https-www-annavinpadaippugal-info/outputs/annavin_text_extractor/organized_contents/sorpozhivugal/130767.md
http://www.annavinpadaippugal.info/sorpozhivugal/150767_1.html,200,sorpozhivugal/150767.md,yes,covered,/Users/pugazhendhirajendran/Documents/Codex/2026-07-09/https-www-annavinpadaippugal-info/outputs/annavin_text_extractor/organized_contents/sorpozhivugal/150767.md
http://www.annavinpadaippugal.info/sorpozhivugal/170367.htm,200,sorpozhivugal/170367.md,no,covered,/Users/pugazhendhirajendran/Documents/Codex/2026-07-09/https-www-annavinpadaippugal-info/outputs/annavin_text_extractor/organized_contents/sorpozhivugal/170367.md
http://www.annavinpadaippugal.info/sorpozhivugal/170767.htm,200,sorpozhivugal/170767.md,no,covered,/Users/pugazhendhirajendran/Documents/Codex/2026-07-09/https-www-annavinpadaippugal-info/outputs/annavin_text_extractor/organized_contents/sorpozhivugal/170767.md
http://www.annavinpadaippugal.info/sorpozhivugal/170868.htm,200,sorpozhivugal/170868.md,no,covered,/Users/pugazhendhirajendran/Documents/Codex/2026-07-09/https-www-annavinpadaippugal-info/outputs/annavin_text_extractor/organized_contents/sorpozhivugal/170868.md
http://www.annavinpadaippugal.info/sorpozhivugal/170868_2.htm,200,sorpozhivugal/170868_2.md,no,covered,/Users/pugazhendhirajendran/Documents/Codex/2026-07-09/https-www-annavinpadaippugal-info/outputs/annavin_text_extractor/organized_contents/sorpozhivugal/170868_2.md
http://www.annavinpadaippugal.info/sorpozhivugal/180767.htm,200,sorpozhivugal/180767.md,no,covered,/Users/pugazhendhirajendran/Documents/Codex/2026-07-09/https-www-annavinpadaippugal-info/outputs/annavin_text_extractor/organized_contents/sorpozhivugal/180767.md
http://www.annavinpadaippugal.info/sorpozhivugal/180767_2.htm,200,sorpozhivugal/180767_2.md,no,covered,/Users/pugazhendhirajendran/Documents/Codex/2026-07-09/https-www-annavinpadaippugal-info/outputs/annavin_text_extractor/organized_contents/sorpozhivugal/180767_2.md
http://www.annavinpadaippugal.info/sorpozhivugal/190368.htm,200,sorpozhivugal/190368.md,no,covered,/Users/pugazhendhirajendran/Documents/Codex/2026-07-09/https-www-annavinpadaippugal-info/outputs/annavin_text_extractor/organized_contents/sorpozhivugal/190368.md
http://www.annavinpadaippugal.info/sorpozhivugal/190868.htm,200,sorpozhivugal/190868.md,no,covered,/Users/pugazhendhirajendran/Documents/Codex/2026-07-09/https-www-annavinpadaippugal-info/outputs/annavin_text_extractor/organized_contents/sorpozhivugal/190868.md
http://www.annavinpadaippugal.info/sorpozhivugal/1962_thaerthal.html,200,sorpozhivugal/1962_thaerthal.md,no,covered,/Users/pugazhendhirajendran/Documents/Codex/2026-07-09/https-www-annavinpadaippugal-info/outputs/annavin_text_extractor/organized_contents/sorpozhivugal/1962_thaerthal.md
http://www.annavinpadaippugal.info/sorpozhivugal/1967_1.html,200,sorpozhivugal/1967.md,yes,covered,/Users/pugazhendhirajendran/Documents/Codex/2026-07-09/https-www-annavinpadaippugal-info/outputs/annavin_text_extractor/organized_contents/sorpozhivugal/1967.md
http://www.annavinpadaippugal.info/sorpozhivugal/1967_2.html,200,sorpozhivugal/1967.md,yes,covered,/Users/pugazhendhirajendran/Documents/Codex/2026-07-09/https-www-annavinpadaippugal-info/outputs/annavin_text_extractor/organized_contents/sorpozhivugal/1967.md
http://www.annavinpadaippugal.info/sorpozhivugal/200268_1.htm,200,sorpozhivugal/200268.md,yes,covered,/Users/pugazhendhirajendran/Documents/Codex/2026-07-09/https-www-annavinpadaippugal-info/outputs/annavin_text_extractor/organized_contents/sorpozhivugal/200268.md
http://www.annavinpadaippugal.info/sorpozhivugal/200268_2.htm,200,sorpozhivugal/200268.md,yes,covered,/Users/pugazhendhirajendran/Documents/Codex/2026-07-09/https-www-annavinpadaippugal-info/outputs/annavin_text_extractor/organized_contents/sorpozhivugal/200268.md
http://www.annavinpadaippugal.info/sorpozhivugal/200367.htm,200,sorpozhivugal/200367.md,no,covered,/Users/pugazhendhirajendran/Documents/Codex/2026-07-09/https-www-annavinpadaippugal-info/outputs/annavin_text_extractor/organized_contents/sorpozhivugal/200367.md
http://www.annavinpadaippugal.info/sorpozhivugal/200368.htm,200,sorpozhivugal/200368.md,no,covered,/Users/pugazhendhirajendran/Documents/Codex/2026-07-09/https-www-annavinpadaippugal-info/outputs/annavin_text_extractor/organized_contents/sorpozhivugal/200368.md
http://www.annavinpadaippugal.info/sorpozhivugal/200868.htm,200,sorpozhivugal/200868.md,no,covered,/Users/pugazhendhirajendran/Documents/Codex/2026-07-09/https-www-annavinpadaippugal-info/outputs/annavin_text_extractor/organized_contents/sorpozhivugal/200868.md
http://www.annavinpadaippugal.info/sorpozhivugal/210367_1.htm,200,sorpozhivugal/210367.md,yes,covered,/Users/pugazhendhirajendran/Documents/Codex/2026-07-09/https-www-annavinpadaippugal-info/outputs/annavin_text_extractor/organized_contents/sorpozhivugal/210367.md
http://www.annavinpadaippugal.info/sorpozhivugal/210367_2.htm,200,sorpozhivugal/210367.md,yes,covered,/Users/pugazhendhirajendran/Documents/Codex/2026-07-09/https-www-annavinpadaippugal-info/outputs/annavin_text_extractor/organized_contents/sorpozhivugal/210367.md
http://www.annavinpadaippugal.info/sorpozhivugal/210367_3.htm,200,sorpozhivugal/210367.md,yes,covered,/Users/pugazhendhirajendran/Documents/Codex/2026-07-09/https-www-annavinpadaippugal-info/outputs/annavin_text_extractor/organized_contents/sorpozhivugal/210367.md
http://www.annavinpadaippugal.info/sorpozhivugal/230168_1.htm,200,sorpozhivugal/230168.md,yes,covered,/Users/pugazhendhirajendran/Documents/Codex/2026-07-09/https-www-annavinpadaippugal-info/outputs/annavin_text_extractor/organized_contents/sorpozhivugal/230168.md
http://www.annavinpadaippugal.info/sorpozhivugal/230168_2.htm,200,sorpozhivugal/230168.md,yes,covered,/Users/pugazhendhirajendran/Documents/Codex/2026-07-09/https-www-annavinpadaippugal-info/outputs/annavin_text_extractor/organized_contents/sorpozhivugal/230168.md
http://www.annavinpadaippugal.info/sorpozhivugal/230367_1.htm,200,sorpozhivugal/230367.md,yes,covered,/Users/pugazhendhirajendran/Documents/Codex/2026-07-09/https-www-annavinpadaippugal-info/outputs/annavin_text_extractor/organized_contents/sorpozhivugal/230367.md
http://www.annavinpadaippugal.info/sorpozhivugal/230367_2.htm,200,sorpozhivugal/230367.md,yes,covered,/Users/pugazhendhirajendran/Documents/Codex/2026-07-09/https-www-annavinpadaippugal-info/outputs/annavin_text_extractor/organized_contents/sorpozhivugal/230367.md
http://www.annavinpadaippugal.info/sorpozhivugal/230367_3.htm,200,sorpozhivugal/230367.md,yes,covered,/Users/pugazhendhirajendran/Documents/Codex/2026-07-09/https-www-annavinpadaippugal-info/outputs/annavin_text_extractor/organized_contents/sorpozhivugal/230367.md
http://www.annavinpadaippugal.info/sorpozhivugal/230868_1.htm,200,sorpozhivugal/230868.md,yes,covered,/Users/pugazhendhirajendran/Documents/Codex/2026-07-09/https-www-annavinpadaippugal-info/outputs/annavin_text_extractor/organized_contents/sorpozhivugal/230868.md
http://www.annavinpadaippugal.info/sorpozhivugal/230868_2.htm,200,sorpozhivugal/230868.md,yes,covered,/Users/pugazhendhirajendran/Documents/Codex/2026-07-09/https-www-annavinpadaippugal-info/outputs/annavin_text_extractor/organized_contents/sorpozhivugal/230868.md
http://www.annavinpadaippugal.info/sorpozhivugal/240868.htm,200,sorpozhivugal/240868.md,no,covered,/Users/pugazhendhirajendran/Documents/Codex/2026-07-09/https-www-annavinpadaippugal-info/outputs/annavin_text_extractor/organized_contents/sorpozhivugal/240868.md
http://www.annavinpadaippugal.info/sorpozhivugal/241167.htm,200,sorpozhivugal/241167.md,no,covered,/Users/pugazhendhirajendran/Documents/Codex/2026-07-09/https-www-annavinpadaippugal-info/outputs/annavin_text_extractor/organized_contents/sorpozhivugal/241167.md
http://www.annavinpadaippugal.info/sorpozhivugal/250367.htm,200,sorpozhivugal/250367.md,no,covered,/Users/pugazhendhirajendran/Documents/Codex/2026-07-09/https-www-annavinpadaippugal-info/outputs/annavin_text_extractor/organized_contents/sorpozhivugal/250367.md
http://www.annavinpadaippugal.info/sorpozhivugal/250368.htm,200,sorpozhivugal/250368.md,no,covered,/Users/pugazhendhirajendran/Documents/Codex/2026-07-09/https-www-annavinpadaippugal-info/outputs/annavin_text_extractor/organized_contents/sorpozhivugal/250368.md
http://www.annavinpadaippugal.info/sorpozhivugal/260368.htm,200,sorpozhivugal/260368.md,no,covered,/Users/pugazhendhirajendran/Documents/Codex/2026-07-09/https-www-annavinpadaippugal-info/outputs/annavin_text_extractor/organized_contents/sorpozhivugal/260368.md
http://www.annavinpadaippugal.info/sorpozhivugal/260868.htm,200,sorpozhivugal/260868.md,no,covered,/Users/pugazhendhirajendran/Documents/Codex/2026-07-09/https-www-annavinpadaippugal-info/outputs/annavin_text_extractor/organized_contents/sorpozhivugal/260868.md
http://www.annavinpadaippugal.info/sorpozhivugal/270367.htm,200,sorpozhivugal/270367.md,no,covered,/Users/pugazhendhirajendran/Documents/Codex/2026-07-09/https-www-annavinpadaippugal-info/outputs/annavin_text_extractor/organized_contents/sorpozhivugal/270367.md
http://www.annavinpadaippugal.info/sorpozhivugal/270368.htm,200,sorpozhivugal/270368.md,no,covered,/Users/pugazhendhirajendran/Documents/Codex/2026-07-09/https-www-annavinpadaippugal-info/outputs/annavin_text_extractor/organized_contents/sorpozhivugal/270368.md
http://www.annavinpadaippugal.info/sorpozhivugal/270667_1.htm,200,sorpozhivugal/270667.md,yes,covered,/Users/pugazhendhirajendran/Documents/Codex/2026-07-09/https-www-annavinpadaippugal-info/outputs/annavin_text_extractor/organized_contents/sorpozhivugal/270667.md
http://www.annavinpadaippugal.info/sorpozhivugal/270667_2.htm,200,sorpozhivugal/270667.md,yes,covered,/Users/pugazhendhirajendran/Documents/Codex/2026-07-09/https-www-annavinpadaippugal-info/outputs/annavin_text_extractor/organized_contents/sorpozhivugal/270667.md
http://www.annavinpadaippugal.info/sorpozhivugal/271167.htm,200,sorpozhivugal/271167.md,no,covered,/Users/pugazhendhirajendran/Documents/Codex/2026-07-09/https-www-annavinpadaippugal-info/outputs/annavin_text_extractor/organized_contents/sorpozhivugal/271167.md
http://www.annavinpadaippugal.info/sorpozhivugal/280268.htm,200,sorpozhivugal/280268.md,no,covered,/Users/pugazhendhirajendran/Documents/Codex/2026-07-09/https-www-annavinpadaippugal-info/outputs/annavin_text_extractor/organized_contents/sorpozhivugal/280268.md
http://www.annavinpadaippugal.info/sorpozhivugal/280367.htm,200,sorpozhivugal/280367.md,no,covered,/Users/pugazhendhirajendran/Documents/Codex/2026-07-09/https-www-annavinpadaippugal-info/outputs/annavin_text_extractor/organized_contents/sorpozhivugal/280367.md
http://www.annavinpadaippugal.info/sorpozhivugal/280368.htm,200,sorpozhivugal/280368.md,no,covered,/Users/pugazhendhirajendran/Documents/Codex/2026-07-09/https-www-annavinpadaippugal-info/outputs/annavin_text_extractor/organized_contents/sorpozhivugal/280368.md
http://www.annavinpadaippugal.info/sorpozhivugal/280868.htm,200,sorpozhivugal/280868.md,no,covered,/Users/pugazhendhirajendran/Documents/Codex/2026-07-09/https-www-annavinpadaippugal-info/outputs/annavin_text_extractor/organized_contents/sorpozhivugal/280868.md
http://www.annavinpadaippugal.info/sorpozhivugal/280868_2_1.htm,200,sorpozhivugal/280868_2.md,yes,covered,/Users/pugazhendhirajendran/Documents/Codex/2026-07-09/https-www-annavinpadaippugal-info/outputs/annavin_text_extractor/organized_contents/sorpozhivugal/280868_2.md
http://www.annavinpadaippugal.info/sorpozhivugal/280868_2_2.htm,200,sorpozhivugal/280868_2.md,yes,covered,/Users/pugazhendhirajendran/Documents/Codex/2026-07-09/https-www-annavinpadaippugal-info/outputs/annavin_text_extractor/organized_contents/sorpozhivugal/280868_2.md
http://www.annavinpadaippugal.info/sorpozhivugal/300367_1.htm,200,sorpozhivugal/300367.md,yes,covered,/Users/pugazhendhirajendran/Documents/Codex/2026-07-09/https-www-annavinpadaippugal-info/outputs/annavin_text_extractor/organized_contents/sorpozhivugal/300367.md
http://www.annavinpadaippugal.info/sorpozhivugal/300367_2.htm,200,sorpozhivugal/300367.md,yes,covered,/Users/pugazhendhirajendran/Documents/Codex/2026-07-09/https-www-annavinpadaippugal-info/outputs/annavin_text_extractor/organized_contents/sorpozhivugal/300367.md
http://www.annavinpadaippugal.info/sorpozhivugal/300667.htm,200,sorpozhivugal/300667.md,no,covered,/Users/pugazhendhirajendran/Documents/Codex/2026-07-09/https-www-annavinpadaippugal-info/outputs/annavin_text_extractor/organized_contents/sorpozhivugal/300667.md
http://www.annavinpadaippugal.info/sorpozhivugal/310868.htm,200,sorpozhivugal/310868.md,no,covered,/Users/pugazhendhirajendran/Documents/Codex/2026-07-09/https-www-annavinpadaippugal-info/outputs/annavin_text_extractor/organized_contents/sorpozhivugal/310868.md
http://www.annavinpadaippugal.info/sorpozhivugal/a_stateless.htm,200,sorpozhivugal/a_stateless.md,no,covered,/Users/pugazhendhirajendran/Documents/Codex/2026-07-09/https-www-annavinpadaippugal-info/outputs/annavin_text_extractor/organized_contents/sorpozhivugal/a_stateless.md
http://www.annavinpadaippugal.info/sorpozhivugal/a_thought.htm,200,sorpozhivugal/a_thought.md,no,covered,/Users/pugazhendhirajendran/Documents/Codex/2026-07-09/https-www-annavinpadaippugal-info/outputs/annavin_text_extractor/organized_contents/sorpozhivugal/a_thought.md
http://www.annavinpadaippugal.info/sorpozhivugal/aabasa170259_2.htm,200,sorpozhivugal/aabasa170259_2.md,no,covered,/Users/pugazhendhirajendran/Documents/Codex/2026-07-09/https-www-annavinpadaippugal-info/outputs/annavin_text_extractor/organized_contents/sorpozhivugal/aabasa170259_2.md
http://www.annavinpadaippugal.info/sorpozhivugal/aalum_poruppu_kidaithal_1.htm,200,sorpozhivugal/aalum_poruppu_kidaithal.md,yes,covered,/Users/pugazhendhirajendran/Documents/Codex/2026-07-09/https-www-annavinpadaippugal-info/outputs/annavin_text_extractor/organized_contents/sorpozhivugal/aalum_poruppu_kidaithal.md
http://www.annavinpadaippugal.info/sorpozhivugal/aalum_poruppu_kidaithal_2.htm,200,sorpozhivugal/aalum_poruppu_kidaithal.md,yes,covered,/Users/pugazhendhirajendran/Documents/Codex/2026-07-09/https-www-annavinpadaippugal-info/outputs/annavin_text_extractor/organized_contents/sorpozhivugal/aalum_poruppu_kidaithal.md
http://www.annavinpadaippugal.info/sorpozhivugal/aalunar090259.htm,200,sorpozhivugal/aalunar090259.md,no,covered,/Users/pugazhendhirajendran/Documents/Codex/2026-07-09/https-www-annavinpadaippugal-info/outputs/annavin_text_extractor/organized_contents/sorpozhivugal/aalunar090259.md
http://www.annavinpadaippugal.info/sorpozhivugal/aalunar110860.htm,200,sorpozhivugal/aalunar110860.md,no,covered,/Users/pugazhendhirajendran/Documents/Codex/2026-07-09/https-www-annavinpadaippugal-info/outputs/annavin_text_extractor/organized_contents/sorpozhivugal/aalunar110860.md
http://www.annavinpadaippugal.info/sorpozhivugal/aalunar130258_1.htm,200,sorpozhivugal/aalunar130258.md,yes,covered,/Users/pugazhendhirajendran/Documents/Codex/2026-07-09/https-www-annavinpadaippugal-info/outputs/annavin_text_extractor/organized_contents/sorpozhivugal/aalunar130258.md
http://www.annavinpadaippugal.info/sorpozhivugal/aalunar130258_2.htm,200,sorpozhivugal/aalunar130258.md,yes,covered,/Users/pugazhendhirajendran/Documents/Codex/2026-07-09/https-www-annavinpadaippugal-info/outputs/annavin_text_extractor/organized_contents/sorpozhivugal/aalunar130258.md
http://www.annavinpadaippugal.info/sorpozhivugal/aalunar_vivath.htm,200,sorpozhivugal/aalunar_vivath.md,no,covered,/Users/pugazhendhirajendran/Documents/Codex/2026-07-09/https-www-annavinpadaippugal-info/outputs/annavin_text_extractor/organized_contents/sorpozhivugal/aalunar_vivath.md
http://www.annavinpadaippugal.info/sorpozhivugal/aalunkatchikku_araikooval.htm,200,sorpozhivugal/aalunkatchikku_araikooval.md,no,covered,/Users/pugazhendhirajendran/Documents/Codex/2026-07-09/https-www-annavinpadaippugal-info/outputs/annavin_text_extractor/organized_contents/sorpozhivugal/aalunkatchikku_araikooval.md
http://www.annavinpadaippugal.info/sorpozhivugal/aangilamae_inthiyavin.htm,200,sorpozhivugal/aangilamae_inthiyavin.md,no,covered,/Users/pugazhendhirajendran/Documents/Codex/2026-07-09/https-www-annavinpadaippugal-info/outputs/annavin_text_extractor/organized_contents/sorpozhivugal/aangilamae_inthiyavin.md
http://www.annavinpadaippugal.info/sorpozhivugal/aasiriyar.htm,200,sorpozhivugal/aasiriyar.md,no,covered,/Users/pugazhendhirajendran/Documents/Codex/2026-07-09/https-www-annavinpadaippugal-info/outputs/annavin_text_extractor/organized_contents/sorpozhivugal/aasiriyar.md
http://www.annavinpadaippugal.info/sorpozhivugal/aatchiporuppil_amaruvomanal.htm,200,sorpozhivugal/aatchiporuppil_amaruvomanal.md,no,covered,/Users/pugazhendhirajendran/Documents/Codex/2026-07-09/https-www-annavinpadaippugal-info/outputs/annavin_text_extractor/organized_contents/sorpozhivugal/aatchiporuppil_amaruvomanal.md
http://www.annavinpadaippugal.info/sorpozhivugal/aatchiyilulla_azhukkai.htm,200,sorpozhivugal/aatchiyilulla_azhukkai.md,no,covered,/Users/pugazhendhirajendran/Documents/Codex/2026-07-09/https-www-annavinpadaippugal-info/outputs/annavin_text_extractor/organized_contents/sorpozhivugal/aatchiyilulla_azhukkai.md
http://www.annavinpadaippugal.info/sorpozhivugal/aatchiyin_aneethiyai.htm,200,sorpozhivugal/aatchiyin_aneethiyai.md,no,covered,/Users/pugazhendhirajendran/Documents/Codex/2026-07-09/https-www-annavinpadaippugal-info/outputs/annavin_text_extractor/organized_contents/sorpozhivugal/aatchiyin_aneethiyai.md
http://www.annavinpadaippugal.info/sorpozhivugal/aatchmozhi_prachi_1.htm,200,sorpozhivugal/aatchmozhi_prachi.md,yes,covered,/Users/pugazhendhirajendran/Documents/Codex/2026-07-09/https-www-annavinpadaippugal-info/outputs/annavin_text_extractor/organized_contents/sorpozhivugal/aatchmozhi_prachi.md
http://www.annavinpadaippugal.info/sorpozhivugal/aatchmozhi_prachi_2.htm,200,sorpozhivugal/aatchmozhi_prachi.md,yes,covered,/Users/pugazhendhirajendran/Documents/Codex/2026-07-09/https-www-annavinpadaippugal-info/outputs/annavin_text_extractor/organized_contents/sorpozhivugal/aatchmozhi_prachi.md
http://www.annavinpadaippugal.info/sorpozhivugal/aathikka_ozhipae_dmk_thittam.htm,200,sorpozhivugal/aathikka_ozhipae_dmk_thittam.md,no,covered,/Users/pugazhendhirajendran/Documents/Codex/2026-07-09/https-www-annavinpadaippugal-info/outputs/annavin_text_extractor/organized_contents/sorpozhivugal/aathikka_ozhipae_dmk_thittam.md
http://www.annavinpadaippugal.info/sorpozhivugal/aathiram_vaendam.htm,200,sorpozhivugal/aathiram_vaendam.md,no,covered,/Users/pugazhendhirajendran/Documents/Codex/2026-07-09/https-www-annavinpadaippugal-info/outputs/annavin_text_extractor/organized_contents/sorpozhivugal/aathiram_vaendam.md
http://www.annavinpadaippugal.info/sorpozhivugal/aatralundu.htm,200,sorpozhivugal/aatralundu.md,no,covered,/Users/pugazhendhirajendran/Documents/Codex/2026-07-09/https-www-annavinpadaippugal-info/outputs/annavin_text_extractor/organized_contents/sorpozhivugal/aatralundu.md
http://www.annavinpadaippugal.info/sorpozhivugal/adakkamum_porumayum.htm,200,sorpozhivugal/adakkamum_porumayum.md,no,covered,/Users/pugazhendhirajendran/Documents/Codex/2026-07-09/https-www-annavinpadaippugal-info/outputs/annavin_text_extractor/organized_contents/sorpozhivugal/adakkamum_porumayum.md
http://www.annavinpadaippugal.info/sorpozhivugal/adakkumurai_kandu_anjoam.htm,200,sorpozhivugal/adakkumurai_kandu_anjoam.md,no,covered,/Users/pugazhendhirajendran/Documents/Codex/2026-07-09/https-www-annavinpadaippugal-info/outputs/annavin_text_extractor/organized_contents/sorpozhivugal/adakkumurai_kandu_anjoam.md
http://www.annavinpadaippugal.info/sorpozhivugal/adakkumurayai_valaraviduvathu.htm,200,sorpozhivugal/adakkumurayai_valaraviduvathu.md,no,covered,/Users/pugazhendhirajendran/Documents/Codex/2026-07-09/https-www-annavinpadaippugal-info/outputs/annavin_text_extractor/organized_contents/sorpozhivugal/adakkumurayai_valaraviduvathu.md
http://www.annavinpadaippugal.info/sorpozhivugal/adhikarrarm_avargalidam_1.htm,200,sorpozhivugal/adhikarrarm_avargalidam.md,yes,covered,/Users/pugazhendhirajendran/Documents/Codex/2026-07-09/https-www-annavinpadaippugal-info/outputs/annavin_text_extractor/organized_contents/sorpozhivugal/adhikarrarm_avargalidam.md
http://www.annavinpadaippugal.info/sorpozhivugal/adhikarrarm_avargalidam_2.htm,200,sorpozhivugal/adhikarrarm_avargalidam.md,yes,covered,/Users/pugazhendhirajendran/Documents/Codex/2026-07-09/https-www-annavinpadaippugal-info/outputs/annavin_text_extractor/organized_contents/sorpozhivugal/adhikarrarm_avargalidam.md
http://www.annavinpadaippugal.info/sorpozhivugal/aedaga_ullathellam.htm,200,sorpozhivugal/aedaga_ullathellam.md,no,covered,/Users/pugazhendhirajendran/Documents/Codex/2026-07-09/https-www-annavinpadaippugal-info/outputs/annavin_text_extractor/organized_contents/sorpozhivugal/aedaga_ullathellam.md
http://www.annavinpadaippugal.info/sorpozhivugal/aega_india.htm,200,sorpozhivugal/aega_india.md,no,covered,/Users/pugazhendhirajendran/Documents/Codex/2026-07-09/https-www-annavinpadaippugal-info/outputs/annavin_text_extractor/organized_contents/sorpozhivugal/aega_india.md
http://www.annavinpadaippugal.info/sorpozhivugal/aey_thazhntha_1.htm,200,sorpozhivugal/aey_thazhntha.md,yes,covered,/Users/pugazhendhirajendran/Documents/Codex/2026-07-09/https-www-annavinpadaippugal-info/outputs/annavin_text_extractor/organized_contents/sorpozhivugal/aey_thazhntha.md
http://www.annavinpadaippugal.info/sorpozhivugal/aey_thazhntha_2.htm,200,sorpozhivugal/aey_thazhntha.md,yes,covered,/Users/pugazhendhirajendran/Documents/Codex/2026-07-09/https-www-annavinpadaippugal-info/outputs/annavin_text_extractor/organized_contents/sorpozhivugal/aey_thazhntha.md
http://www.annavinpadaippugal.info/sorpozhivugal/aezhai_makkalin_vaaku.htm,200,sorpozhivugal/aezhai_makkalin_vaaku.md,no,covered,/Users/pugazhendhirajendran/Documents/Codex/2026-07-09/https-www-annavinpadaippugal-info/outputs/annavin_text_extractor/organized_contents/sorpozhivugal/aezhai_makkalin_vaaku.md
http://www.annavinpadaippugal.info/sorpozhivugal/aezhaikku.htm,200,sorpozhivugal/aezhaikku.md,no,covered,/Users/pugazhendhirajendran/Documents/Codex/2026-07-09/https-www-annavinpadaippugal-info/outputs/annavin_text_extractor/organized_contents/sorpozhivugal/aezhaikku.md
http://www.annavinpadaippugal.info/sorpozhivugal/aezhayin_latchiyam_azhiyathu.htm,200,sorpozhivugal/aezhayin_latchiyam_azhiyathu.md,no,covered,/Users/pugazhendhirajendran/Documents/Codex/2026-07-09/https-www-annavinpadaippugal-info/outputs/annavin_text_extractor/organized_contents/sorpozhivugal/aezhayin_latchiyam_azhiyathu.md
http://www.annavinpadaippugal.info/sorpozhivugal/akkarai_illatha_arasangam.htm,200,sorpozhivugal/akkarai_illatha_arasangam.md,no,covered,/Users/pugazhendhirajendran/Documents/Codex/2026-07-09/https-www-annavinpadaippugal-info/outputs/annavin_text_extractor/organized_contents/sorpozhivugal/akkarai_illatha_arasangam.md
http://www.annavinpadaippugal.info/sorpozhivugal/allal_agala.htm,200,sorpozhivugal/allal_agala.md,no,covered,/Users/pugazhendhirajendran/Documents/Codex/2026-07-09/https-www-annavinpadaippugal-info/outputs/annavin_text_extractor/organized_contents/sorpozhivugal/allal_agala.md
http://www.annavinpadaippugal.info/sorpozhivugal/alunarukku_anna.htm,200,sorpozhivugal/alunarukku_anna.md,no,covered,/Users/pugazhendhirajendran/Documents/Codex/2026-07-09/https-www-annavinpadaippugal-info/outputs/annavin_text_extractor/organized_contents/sorpozhivugal/alunarukku_anna.md
http://www.annavinpadaippugal.info/sorpozhivugal/aluvalaga050960.htm,200,sorpozhivugal/aluvalaga050960.md,no,covered,/Users/pugazhendhirajendran/Documents/Codex/2026-07-09/https-www-annavinpadaippugal-info/outputs/annavin_text_extractor/organized_contents/sorpozhivugal/aluvalaga050960.md
http://www.annavinpadaippugal.info/sorpozhivugal/amaichar160361.htm,200,sorpozhivugal/amaichar160361.md,no,covered,/Users/pugazhendhirajendran/Documents/Codex/2026-07-09/https-www-annavinpadaippugal-info/outputs/annavin_text_extractor/organized_contents/sorpozhivugal/amaichar160361.md
http://www.annavinpadaippugal.info/sorpozhivugal/amaichar_paechu_anna_arikai.htm,200,sorpozhivugal/amaichar_paechu_anna_arikai.md,no,covered,/Users/pugazhendhirajendran/Documents/Codex/2026-07-09/https-www-annavinpadaippugal-info/outputs/annavin_text_extractor/organized_contents/sorpozhivugal/amaichar_paechu_anna_arikai.md
http://www.annavinpadaippugal.info/sorpozhivugal/amaicharukku_anna_araikooval_1961.htm,200,sorpozhivugal/amaicharukku_anna_araikooval.md,yes,covered,/Users/pugazhendhirajendran/Documents/Codex/2026-07-09/https-www-annavinpadaippugal-info/outputs/annavin_text_extractor/organized_contents/sorpozhivugal/amaicharukku_anna_araikooval.md
http://www.annavinpadaippugal.info/sorpozhivugal/amaicharukku_anna_araikooval_1962.htm,200,sorpozhivugal/amaicharukku_anna_araikooval.md,yes,covered,/Users/pugazhendhirajendran/Documents/Codex/2026-07-09/https-www-annavinpadaippugal-info/outputs/annavin_text_extractor/organized_contents/sorpozhivugal/amaicharukku_anna_araikooval.md
http://www.annavinpadaippugal.info/sorpozhivugal/anbu_vaazhkai_1.htm,200,sorpozhivugal/anbu_vaazhkai.md,yes,covered,/Users/pugazhendhirajendran/Documents/Codex/2026-07-09/https-www-annavinpadaippugal-info/outputs/annavin_text_extractor/organized_contents/sorpozhivugal/anbu_vaazhkai.md
http://www.annavinpadaippugal.info/sorpozhivugal/anbu_vaazhkai_2.htm,200,sorpozhivugal/anbu_vaazhkai.md,yes,covered,/Users/pugazhendhirajendran/Documents/Codex/2026-07-09/https-www-annavinpadaippugal-info/outputs/annavin_text_extractor/organized_contents/sorpozhivugal/anbu_vaazhkai.md
http://www.annavinpadaippugal.info/sorpozhivugal/andraya_mannargalin.htm,200,sorpozhivugal/andraya_mannargalin.md,no,covered,/Users/pugazhendhirajendran/Documents/Codex/2026-07-09/https-www-annavinpadaippugal-info/outputs/annavin_text_extractor/organized_contents/sorpozhivugal/andraya_mannargalin.md
http://www.annavinpadaippugal.info/sorpozhivugal/anjal_oozhiyar_pirathinithi.htm,200,sorpozhivugal/anjal_oozhiyar_pirathinithi.md,no,covered,/Users/pugazhendhirajendran/Documents/Codex/2026-07-09/https-www-annavinpadaippugal-info/outputs/annavin_text_extractor/organized_contents/sorpozhivugal/anjal_oozhiyar_pirathinithi.md
http://www.annavinpadaippugal.info/sorpozhivugal/anna_azhaikkirar.htm,200,sorpozhivugal/anna_azhaikkirar.md,no,covered,/Users/pugazhendhirajendran/Documents/Codex/2026-07-09/https-www-annavinpadaippugal-info/outputs/annavin_text_extractor/organized_contents/sorpozhivugal/anna_azhaikkirar.md
http://www.annavinpadaippugal.info/sorpozhivugal/annal_nabi_1.htm,200,sorpozhivugal/annal_nabi.md,yes,covered,/Users/pugazhendhirajendran/Documents/Codex/2026-07-09/https-www-annavinpadaippugal-info/outputs/annavin_text_extractor/organized_contents/sorpozhivugal/annal_nabi.md
http://www.annavinpadaippugal.info/sorpozhivugal/annal_nabi_2.htm,200,sorpozhivugal/annal_nabi.md,yes,covered,/Users/pugazhendhirajendran/Documents/Codex/2026-07-09/https-www-annavinpadaippugal-info/outputs/annavin_text_extractor/organized_contents/sorpozhivugal/annal_nabi.md
http://www.annavinpadaippugal.info/sorpozhivugal/annamalai_perurai_1.html,200,sorpozhivugal/annamalai_perurai.md,yes,covered,/Users/pugazhendhirajendran/Documents/Codex/2026-07-09/https-www-annavinpadaippugal-info/outputs/annavin_text_extractor/organized_contents/sorpozhivugal/annamalai_perurai.md
http://www.annavinpadaippugal.info/sorpozhivugal/annamalai_perurai_2.html,200,sorpozhivugal/annamalai_perurai.md,yes,covered,/Users/pugazhendhirajendran/Documents/Codex/2026-07-09/https-www-annavinpadaippugal-info/outputs/annavin_text_extractor/organized_contents/sorpozhivugal/annamalai_perurai.md
http://www.annavinpadaippugal.info/sorpozhivugal/annamalai_perurai_3.html,200,sorpozhivugal/annamalai_perurai.md,yes,covered,/Users/pugazhendhirajendran/Documents/Codex/2026-07-09/https-www-annavinpadaippugal-info/outputs/annavin_text_extractor/organized_contents/sorpozhivugal/annamalai_perurai.md
http://www.annavinpadaippugal.info/sorpozhivugal/annamalai_perurai_4.html,200,sorpozhivugal/annamalai_perurai.md,yes,covered,/Users/pugazhendhirajendran/Documents/Codex/2026-07-09/https-www-annavinpadaippugal-info/outputs/annavin_text_extractor/organized_contents/sorpozhivugal/annamalai_perurai.md
http://www.annavinpadaippugal.info/sorpozhivugal/annamalai_perurai_5.html,200,sorpozhivugal/annamalai_perurai.md,yes,covered,/Users/pugazhendhirajendran/Documents/Codex/2026-07-09/https-www-annavinpadaippugal-info/outputs/annavin_text_extractor/organized_contents/sorpozhivugal/annamalai_perurai.md
http://www.annavinpadaippugal.info/sorpozhivugal/annavin_thalaimai.htm,200,sorpozhivugal/annavin_thalaimai.md,no,covered,/Users/pugazhendhirajendran/Documents/Codex/2026-07-09/https-www-annavinpadaippugal-info/outputs/annavin_text_extractor/organized_contents/sorpozhivugal/annavin_thalaimai.md
http://www.annavinpadaippugal.info/sorpozhivugal/anniya_aathikathukku.htm,200,sorpozhivugal/anniya_aathikathukku.md,no,covered,/Users/pugazhendhirajendran/Documents/Codex/2026-07-09/https-www-annavinpadaippugal-info/outputs/annavin_text_extractor/organized_contents/sorpozhivugal/anniya_aathikathukku.md
http://www.annavinpadaippugal.info/sorpozhivugal/anumathi_marukkapadamal.htm,200,sorpozhivugal/anumathi_marukkapadamal.md,no,covered,/Users/pugazhendhirajendran/Documents/Codex/2026-07-09/https-www-annavinpadaippugal-info/outputs/annavin_text_extractor/organized_contents/sorpozhivugal/anumathi_marukkapadamal.md
http://www.annavinpadaippugal.info/sorpozhivugal/ara_nilaya.htm,200,sorpozhivugal/ara_nilaya.md,no,covered,/Users/pugazhendhirajendran/Documents/Codex/2026-07-09/https-www-annavinpadaippugal-info/outputs/annavin_text_extractor/organized_contents/sorpozhivugal/ara_nilaya.md
http://www.annavinpadaippugal.info/sorpozhivugal/arapporil_eedupada_thimuka.htm,200,sorpozhivugal/arapporil_eedupada_thimuka.md,no,covered,/Users/pugazhendhirajendran/Documents/Codex/2026-07-09/https-www-annavinpadaippugal-info/outputs/annavin_text_extractor/organized_contents/sorpozhivugal/arapporil_eedupada_thimuka.md
http://www.annavinpadaippugal.info/sorpozhivugal/arapporukku_aayathamaveer.htm,200,sorpozhivugal/arapporukku_aayathamaveer.md,no,covered,/Users/pugazhendhirajendran/Documents/Codex/2026-07-09/https-www-annavinpadaippugal-info/outputs/annavin_text_extractor/organized_contents/sorpozhivugal/arapporukku_aayathamaveer.md
http://www.annavinpadaippugal.info/sorpozhivugal/arasiyalvathikku_irukkum.htm,200,sorpozhivugal/arasiyalvathikku_irukkum.md,no,covered,/Users/pugazhendhirajendran/Documents/Codex/2026-07-09/https-www-annavinpadaippugal-info/outputs/annavin_text_extractor/organized_contents/sorpozhivugal/arasiyalvathikku_irukkum.md
http://www.annavinpadaippugal.info/sorpozhivugal/arasoozhiyar.htm,200,sorpozhivugal/arasoozhiyar.md,no,covered,/Users/pugazhendhirajendran/Documents/Codex/2026-07-09/https-www-annavinpadaippugal-info/outputs/annavin_text_extractor/organized_contents/sorpozhivugal/arasoozhiyar.md
http://www.annavinpadaippugal.info/sorpozhivugal/arasu_endral.htm,200,sorpozhivugal/arasu_endral.md,no,covered,/Users/pugazhendhirajendran/Documents/Codex/2026-07-09/https-www-annavinpadaippugal-info/outputs/annavin_text_extractor/organized_contents/sorpozhivugal/arasu_endral.md
http://www.annavinpadaippugal.info/sorpozhivugal/arasu_oozhiyar_prachinaiyai.htm,200,sorpozhivugal/arasu_oozhiyar_prachinaiyai.md,no,covered,/Users/pugazhendhirajendran/Documents/Codex/2026-07-09/https-www-annavinpadaippugal-info/outputs/annavin_text_extractor/organized_contents/sorpozhivugal/arasu_oozhiyar_prachinaiyai.md
http://www.annavinpadaippugal.info/sorpozhivugal/arignaranna_perurai.htm,200,sorpozhivugal/arignaranna_perurai.md,no,covered,/Users/pugazhendhirajendran/Documents/Codex/2026-07-09/https-www-annavinpadaippugal-info/outputs/annavin_text_extractor/organized_contents/sorpozhivugal/arignaranna_perurai.md
http://www.annavinpadaippugal.info/sorpozhivugal/arisi_saapiduvor.htm,200,sorpozhivugal/arisi_saapiduvor.md,no,covered,/Users/pugazhendhirajendran/Documents/Codex/2026-07-09/https-www-annavinpadaippugal-info/outputs/annavin_text_extractor/organized_contents/sorpozhivugal/arisi_saapiduvor.md
http://www.annavinpadaippugal.info/sorpozhivugal/arivu_pracharam.htm,200,sorpozhivugal/arivu_pracharam.md,no,covered,/Users/pugazhendhirajendran/Documents/Codex/2026-07-09/https-www-annavinpadaippugal-info/outputs/annavin_text_extractor/organized_contents/sorpozhivugal/arivu_pracharam.md
http://www.annavinpadaippugal.info/sorpozhivugal/atchimozhi_hindiyanal.htm,200,sorpozhivugal/atchimozhi_hindiyanal.md,no,covered,/Users/pugazhendhirajendran/Documents/Codex/2026-07-09/https-www-annavinpadaippugal-info/outputs/annavin_text_extractor/organized_contents/sorpozhivugal/atchimozhi_hindiyanal.md
http://www.annavinpadaippugal.info/sorpozhivugal/aynthadu_thittam_theeti_1.htm,200,sorpozhivugal/aynthadu_thittam_theeti.md,yes,covered,/Users/pugazhendhirajendran/Documents/Codex/2026-07-09/https-www-annavinpadaippugal-info/outputs/annavin_text_extractor/organized_contents/sorpozhivugal/aynthadu_thittam_theeti.md
http://www.annavinpadaippugal.info/sorpozhivugal/aynthadu_thittam_theeti_2.htm,200,sorpozhivugal/aynthadu_thittam_theeti.md,yes,covered,/Users/pugazhendhirajendran/Documents/Codex/2026-07-09/https-www-annavinpadaippugal-info/outputs/annavin_text_extractor/organized_contents/sorpozhivugal/aynthadu_thittam_theeti.md
http://www.annavinpadaippugal.info/sorpozhivugal/baba_anna.htm,200,sorpozhivugal/baba_anna.md,no,covered,/Users/pugazhendhirajendran/Documents/Codex/2026-07-09/https-www-annavinpadaippugal-info/outputs/annavin_text_extractor/organized_contents/sorpozhivugal/baba_anna.md
http://www.annavinpadaippugal.info/sorpozhivugal/bambayil_anna.htm,200,sorpozhivugal/bambayil_anna.md,no,covered,/Users/pugazhendhirajendran/Documents/Codex/2026-07-09/https-www-annavinpadaippugal-info/outputs/annavin_text_extractor/organized_contents/sorpozhivugal/bambayil_anna.md
http://www.annavinpadaippugal.info/sorpozhivugal/budget1958.htm,200,sorpozhivugal/budget1958.md,no,covered,/Users/pugazhendhirajendran/Documents/Codex/2026-07-09/https-www-annavinpadaippugal-info/outputs/annavin_text_extractor/organized_contents/sorpozhivugal/budget1958.md
http://www.annavinpadaippugal.info/sorpozhivugal/call_to_the.htm,200,sorpozhivugal/call_to_the.md,no,covered,/Users/pugazhendhirajendran/Documents/Codex/2026-07-09/https-www-annavinpadaippugal-info/outputs/annavin_text_extractor/organized_contents/sorpozhivugal/call_to_the.md
http://www.annavinpadaippugal.info/sorpozhivugal/carry_on_but_1.html,200,sorpozhivugal/carry_on_but_1.md,no,covered,/Users/pugazhendhirajendran/Documents/Codex/2026-07-09/https-www-annavinpadaippugal-info/outputs/annavin_text_extractor/organized_contents/sorpozhivugal/carry_on_but_1.md
http://www.annavinpadaippugal.info/sorpozhivugal/cheena_aakira.htm,200,sorpozhivugal/cheena_aakira.md,no,covered,/Users/pugazhendhirajendran/Documents/Codex/2026-07-09/https-www-annavinpadaippugal-info/outputs/annavin_text_extractor/organized_contents/sorpozhivugal/cheena_aakira.md
http://www.annavinpadaippugal.info/sorpozhivugal/chennai151261.htm,200,sorpozhivugal/chennai151261.md,no,covered,/Users/pugazhendhirajendran/Documents/Codex/2026-07-09/https-www-annavinpadaippugal-info/outputs/annavin_text_extractor/organized_contents/sorpozhivugal/chennai151261.md
http://www.annavinpadaippugal.info/sorpozhivugal/chennai220360.htm,200,sorpozhivugal/chennai220360.md,no,covered,/Users/pugazhendhirajendran/Documents/Codex/2026-07-09/https-www-annavinpadaippugal-info/outputs/annavin_text_extractor/organized_contents/sorpozhivugal/chennai220360.md
http://www.annavinpadaippugal.info/sorpozhivugal/chennai300161.htm,200,sorpozhivugal/chennai300161.md,no,covered,/Users/pugazhendhirajendran/Documents/Codex/2026-07-09/https-www-annavinpadaippugal-info/outputs/annavin_text_extractor/organized_contents/sorpozhivugal/chennai300161.md
http://www.annavinpadaippugal.info/sorpozhivugal/chennai_kazha_thozhar.htm,200,sorpozhivugal/chennai_kazha_thozhar.md,no,covered,/Users/pugazhendhirajendran/Documents/Codex/2026-07-09/https-www-annavinpadaippugal-info/outputs/annavin_text_extractor/organized_contents/sorpozhivugal/chennai_kazha_thozhar.md
http://www.annavinpadaippugal.info/sorpozhivugal/chennai_maanagar.htm,200,sorpozhivugal/chennai_maanagar.md,no,covered,/Users/pugazhendhirajendran/Documents/Codex/2026-07-09/https-www-annavinpadaippugal-info/outputs/annavin_text_extractor/organized_contents/sorpozhivugal/chennai_maanagar.md
http://www.annavinpadaippugal.info/sorpozhivugal/chennai_mavatta.htm,200,sorpozhivugal/chennai_mavatta.md,no,covered,/Users/pugazhendhirajendran/Documents/Codex/2026-07-09/https-www-annavinpadaippugal-info/outputs/annavin_text_extractor/organized_contents/sorpozhivugal/chennai_mavatta.md
http://www.annavinpadaippugal.info/sorpozhivugal/chennai_nagarukku_kudineer.htm,200,sorpozhivugal/chennai_nagarukku_kudineer.md,no,covered,/Users/pugazhendhirajendran/Documents/Codex/2026-07-09/https-www-annavinpadaippugal-info/outputs/annavin_text_extractor/organized_contents/sorpozhivugal/chennai_nagarukku_kudineer.md
http://www.annavinpadaippugal.info/sorpozhivugal/chennai_rayapuram.htm,200,sorpozhivugal/chennai_rayapuram.md,no,covered,/Users/pugazhendhirajendran/Documents/Codex/2026-07-09/https-www-annavinpadaippugal-info/outputs/annavin_text_extractor/organized_contents/sorpozhivugal/chennai_rayapuram.md
http://www.annavinpadaippugal.info/sorpozhivugal/chennayai_maelum.htm,200,sorpozhivugal/chennayai_maelum.md,no,covered,/Users/pugazhendhirajendran/Documents/Codex/2026-07-09/https-www-annavinpadaippugal-info/outputs/annavin_text_extractor/organized_contents/sorpozhivugal/chennayai_maelum.md
http://www.annavinpadaippugal.info/sorpozhivugal/chitoor_thimuka_1.htm,200,sorpozhivugal/chitoor_thimuka.md,yes,covered,/Users/pugazhendhirajendran/Documents/Codex/2026-07-09/https-www-annavinpadaippugal-info/outputs/annavin_text_extractor/organized_contents/sorpozhivugal/chitoor_thimuka.md
http://www.annavinpadaippugal.info/sorpozhivugal/chitoor_thimuka_2.htm,200,sorpozhivugal/chitoor_thimuka.md,yes,covered,/Users/pugazhendhirajendran/Documents/Codex/2026-07-09/https-www-annavinpadaippugal-info/outputs/annavin_text_extractor/organized_contents/sorpozhivugal/chitoor_thimuka.md
http://www.annavinpadaippugal.info/sorpozhivugal/colossal.htm,200,sorpozhivugal/colossal.md,no,covered,/Users/pugazhendhirajendran/Documents/Codex/2026-07-09/https-www-annavinpadaippugal-info/outputs/annavin_text_extractor/organized_contents/sorpozhivugal/colossal.md
http://www.annavinpadaippugal.info/sorpozhivugal/congresar_thuruppu_cheettu.htm,200,sorpozhivugal/congresar_thuruppu_cheettu.md,no,covered,/Users/pugazhendhirajendran/Documents/Codex/2026-07-09/https-www-annavinpadaippugal-info/outputs/annavin_text_extractor/organized_contents/sorpozhivugal/congresar_thuruppu_cheettu.md
http://www.annavinpadaippugal.info/sorpozhivugal/congress_aintham_tharatee.htm,200,sorpozhivugal/congress_aintham_tharatee.md,no,covered,/Users/pugazhendhirajendran/Documents/Codex/2026-07-09/https-www-annavinpadaippugal-info/outputs/annavin_text_extractor/organized_contents/sorpozhivugal/congress_aintham_tharatee.md
http://www.annavinpadaippugal.info/sorpozhivugal/congress_atchiyil_manithan.htm,200,sorpozhivugal/congress_atchiyil_manithan.md,no,covered,/Users/pugazhendhirajendran/Documents/Codex/2026-07-09/https-www-annavinpadaippugal-info/outputs/annavin_text_extractor/organized_contents/sorpozhivugal/congress_atchiyil_manithan.md
http://www.annavinpadaippugal.info/sorpozhivugal/congress_kaelvikku.htm,200,sorpozhivugal/congress_kaelvikku.md,no,covered,/Users/pugazhendhirajendran/Documents/Codex/2026-07-09/https-www-annavinpadaippugal-info/outputs/annavin_text_extractor/organized_contents/sorpozhivugal/congress_kaelvikku.md
http://www.annavinpadaippugal.info/sorpozhivugal/delhi_maelsabayil.htm,200,sorpozhivugal/delhi_maelsabayil.md,no,covered,/Users/pugazhendhirajendran/Documents/Codex/2026-07-09/https-www-annavinpadaippugal-info/outputs/annavin_text_extractor/organized_contents/sorpozhivugal/delhi_maelsabayil.md
http://www.annavinpadaippugal.info/sorpozhivugal/delhiyil_muthal_muzhakkam_1.htm,200,sorpozhivugal/delhiyil_muthal_muzhakkam.md,yes,covered,/Users/pugazhendhirajendran/Documents/Codex/2026-07-09/https-www-annavinpadaippugal-info/outputs/annavin_text_extractor/organized_contents/sorpozhivugal/delhiyil_muthal_muzhakkam.md
http://www.annavinpadaippugal.info/sorpozhivugal/delhiyil_muthal_muzhakkam_2.htm,200,sorpozhivugal/delhiyil_muthal_muzhakkam.md,yes,covered,/Users/pugazhendhirajendran/Documents/Codex/2026-07-09/https-www-annavinpadaippugal-info/outputs/annavin_text_extractor/organized_contents/sorpozhivugal/delhiyil_muthal_muzhakkam.md
http://www.annavinpadaippugal.info/sorpozhivugal/desiya131159.htm,200,sorpozhivugal/desiya131159.md,no,covered,/Users/pugazhendhirajendran/Documents/Codex/2026-07-09/https-www-annavinpadaippugal-info/outputs/annavin_text_extractor/organized_contents/sorpozhivugal/desiya131159.md
http://www.annavinpadaippugal.info/sorpozhivugal/desiya_vanipa.htm,200,sorpozhivugal/desiya_vanipa.md,no,covered,/Users/pugazhendhirajendran/Documents/Codex/2026-07-09/https-www-annavinpadaippugal-info/outputs/annavin_text_extractor/organized_contents/sorpozhivugal/desiya_vanipa.md
http://www.annavinpadaippugal.info/sorpozhivugal/dilliyae_nyayam_vazhangu.htm,200,sorpozhivugal/dilliyae_nyayam_vazhangu.md,no,covered,/Users/pugazhendhirajendran/Documents/Codex/2026-07-09/https-www-annavinpadaippugal-info/outputs/annavin_text_extractor/organized_contents/sorpozhivugal/dilliyae_nyayam_vazhangu.md
http://www.annavinpadaippugal.info/sorpozhivugal/doctorhalai_irukkiroam.htm,200,sorpozhivugal/doctorhalai_irukkiroam.md,no,covered,/Users/pugazhendhirajendran/Documents/Codex/2026-07-09/https-www-annavinpadaippugal-info/outputs/annavin_text_extractor/organized_contents/sorpozhivugal/doctorhalai_irukkiroam.md
http://www.annavinpadaippugal.info/sorpozhivugal/dravida_desium.htm,200,sorpozhivugal/dravida_desium.md,no,covered,/Users/pugazhendhirajendran/Documents/Codex/2026-07-09/https-www-annavinpadaippugal-info/outputs/annavin_text_extractor/organized_contents/sorpozhivugal/dravida_desium.md
http://www.annavinpadaippugal.info/sorpozhivugal/dravidam_namathu_pirapurimai_1.htm,200,sorpozhivugal/dravidam_namathu_pirapurimai.md,yes,covered,/Users/pugazhendhirajendran/Documents/Codex/2026-07-09/https-www-annavinpadaippugal-info/outputs/annavin_text_extractor/organized_contents/sorpozhivugal/dravidam_namathu_pirapurimai.md
http://www.annavinpadaippugal.info/sorpozhivugal/dravidam_namathu_pirapurimai_2.htm,200,sorpozhivugal/dravidam_namathu_pirapurimai.md,yes,covered,/Users/pugazhendhirajendran/Documents/Codex/2026-07-09/https-www-annavinpadaippugal-info/outputs/annavin_text_extractor/organized_contents/sorpozhivugal/dravidam_namathu_pirapurimai.md
http://www.annavinpadaippugal.info/sorpozhivugal/dravidam_thanithiyanga.htm,200,sorpozhivugal/dravidam_thanithiyanga.md,no,covered,/Users/pugazhendhirajendran/Documents/Codex/2026-07-09/https-www-annavinpadaippugal-info/outputs/annavin_text_extractor/organized_contents/sorpozhivugal/dravidam_thanithiyanga.md
http://www.annavinpadaippugal.info/sorpozhivugal/dravidam_thantha_irattha_kanikkai.htm,200,sorpozhivugal/dravidam_thantha_irattha_kanikkai.md,no,covered,/Users/pugazhendhirajendran/Documents/Codex/2026-07-09/https-www-annavinpadaippugal-info/outputs/annavin_text_extractor/organized_contents/sorpozhivugal/dravidam_thantha_irattha_kanikkai.md
http://www.annavinpadaippugal.info/sorpozhivugal/dravidam_uriya_idathai_1.htm,200,sorpozhivugal/dravidam_uriya_idathai.md,yes,covered,/Users/pugazhendhirajendran/Documents/Codex/2026-07-09/https-www-annavinpadaippugal-info/outputs/annavin_text_extractor/organized_contents/sorpozhivugal/dravidam_uriya_idathai.md
http://www.annavinpadaippugal.info/sorpozhivugal/dravidam_uriya_idathai_2.htm,200,sorpozhivugal/dravidam_uriya_idathai.md,yes,covered,/Users/pugazhendhirajendran/Documents/Codex/2026-07-09/https-www-annavinpadaippugal-info/outputs/annavin_text_extractor/organized_contents/sorpozhivugal/dravidam_uriya_idathai.md
http://www.annavinpadaippugal.info/sorpozhivugal/dravidanadu_latchiyapayanam.htm,200,sorpozhivugal/dravidanadu_latchiyapayanam.md,no,covered,/Users/pugazhendhirajendran/Documents/Codex/2026-07-09/https-www-annavinpadaippugal-info/outputs/annavin_text_extractor/organized_contents/sorpozhivugal/dravidanadu_latchiyapayanam.md
http://www.annavinpadaippugal.info/sorpozhivugal/dravidanadu_viduthalaivaaram.htm,200,sorpozhivugal/dravidanadu_viduthalaivaaram.md,no,covered,/Users/pugazhendhirajendran/Documents/Codex/2026-07-09/https-www-annavinpadaippugal-info/outputs/annavin_text_extractor/organized_contents/sorpozhivugal/dravidanadu_viduthalaivaaram.md
http://www.annavinpadaippugal.info/sorpozhivugal/dravidar_kazhaga_thani_1.html,200,sorpozhivugal/dravidar_kazhaga_thani.md,yes,covered,/Users/pugazhendhirajendran/Documents/Codex/2026-07-09/https-www-annavinpadaippugal-info/outputs/annavin_text_extractor/organized_contents/sorpozhivugal/dravidar_kazhaga_thani.md
http://www.annavinpadaippugal.info/sorpozhivugal/dravidar_nilai_1.htm,200,sorpozhivugal/dravidar_nilai.md,yes,covered,/Users/pugazhendhirajendran/Documents/Codex/2026-07-09/https-www-annavinpadaippugal-info/outputs/annavin_text_extractor/organized_contents/sorpozhivugal/dravidar_nilai.md
http://www.annavinpadaippugal.info/sorpozhivugal/dravidar_nilai_2.htm,200,sorpozhivugal/dravidar_nilai.md,yes,covered,/Users/pugazhendhirajendran/Documents/Codex/2026-07-09/https-www-annavinpadaippugal-info/outputs/annavin_text_extractor/organized_contents/sorpozhivugal/dravidar_nilai.md
http://www.annavinpadaippugal.info/sorpozhivugal/dravidar_thirunaal.htm,200,sorpozhivugal/dravidar_thirunaal.md,no,covered,/Users/pugazhendhirajendran/Documents/Codex/2026-07-09/https-www-annavinpadaippugal-info/outputs/annavin_text_extractor/organized_contents/sorpozhivugal/dravidar_thirunaal.md
http://www.annavinpadaippugal.info/sorpozhivugal/dravidathai_meetpom.htm,200,sorpozhivugal/dravidathai_meetpom.md,no,covered,/Users/pugazhendhirajendran/Documents/Codex/2026-07-09/https-www-annavinpadaippugal-info/outputs/annavin_text_extractor/organized_contents/sorpozhivugal/dravidathai_meetpom.md
http://www.annavinpadaippugal.info/sorpozhivugal/enathu_vaendukol.htm,200,sorpozhivugal/enathu_vaendukol.md,no,covered,/Users/pugazhendhirajendran/Documents/Codex/2026-07-09/https-www-annavinpadaippugal-info/outputs/annavin_text_extractor/organized_contents/sorpozhivugal/enathu_vaendukol.md
http://www.annavinpadaippugal.info/sorpozhivugal/engirunthalum_aatruga.htm,200,sorpozhivugal/engirunthalum_aatruga.md,no,covered,/Users/pugazhendhirajendran/Documents/Codex/2026-07-09/https-www-annavinpadaippugal-info/outputs/annavin_text_extractor/organized_contents/sorpozhivugal/engirunthalum_aatruga.md
http://www.annavinpadaippugal.info/sorpozhivugal/enn_kadamai.htm,200,sorpozhivugal/enn_kadamai.md,no,covered,/Users/pugazhendhirajendran/Documents/Codex/2026-07-09/https-www-annavinpadaippugal-info/outputs/annavin_text_extractor/organized_contents/sorpozhivugal/enn_kadamai.md
http://www.annavinpadaippugal.info/sorpozhivugal/enn_kadan_pani.htm,200,sorpozhivugal/enn_kadan_pani.md,no,covered,/Users/pugazhendhirajendran/Documents/Codex/2026-07-09/https-www-annavinpadaippugal-info/outputs/annavin_text_extractor/organized_contents/sorpozhivugal/enn_kadan_pani.md
http://www.annavinpadaippugal.info/sorpozhivugal/ennai_kavarntha.htm,200,sorpozhivugal/ennai_kavarntha.md,no,covered,/Users/pugazhendhirajendran/Documents/Codex/2026-07-09/https-www-annavinpadaippugal-info/outputs/annavin_text_extractor/organized_contents/sorpozhivugal/ennai_kavarntha.md
http://www.annavinpadaippugal.info/sorpozhivugal/entha_aayuthathal.htm,200,sorpozhivugal/entha_aayuthathal.md,no,covered,/Users/pugazhendhirajendran/Documents/Codex/2026-07-09/https-www-annavinpadaippugal-info/outputs/annavin_text_extractor/organized_contents/sorpozhivugal/entha_aayuthathal.md
http://www.annavinpadaippugal.info/sorpozhivugal/ethayum_saathikka_iyalum.htm,200,sorpozhivugal/ethayum_saathikka_iyalum.md,no,covered,/Users/pugazhendhirajendran/Documents/Codex/2026-07-09/https-www-annavinpadaippugal-info/outputs/annavin_text_extractor/organized_contents/sorpozhivugal/ethayum_saathikka_iyalum.md
http://www.annavinpadaippugal.info/sorpozhivugal/ethikatchigalai_alatchiya.htm,200,sorpozhivugal/ethikatchigalai_alatchiya.md,no,covered,/Users/pugazhendhirajendran/Documents/Codex/2026-07-09/https-www-annavinpadaippugal-info/outputs/annavin_text_extractor/organized_contents/sorpozhivugal/ethikatchigalai_alatchiya.md
http://www.annavinpadaippugal.info/sorpozhivugal/ethirkala_samuthayathai.htm,200,sorpozhivugal/ethirkala_samuthayathai.md,no,covered,/Users/pugazhendhirajendran/Documents/Codex/2026-07-09/https-www-annavinpadaippugal-info/outputs/annavin_text_extractor/organized_contents/sorpozhivugal/ethirkala_samuthayathai.md
http://www.annavinpadaippugal.info/sorpozhivugal/ethirppu_vellam_neenthinoam.htm,200,sorpozhivugal/ethirppu_vellam_neenthinoam.md,no,covered,/Users/pugazhendhirajendran/Documents/Codex/2026-07-09/https-www-annavinpadaippugal-info/outputs/annavin_text_extractor/organized_contents/sorpozhivugal/ethirppu_vellam_neenthinoam.md
http://www.annavinpadaippugal.info/sorpozhivugal/ezhuchi_naal.html,200,sorpozhivugal/ezhuchi_naal.md,no,covered,/Users/pugazhendhirajendran/Documents/Codex/2026-07-09/https-www-annavinpadaippugal-info/outputs/annavin_text_extractor/organized_contents/sorpozhivugal/ezhuchi_naal.md
http://www.annavinpadaippugal.info/sorpozhivugal/gandhi_silai.htm,200,sorpozhivugal/gandhi_silai.md,no,covered,/Users/pugazhendhirajendran/Documents/Codex/2026-07-09/https-www-annavinpadaippugal-info/outputs/annavin_text_extractor/organized_contents/sorpozhivugal/gandhi_silai.md
http://www.annavinpadaippugal.info/sorpozhivugal/gramangalin_avalanilai.htm,200,sorpozhivugal/gramangalin_avalanilai.md,no,covered,/Users/pugazhendhirajendran/Documents/Codex/2026-07-09/https-www-annavinpadaippugal-info/outputs/annavin_text_extractor/organized_contents/sorpozhivugal/gramangalin_avalanilai.md
http://www.annavinpadaippugal.info/sorpozhivugal/gujarath_thalainagaril.htm,200,sorpozhivugal/gujarath_thalainagaril.md,no,covered,/Users/pugazhendhirajendran/Documents/Codex/2026-07-09/https-www-annavinpadaippugal-info/outputs/annavin_text_extractor/organized_contents/sorpozhivugal/gujarath_thalainagaril.md
http://www.annavinpadaippugal.info/sorpozhivugal/hidhi_thinippai.htm,200,sorpozhivugal/hidhi_thinippai.md,no,covered,/Users/pugazhendhirajendran/Documents/Codex/2026-07-09/https-www-annavinpadaippugal-info/outputs/annavin_text_extractor/organized_contents/sorpozhivugal/hidhi_thinippai.md
http://www.annavinpadaippugal.info/sorpozhivugal/hindi_ethirpu.htm,200,sorpozhivugal/hindi_ethirpu.md,no,covered,/Users/pugazhendhirajendran/Documents/Codex/2026-07-09/https-www-annavinpadaippugal-info/outputs/annavin_text_extractor/organized_contents/sorpozhivugal/hindi_ethirpu.md
http://www.annavinpadaippugal.info/sorpozhivugal/hindi_ethirpu_aen_1.htm,200,sorpozhivugal/hindi_ethirpu_aen.md,yes,covered,/Users/pugazhendhirajendran/Documents/Codex/2026-07-09/https-www-annavinpadaippugal-info/outputs/annavin_text_extractor/organized_contents/sorpozhivugal/hindi_ethirpu_aen.md
http://www.annavinpadaippugal.info/sorpozhivugal/hindi_ethirpu_aen_2.htm,200,sorpozhivugal/hindi_ethirpu_aen.md,yes,covered,/Users/pugazhendhirajendran/Documents/Codex/2026-07-09/https-www-annavinpadaippugal-info/outputs/annavin_text_extractor/organized_contents/sorpozhivugal/hindi_ethirpu_aen.md
http://www.annavinpadaippugal.info/sorpozhivugal/hindi_ethirpu_mana.htm,200,sorpozhivugal/hindi_ethirpu_mana.md,no,covered,/Users/pugazhendhirajendran/Documents/Codex/2026-07-09/https-www-annavinpadaippugal-info/outputs/annavin_text_extractor/organized_contents/sorpozhivugal/hindi_ethirpu_mana.md
http://www.annavinpadaippugal.info/sorpozhivugal/human_rights.htm,200,sorpozhivugal/human_rights.md,no,covered,/Users/pugazhendhirajendran/Documents/Codex/2026-07-09/https-www-annavinpadaippugal-info/outputs/annavin_text_extractor/organized_contents/sorpozhivugal/human_rights.md
http://www.annavinpadaippugal.info/sorpozhivugal/ideal_society.htm,200,sorpozhivugal/ideal_society.md,no,covered,/Users/pugazhendhirajendran/Documents/Codex/2026-07-09/https-www-annavinpadaippugal-info/outputs/annavin_text_extractor/organized_contents/sorpozhivugal/ideal_society.md
http://www.annavinpadaippugal.info/sorpozhivugal/ilakkiyamum_vaazhkayum.htm,200,sorpozhivugal/ilakkiyamum_vaazhkayum.md,no,covered,/Users/pugazhendhirajendran/Documents/Codex/2026-07-09/https-www-annavinpadaippugal-info/outputs/annavin_text_extractor/organized_contents/sorpozhivugal/ilakkiyamum_vaazhkayum.md
http://www.annavinpadaippugal.info/sorpozhivugal/ilangai_thamizhar_arappoar.htm,200,sorpozhivugal/ilangai_thamizhar_arappoar.md,no,covered,/Users/pugazhendhirajendran/Documents/Codex/2026-07-09/https-www-annavinpadaippugal-info/outputs/annavin_text_extractor/organized_contents/sorpozhivugal/ilangai_thamizhar_arappoar.md
http://www.annavinpadaippugal.info/sorpozhivugal/ina_arasu_vaendum.htm,200,sorpozhivugal/ina_arasu_vaendum.md,no,covered,/Users/pugazhendhirajendran/Documents/Codex/2026-07-09/https-www-annavinpadaippugal-info/outputs/annavin_text_extractor/organized_contents/sorpozhivugal/ina_arasu_vaendum.md
http://www.annavinpadaippugal.info/sorpozhivugal/inaithiruppathal_enna_nanmai.htm,200,sorpozhivugal/inaithiruppathal_enna_nanmai.md,no,covered,/Users/pugazhendhirajendran/Documents/Codex/2026-07-09/https-www-annavinpadaippugal-info/outputs/annavin_text_extractor/organized_contents/sorpozhivugal/inaithiruppathal_enna_nanmai.md
http://www.annavinpadaippugal.info/sorpozhivugal/ippadai_thoarkin.htm,200,sorpozhivugal/ippadai_thoarkin.md,no,covered,/Users/pugazhendhirajendran/Documents/Codex/2026-07-09/https-www-annavinpadaippugal-info/outputs/annavin_text_extractor/organized_contents/sorpozhivugal/ippadai_thoarkin.md
http://www.annavinpadaippugal.info/sorpozhivugal/irandavathu_manila1.htm,200,sorpozhivugal/irandavathu_manila1.md,no,covered,/Users/pugazhendhirajendran/Documents/Codex/2026-07-09/https-www-annavinpadaippugal-info/outputs/annavin_text_extractor/organized_contents/sorpozhivugal/irandavathu_manila1.md
http://www.annavinpadaippugal.info/sorpozhivugal/irandavathu_manila2_1.htm,200,sorpozhivugal/irandavathu_manila2.md,yes,covered,/Users/pugazhendhirajendran/Documents/Codex/2026-07-09/https-www-annavinpadaippugal-info/outputs/annavin_text_extractor/organized_contents/sorpozhivugal/irandavathu_manila2.md
http://www.annavinpadaippugal.info/sorpozhivugal/irandavathu_manila2_2.htm,200,sorpozhivugal/irandavathu_manila2.md,yes,covered,/Users/pugazhendhirajendran/Documents/Codex/2026-07-09/https-www-annavinpadaippugal-info/outputs/annavin_text_extractor/organized_contents/sorpozhivugal/irandavathu_manila2.md
http://www.annavinpadaippugal.info/sorpozhivugal/irandu_sarkarukidayilaeye.htm,200,sorpozhivugal/irandu_sarkarukidayilaeye.md,no,covered,/Users/pugazhendhirajendran/Documents/Codex/2026-07-09/https-www-annavinpadaippugal-info/outputs/annavin_text_extractor/organized_contents/sorpozhivugal/irandu_sarkarukidayilaeye.md
http://www.annavinpadaippugal.info/sorpozhivugal/jainaneri.htm,200,sorpozhivugal/jainaneri.md,no,covered,/Users/pugazhendhirajendran/Documents/Codex/2026-07-09/https-www-annavinpadaippugal-info/outputs/annavin_text_extractor/organized_contents/sorpozhivugal/jainaneri.md
http://www.annavinpadaippugal.info/sorpozhivugal/jananaayaka_payirchikoodam.htm,200,sorpozhivugal/jananaayaka_payirchikoodam.md,no,covered,/Users/pugazhendhirajendran/Documents/Codex/2026-07-09/https-www-annavinpadaippugal-info/outputs/annavin_text_extractor/organized_contents/sorpozhivugal/jananaayaka_payirchikoodam.md
http://www.annavinpadaippugal.info/sorpozhivugal/jananayagathin.htm,200,sorpozhivugal/jananayagathin.md,no,covered,/Users/pugazhendhirajendran/Documents/Codex/2026-07-09/https-www-annavinpadaippugal-info/outputs/annavin_text_extractor/organized_contents/sorpozhivugal/jananayagathin.md
http://www.annavinpadaippugal.info/sorpozhivugal/jananayakam_nilaikka_1.htm,200,sorpozhivugal/jananayakam_nilaikka.md,yes,covered,/Users/pugazhendhirajendran/Documents/Codex/2026-07-09/https-www-annavinpadaippugal-info/outputs/annavin_text_extractor/organized_contents/sorpozhivugal/jananayakam_nilaikka.md
http://www.annavinpadaippugal.info/sorpozhivugal/jananayakam_nilaikka_2.htm,200,sorpozhivugal/jananayakam_nilaikka.md,yes,covered,/Users/pugazhendhirajendran/Documents/Codex/2026-07-09/https-www-annavinpadaippugal-info/outputs/annavin_text_extractor/organized_contents/sorpozhivugal/jananayakam_nilaikka.md
http://www.annavinpadaippugal.info/sorpozhivugal/jananayakam_nilaikka_3.htm,200,sorpozhivugal/jananayakam_nilaikka.md,yes,covered,/Users/pugazhendhirajendran/Documents/Codex/2026-07-09/https-www-annavinpadaippugal-info/outputs/annavin_text_extractor/organized_contents/sorpozhivugal/jananayakam_nilaikka.md
http://www.annavinpadaippugal.info/sorpozhivugal/jananayakama_pananayakama.htm,200,sorpozhivugal/jananayakama_pananayakama.md,no,covered,/Users/pugazhendhirajendran/Documents/Codex/2026-07-09/https-www-annavinpadaippugal-info/outputs/annavin_text_extractor/organized_contents/sorpozhivugal/jananayakama_pananayakama.md
http://www.annavinpadaippugal.info/sorpozhivugal/jananayakathirku_aetra_idam.htm,200,sorpozhivugal/jananayakathirku_aetra_idam.md,no,covered,/Users/pugazhendhirajendran/Documents/Codex/2026-07-09/https-www-annavinpadaippugal-info/outputs/annavin_text_extractor/organized_contents/sorpozhivugal/jananayakathirku_aetra_idam.md
http://www.annavinpadaippugal.info/sorpozhivugal/kaanchi_manimozhiyar.htm,200,sorpozhivugal/kaanchi_manimozhiyar.md,no,covered,/Users/pugazhendhirajendran/Documents/Codex/2026-07-09/https-www-annavinpadaippugal-info/outputs/annavin_text_extractor/organized_contents/sorpozhivugal/kaanchi_manimozhiyar.md
http://www.annavinpadaippugal.info/sorpozhivugal/kadan_sambantha.htm,200,sorpozhivugal/kadan_sambantha.md,no,covered,/Users/pugazhendhirajendran/Documents/Codex/2026-07-09/https-www-annavinpadaippugal-info/outputs/annavin_text_extractor/organized_contents/sorpozhivugal/kadan_sambantha.md
http://www.annavinpadaippugal.info/sorpozhivugal/kaelikoothu_kanthudaippu.htm,200,sorpozhivugal/kaelikoothu_kanthudaippu.md,no,covered,/Users/pugazhendhirajendran/Documents/Codex/2026-07-09/https-www-annavinpadaippugal-info/outputs/annavin_text_extractor/organized_contents/sorpozhivugal/kaelikoothu_kanthudaippu.md
http://www.annavinpadaippugal.info/sorpozhivugal/kaetpathu_pirivinayalla_1.htm,200,sorpozhivugal/kaetpathu_pirivinayalla.md,yes,covered,/Users/pugazhendhirajendran/Documents/Codex/2026-07-09/https-www-annavinpadaippugal-info/outputs/annavin_text_extractor/organized_contents/sorpozhivugal/kaetpathu_pirivinayalla.md
http://www.annavinpadaippugal.info/sorpozhivugal/kaetpathu_pirivinayalla_2.htm,200,sorpozhivugal/kaetpathu_pirivinayalla.md,yes,covered,/Users/pugazhendhirajendran/Documents/Codex/2026-07-09/https-www-annavinpadaippugal-info/outputs/annavin_text_extractor/organized_contents/sorpozhivugal/kaetpathu_pirivinayalla.md
http://www.annavinpadaippugal.info/sorpozhivugal/kaettathayellam.htm,200,sorpozhivugal/kaettathayellam.md,no,covered,/Users/pugazhendhirajendran/Documents/Codex/2026-07-09/https-www-annavinpadaippugal-info/outputs/annavin_text_extractor/organized_contents/sorpozhivugal/kaettathayellam.md
http://www.annavinpadaippugal.info/sorpozhivugal/kaikodukkum.htm,200,sorpozhivugal/kaikodukkum.md,no,covered,/Users/pugazhendhirajendran/Documents/Codex/2026-07-09/https-www-annavinpadaippugal-info/outputs/annavin_text_extractor/organized_contents/sorpozhivugal/kaikodukkum.md
http://www.annavinpadaippugal.info/sorpozhivugal/kalai_vizha.htm,200,sorpozhivugal/kalai_vizha.md,no,covered,/Users/pugazhendhirajendran/Documents/Codex/2026-07-09/https-www-annavinpadaippugal-info/outputs/annavin_text_extractor/organized_contents/sorpozhivugal/kalai_vizha.md
http://www.annavinpadaippugal.info/sorpozhivugal/kalaivaanar_vazhiyil_mgr.htm,200,sorpozhivugal/kalaivaanar_vazhiyil_mgr.md,no,covered,/Users/pugazhendhirajendran/Documents/Codex/2026-07-09/https-www-annavinpadaippugal-info/outputs/annavin_text_extractor/organized_contents/sorpozhivugal/kalaivaanar_vazhiyil_mgr.md
http://www.annavinpadaippugal.info/sorpozhivugal/kalaivanar_maraivu.htm,200,sorpozhivugal/kalaivanar_maraivu.md,no,covered,/Users/pugazhendhirajendran/Documents/Codex/2026-07-09/https-www-annavinpadaippugal-info/outputs/annavin_text_extractor/organized_contents/sorpozhivugal/kalaivanar_maraivu.md
http://www.annavinpadaippugal.info/sorpozhivugal/kalaivanar_silai.html,200,sorpozhivugal/kalaivanar_silai.md,no,covered,/Users/pugazhendhirajendran/Documents/Codex/2026-07-09/https-www-annavinpadaippugal-info/outputs/annavin_text_extractor/organized_contents/sorpozhivugal/kalaivanar_silai.md
http://www.annavinpadaippugal.info/sorpozhivugal/kalappu_manam.htm,200,sorpozhivugal/kalappu_manam.md,no,covered,/Users/pugazhendhirajendran/Documents/Codex/2026-07-09/https-www-annavinpadaippugal-info/outputs/annavin_text_extractor/organized_contents/sorpozhivugal/kalappu_manam.md
http://www.annavinpadaippugal.info/sorpozhivugal/kalayin_nilamai.htm,200,sorpozhivugal/kalayin_nilamai.md,no,covered,/Users/pugazhendhirajendran/Documents/Codex/2026-07-09/https-www-annavinpadaippugal-info/outputs/annavin_text_extractor/organized_contents/sorpozhivugal/kalayin_nilamai.md
http://www.annavinpadaippugal.info/sorpozhivugal/kalvi_valara.htm,200,sorpozhivugal/kalvi_valara.md,no,covered,/Users/pugazhendhirajendran/Documents/Codex/2026-07-09/https-www-annavinpadaippugal-info/outputs/annavin_text_extractor/organized_contents/sorpozhivugal/kalvi_valara.md
http://www.annavinpadaippugal.info/sorpozhivugal/kanchi_pattu.htm,200,sorpozhivugal/kanchi_pattu.md,no,covered,/Users/pugazhendhirajendran/Documents/Codex/2026-07-09/https-www-annavinpadaippugal-info/outputs/annavin_text_extractor/organized_contents/sorpozhivugal/kanchi_pattu.md
http://www.annavinpadaippugal.info/sorpozhivugal/kanchi_vazha.htm,200,sorpozhivugal/kanchi_vazha.md,no,covered,/Users/pugazhendhirajendran/Documents/Codex/2026-07-09/https-www-annavinpadaippugal-info/outputs/annavin_text_extractor/organized_contents/sorpozhivugal/kanchi_vazha.md
http://www.annavinpadaippugal.info/sorpozhivugal/kanivum.htm,200,sorpozhivugal/kanivum.md,no,covered,/Users/pugazhendhirajendran/Documents/Codex/2026-07-09/https-www-annavinpadaippugal-info/outputs/annavin_text_extractor/organized_contents/sorpozhivugal/kanivum.md
http://www.annavinpadaippugal.info/sorpozhivugal/kathi_edutthavan_1.htm,200,sorpozhivugal/kathi_edutthavan.md,yes,covered,/Users/pugazhendhirajendran/Documents/Codex/2026-07-09/https-www-annavinpadaippugal-info/outputs/annavin_text_extractor/organized_contents/sorpozhivugal/kathi_edutthavan.md
http://www.annavinpadaippugal.info/sorpozhivugal/kathi_edutthavan_2.htm,200,sorpozhivugal/kathi_edutthavan.md,yes,covered,/Users/pugazhendhirajendran/Documents/Codex/2026-07-09/https-www-annavinpadaippugal-info/outputs/annavin_text_extractor/organized_contents/sorpozhivugal/kathi_edutthavan.md
http://www.annavinpadaippugal.info/sorpozhivugal/kathir_muttri.htm,200,sorpozhivugal/kathir_muttri.md,no,covered,/Users/pugazhendhirajendran/Documents/Codex/2026-07-09/https-www-annavinpadaippugal-info/outputs/annavin_text_extractor/organized_contents/sorpozhivugal/kathir_muttri.md
http://www.annavinpadaippugal.info/sorpozhivugal/katthikkuthu.htm,200,sorpozhivugal/katthikkuthu.md,no,covered,/Users/pugazhendhirajendran/Documents/Codex/2026-07-09/https-www-annavinpadaippugal-info/outputs/annavin_text_extractor/organized_contents/sorpozhivugal/katthikkuthu.md
http://www.annavinpadaippugal.info/sorpozhivugal/kaveri_thayin.htm,200,sorpozhivugal/kaveri_thayin.md,no,covered,/Users/pugazhendhirajendran/Documents/Codex/2026-07-09/https-www-annavinpadaippugal-info/outputs/annavin_text_extractor/organized_contents/sorpozhivugal/kaveri_thayin.md
http://www.annavinpadaippugal.info/sorpozhivugal/kazhagathin_pilavu.htm,200,sorpozhivugal/kazhagathin_pilavu.md,no,covered,/Users/pugazhendhirajendran/Documents/Codex/2026-07-09/https-www-annavinpadaippugal-info/outputs/annavin_text_extractor/organized_contents/sorpozhivugal/kazhagathin_pilavu.md
http://www.annavinpadaippugal.info/sorpozhivugal/kazhahak_karuthariya.htm,200,sorpozhivugal/kazhahak_karuthariya.md,no,covered,/Users/pugazhendhirajendran/Documents/Codex/2026-07-09/https-www-annavinpadaippugal-info/outputs/annavin_text_extractor/organized_contents/sorpozhivugal/kazhahak_karuthariya.md
http://www.annavinpadaippugal.info/sorpozhivugal/kerala310859.htm,200,sorpozhivugal/kerala310859.md,no,covered,/Users/pugazhendhirajendran/Documents/Codex/2026-07-09/https-www-annavinpadaippugal-info/outputs/annavin_text_extractor/organized_contents/sorpozhivugal/kerala310859.md
http://www.annavinpadaippugal.info/sorpozhivugal/kootu_endral.htm,200,sorpozhivugal/kootu_endral.md,no,covered,/Users/pugazhendhirajendran/Documents/Codex/2026-07-09/https-www-annavinpadaippugal-info/outputs/annavin_text_extractor/organized_contents/sorpozhivugal/kootu_endral.md
http://www.annavinpadaippugal.info/sorpozhivugal/kovai_thaerthal.htm,200,sorpozhivugal/kovai_thaerthal.md,no,covered,/Users/pugazhendhirajendran/Documents/Codex/2026-07-09/https-www-annavinpadaippugal-info/outputs/annavin_text_extractor/organized_contents/sorpozhivugal/kovai_thaerthal.md
http://www.annavinpadaippugal.info/sorpozhivugal/kulayum.htm,200,sorpozhivugal/kulayum.md,no,covered,/Users/pugazhendhirajendran/Documents/Codex/2026-07-09/https-www-annavinpadaippugal-info/outputs/annavin_text_extractor/organized_contents/sorpozhivugal/kulayum.md
http://www.annavinpadaippugal.info/sorpozhivugal/lappai_kandikayil_anna.htm,200,sorpozhivugal/lappai_kandikayil_anna.md,no,covered,/Users/pugazhendhirajendran/Documents/Codex/2026-07-09/https-www-annavinpadaippugal-info/outputs/annavin_text_extractor/organized_contents/sorpozhivugal/lappai_kandikayil_anna.md
http://www.annavinpadaippugal.info/sorpozhivugal/latchiyam_valar.htm,200,sorpozhivugal/latchiyam_valar.md,no,covered,/Users/pugazhendhirajendran/Documents/Codex/2026-07-09/https-www-annavinpadaippugal-info/outputs/annavin_text_extractor/organized_contents/sorpozhivugal/latchiyam_valar.md
http://www.annavinpadaippugal.info/sorpozhivugal/latchiyathudan_vaazhvoam.htm,200,sorpozhivugal/latchiyathudan_vaazhvoam.md,no,covered,/Users/pugazhendhirajendran/Documents/Codex/2026-07-09/https-www-annavinpadaippugal-info/outputs/annavin_text_extractor/organized_contents/sorpozhivugal/latchiyathudan_vaazhvoam.md
http://www.annavinpadaippugal.info/sorpozhivugal/let_us_march.htm,200,sorpozhivugal/let_us_march.md,no,covered,/Users/pugazhendhirajendran/Documents/Codex/2026-07-09/https-www-annavinpadaippugal-info/outputs/annavin_text_extractor/organized_contents/sorpozhivugal/let_us_march.md
http://www.annavinpadaippugal.info/sorpozhivugal/maanagaratchi_mandra_nirvagam.htm,200,sorpozhivugal/maanagaratchi_mandra_nirvagam.md,no,covered,/Users/pugazhendhirajendran/Documents/Codex/2026-07-09/https-www-annavinpadaippugal-info/outputs/annavin_text_extractor/organized_contents/sorpozhivugal/maanagaratchi_mandra_nirvagam.md
http://www.annavinpadaippugal.info/sorpozhivugal/maanavar_tamil_vizha.htm,200,sorpozhivugal/maanavar_tamil_vizha.md,no,covered,/Users/pugazhendhirajendran/Documents/Codex/2026-07-09/https-www-annavinpadaippugal-info/outputs/annavin_text_extractor/organized_contents/sorpozhivugal/maanavar_tamil_vizha.md
http://www.annavinpadaippugal.info/sorpozhivugal/maanila300958.htm,200,sorpozhivugal/maanila300958.md,no,covered,/Users/pugazhendhirajendran/Documents/Codex/2026-07-09/https-www-annavinpadaippugal-info/outputs/annavin_text_extractor/organized_contents/sorpozhivugal/maanila300958.md
http://www.annavinpadaippugal.info/sorpozhivugal/maanila_suya.htm,200,sorpozhivugal/maanila_suya.md,no,covered,/Users/pugazhendhirajendran/Documents/Codex/2026-07-09/https-www-annavinpadaippugal-info/outputs/annavin_text_extractor/organized_contents/sorpozhivugal/maanila_suya.md
http://www.annavinpadaippugal.info/sorpozhivugal/maatran_thottathu_malligaikkum.htm,200,sorpozhivugal/maatran_thottathu_malligaikkum.md,no,covered,/Users/pugazhendhirajendran/Documents/Codex/2026-07-09/https-www-annavinpadaippugal-info/outputs/annavin_text_extractor/organized_contents/sorpozhivugal/maatran_thottathu_malligaikkum.md
http://www.annavinpadaippugal.info/sorpozhivugal/maatrar_thootruvatharkaha.htm,200,sorpozhivugal/maatrar_thootruvatharkaha.md,no,covered,/Users/pugazhendhirajendran/Documents/Codex/2026-07-09/https-www-annavinpadaippugal-info/outputs/annavin_text_extractor/organized_contents/sorpozhivugal/maatrar_thootruvatharkaha.md
http://www.annavinpadaippugal.info/sorpozhivugal/maaveerar_manimozhiyar.htm,200,sorpozhivugal/maaveerar_manimozhiyar.md,no,covered,/Users/pugazhendhirajendran/Documents/Codex/2026-07-09/https-www-annavinpadaippugal-info/outputs/annavin_text_extractor/organized_contents/sorpozhivugal/maaveerar_manimozhiyar.md
http://www.annavinpadaippugal.info/sorpozhivugal/maedai_paechu.htm,200,sorpozhivugal/maedai_paechu.md,no,covered,/Users/pugazhendhirajendran/Documents/Codex/2026-07-09/https-www-annavinpadaippugal-info/outputs/annavin_text_extractor/organized_contents/sorpozhivugal/maedai_paechu.md
http://www.annavinpadaippugal.info/sorpozhivugal/magalir_nithi.htm,200,sorpozhivugal/magalir_nithi.md,no,covered,/Users/pugazhendhirajendran/Documents/Codex/2026-07-09/https-www-annavinpadaippugal-info/outputs/annavin_text_extractor/organized_contents/sorpozhivugal/magalir_nithi.md
http://www.annavinpadaippugal.info/sorpozhivugal/mahathma_gandhi.htm,200,sorpozhivugal/mahathma_gandhi.md,no,covered,/Users/pugazhendhirajendran/Documents/Codex/2026-07-09/https-www-annavinpadaippugal-info/outputs/annavin_text_extractor/organized_contents/sorpozhivugal/mahathma_gandhi.md
http://www.annavinpadaippugal.info/sorpozhivugal/mahatma_gandhi_marai.htm,200,sorpozhivugal/mahatma_gandhi_marai.md,no,covered,/Users/pugazhendhirajendran/Documents/Codex/2026-07-09/https-www-annavinpadaippugal-info/outputs/annavin_text_extractor/organized_contents/sorpozhivugal/mahatma_gandhi_marai.md
http://www.annavinpadaippugal.info/sorpozhivugal/makkal_mandiyittathu.htm,200,sorpozhivugal/makkal_mandiyittathu.md,no,covered,/Users/pugazhendhirajendran/Documents/Codex/2026-07-09/https-www-annavinpadaippugal-info/outputs/annavin_text_extractor/organized_contents/sorpozhivugal/makkal_mandiyittathu.md
http://www.annavinpadaippugal.info/sorpozhivugal/makkal_sakthi.htm,200,sorpozhivugal/makkal_sakthi.md,no,covered,/Users/pugazhendhirajendran/Documents/Codex/2026-07-09/https-www-annavinpadaippugal-info/outputs/annavin_text_extractor/organized_contents/sorpozhivugal/makkal_sakthi.md
http://www.annavinpadaippugal.info/sorpozhivugal/makkalatchi_malara_vazhi.htm,200,sorpozhivugal/makkalatchi_malara_vazhi.md,no,covered,/Users/pugazhendhirajendran/Documents/Codex/2026-07-09/https-www-annavinpadaippugal-info/outputs/annavin_text_extractor/organized_contents/sorpozhivugal/makkalatchi_malara_vazhi.md
http://www.annavinpadaippugal.info/sorpozhivugal/makkalatchi_malarthum.htm,200,sorpozhivugal/makkalatchi_malarthum.md,no,covered,/Users/pugazhendhirajendran/Documents/Codex/2026-07-09/https-www-annavinpadaippugal-info/outputs/annavin_text_extractor/organized_contents/sorpozhivugal/makkalatchi_malarthum.md
http://www.annavinpadaippugal.info/sorpozhivugal/makkalukku_kaattatum.htm,200,sorpozhivugal/makkalukku_kaattatum.md,no,covered,/Users/pugazhendhirajendran/Documents/Codex/2026-07-09/https-www-annavinpadaippugal-info/outputs/annavin_text_extractor/organized_contents/sorpozhivugal/makkalukku_kaattatum.md
http://www.annavinpadaippugal.info/sorpozhivugal/makkalukku_vidutha.htm,200,sorpozhivugal/makkalukku_vidutha.md,no,covered,/Users/pugazhendhirajendran/Documents/Codex/2026-07-09/https-www-annavinpadaippugal-info/outputs/annavin_text_extractor/organized_contents/sorpozhivugal/makkalukku_vidutha.md
http://www.annavinpadaippugal.info/sorpozhivugal/makkatpani_aatruvoam.htm,200,sorpozhivugal/makkatpani_aatruvoam.md,no,covered,/Users/pugazhendhirajendran/Documents/Codex/2026-07-09/https-www-annavinpadaippugal-info/outputs/annavin_text_extractor/organized_contents/sorpozhivugal/makkatpani_aatruvoam.md
http://www.annavinpadaippugal.info/sorpozhivugal/malarum_maanavar.htm,200,sorpozhivugal/malarum_maanavar.md,no,covered,/Users/pugazhendhirajendran/Documents/Codex/2026-07-09/https-www-annavinpadaippugal-info/outputs/annavin_text_extractor/organized_contents/sorpozhivugal/malarum_maanavar.md
http://www.annavinpadaippugal.info/sorpozhivugal/manamakkalukku_1.htm,200,sorpozhivugal/manamakkalukku.md,yes,covered,/Users/pugazhendhirajendran/Documents/Codex/2026-07-09/https-www-annavinpadaippugal-info/outputs/annavin_text_extractor/organized_contents/sorpozhivugal/manamakkalukku.md
http://www.annavinpadaippugal.info/sorpozhivugal/manamakkalukku_2.htm,200,sorpozhivugal/manamakkalukku.md,yes,covered,/Users/pugazhendhirajendran/Documents/Codex/2026-07-09/https-www-annavinpadaippugal-info/outputs/annavin_text_extractor/organized_contents/sorpozhivugal/manamakkalukku.md
http://www.annavinpadaippugal.info/sorpozhivugal/manavamanigalin.htm,200,sorpozhivugal/manavamanigalin.md,no,covered,/Users/pugazhendhirajendran/Documents/Codex/2026-07-09/https-www-annavinpadaippugal-info/outputs/annavin_text_extractor/organized_contents/sorpozhivugal/manavamanigalin.md
http://www.annavinpadaippugal.info/sorpozhivugal/manavargalukku_vaelai.htm,200,sorpozhivugal/manavargalukku_vaelai.md,no,covered,/Users/pugazhendhirajendran/Documents/Codex/2026-07-09/https-www-annavinpadaippugal-info/outputs/annavin_text_extractor/organized_contents/sorpozhivugal/manavargalukku_vaelai.md
http://www.annavinpadaippugal.info/sorpozhivugal/manavargalum_samu.htm,200,sorpozhivugal/manavargalum_samu.md,no,covered,/Users/pugazhendhirajendran/Documents/Codex/2026-07-09/https-www-annavinpadaippugal-info/outputs/annavin_text_extractor/organized_contents/sorpozhivugal/manavargalum_samu.md
http://www.annavinpadaippugal.info/sorpozhivugal/manila_avai.htm,200,sorpozhivugal/manila_avai.md,no,covered,/Users/pugazhendhirajendran/Documents/Codex/2026-07-09/https-www-annavinpadaippugal-info/outputs/annavin_text_extractor/organized_contents/sorpozhivugal/manila_avai.md
http://www.annavinpadaippugal.info/sorpozhivugal/manilakalluri.htm,200,sorpozhivugal/manilakalluri.md,no,covered,/Users/pugazhendhirajendran/Documents/Codex/2026-07-09/https-www-annavinpadaippugal-info/outputs/annavin_text_extractor/organized_contents/sorpozhivugal/manilakalluri.md
http://www.annavinpadaippugal.info/sorpozhivugal/manitha_kuralukku_mathippaliyungal.htm,200,sorpozhivugal/manitha_kuralukku_mathippaliyungal.md,no,covered,/Users/pugazhendhirajendran/Documents/Codex/2026-07-09/https-www-annavinpadaippugal-info/outputs/annavin_text_extractor/organized_contents/sorpozhivugal/manitha_kuralukku_mathippaliyungal.md
http://www.annavinpadaippugal.info/sorpozhivugal/manthiriyal_payan_enna.htm,200,sorpozhivugal/manthiriyal_payan_enna.md,no,covered,/Users/pugazhendhirajendran/Documents/Codex/2026-07-09/https-www-annavinpadaippugal-info/outputs/annavin_text_extractor/organized_contents/sorpozhivugal/manthiriyal_payan_enna.md
http://www.annavinpadaippugal.info/sorpozhivugal/marumalarchi_1.htm,200,sorpozhivugal/marumalarchi.md,yes,covered,/Users/pugazhendhirajendran/Documents/Codex/2026-07-09/https-www-annavinpadaippugal-info/outputs/annavin_text_extractor/organized_contents/sorpozhivugal/marumalarchi.md
http://www.annavinpadaippugal.info/sorpozhivugal/marumalarchi_2.htm,200,sorpozhivugal/marumalarchi.md,yes,covered,/Users/pugazhendhirajendran/Documents/Codex/2026-07-09/https-www-annavinpadaippugal-info/outputs/annavin_text_extractor/organized_contents/sorpozhivugal/marumalarchi.md
http://www.annavinpadaippugal.info/sorpozhivugal/may_thinam.htm,200,sorpozhivugal/may_thinam.md,no,covered,/Users/pugazhendhirajendran/Documents/Codex/2026-07-09/https-www-annavinpadaippugal-info/outputs/annavin_text_extractor/organized_contents/sorpozhivugal/may_thinam.md
http://www.annavinpadaippugal.info/sorpozhivugal/meendum_aathikkam_peraviduvathu.htm,200,sorpozhivugal/meendum_aathikkam_peraviduvathu.md,no,covered,/Users/pugazhendhirajendran/Documents/Codex/2026-07-09/https-www-annavinpadaippugal-info/outputs/annavin_text_extractor/organized_contents/sorpozhivugal/meendum_aathikkam_peraviduvathu.md
http://www.annavinpadaippugal.info/sorpozhivugal/mirattalgaluku_anji.htm,200,sorpozhivugal/mirattalgaluku_anji.md,no,covered,/Users/pugazhendhirajendran/Documents/Codex/2026-07-09/https-www-annavinpadaippugal-info/outputs/annavin_text_extractor/organized_contents/sorpozhivugal/mirattalgaluku_anji.md
http://www.annavinpadaippugal.info/sorpozhivugal/moondravath111161.htm,200,sorpozhivugal/moondravath111161.md,no,covered,/Users/pugazhendhirajendran/Documents/Codex/2026-07-09/https-www-annavinpadaippugal-info/outputs/annavin_text_extractor/organized_contents/sorpozhivugal/moondravath111161.md
http://www.annavinpadaippugal.info/sorpozhivugal/moottai_thookum_maravari.htm,200,sorpozhivugal/moottai_thookum_maravari.md,no,covered,/Users/pugazhendhirajendran/Documents/Codex/2026-07-09/https-www-annavinpadaippugal-info/outputs/annavin_text_extractor/organized_contents/sorpozhivugal/moottai_thookum_maravari.md
http://www.annavinpadaippugal.info/sorpozhivugal/mozhiporin_munnani_veerar.htm,200,sorpozhivugal/mozhiporin_munnani_veerar.md,no,covered,/Users/pugazhendhirajendran/Documents/Codex/2026-07-09/https-www-annavinpadaippugal-info/outputs/annavin_text_extractor/organized_contents/sorpozhivugal/mozhiporin_munnani_veerar.md
http://www.annavinpadaippugal.info/sorpozhivugal/mozhiprachinai.htm,200,sorpozhivugal/mozhiprachinai.md,no,covered,/Users/pugazhendhirajendran/Documents/Codex/2026-07-09/https-www-annavinpadaippugal-info/outputs/annavin_text_extractor/organized_contents/sorpozhivugal/mozhiprachinai.md
http://www.annavinpadaippugal.info/sorpozhivugal/mozhiyai.htm,200,sorpozhivugal/mozhiyai.md,no,covered,/Users/pugazhendhirajendran/Documents/Codex/2026-07-09/https-www-annavinpadaippugal-info/outputs/annavin_text_extractor/organized_contents/sorpozhivugal/mozhiyai.md
http://www.annavinpadaippugal.info/sorpozhivugal/muthal_manila.htm,200,sorpozhivugal/muthal_manila.md,no,covered,/Users/pugazhendhirajendran/Documents/Codex/2026-07-09/https-www-annavinpadaippugal-info/outputs/annavin_text_extractor/organized_contents/sorpozhivugal/muthal_manila.md
http://www.annavinpadaippugal.info/sorpozhivugal/muthalvar_urai.html,200,sorpozhivugal/muthalvar_urai.md,no,covered,/Users/pugazhendhirajendran/Documents/Codex/2026-07-09/https-www-annavinpadaippugal-info/outputs/annavin_text_extractor/organized_contents/sorpozhivugal/muthalvar_urai.md
http://www.annavinpadaippugal.info/sorpozhivugal/muthamizh_manad_1.htm,200,sorpozhivugal/muthamizh_manad.md,yes,covered,/Users/pugazhendhirajendran/Documents/Codex/2026-07-09/https-www-annavinpadaippugal-info/outputs/annavin_text_extractor/organized_contents/sorpozhivugal/muthamizh_manad.md
http://www.annavinpadaippugal.info/sorpozhivugal/muthamizh_manad_2.htm,200,sorpozhivugal/muthamizh_manad.md,yes,covered,/Users/pugazhendhirajendran/Documents/Codex/2026-07-09/https-www-annavinpadaippugal-info/outputs/annavin_text_extractor/organized_contents/sorpozhivugal/muthamizh_manad.md
http://www.annavinpadaippugal.info/sorpozhivugal/naadaga_maedai_nadigarhalalla.htm,200,sorpozhivugal/naadaga_maedai_nadigarhalalla.md,no,covered,/Users/pugazhendhirajendran/Documents/Codex/2026-07-09/https-www-annavinpadaippugal-info/outputs/annavin_text_extractor/organized_contents/sorpozhivugal/naadaga_maedai_nadigarhalalla.md
http://www.annavinpadaippugal.info/sorpozhivugal/naadu_innum.htm,200,sorpozhivugal/naadu_innum.md,no,covered,/Users/pugazhendhirajendran/Documents/Codex/2026-07-09/https-www-annavinpadaippugal-info/outputs/annavin_text_extractor/organized_contents/sorpozhivugal/naadu_innum.md
http://www.annavinpadaippugal.info/sorpozhivugal/naadu_nagram.htm,200,sorpozhivugal/naadu_nagram.md,no,covered,/Users/pugazhendhirajendran/Documents/Codex/2026-07-09/https-www-annavinpadaippugal-info/outputs/annavin_text_extractor/organized_contents/sorpozhivugal/naadu_nagram.md
http://www.annavinpadaippugal.info/sorpozhivugal/naadum_aedum_1.htm,200,sorpozhivugal/naadum_aedum.md,yes,covered,/Users/pugazhendhirajendran/Documents/Codex/2026-07-09/https-www-annavinpadaippugal-info/outputs/annavin_text_extractor/organized_contents/sorpozhivugal/naadum_aedum.md
http://www.annavinpadaippugal.info/sorpozhivugal/naadum_aedum_2.htm,200,sorpozhivugal/naadum_aedum.md,yes,covered,/Users/pugazhendhirajendran/Documents/Codex/2026-07-09/https-www-annavinpadaippugal-info/outputs/annavin_text_extractor/organized_contents/sorpozhivugal/naadum_aedum.md
http://www.annavinpadaippugal.info/sorpozhivugal/naadum_aedum_3.htm,200,sorpozhivugal/naadum_aedum.md,yes,covered,/Users/pugazhendhirajendran/Documents/Codex/2026-07-09/https-www-annavinpadaippugal-info/outputs/annavin_text_extractor/organized_contents/sorpozhivugal/naadum_aedum.md
http://www.annavinpadaippugal.info/sorpozhivugal/naam_1.htm,200,sorpozhivugal/naam.md,yes,covered,/Users/pugazhendhirajendran/Documents/Codex/2026-07-09/https-www-annavinpadaippugal-info/outputs/annavin_text_extractor/organized_contents/sorpozhivugal/naam.md
http://www.annavinpadaippugal.info/sorpozhivugal/naam_2.htm,200,sorpozhivugal/naam.md,yes,covered,/Users/pugazhendhirajendran/Documents/Codex/2026-07-09/https-www-annavinpadaippugal-info/outputs/annavin_text_extractor/organized_contents/sorpozhivugal/naam.md
http://www.annavinpadaippugal.info/sorpozhivugal/naam_3.htm,200,sorpozhivugal/naam.md,yes,covered,/Users/pugazhendhirajendran/Documents/Codex/2026-07-09/https-www-annavinpadaippugal-info/outputs/annavin_text_extractor/organized_contents/sorpozhivugal/naam.md
http://www.annavinpadaippugal.info/sorpozhivugal/naam_4.htm,200,sorpozhivugal/naam.md,yes,covered,/Users/pugazhendhirajendran/Documents/Codex/2026-07-09/https-www-annavinpadaippugal-info/outputs/annavin_text_extractor/organized_contents/sorpozhivugal/naam.md
http://www.annavinpadaippugal.info/sorpozhivugal/naam_5.htm,200,sorpozhivugal/naam.md,yes,covered,/Users/pugazhendhirajendran/Documents/Codex/2026-07-09/https-www-annavinpadaippugal-info/outputs/annavin_text_extractor/organized_contents/sorpozhivugal/naam.md
http://www.annavinpadaippugal.info/sorpozhivugal/naam_6.htm,200,sorpozhivugal/naam.md,yes,covered,/Users/pugazhendhirajendran/Documents/Codex/2026-07-09/https-www-annavinpadaippugal-info/outputs/annavin_text_extractor/organized_contents/sorpozhivugal/naam.md
http://www.annavinpadaippugal.info/sorpozhivugal/naan_tharugiraen1000_1.htm,200,sorpozhivugal/naan_tharugiraen1000.md,yes,covered,/Users/pugazhendhirajendran/Documents/Codex/2026-07-09/https-www-annavinpadaippugal-info/outputs/annavin_text_extractor/organized_contents/sorpozhivugal/naan_tharugiraen1000.md
http://www.annavinpadaippugal.info/sorpozhivugal/naan_tharugiraen1000_2.htm,200,sorpozhivugal/naan_tharugiraen1000.md,yes,covered,/Users/pugazhendhirajendran/Documents/Codex/2026-07-09/https-www-annavinpadaippugal-info/outputs/annavin_text_extractor/organized_contents/sorpozhivugal/naan_tharugiraen1000.md
http://www.annavinpadaippugal.info/sorpozhivugal/naarana_durai.html,200,sorpozhivugal/naarana_durai.md,no,covered,/Users/pugazhendhirajendran/Documents/Codex/2026-07-09/https-www-annavinpadaippugal-info/outputs/annavin_text_extractor/organized_contents/sorpozhivugal/naarana_durai.md
http://www.annavinpadaippugal.info/sorpozhivugal/naattai_naanae_alavaendum.htm,200,sorpozhivugal/naattai_naanae_alavaendum.md,no,covered,/Users/pugazhendhirajendran/Documents/Codex/2026-07-09/https-www-annavinpadaippugal-info/outputs/annavin_text_extractor/organized_contents/sorpozhivugal/naattai_naanae_alavaendum.md
http://www.annavinpadaippugal.info/sorpozhivugal/naattin_nilai_pareer.htm,200,sorpozhivugal/naattin_nilai_pareer.md,no,covered,/Users/pugazhendhirajendran/Documents/Codex/2026-07-09/https-www-annavinpadaippugal-info/outputs/annavin_text_extractor/organized_contents/sorpozhivugal/naattin_nilai_pareer.md
http://www.annavinpadaippugal.info/sorpozhivugal/naattu_pirivinai_vaendum.htm,200,sorpozhivugal/naattu_pirivinai_vaendum.md,no,covered,/Users/pugazhendhirajendran/Documents/Codex/2026-07-09/https-www-annavinpadaippugal-info/outputs/annavin_text_extractor/organized_contents/sorpozhivugal/naattu_pirivinai_vaendum.md
http://www.annavinpadaippugal.info/sorpozhivugal/naatu_nalivu.htm,200,sorpozhivugal/naatu_nalivu.md,no,covered,/Users/pugazhendhirajendran/Documents/Codex/2026-07-09/https-www-annavinpadaippugal-info/outputs/annavin_text_extractor/organized_contents/sorpozhivugal/naatu_nalivu.md
http://www.annavinpadaippugal.info/sorpozhivugal/nadaga_valarchi.htm,200,sorpozhivugal/nadaga_valarchi.md,no,covered,/Users/pugazhendhirajendran/Documents/Codex/2026-07-09/https-www-annavinpadaippugal-info/outputs/annavin_text_extractor/organized_contents/sorpozhivugal/nadaga_valarchi.md
http://www.annavinpadaippugal.info/sorpozhivugal/nadagathil_oru.htm,200,sorpozhivugal/nadagathil_oru.md,no,covered,/Users/pugazhendhirajendran/Documents/Codex/2026-07-09/https-www-annavinpadaippugal-info/outputs/annavin_text_extractor/organized_contents/sorpozhivugal/nadagathil_oru.md
http://www.annavinpadaippugal.info/sorpozhivugal/nadagathilae.htm,200,sorpozhivugal/nadagathilae.md,no,covered,/Users/pugazhendhirajendran/Documents/Codex/2026-07-09/https-www-annavinpadaippugal-info/outputs/annavin_text_extractor/organized_contents/sorpozhivugal/nadagathilae.md
http://www.annavinpadaippugal.info/sorpozhivugal/naeramillai_unarveer.htm,200,sorpozhivugal/naeramillai_unarveer.md,no,covered,/Users/pugazhendhirajendran/Documents/Codex/2026-07-09/https-www-annavinpadaippugal-info/outputs/annavin_text_extractor/organized_contents/sorpozhivugal/naeramillai_unarveer.md
http://www.annavinpadaippugal.info/sorpozhivugal/nagaichuvai_mannar.htm,200,sorpozhivugal/nagaichuvai_mannar.md,no,covered,/Users/pugazhendhirajendran/Documents/Codex/2026-07-09/https-www-annavinpadaippugal-info/outputs/annavin_text_extractor/organized_contents/sorpozhivugal/nagaichuvai_mannar.md
http://www.annavinpadaippugal.info/sorpozhivugal/nalla_theerpu_1.htm,200,sorpozhivugal/nalla_theerpu.md,yes,covered,/Users/pugazhendhirajendran/Documents/Codex/2026-07-09/https-www-annavinpadaippugal-info/outputs/annavin_text_extractor/organized_contents/sorpozhivugal/nalla_theerpu.md
http://www.annavinpadaippugal.info/sorpozhivugal/nalla_theerpu_2.htm,200,sorpozhivugal/nalla_theerpu.md,yes,covered,/Users/pugazhendhirajendran/Documents/Codex/2026-07-09/https-www-annavinpadaippugal-info/outputs/annavin_text_extractor/organized_contents/sorpozhivugal/nalla_theerpu.md
http://www.annavinpadaippugal.info/sorpozhivugal/nallathoru_paniyil_eedupaduveer.htm,200,sorpozhivugal/nallathoru_paniyil_eedupaduveer.md,no,covered,/Users/pugazhendhirajendran/Documents/Codex/2026-07-09/https-www-annavinpadaippugal-info/outputs/annavin_text_extractor/organized_contents/sorpozhivugal/nallathoru_paniyil_eedupaduveer.md
http://www.annavinpadaippugal.info/sorpozhivugal/nam_samuthayathirku.htm,200,sorpozhivugal/nam_samuthayathirku.md,no,covered,/Users/pugazhendhirajendran/Documents/Codex/2026-07-09/https-www-annavinpadaippugal-info/outputs/annavin_text_extractor/organized_contents/sorpozhivugal/nam_samuthayathirku.md
http://www.annavinpadaippugal.info/sorpozhivugal/namakkal.htm,200,sorpozhivugal/namakkal.md,no,covered,/Users/pugazhendhirajendran/Documents/Codex/2026-07-09/https-www-annavinpadaippugal-info/outputs/annavin_text_extractor/organized_contents/sorpozhivugal/namakkal.md
http://www.annavinpadaippugal.info/sorpozhivugal/namakkendru_oru_arasu.htm,200,sorpozhivugal/namakkendru_oru_arasu.md,no,covered,/Users/pugazhendhirajendran/Documents/Codex/2026-07-09/https-www-annavinpadaippugal-info/outputs/annavin_text_extractor/organized_contents/sorpozhivugal/namakkendru_oru_arasu.md
http://www.annavinpadaippugal.info/sorpozhivugal/namathu_muzhakkam.htm,200,sorpozhivugal/namathu_muzhakkam.md,no,covered,/Users/pugazhendhirajendran/Documents/Codex/2026-07-09/https-www-annavinpadaippugal-info/outputs/annavin_text_extractor/organized_contents/sorpozhivugal/namathu_muzhakkam.md
http://www.annavinpadaippugal.info/sorpozhivugal/nambikkai301057_1.htm,200,sorpozhivugal/nambikkai301057.md,yes,covered,/Users/pugazhendhirajendran/Documents/Codex/2026-07-09/https-www-annavinpadaippugal-info/outputs/annavin_text_extractor/organized_contents/sorpozhivugal/nambikkai301057.md
http://www.annavinpadaippugal.info/sorpozhivugal/nambikkai301057_2.htm,200,sorpozhivugal/nambikkai301057.md,yes,covered,/Users/pugazhendhirajendran/Documents/Codex/2026-07-09/https-www-annavinpadaippugal-info/outputs/annavin_text_extractor/organized_contents/sorpozhivugal/nambikkai301057.md
http://www.annavinpadaippugal.info/sorpozhivugal/nambikkai311057.htm,200,sorpozhivugal/nambikkai311057.md,no,covered,/Users/pugazhendhirajendran/Documents/Codex/2026-07-09/https-www-annavinpadaippugal-info/outputs/annavin_text_extractor/organized_contents/sorpozhivugal/nambikkai311057.md
http://www.annavinpadaippugal.info/sorpozhivugal/nan_kanda_nehru.htm,200,sorpozhivugal/nan_kanda_nehru.md,no,covered,/Users/pugazhendhirajendran/Documents/Codex/2026-07-09/https-www-annavinpadaippugal-info/outputs/annavin_text_extractor/organized_contents/sorpozhivugal/nan_kanda_nehru.md
http://www.annavinpadaippugal.info/sorpozhivugal/nashta_eedu_tharavaendum.htm,200,sorpozhivugal/nashta_eedu_tharavaendum.md,no,covered,/Users/pugazhendhirajendran/Documents/Codex/2026-07-09/https-www-annavinpadaippugal-info/outputs/annavin_text_extractor/organized_contents/sorpozhivugal/nashta_eedu_tharavaendum.md
http://www.annavinpadaippugal.info/sorpozhivugal/nattu_mathip111157_1.html,200,sorpozhivugal/nattu_mathip111157.md,yes,covered,/Users/pugazhendhirajendran/Documents/Codex/2026-07-09/https-www-annavinpadaippugal-info/outputs/annavin_text_extractor/organized_contents/sorpozhivugal/nattu_mathip111157.md
http://www.annavinpadaippugal.info/sorpozhivugal/nattu_mathip111157_2.html,200,sorpozhivugal/nattu_mathip111157.md,yes,covered,/Users/pugazhendhirajendran/Documents/Codex/2026-07-09/https-www-annavinpadaippugal-info/outputs/annavin_text_extractor/organized_contents/sorpozhivugal/nattu_mathip111157.md
http://www.annavinpadaippugal.info/sorpozhivugal/nellai_mavatta.htm,200,sorpozhivugal/nellai_mavatta.md,no,covered,/Users/pugazhendhirajendran/Documents/Codex/2026-07-09/https-www-annavinpadaippugal-info/outputs/annavin_text_extractor/organized_contents/sorpozhivugal/nellai_mavatta.md
http://www.annavinpadaippugal.info/sorpozhivugal/neruvum_annavum.htm,200,sorpozhivugal/neruvum_annavum.md,no,covered,/Users/pugazhendhirajendran/Documents/Codex/2026-07-09/https-www-annavinpadaippugal-info/outputs/annavin_text_extractor/organized_contents/sorpozhivugal/neruvum_annavum.md
http://www.annavinpadaippugal.info/sorpozhivugal/nila_ucha290861.htm,200,sorpozhivugal/nila_ucha290861.md,no,covered,/Users/pugazhendhirajendran/Documents/Codex/2026-07-09/https-www-annavinpadaippugal-info/outputs/annavin_text_extractor/organized_contents/sorpozhivugal/nila_ucha290861.md
http://www.annavinpadaippugal.info/sorpozhivugal/nila_uchavarambu_sattathin.htm,200,sorpozhivugal/nila_uchavarambu_sattathin.md,no,covered,/Users/pugazhendhirajendran/Documents/Codex/2026-07-09/https-www-annavinpadaippugal-info/outputs/annavin_text_extractor/organized_contents/sorpozhivugal/nila_uchavarambu_sattathin.md
http://www.annavinpadaippugal.info/sorpozhivugal/nilaseer200460.htm,200,sorpozhivugal/nilaseer200460.md,no,covered,/Users/pugazhendhirajendran/Documents/Codex/2026-07-09/https-www-annavinpadaippugal-info/outputs/annavin_text_extractor/organized_contents/sorpozhivugal/nilaseer200460.md
http://www.annavinpadaippugal.info/sorpozhivugal/nilaucha301058.htm,200,sorpozhivugal/nilaucha301058.md,no,covered,/Users/pugazhendhirajendran/Documents/Codex/2026-07-09/https-www-annavinpadaippugal-info/outputs/annavin_text_extractor/organized_contents/sorpozhivugal/nilaucha301058.md
http://www.annavinpadaippugal.info/sorpozhivugal/nilayum_ninaippum_1.htm,200,sorpozhivugal/nilayum_ninaippum.md,yes,covered,/Users/pugazhendhirajendran/Documents/Codex/2026-07-09/https-www-annavinpadaippugal-info/outputs/annavin_text_extractor/organized_contents/sorpozhivugal/nilayum_ninaippum.md
http://www.annavinpadaippugal.info/sorpozhivugal/nilayum_ninaippum_2.htm,200,sorpozhivugal/nilayum_ninaippum.md,yes,covered,/Users/pugazhendhirajendran/Documents/Codex/2026-07-09/https-www-annavinpadaippugal-info/outputs/annavin_text_extractor/organized_contents/sorpozhivugal/nilayum_ninaippum.md
http://www.annavinpadaippugal.info/sorpozhivugal/nithi070458.htm,200,sorpozhivugal/nithi070458.md,no,covered,/Users/pugazhendhirajendran/Documents/Codex/2026-07-09/https-www-annavinpadaippugal-info/outputs/annavin_text_extractor/organized_contents/sorpozhivugal/nithi070458.md
http://www.annavinpadaippugal.info/sorpozhivugal/nithi080358_1.html,200,sorpozhivugal/nithi080358.md,yes,covered,/Users/pugazhendhirajendran/Documents/Codex/2026-07-09/https-www-annavinpadaippugal-info/outputs/annavin_text_extractor/organized_contents/sorpozhivugal/nithi080358.md
http://www.annavinpadaippugal.info/sorpozhivugal/nithi080358_2.html,200,sorpozhivugal/nithi080358.md,yes,covered,/Users/pugazhendhirajendran/Documents/Codex/2026-07-09/https-www-annavinpadaippugal-info/outputs/annavin_text_extractor/organized_contents/sorpozhivugal/nithi080358.md
http://www.annavinpadaippugal.info/sorpozhivugal/nithi080361_1.html,200,sorpozhivugal/nithi080361.md,yes,covered,/Users/pugazhendhirajendran/Documents/Codex/2026-07-09/https-www-annavinpadaippugal-info/outputs/annavin_text_extractor/organized_contents/sorpozhivugal/nithi080361.md
http://www.annavinpadaippugal.info/sorpozhivugal/nithi080361_2.html,200,sorpozhivugal/nithi080361.md,yes,covered,/Users/pugazhendhirajendran/Documents/Codex/2026-07-09/https-www-annavinpadaippugal-info/outputs/annavin_text_extractor/organized_contents/sorpozhivugal/nithi080361.md
http://www.annavinpadaippugal.info/sorpozhivugal/nithi100359_1.html,200,sorpozhivugal/nithi100359.md,yes,covered,/Users/pugazhendhirajendran/Documents/Codex/2026-07-09/https-www-annavinpadaippugal-info/outputs/annavin_text_extractor/organized_contents/sorpozhivugal/nithi100359.md
http://www.annavinpadaippugal.info/sorpozhivugal/nithi100359_2.html,200,sorpozhivugal/nithi100359.md,yes,covered,/Users/pugazhendhirajendran/Documents/Codex/2026-07-09/https-www-annavinpadaippugal-info/outputs/annavin_text_extractor/organized_contents/sorpozhivugal/nithi100359.md
http://www.annavinpadaippugal.info/sorpozhivugal/nithi140361.htm,200,sorpozhivugal/nithi140361.md,no,covered,/Users/pugazhendhirajendran/Documents/Codex/2026-07-09/https-www-annavinpadaippugal-info/outputs/annavin_text_extractor/organized_contents/sorpozhivugal/nithi140361.md
http://www.annavinpadaippugal.info/sorpozhivugal/nithi180358.htm,200,sorpozhivugal/nithi180358.md,no,covered,/Users/pugazhendhirajendran/Documents/Codex/2026-07-09/https-www-annavinpadaippugal-info/outputs/annavin_text_extractor/organized_contents/sorpozhivugal/nithi180358.md
http://www.annavinpadaippugal.info/sorpozhivugal/nithi230359.htm,200,sorpozhivugal/nithi230359.md,no,covered,/Users/pugazhendhirajendran/Documents/Codex/2026-07-09/https-www-annavinpadaippugal-info/outputs/annavin_text_extractor/organized_contents/sorpozhivugal/nithi230359.md
http://www.annavinpadaippugal.info/sorpozhivugal/nithi300460.htm,200,sorpozhivugal/nithi300460.md,no,covered,/Users/pugazhendhirajendran/Documents/Codex/2026-07-09/https-www-annavinpadaippugal-info/outputs/annavin_text_extractor/organized_contents/sorpozhivugal/nithi300460.md
http://www.annavinpadaippugal.info/sorpozhivugal/nithi_othukka260757.htm,200,sorpozhivugal/nithi_othukka260757.md,no,covered,/Users/pugazhendhirajendran/Documents/Codex/2026-07-09/https-www-annavinpadaippugal-info/outputs/annavin_text_extractor/organized_contents/sorpozhivugal/nithi_othukka260757.md
http://www.annavinpadaippugal.info/sorpozhivugal/niyayangalai_alatchiyappaduthuvathu.htm,200,sorpozhivugal/niyayangalai_alatchiyappaduthuvathu.md,no,covered,/Users/pugazhendhirajendran/Documents/Codex/2026-07-09/https-www-annavinpadaippugal-info/outputs/annavin_text_extractor/organized_contents/sorpozhivugal/niyayangalai_alatchiyappaduthuvathu.md
http://www.annavinpadaippugal.info/sorpozhivugal/noolnilayangal.htm,200,sorpozhivugal/noolnilayangal.md,no,covered,/Users/pugazhendhirajendran/Documents/Codex/2026-07-09/https-www-annavinpadaippugal-info/outputs/annavin_text_extractor/organized_contents/sorpozhivugal/noolnilayangal.md
http://www.annavinpadaippugal.info/sorpozhivugal/oayvunaeram.htm,200,sorpozhivugal/oayvunaeram.md,no,covered,/Users/pugazhendhirajendran/Documents/Codex/2026-07-09/https-www-annavinpadaippugal-info/outputs/annavin_text_extractor/organized_contents/sorpozhivugal/oayvunaeram.md
http://www.annavinpadaippugal.info/sorpozhivugal/oli_vilakku.htm,200,sorpozhivugal/oli_vilakku.md,no,covered,/Users/pugazhendhirajendran/Documents/Codex/2026-07-09/https-www-annavinpadaippugal-info/outputs/annavin_text_extractor/organized_contents/sorpozhivugal/oli_vilakku.md
http://www.annavinpadaippugal.info/sorpozhivugal/ondrupaduvom.htm,200,sorpozhivugal/ondrupaduvom.md,no,covered,/Users/pugazhendhirajendran/Documents/Codex/2026-07-09/https-www-annavinpadaippugal-info/outputs/annavin_text_extractor/organized_contents/sorpozhivugal/ondrupaduvom.md
http://www.annavinpadaippugal.info/sorpozhivugal/ondrupatta_idhayamae.htm,200,sorpozhivugal/ondrupatta_idhayamae.md,no,covered,/Users/pugazhendhirajendran/Documents/Codex/2026-07-09/https-www-annavinpadaippugal-info/outputs/annavin_text_extractor/organized_contents/sorpozhivugal/ondrupatta_idhayamae.md
http://www.annavinpadaippugal.info/sorpozhivugal/oorai_thiruthuvathil.htm,200,sorpozhivugal/oorai_thiruthuvathil.md,no,covered,/Users/pugazhendhirajendran/Documents/Codex/2026-07-09/https-www-annavinpadaippugal-info/outputs/annavin_text_extractor/organized_contents/sorpozhivugal/oorai_thiruthuvathil.md
http://www.annavinpadaippugal.info/sorpozhivugal/ooratchi240958.htm,200,sorpozhivugal/ooratchi240958.md,no,covered,/Users/pugazhendhirajendran/Documents/Codex/2026-07-09/https-www-annavinpadaippugal-info/outputs/annavin_text_extractor/organized_contents/sorpozhivugal/ooratchi240958.md
http://www.annavinpadaippugal.info/sorpozhivugal/ottumanchedi_1.htm,200,sorpozhivugal/ottumanchedi.md,yes,covered,/Users/pugazhendhirajendran/Documents/Codex/2026-07-09/https-www-annavinpadaippugal-info/outputs/annavin_text_extractor/organized_contents/sorpozhivugal/ottumanchedi.md
http://www.annavinpadaippugal.info/sorpozhivugal/ottumanchedi_2.htm,200,sorpozhivugal/ottumanchedi.md,yes,covered,/Users/pugazhendhirajendran/Documents/Codex/2026-07-09/https-www-annavinpadaippugal-info/outputs/annavin_text_extractor/organized_contents/sorpozhivugal/ottumanchedi.md
http://www.annavinpadaippugal.info/sorpozhivugal/oviyar_madhavan.htm,200,sorpozhivugal/oviyar_madhavan.md,no,covered,/Users/pugazhendhirajendran/Documents/Codex/2026-07-09/https-www-annavinpadaippugal-info/outputs/annavin_text_extractor/organized_contents/sorpozhivugal/oviyar_madhavan.md
http://www.annavinpadaippugal.info/sorpozhivugal/padai_thiratti_anuppa_thayar.htm,200,sorpozhivugal/padai_thiratti_anuppa_thayar.md,no,covered,/Users/pugazhendhirajendran/Documents/Codex/2026-07-09/https-www-annavinpadaippugal-info/outputs/annavin_text_extractor/organized_contents/sorpozhivugal/padai_thiratti_anuppa_thayar.md
http://www.annavinpadaippugal.info/sorpozhivugal/paerunthu030959.htm,200,sorpozhivugal/paerunthu030959.md,no,covered,/Users/pugazhendhirajendran/Documents/Codex/2026-07-09/https-www-annavinpadaippugal-info/outputs/annavin_text_extractor/organized_contents/sorpozhivugal/paerunthu030959.md
http://www.annavinpadaippugal.info/sorpozhivugal/pagayumillai_kathalumillai.htm,200,sorpozhivugal/pagayumillai_kathalumillai.md,no,covered,/Users/pugazhendhirajendran/Documents/Codex/2026-07-09/https-www-annavinpadaippugal-info/outputs/annavin_text_extractor/organized_contents/sorpozhivugal/pagayumillai_kathalumillai.md
http://www.annavinpadaippugal.info/sorpozhivugal/panakkararhalin_paasarai.htm,200,sorpozhivugal/panakkararhalin_paasarai.md,no,covered,/Users/pugazhendhirajendran/Documents/Codex/2026-07-09/https-www-annavinpadaippugal-info/outputs/annavin_text_extractor/organized_contents/sorpozhivugal/panakkararhalin_paasarai.md
http://www.annavinpadaippugal.info/sorpozhivugal/panbodu_pazhaginoam.htm,200,sorpozhivugal/panbodu_pazhaginoam.md,no,covered,/Users/pugazhendhirajendran/Documents/Codex/2026-07-09/https-www-annavinpadaippugal-info/outputs/annavin_text_extractor/organized_contents/sorpozhivugal/panbodu_pazhaginoam.md
http://www.annavinpadaippugal.info/sorpozhivugal/panditharin_araikoovalai.htm,200,sorpozhivugal/panditharin_araikoovalai.md,no,covered,/Users/pugazhendhirajendran/Documents/Codex/2026-07-09/https-www-annavinpadaippugal-info/outputs/annavin_text_extractor/organized_contents/sorpozhivugal/panditharin_araikoovalai.md
http://www.annavinpadaippugal.info/sorpozhivugal/pathavikalai_thuranthu.htm,200,sorpozhivugal/pathavikalai_thuranthu.md,no,covered,/Users/pugazhendhirajendran/Documents/Codex/2026-07-09/https-www-annavinpadaippugal-info/outputs/annavin_text_extractor/organized_contents/sorpozhivugal/pathavikalai_thuranthu.md
http://www.annavinpadaippugal.info/sorpozhivugal/pathirikai_thozhil.htm,200,sorpozhivugal/pathirikai_thozhil.md,no,covered,/Users/pugazhendhirajendran/Documents/Codex/2026-07-09/https-www-annavinpadaippugal-info/outputs/annavin_text_extractor/organized_contents/sorpozhivugal/pathirikai_thozhil.md
http://www.annavinpadaippugal.info/sorpozhivugal/pazhamayai_viduthu_panbinai.htm,200,sorpozhivugal/pazhamayai_viduthu_panbinai.md,no,covered,/Users/pugazhendhirajendran/Documents/Codex/2026-07-09/https-www-annavinpadaippugal-info/outputs/annavin_text_extractor/organized_contents/sorpozhivugal/pazhamayai_viduthu_panbinai.md
http://www.annavinpadaippugal.info/sorpozhivugal/pazhayana.htm,200,sorpozhivugal/pazhayana.md,no,covered,/Users/pugazhendhirajendran/Documents/Codex/2026-07-09/https-www-annavinpadaippugal-info/outputs/annavin_text_extractor/organized_contents/sorpozhivugal/pazhayana.md
http://www.annavinpadaippugal.info/sorpozhivugal/pengal_unavu.htm,200,sorpozhivugal/pengal_unavu.md,no,covered,/Users/pugazhendhirajendran/Documents/Codex/2026-07-09/https-www-annavinpadaippugal-info/outputs/annavin_text_extractor/organized_contents/sorpozhivugal/pengal_unavu.md
http://www.annavinpadaippugal.info/sorpozhivugal/peoplespoet.html,200,sorpozhivugal/peoplespoet.md,no,covered,/Users/pugazhendhirajendran/Documents/Codex/2026-07-09/https-www-annavinpadaippugal-info/outputs/annavin_text_extractor/organized_contents/sorpozhivugal/peoplespoet.md
http://www.annavinpadaippugal.info/sorpozhivugal/periyar_nehru_santhippu_thaevai.htm,200,sorpozhivugal/periyar_nehru_santhippu_thaevai.md,no,covered,/Users/pugazhendhirajendran/Documents/Codex/2026-07-09/https-www-annavinpadaippugal-info/outputs/annavin_text_extractor/organized_contents/sorpozhivugal/periyar_nehru_santhippu_thaevai.md
http://www.annavinpadaippugal.info/sorpozhivugal/periyar_oru_sahaptham_1.htm,200,sorpozhivugal/periyar_oru_sahaptham.md,yes,covered,/Users/pugazhendhirajendran/Documents/Codex/2026-07-09/https-www-annavinpadaippugal-info/outputs/annavin_text_extractor/organized_contents/sorpozhivugal/periyar_oru_sahaptham.md
http://www.annavinpadaippugal.info/sorpozhivugal/periyar_oru_sahaptham_2.htm,200,sorpozhivugal/periyar_oru_sahaptham.md,yes,covered,/Users/pugazhendhirajendran/Documents/Codex/2026-07-09/https-www-annavinpadaippugal-info/outputs/annavin_text_extractor/organized_contents/sorpozhivugal/periyar_oru_sahaptham.md
http://www.annavinpadaippugal.info/sorpozhivugal/periyar_oru_sahaptham_3.htm,200,sorpozhivugal/periyar_oru_sahaptham.md,yes,covered,/Users/pugazhendhirajendran/Documents/Codex/2026-07-09/https-www-annavinpadaippugal-info/outputs/annavin_text_extractor/organized_contents/sorpozhivugal/periyar_oru_sahaptham.md
http://www.annavinpadaippugal.info/sorpozhivugal/periyar_thantha_kadaisi_pattam.htm,200,sorpozhivugal/periyar_thantha_kadaisi_pattam.md,no,covered,/Users/pugazhendhirajendran/Documents/Codex/2026-07-09/https-www-annavinpadaippugal-info/outputs/annavin_text_extractor/organized_contents/sorpozhivugal/periyar_thantha_kadaisi_pattam.md
http://www.annavinpadaippugal.info/sorpozhivugal/periyarai_sirayil_vaithiruppathu_1.htm,200,sorpozhivugal/periyarai_sirayil_vaithiruppathu.md,yes,covered,/Users/pugazhendhirajendran/Documents/Codex/2026-07-09/https-www-annavinpadaippugal-info/outputs/annavin_text_extractor/organized_contents/sorpozhivugal/periyarai_sirayil_vaithiruppathu.md
http://www.annavinpadaippugal.info/sorpozhivugal/periyarai_sirayil_vaithiruppathu_2.htm,200,sorpozhivugal/periyarai_sirayil_vaithiruppathu.md,yes,covered,/Users/pugazhendhirajendran/Documents/Codex/2026-07-09/https-www-annavinpadaippugal-info/outputs/annavin_text_extractor/organized_contents/sorpozhivugal/periyarai_sirayil_vaithiruppathu.md
http://www.annavinpadaippugal.info/sorpozhivugal/pirivinai_thadai_1.htm,200,sorpozhivugal/pirivinai_thadai.md,yes,covered,/Users/pugazhendhirajendran/Documents/Codex/2026-07-09/https-www-annavinpadaippugal-info/outputs/annavin_text_extractor/organized_contents/sorpozhivugal/pirivinai_thadai.md
http://www.annavinpadaippugal.info/sorpozhivugal/pirivinai_thadai_2.htm,200,sorpozhivugal/pirivinai_thadai.md,yes,covered,/Users/pugazhendhirajendran/Documents/Codex/2026-07-09/https-www-annavinpadaippugal-info/outputs/annavin_text_extractor/organized_contents/sorpozhivugal/pirivinai_thadai.md
http://www.annavinpadaippugal.info/sorpozhivugal/poar_murasu_1.htm,200,sorpozhivugal/poar_murasu_1.md,no,covered,/Users/pugazhendhirajendran/Documents/Codex/2026-07-09/https-www-annavinpadaippugal-info/outputs/annavin_text_extractor/organized_contents/sorpozhivugal/poar_murasu_1.md
http://www.annavinpadaippugal.info/sorpozhivugal/poar_murasu_kotti.htm,200,sorpozhivugal/poar_murasu_kotti.md,no,covered,/Users/pugazhendhirajendran/Documents/Codex/2026-07-09/https-www-annavinpadaippugal-info/outputs/annavin_text_extractor/organized_contents/sorpozhivugal/poar_murasu_kotti.md
http://www.annavinpadaippugal.info/sorpozhivugal/poarattam_1.htm,200,sorpozhivugal/poarattam.md,yes,covered,/Users/pugazhendhirajendran/Documents/Codex/2026-07-09/https-www-annavinpadaippugal-info/outputs/annavin_text_extractor/organized_contents/sorpozhivugal/poarattam.md
http://www.annavinpadaippugal.info/sorpozhivugal/poarattam_2.htm,200,sorpozhivugal/poarattam.md,yes,covered,/Users/pugazhendhirajendran/Documents/Codex/2026-07-09/https-www-annavinpadaippugal-info/outputs/annavin_text_extractor/organized_contents/sorpozhivugal/poarattam.md
http://www.annavinpadaippugal.info/sorpozhivugal/poarkodi.htm,200,sorpozhivugal/poarkodi.md,no,covered,/Users/pugazhendhirajendran/Documents/Codex/2026-07-09/https-www-annavinpadaippugal-info/outputs/annavin_text_extractor/organized_contents/sorpozhivugal/poarkodi.md
http://www.annavinpadaippugal.info/sorpozhivugal/poarvaal.htm,200,sorpozhivugal/poarvaal.md,no,covered,/Users/pugazhendhirajendran/Documents/Codex/2026-07-09/https-www-annavinpadaippugal-info/outputs/annavin_text_extractor/organized_contents/sorpozhivugal/poarvaal.md
http://www.annavinpadaippugal.info/sorpozhivugal/pongal_thirunaal.htm,200,sorpozhivugal/pongal_thirunaal.md,no,covered,/Users/pugazhendhirajendran/Documents/Codex/2026-07-09/https-www-annavinpadaippugal-info/outputs/annavin_text_extractor/organized_contents/sorpozhivugal/pongal_thirunaal.md
http://www.annavinpadaippugal.info/sorpozhivugal/pooja_mano.htm,200,sorpozhivugal/pooja_mano.md,no,covered,/Users/pugazhendhirajendran/Documents/Codex/2026-07-09/https-www-annavinpadaippugal-info/outputs/annavin_text_extractor/organized_contents/sorpozhivugal/pooja_mano.md
http://www.annavinpadaippugal.info/sorpozhivugal/porul.htm,200,sorpozhivugal/porul.md,no,covered,/Users/pugazhendhirajendran/Documents/Codex/2026-07-09/https-www-annavinpadaippugal-info/outputs/annavin_text_extractor/organized_contents/sorpozhivugal/porul.md
http://www.annavinpadaippugal.info/sorpozhivugal/poruppudan_nadappathu.htm,200,sorpozhivugal/poruppudan_nadappathu.md,no,covered,/Users/pugazhendhirajendran/Documents/Codex/2026-07-09/https-www-annavinpadaippugal-info/outputs/annavin_text_extractor/organized_contents/sorpozhivugal/poruppudan_nadappathu.md
http://www.annavinpadaippugal.info/sorpozhivugal/poruppuvaintha_ethirkatchi.htm,200,sorpozhivugal/poruppuvaintha_ethirkatchi.md,no,covered,/Users/pugazhendhirajendran/Documents/Codex/2026-07-09/https-www-annavinpadaippugal-info/outputs/annavin_text_extractor/organized_contents/sorpozhivugal/poruppuvaintha_ethirkatchi.md
http://www.annavinpadaippugal.info/sorpozhivugal/porupulla_ethirkatchiyaga.htm,200,sorpozhivugal/porupulla_ethirkatchiyaga.md,no,covered,/Users/pugazhendhirajendran/Documents/Codex/2026-07-09/https-www-annavinpadaippugal-info/outputs/annavin_text_extractor/organized_contents/sorpozhivugal/porupulla_ethirkatchiyaga.md
http://www.annavinpadaippugal.info/sorpozhivugal/pothu_maanadu.htm,200,sorpozhivugal/pothu_maanadu.md,no,covered,/Users/pugazhendhirajendran/Documents/Codex/2026-07-09/https-www-annavinpadaippugal-info/outputs/annavin_text_extractor/organized_contents/sorpozhivugal/pothu_maanadu.md
http://www.annavinpadaippugal.info/sorpozhivugal/pothucheyalalar_seithi.htm,200,sorpozhivugal/pothucheyalalar_seithi.md,no,covered,/Users/pugazhendhirajendran/Documents/Codex/2026-07-09/https-www-annavinpadaippugal-info/outputs/annavin_text_extractor/organized_contents/sorpozhivugal/pothucheyalalar_seithi.md
http://www.annavinpadaippugal.info/sorpozhivugal/pothuvaelai_niru.htm,200,sorpozhivugal/pothuvaelai_niru.md,no,covered,/Users/pugazhendhirajendran/Documents/Codex/2026-07-09/https-www-annavinpadaippugal-info/outputs/annavin_text_extractor/organized_contents/sorpozhivugal/pothuvaelai_niru.md
http://www.annavinpadaippugal.info/sorpozhivugal/poyyurai.htm,200,sorpozhivugal/poyyurai.md,no,covered,/Users/pugazhendhirajendran/Documents/Codex/2026-07-09/https-www-annavinpadaippugal-info/outputs/annavin_text_extractor/organized_contents/sorpozhivugal/poyyurai.md
http://www.annavinpadaippugal.info/sorpozhivugal/punithamana_pongal.htm,200,sorpozhivugal/punithamana_pongal.md,no,covered,/Users/pugazhendhirajendran/Documents/Codex/2026-07-09/https-www-annavinpadaippugal-info/outputs/annavin_text_extractor/organized_contents/sorpozhivugal/punithamana_pongal.md
http://www.annavinpadaippugal.info/sorpozhivugal/puthiya_unarchi.htm,200,sorpozhivugal/puthiya_unarchi.md,no,covered,/Users/pugazhendhirajendran/Documents/Codex/2026-07-09/https-www-annavinpadaippugal-info/outputs/annavin_text_extractor/organized_contents/sorpozhivugal/puthiya_unarchi.md
http://www.annavinpadaippugal.info/sorpozhivugal/puthiya_varalaru_1.htm,200,sorpozhivugal/puthiya_varalaru.md,yes,covered,/Users/pugazhendhirajendran/Documents/Codex/2026-07-09/https-www-annavinpadaippugal-info/outputs/annavin_text_extractor/organized_contents/sorpozhivugal/puthiya_varalaru.md
http://www.annavinpadaippugal.info/sorpozhivugal/puthiya_varalaru_2.htm,200,sorpozhivugal/puthiya_varalaru.md,yes,covered,/Users/pugazhendhirajendran/Documents/Codex/2026-07-09/https-www-annavinpadaippugal-info/outputs/annavin_text_extractor/organized_contents/sorpozhivugal/puthiya_varalaru.md
http://www.annavinpadaippugal.info/sorpozhivugal/puthiya_varalaru_3.htm,200,sorpozhivugal/puthiya_varalaru.md,yes,covered,/Users/pugazhendhirajendran/Documents/Codex/2026-07-09/https-www-annavinpadaippugal-info/outputs/annavin_text_extractor/organized_contents/sorpozhivugal/puthiya_varalaru.md
http://www.annavinpadaippugal.info/sorpozhivugal/puthiya_varalaru_4.htm,200,sorpozhivugal/puthiya_varalaru.md,yes,covered,/Users/pugazhendhirajendran/Documents/Codex/2026-07-09/https-www-annavinpadaippugal-info/outputs/annavin_text_extractor/organized_contents/sorpozhivugal/puthiya_varalaru.md
http://www.annavinpadaippugal.info/sorpozhivugal/rajya_an_appeal.htm,200,sorpozhivugal/rajya_an_appeal.md,no,covered,/Users/pugazhendhirajendran/Documents/Codex/2026-07-09/https-www-annavinpadaippugal-info/outputs/annavin_text_extractor/organized_contents/sorpozhivugal/rajya_an_appeal.md
http://www.annavinpadaippugal.info/sorpozhivugal/rajya_call_my_state.htm,200,sorpozhivugal/rajya_call_my_state.md,no,covered,/Users/pugazhendhirajendran/Documents/Codex/2026-07-09/https-www-annavinpadaippugal-info/outputs/annavin_text_extractor/organized_contents/sorpozhivugal/rajya_call_my_state.md
http://www.annavinpadaippugal.info/sorpozhivugal/rajya_debacle.htm,200,sorpozhivugal/rajya_debacle.md,no,covered,/Users/pugazhendhirajendran/Documents/Codex/2026-07-09/https-www-annavinpadaippugal-info/outputs/annavin_text_extractor/organized_contents/sorpozhivugal/rajya_debacle.md
http://www.annavinpadaippugal.info/sorpozhivugal/rajya_launching.htm,200,sorpozhivugal/rajya_launching.md,no,covered,/Users/pugazhendhirajendran/Documents/Codex/2026-07-09/https-www-annavinpadaippugal-info/outputs/annavin_text_extractor/organized_contents/sorpozhivugal/rajya_launching.md
http://www.annavinpadaippugal.info/sorpozhivugal/rajya_quo_vadis.htm,200,sorpozhivugal/rajya_quo_vadis.md,no,covered,/Users/pugazhendhirajendran/Documents/Codex/2026-07-09/https-www-annavinpadaippugal-info/outputs/annavin_text_extractor/organized_contents/sorpozhivugal/rajya_quo_vadis.md
http://www.annavinpadaippugal.info/sorpozhivugal/rajya_resisting_hindi.htm,200,sorpozhivugal/rajya_resisting_hindi.md,no,covered,/Users/pugazhendhirajendran/Documents/Codex/2026-07-09/https-www-annavinpadaippugal-info/outputs/annavin_text_extractor/organized_contents/sorpozhivugal/rajya_resisting_hindi.md
http://www.annavinpadaippugal.info/sorpozhivugal/rajya_session_and.htm,200,sorpozhivugal/rajya_session_and.md,no,covered,/Users/pugazhendhirajendran/Documents/Codex/2026-07-09/https-www-annavinpadaippugal-info/outputs/annavin_text_extractor/organized_contents/sorpozhivugal/rajya_session_and.md
http://www.annavinpadaippugal.info/sorpozhivugal/rajya_stock_taking.htm,200,sorpozhivugal/rajya_stock_taking.md,no,covered,/Users/pugazhendhirajendran/Documents/Codex/2026-07-09/https-www-annavinpadaippugal-info/outputs/annavin_text_extractor/organized_contents/sorpozhivugal/rajya_stock_taking.md
http://www.annavinpadaippugal.info/sorpozhivugal/rajya_unity_or_uniform.htm,200,sorpozhivugal/rajya_unity_or_uniform.md,no,covered,/Users/pugazhendhirajendran/Documents/Codex/2026-07-09/https-www-annavinpadaippugal-info/outputs/annavin_text_extractor/organized_contents/sorpozhivugal/rajya_unity_or_uniform.md
http://www.annavinpadaippugal.info/sorpozhivugal/ramayana_naadagam.htm,200,sorpozhivugal/ramayana_naadagam.md,no,covered,/Users/pugazhendhirajendran/Documents/Codex/2026-07-09/https-www-annavinpadaippugal-info/outputs/annavin_text_extractor/organized_contents/sorpozhivugal/ramayana_naadagam.md
http://www.annavinpadaippugal.info/sorpozhivugal/rathakkanneer.htm,200,sorpozhivugal/rathakkanneer.md,no,covered,/Users/pugazhendhirajendran/Documents/Codex/2026-07-09/https-www-annavinpadaippugal-info/outputs/annavin_text_extractor/organized_contents/sorpozhivugal/rathakkanneer.md
http://www.annavinpadaippugal.info/sorpozhivugal/ratham_sinthavae_azhaikiraen.htm,200,sorpozhivugal/ratham_sinthavae_azhaikiraen.md,no,covered,/Users/pugazhendhirajendran/Documents/Codex/2026-07-09/https-www-annavinpadaippugal-info/outputs/annavin_text_extractor/organized_contents/sorpozhivugal/ratham_sinthavae_azhaikiraen.md
http://www.annavinpadaippugal.info/sorpozhivugal/reapraisal.htm,200,sorpozhivugal/reapraisal.md,no,covered,/Users/pugazhendhirajendran/Documents/Codex/2026-07-09/https-www-annavinpadaippugal-info/outputs/annavin_text_extractor/organized_contents/sorpozhivugal/reapraisal.md
http://www.annavinpadaippugal.info/sorpozhivugal/saathi_ennam.htm,200,sorpozhivugal/saathi_ennam.md,no,covered,/Users/pugazhendhirajendran/Documents/Codex/2026-07-09/https-www-annavinpadaippugal-info/outputs/annavin_text_extractor/organized_contents/sorpozhivugal/saathi_ennam.md
http://www.annavinpadaippugal.info/sorpozhivugal/saathikal_ozhiya.htm,200,sorpozhivugal/saathikal_ozhiya.md,no,covered,/Users/pugazhendhirajendran/Documents/Codex/2026-07-09/https-www-annavinpadaippugal-info/outputs/annavin_text_extractor/organized_contents/sorpozhivugal/saathikal_ozhiya.md
http://www.annavinpadaippugal.info/sorpozhivugal/saavukku_anjum.htm,200,sorpozhivugal/saavukku_anjum.md,no,covered,/Users/pugazhendhirajendran/Documents/Codex/2026-07-09/https-www-annavinpadaippugal-info/outputs/annavin_text_extractor/organized_contents/sorpozhivugal/saavukku_anjum.md
http://www.annavinpadaippugal.info/sorpozhivugal/sahithya_academy.htm,200,sorpozhivugal/sahithya_academy.md,no,covered,/Users/pugazhendhirajendran/Documents/Codex/2026-07-09/https-www-annavinpadaippugal-info/outputs/annavin_text_extractor/organized_contents/sorpozhivugal/sahithya_academy.md
http://www.annavinpadaippugal.info/sorpozhivugal/sakthiyai_unarnthu_panipurivoam.htm,200,sorpozhivugal/sakthiyai_unarnthu_panipurivoam.md,no,covered,/Users/pugazhendhirajendran/Documents/Codex/2026-07-09/https-www-annavinpadaippugal-info/outputs/annavin_text_extractor/organized_contents/sorpozhivugal/sakthiyai_unarnthu_panipurivoam.md
http://www.annavinpadaippugal.info/sorpozhivugal/samadarmam.htm,200,sorpozhivugal/samadarmam.md,no,covered,/Users/pugazhendhirajendran/Documents/Codex/2026-07-09/https-www-annavinpadaippugal-info/outputs/annavin_text_extractor/organized_contents/sorpozhivugal/samadarmam.md
http://www.annavinpadaippugal.info/sorpozhivugal/samooga_pani.htm,200,sorpozhivugal/samooga_pani.md,no,covered,/Users/pugazhendhirajendran/Documents/Codex/2026-07-09/https-www-annavinpadaippugal-info/outputs/annavin_text_extractor/organized_contents/sorpozhivugal/samooga_pani.md
http://www.annavinpadaippugal.info/sorpozhivugal/samuthaya170358.htm,200,sorpozhivugal/samuthaya170358.md,no,covered,/Users/pugazhendhirajendran/Documents/Codex/2026-07-09/https-www-annavinpadaippugal-info/outputs/annavin_text_extractor/organized_contents/sorpozhivugal/samuthaya170358.md
http://www.annavinpadaippugal.info/sorpozhivugal/sangaralinga.htm,200,sorpozhivugal/sangaralinga.md,no,covered,/Users/pugazhendhirajendran/Documents/Codex/2026-07-09/https-www-annavinpadaippugal-info/outputs/annavin_text_extractor/organized_contents/sorpozhivugal/sangaralinga.md
http://www.annavinpadaippugal.info/sorpozhivugal/sangeetha_sangam.htm,200,sorpozhivugal/sangeetha_sangam.md,no,covered,/Users/pugazhendhirajendran/Documents/Codex/2026-07-09/https-www-annavinpadaippugal-info/outputs/annavin_text_extractor/organized_contents/sorpozhivugal/sangeetha_sangam.md
http://www.annavinpadaippugal.info/sorpozhivugal/satta_04_07_1957_1.htm,200,sorpozhivugal/satta_04_07_1957.md,yes,covered,/Users/pugazhendhirajendran/Documents/Codex/2026-07-09/https-www-annavinpadaippugal-info/outputs/annavin_text_extractor/organized_contents/sorpozhivugal/satta_04_07_1957.md
http://www.annavinpadaippugal.info/sorpozhivugal/satta_04_07_1957_2.htm,200,sorpozhivugal/satta_04_07_1957.md,yes,covered,/Users/pugazhendhirajendran/Documents/Codex/2026-07-09/https-www-annavinpadaippugal-info/outputs/annavin_text_extractor/organized_contents/sorpozhivugal/satta_04_07_1957.md
http://www.annavinpadaippugal.info/sorpozhivugal/satta_10_12_1959_1.htm,200,sorpozhivugal/satta_10_12_1959.md,yes,covered,/Users/pugazhendhirajendran/Documents/Codex/2026-07-09/https-www-annavinpadaippugal-info/outputs/annavin_text_extractor/organized_contents/sorpozhivugal/satta_10_12_1959.md
http://www.annavinpadaippugal.info/sorpozhivugal/satta_10_12_1959_2.htm,200,sorpozhivugal/satta_10_12_1959.md,yes,covered,/Users/pugazhendhirajendran/Documents/Codex/2026-07-09/https-www-annavinpadaippugal-info/outputs/annavin_text_extractor/organized_contents/sorpozhivugal/satta_10_12_1959.md
http://www.annavinpadaippugal.info/sorpozhivugal/satta_11_03_1958.htm,200,sorpozhivugal/satta_11_03_1958.md,no,covered,/Users/pugazhendhirajendran/Documents/Codex/2026-07-09/https-www-annavinpadaippugal-info/outputs/annavin_text_extractor/organized_contents/sorpozhivugal/satta_11_03_1958.md
http://www.annavinpadaippugal.info/sorpozhivugal/satta_16_03_1960_1.htm,200,sorpozhivugal/satta_16_03_1960.md,yes,covered,/Users/pugazhendhirajendran/Documents/Codex/2026-07-09/https-www-annavinpadaippugal-info/outputs/annavin_text_extractor/organized_contents/sorpozhivugal/satta_16_03_1960.md
http://www.annavinpadaippugal.info/sorpozhivugal/satta_16_03_1960_2.htm,200,sorpozhivugal/satta_16_03_1960.md,yes,covered,/Users/pugazhendhirajendran/Documents/Codex/2026-07-09/https-www-annavinpadaippugal-info/outputs/annavin_text_extractor/organized_contents/sorpozhivugal/satta_16_03_1960.md
http://www.annavinpadaippugal.info/sorpozhivugal/satta_17_02_1959.htm,200,sorpozhivugal/satta_17_02_1959.md,no,covered,/Users/pugazhendhirajendran/Documents/Codex/2026-07-09/https-www-annavinpadaippugal-info/outputs/annavin_text_extractor/organized_contents/sorpozhivugal/satta_17_02_1959.md
http://www.annavinpadaippugal.info/sorpozhivugal/satta_17_07_1957_1.htm,200,sorpozhivugal/satta_17_07_1957.md,yes,covered,/Users/pugazhendhirajendran/Documents/Codex/2026-07-09/https-www-annavinpadaippugal-info/outputs/annavin_text_extractor/organized_contents/sorpozhivugal/satta_17_07_1957.md
http://www.annavinpadaippugal.info/sorpozhivugal/satta_17_07_1957_2.htm,200,sorpozhivugal/satta_17_07_1957.md,yes,covered,/Users/pugazhendhirajendran/Documents/Codex/2026-07-09/https-www-annavinpadaippugal-info/outputs/annavin_text_extractor/organized_contents/sorpozhivugal/satta_17_07_1957.md
http://www.annavinpadaippugal.info/sorpozhivugal/satta_desiya_ava.htm,200,sorpozhivugal/satta_desiya_ava.md,no,covered,/Users/pugazhendhirajendran/Documents/Codex/2026-07-09/https-www-annavinpadaippugal-info/outputs/annavin_text_extractor/organized_contents/sorpozhivugal/satta_desiya_ava.md
http://www.annavinpadaippugal.info/sorpozhivugal/sattam_oru_punitha_oppantham.htm,200,sorpozhivugal/sattam_oru_punitha_oppantham.md,no,covered,/Users/pugazhendhirajendran/Documents/Codex/2026-07-09/https-www-annavinpadaippugal-info/outputs/annavin_text_extractor/organized_contents/sorpozhivugal/sattam_oru_punitha_oppantham.md
http://www.annavinpadaippugal.info/sorpozhivugal/sattamandra_thozhargalum.htm,200,sorpozhivugal/sattamandra_thozhargalum.md,no,covered,/Users/pugazhendhirajendran/Documents/Codex/2026-07-09/https-www-annavinpadaippugal-info/outputs/annavin_text_extractor/organized_contents/sorpozhivugal/sattamandra_thozhargalum.md
http://www.annavinpadaippugal.info/sorpozhivugal/sattamandram_first.htm,200,sorpozhivugal/sattamandram_first.md,no,covered,/Users/pugazhendhirajendran/Documents/Codex/2026-07-09/https-www-annavinpadaippugal-info/outputs/annavin_text_extractor/organized_contents/sorpozhivugal/sattamandram_first.md
http://www.annavinpadaippugal.info/sorpozhivugal/sattathal_viduthalai_unarvai.htm,200,sorpozhivugal/sattathal_viduthalai_unarvai.md,no,covered,/Users/pugazhendhirajendran/Documents/Codex/2026-07-09/https-www-annavinpadaippugal-info/outputs/annavin_text_extractor/organized_contents/sorpozhivugal/sattathal_viduthalai_unarvai.md
http://www.annavinpadaippugal.info/sorpozhivugal/seermigu_seerani.htm,200,sorpozhivugal/seermigu_seerani.md,no,covered,/Users/pugazhendhirajendran/Documents/Codex/2026-07-09/https-www-annavinpadaippugal-info/outputs/annavin_text_extractor/organized_contents/sorpozhivugal/seermigu_seerani.md
http://www.annavinpadaippugal.info/sorpozhivugal/sendru_seyalatrungal.htm,200,sorpozhivugal/sendru_seyalatrungal.md,no,covered,/Users/pugazhendhirajendran/Documents/Codex/2026-07-09/https-www-annavinpadaippugal-info/outputs/annavin_text_extractor/organized_contents/sorpozhivugal/sendru_seyalatrungal.md
http://www.annavinpadaippugal.info/sorpozhivugal/singala_theevil.htm,200,sorpozhivugal/singala_theevil.md,no,covered,/Users/pugazhendhirajendran/Documents/Codex/2026-07-09/https-www-annavinpadaippugal-info/outputs/annavin_text_extractor/organized_contents/sorpozhivugal/singala_theevil.md
http://www.annavinpadaippugal.info/sorpozhivugal/siraichalai_enna_seyum.htm,200,sorpozhivugal/siraichalai_enna_seyum.md,no,covered,/Users/pugazhendhirajendran/Documents/Codex/2026-07-09/https-www-annavinpadaippugal-info/outputs/annavin_text_extractor/organized_contents/sorpozhivugal/siraichalai_enna_seyum.md
http://www.annavinpadaippugal.info/sorpozhivugal/siraikoodam_alla.htm,200,sorpozhivugal/siraikoodam_alla.md,no,covered,/Users/pugazhendhirajendran/Documents/Codex/2026-07-09/https-www-annavinpadaippugal-info/outputs/annavin_text_extractor/organized_contents/sorpozhivugal/siraikoodam_alla.md
http://www.annavinpadaippugal.info/sorpozhivugal/siraimeenda_nangal.htm,200,sorpozhivugal/siraimeenda_nangal.md,no,covered,/Users/pugazhendhirajendran/Documents/Codex/2026-07-09/https-www-annavinpadaippugal-info/outputs/annavin_text_extractor/organized_contents/sorpozhivugal/siraimeenda_nangal.md
http://www.annavinpadaippugal.info/sorpozhivugal/sirantha_kolgayae.htm,200,sorpozhivugal/sirantha_kolgayae.md,no,covered,/Users/pugazhendhirajendran/Documents/Codex/2026-07-09/https-www-annavinpadaippugal-info/outputs/annavin_text_extractor/organized_contents/sorpozhivugal/sirantha_kolgayae.md
http://www.annavinpadaippugal.info/sorpozhivugal/sirithu_vittuviduvom.htm,200,sorpozhivugal/sirithu_vittuviduvom.md,no,covered,/Users/pugazhendhirajendran/Documents/Codex/2026-07-09/https-www-annavinpadaippugal-info/outputs/annavin_text_extractor/organized_contents/sorpozhivugal/sirithu_vittuviduvom.md
http://www.annavinpadaippugal.info/sorpozhivugal/sollum_payan.htm,200,sorpozhivugal/sollum_payan.md,no,covered,/Users/pugazhendhirajendran/Documents/Codex/2026-07-09/https-www-annavinpadaippugal-info/outputs/annavin_text_extractor/organized_contents/sorpozhivugal/sollum_payan.md
http://www.annavinpadaippugal.info/sorpozhivugal/solvathellam_seithal.htm,200,sorpozhivugal/solvathellam_seithal.md,no,covered,/Users/pugazhendhirajendran/Documents/Codex/2026-07-09/https-www-annavinpadaippugal-info/outputs/annavin_text_extractor/organized_contents/sorpozhivugal/solvathellam_seithal.md
http://www.annavinpadaippugal.info/sorpozhivugal/soolnilai_1.htm,200,sorpozhivugal/soolnilai.md,yes,covered,/Users/pugazhendhirajendran/Documents/Codex/2026-07-09/https-www-annavinpadaippugal-info/outputs/annavin_text_extractor/organized_contents/sorpozhivugal/soolnilai.md
http://www.annavinpadaippugal.info/sorpozhivugal/soolnilai_2.htm,200,sorpozhivugal/soolnilai.md,yes,covered,/Users/pugazhendhirajendran/Documents/Codex/2026-07-09/https-www-annavinpadaippugal-info/outputs/annavin_text_extractor/organized_contents/sorpozhivugal/soolnilai.md
http://www.annavinpadaippugal.info/sorpozhivugal/soolnilai_3.htm,200,sorpozhivugal/soolnilai.md,yes,covered,/Users/pugazhendhirajendran/Documents/Codex/2026-07-09/https-www-annavinpadaippugal-info/outputs/annavin_text_extractor/organized_contents/sorpozhivugal/soolnilai.md
http://www.annavinpadaippugal.info/sorpozhivugal/soolnilai_4.htm,200,sorpozhivugal/soolnilai.md,yes,covered,/Users/pugazhendhirajendran/Documents/Codex/2026-07-09/https-www-annavinpadaippugal-info/outputs/annavin_text_extractor/organized_contents/sorpozhivugal/soolnilai.md
http://www.annavinpadaippugal.info/sorpozhivugal/soolnilai_5.htm,200,sorpozhivugal/soolnilai.md,yes,covered,/Users/pugazhendhirajendran/Documents/Codex/2026-07-09/https-www-annavinpadaippugal-info/outputs/annavin_text_extractor/organized_contents/sorpozhivugal/soolnilai.md
http://www.annavinpadaippugal.info/sorpozhivugal/soolnilai_6.htm,200,sorpozhivugal/soolnilai.md,yes,covered,/Users/pugazhendhirajendran/Documents/Codex/2026-07-09/https-www-annavinpadaippugal-info/outputs/annavin_text_extractor/organized_contents/sorpozhivugal/soolnilai.md
http://www.annavinpadaippugal.info/sorpozhivugal/soolnilai_7.htm,200,sorpozhivugal/soolnilai.md,yes,covered,/Users/pugazhendhirajendran/Documents/Codex/2026-07-09/https-www-annavinpadaippugal-info/outputs/annavin_text_extractor/organized_contents/sorpozhivugal/soolnilai.md
http://www.annavinpadaippugal.info/sorpozhivugal/soolnilai_8.htm,200,sorpozhivugal/soolnilai.md,yes,covered,/Users/pugazhendhirajendran/Documents/Codex/2026-07-09/https-www-annavinpadaippugal-info/outputs/annavin_text_extractor/organized_contents/sorpozhivugal/soolnilai.md
http://www.annavinpadaippugal.info/sorpozhivugal/sootchamam.htm,200,sorpozhivugal/sootchamam.md,no,covered,/Users/pugazhendhirajendran/Documents/Codex/2026-07-09/https-www-annavinpadaippugal-info/outputs/annavin_text_extractor/organized_contents/sorpozhivugal/sootchamam.md
http://www.annavinpadaippugal.info/sorpozhivugal/standly.htm,200,sorpozhivugal/standly.md,no,covered,/Users/pugazhendhirajendran/Documents/Codex/2026-07-09/https-www-annavinpadaippugal-info/outputs/annavin_text_extractor/organized_contents/sorpozhivugal/standly.md
http://www.annavinpadaippugal.info/sorpozhivugal/sthabana_aykyam.htm,200,sorpozhivugal/sthabana_aykyam.md,no,covered,/Users/pugazhendhirajendran/Documents/Codex/2026-07-09/https-www-annavinpadaippugal-info/outputs/annavin_text_extractor/organized_contents/sorpozhivugal/sthabana_aykyam.md
http://www.annavinpadaippugal.info/sorpozhivugal/sudhanthira_kaiyelu_1.html,200,sorpozhivugal/sudhanthira_kaiyelu.md,yes,covered,/Users/pugazhendhirajendran/Documents/Codex/2026-07-09/https-www-annavinpadaippugal-info/outputs/annavin_text_extractor/organized_contents/sorpozhivugal/sudhanthira_kaiyelu.md
http://www.annavinpadaippugal.info/sorpozhivugal/sudhanthira_kaiyelu_2.htm,200,sorpozhivugal/sudhanthira_kaiyelu.md,yes,covered,/Users/pugazhendhirajendran/Documents/Codex/2026-07-09/https-www-annavinpadaippugal-info/outputs/annavin_text_extractor/organized_contents/sorpozhivugal/sudhanthira_kaiyelu.md
http://www.annavinpadaippugal.info/sorpozhivugal/sudhanthira_vizhavum_sugathara.htm,200,sorpozhivugal/sudhanthira_vizhavum_sugathara.md,no,covered,/Users/pugazhendhirajendran/Documents/Codex/2026-07-09/https-www-annavinpadaippugal-info/outputs/annavin_text_extractor/organized_contents/sorpozhivugal/sudhanthira_vizhavum_sugathara.md
http://www.annavinpadaippugal.info/sorpozhivugal/suthanthira_indiavil.htm,200,sorpozhivugal/suthanthira_indiavil.md,no,covered,/Users/pugazhendhirajendran/Documents/Codex/2026-07-09/https-www-annavinpadaippugal-info/outputs/annavin_text_extractor/organized_contents/sorpozhivugal/suthanthira_indiavil.md
http://www.annavinpadaippugal.info/sorpozhivugal/suyamariyathai_valartha.htm,200,sorpozhivugal/suyamariyathai_valartha.md,no,covered,/Users/pugazhendhirajendran/Documents/Codex/2026-07-09/https-www-annavinpadaippugal-info/outputs/annavin_text_extractor/organized_contents/sorpozhivugal/suyamariyathai_valartha.md
http://www.annavinpadaippugal.info/sorpozhivugal/tamil_azhikum.htm,200,sorpozhivugal/tamil_azhikum.md,no,covered,/Users/pugazhendhirajendran/Documents/Codex/2026-07-09/https-www-annavinpadaippugal-info/outputs/annavin_text_extractor/organized_contents/sorpozhivugal/tamil_azhikum.md
http://www.annavinpadaippugal.info/sorpozhivugal/tamil_nadu_peyar.html,200,sorpozhivugal/tamil_nadu_peyar.md,no,covered,/Users/pugazhendhirajendran/Documents/Codex/2026-07-09/https-www-annavinpadaippugal-info/outputs/annavin_text_extractor/organized_contents/sorpozhivugal/tamil_nadu_peyar.md
http://www.annavinpadaippugal.info/sorpozhivugal/tamil_umathu.htm,200,sorpozhivugal/tamil_umathu.md,no,covered,/Users/pugazhendhirajendran/Documents/Codex/2026-07-09/https-www-annavinpadaippugal-info/outputs/annavin_text_extractor/organized_contents/sorpozhivugal/tamil_umathu.md
http://www.annavinpadaippugal.info/sorpozhivugal/tamil_vetri.htm,200,sorpozhivugal/tamil_vetri.md,no,covered,/Users/pugazhendhirajendran/Documents/Codex/2026-07-09/https-www-annavinpadaippugal-info/outputs/annavin_text_extractor/organized_contents/sorpozhivugal/tamil_vetri.md
http://www.annavinpadaippugal.info/sorpozhivugal/tamil_vizha.htm,200,sorpozhivugal/tamil_vizha.md,no,covered,/Users/pugazhendhirajendran/Documents/Codex/2026-07-09/https-www-annavinpadaippugal-info/outputs/annavin_text_extractor/organized_contents/sorpozhivugal/tamil_vizha.md
http://www.annavinpadaippugal.info/sorpozhivugal/tamilar_thirunal.htm,200,sorpozhivugal/tamilar_thirunal.md,no,covered,/Users/pugazhendhirajendran/Documents/Codex/2026-07-09/https-www-annavinpadaippugal-info/outputs/annavin_text_extractor/organized_contents/sorpozhivugal/tamilar_thirunal.md
http://www.annavinpadaippugal.info/sorpozhivugal/tamilarignan.htm,200,sorpozhivugal/tamilarignan.md,no,covered,/Users/pugazhendhirajendran/Documents/Codex/2026-07-09/https-www-annavinpadaippugal-info/outputs/annavin_text_extractor/organized_contents/sorpozhivugal/tamilarignan.md
http://www.annavinpadaippugal.info/sorpozhivugal/tamilarin_marumalarchi_1.htm,200,sorpozhivugal/tamilarin_marumalarchi.md,yes,covered,/Users/pugazhendhirajendran/Documents/Codex/2026-07-09/https-www-annavinpadaippugal-info/outputs/annavin_text_extractor/organized_contents/sorpozhivugal/tamilarin_marumalarchi.md
http://www.annavinpadaippugal.info/sorpozhivugal/tamilarin_marumalarchi_2.htm,200,sorpozhivugal/tamilarin_marumalarchi.md,yes,covered,/Users/pugazhendhirajendran/Documents/Codex/2026-07-09/https-www-annavinpadaippugal-info/outputs/annavin_text_extractor/organized_contents/sorpozhivugal/tamilarin_marumalarchi.md
http://www.annavinpadaippugal.info/sorpozhivugal/tamilarin_thani.htm,200,sorpozhivugal/tamilarin_thani.md,no,covered,/Users/pugazhendhirajendran/Documents/Codex/2026-07-09/https-www-annavinpadaippugal-info/outputs/annavin_text_extractor/organized_contents/sorpozhivugal/tamilarin_thani.md
http://www.annavinpadaippugal.info/sorpozhivugal/thaelpola_kotti.htm,200,sorpozhivugal/thaelpola_kotti.md,no,covered,/Users/pugazhendhirajendran/Documents/Codex/2026-07-09/https-www-annavinpadaippugal-info/outputs/annavin_text_extractor/organized_contents/sorpozhivugal/thaelpola_kotti.md
http://www.annavinpadaippugal.info/sorpozhivugal/thaeni_pothu.htm,200,sorpozhivugal/thaeni_pothu.md,no,covered,/Users/pugazhendhirajendran/Documents/Codex/2026-07-09/https-www-annavinpadaippugal-info/outputs/annavin_text_extractor/organized_contents/sorpozhivugal/thaeni_pothu.md
http://www.annavinpadaippugal.info/sorpozhivugal/thaerai_puguntha_thaengai.htm,200,sorpozhivugal/thaerai_puguntha_thaengai.md,no,covered,/Users/pugazhendhirajendran/Documents/Codex/2026-07-09/https-www-annavinpadaippugal-info/outputs/annavin_text_extractor/organized_contents/sorpozhivugal/thaerai_puguntha_thaengai.md
http://www.annavinpadaippugal.info/sorpozhivugal/thaerottathirku_muttukattai.htm,200,sorpozhivugal/thaerottathirku_muttukattai.md,no,covered,/Users/pugazhendhirajendran/Documents/Codex/2026-07-09/https-www-annavinpadaippugal-info/outputs/annavin_text_extractor/organized_contents/sorpozhivugal/thaerottathirku_muttukattai.md
http://www.annavinpadaippugal.info/sorpozhivugal/thaerthalil_naam_1.htm,200,sorpozhivugal/thaerthalil_naam.md,yes,covered,/Users/pugazhendhirajendran/Documents/Codex/2026-07-09/https-www-annavinpadaippugal-info/outputs/annavin_text_extractor/organized_contents/sorpozhivugal/thaerthalil_naam.md
http://www.annavinpadaippugal.info/sorpozhivugal/thaerthalil_naam_2.htm,200,sorpozhivugal/thaerthalil_naam.md,yes,covered,/Users/pugazhendhirajendran/Documents/Codex/2026-07-09/https-www-annavinpadaippugal-info/outputs/annavin_text_extractor/organized_contents/sorpozhivugal/thaerthalil_naam.md
http://www.annavinpadaippugal.info/sorpozhivugal/thaerthalodu_mudinthu_viduvathalla.htm,200,sorpozhivugal/thaerthalodu_mudinthu_viduvathalla.md,no,covered,/Users/pugazhendhirajendran/Documents/Codex/2026-07-09/https-www-annavinpadaippugal-info/outputs/annavin_text_extractor/organized_contents/sorpozhivugal/thaerthalodu_mudinthu_viduvathalla.md
http://www.annavinpadaippugal.info/sorpozhivugal/thaethal_namakku_uzhavu.htm,200,sorpozhivugal/thaethal_namakku_uzhavu.md,no,covered,/Users/pugazhendhirajendran/Documents/Codex/2026-07-09/https-www-annavinpadaippugal-info/outputs/annavin_text_extractor/organized_contents/sorpozhivugal/thaethal_namakku_uzhavu.md
http://www.annavinpadaippugal.info/sorpozhivugal/thaithirunaattai.htm,200,sorpozhivugal/thaithirunaattai.md,no,covered,/Users/pugazhendhirajendran/Documents/Codex/2026-07-09/https-www-annavinpadaippugal-info/outputs/annavin_text_extractor/organized_contents/sorpozhivugal/thaithirunaattai.md
http://www.annavinpadaippugal.info/sorpozhivugal/thaiyarkalayum.htm,200,sorpozhivugal/thaiyarkalayum.md,no,covered,/Users/pugazhendhirajendran/Documents/Codex/2026-07-09/https-www-annavinpadaippugal-info/outputs/annavin_text_extractor/organized_contents/sorpozhivugal/thaiyarkalayum.md
http://www.annavinpadaippugal.info/sorpozhivugal/thalaigalai_tharavaendam.htm,200,sorpozhivugal/thalaigalai_tharavaendam.md,no,covered,/Users/pugazhendhirajendran/Documents/Codex/2026-07-09/https-www-annavinpadaippugal-info/outputs/annavin_text_extractor/organized_contents/sorpozhivugal/thalaigalai_tharavaendam.md
http://www.annavinpadaippugal.info/sorpozhivugal/thalaippu_illai.htm,200,sorpozhivugal/thalaippu_illai.md,no,covered,/Users/pugazhendhirajendran/Documents/Codex/2026-07-09/https-www-annavinpadaippugal-info/outputs/annavin_text_extractor/organized_contents/sorpozhivugal/thalaippu_illai.md
http://www.annavinpadaippugal.info/sorpozhivugal/thambiyae_va.htm,200,sorpozhivugal/thambiyae_va.md,no,covered,/Users/pugazhendhirajendran/Documents/Codex/2026-07-09/https-www-annavinpadaippugal-info/outputs/annavin_text_extractor/organized_contents/sorpozhivugal/thambiyae_va.md
http://www.annavinpadaippugal.info/sorpozhivugal/thambiyai_parikoduthu.htm,200,sorpozhivugal/thambiyai_parikoduthu.md,no,covered,/Users/pugazhendhirajendran/Documents/Codex/2026-07-09/https-www-annavinpadaippugal-info/outputs/annavin_text_extractor/organized_contents/sorpozhivugal/thambiyai_parikoduthu.md
http://www.annavinpadaippugal.info/sorpozhivugal/thambiyudayan.htm,200,sorpozhivugal/thambiyudayan.md,no,covered,/Users/pugazhendhirajendran/Documents/Codex/2026-07-09/https-www-annavinpadaippugal-info/outputs/annavin_text_extractor/organized_contents/sorpozhivugal/thambiyudayan.md
http://www.annavinpadaippugal.info/sorpozhivugal/thamizh_inam_vazhnthalthan.htm,200,sorpozhivugal/thamizh_inam_vazhnthalthan.md,no,covered,/Users/pugazhendhirajendran/Documents/Codex/2026-07-09/https-www-annavinpadaippugal-info/outputs/annavin_text_extractor/organized_contents/sorpozhivugal/thamizh_inam_vazhnthalthan.md
http://www.annavinpadaippugal.info/sorpozhivugal/thamizh_thalaivarhal_kattumirandihala.htm,200,sorpozhivugal/thamizh_thalaivarhal_kattumirandihala.md,no,covered,/Users/pugazhendhirajendran/Documents/Codex/2026-07-09/https-www-annavinpadaippugal-info/outputs/annavin_text_extractor/organized_contents/sorpozhivugal/thamizh_thalaivarhal_kattumirandihala.md
http://www.annavinpadaippugal.info/sorpozhivugal/thamizhagathirku.htm,200,sorpozhivugal/thamizhagathirku.md,no,covered,/Users/pugazhendhirajendran/Documents/Codex/2026-07-09/https-www-annavinpadaippugal-info/outputs/annavin_text_extractor/organized_contents/sorpozhivugal/thamizhagathirku.md
http://www.annavinpadaippugal.info/sorpozhivugal/thamizhahathil_parambikulam.htm,200,sorpozhivugal/thamizhahathil_parambikulam.md,no,covered,/Users/pugazhendhirajendran/Documents/Codex/2026-07-09/https-www-annavinpadaippugal-info/outputs/annavin_text_extractor/organized_contents/sorpozhivugal/thamizhahathil_parambikulam.md
http://www.annavinpadaippugal.info/sorpozhivugal/thamizhinamae.htm,200,sorpozhivugal/thamizhinamae.md,no,covered,/Users/pugazhendhirajendran/Documents/Codex/2026-07-09/https-www-annavinpadaippugal-info/outputs/annavin_text_extractor/organized_contents/sorpozhivugal/thamizhinamae.md
http://www.annavinpadaippugal.info/sorpozhivugal/thamizhukku_uyirootiya.htm,200,sorpozhivugal/thamizhukku_uyirootiya.md,no,covered,/Users/pugazhendhirajendran/Documents/Codex/2026-07-09/https-www-annavinpadaippugal-info/outputs/annavin_text_extractor/organized_contents/sorpozhivugal/thamizhukku_uyirootiya.md
http://www.annavinpadaippugal.info/sorpozhivugal/thaniyar_kalvi.htm,200,sorpozhivugal/thaniyar_kalvi.md,no,covered,/Users/pugazhendhirajendran/Documents/Codex/2026-07-09/https-www-annavinpadaippugal-info/outputs/annavin_text_extractor/organized_contents/sorpozhivugal/thaniyar_kalvi.md
http://www.annavinpadaippugal.info/sorpozhivugal/thanjai_manattil.htm,200,sorpozhivugal/thanjai_manattil.md,no,covered,/Users/pugazhendhirajendran/Documents/Codex/2026-07-09/https-www-annavinpadaippugal-info/outputs/annavin_text_extractor/organized_contents/sorpozhivugal/thanjai_manattil.md
http://www.annavinpadaippugal.info/sorpozhivugal/tharaaviyil.htm,200,sorpozhivugal/tharaaviyil.md,no,covered,/Users/pugazhendhirajendran/Documents/Codex/2026-07-09/https-www-annavinpadaippugal-info/outputs/annavin_text_extractor/organized_contents/sorpozhivugal/tharaaviyil.md
http://www.annavinpadaippugal.info/sorpozhivugal/tharugiraen50.htm,200,sorpozhivugal/tharugiraen50.md,no,covered,/Users/pugazhendhirajendran/Documents/Codex/2026-07-09/https-www-annavinpadaippugal-info/outputs/annavin_text_extractor/organized_contents/sorpozhivugal/tharugiraen50.md
http://www.annavinpadaippugal.info/sorpozhivugal/thazhtha200358.htm,200,sorpozhivugal/thazhtha200358.md,no,covered,/Users/pugazhendhirajendran/Documents/Codex/2026-07-09/https-www-annavinpadaippugal-info/outputs/annavin_text_extractor/organized_contents/sorpozhivugal/thazhtha200358.md
http://www.annavinpadaippugal.info/sorpozhivugal/the_role_of.htm,200,sorpozhivugal/the_role_of.md,no,covered,/Users/pugazhendhirajendran/Documents/Codex/2026-07-09/https-www-annavinpadaippugal-info/outputs/annavin_text_extractor/organized_contents/sorpozhivugal/the_role_of.md
http://www.annavinpadaippugal.info/sorpozhivugal/thee_paravattum_1.htm,200,sorpozhivugal/thee_paravattum_1.md,no,covered,/Users/pugazhendhirajendran/Documents/Codex/2026-07-09/https-www-annavinpadaippugal-info/outputs/annavin_text_extractor/organized_contents/sorpozhivugal/thee_paravattum_1.md
http://www.annavinpadaippugal.info/sorpozhivugal/thee_paravattum_2_1.htm,200,sorpozhivugal/thee_paravattum_2_1.md,no,covered,/Users/pugazhendhirajendran/Documents/Codex/2026-07-09/https-www-annavinpadaippugal-info/outputs/annavin_text_extractor/organized_contents/sorpozhivugal/thee_paravattum_2_1.md
http://www.annavinpadaippugal.info/sorpozhivugal/theendamai.htm,200,sorpozhivugal/theendamai.md,no,covered,/Users/pugazhendhirajendran/Documents/Codex/2026-07-09/https-www-annavinpadaippugal-info/outputs/annavin_text_extractor/organized_contents/sorpozhivugal/theendamai.md
http://www.annavinpadaippugal.info/sorpozhivugal/thelivillatha_arasiyal_pani.htm,200,sorpozhivugal/thelivillatha_arasiyal_pani.md,no,covered,/Users/pugazhendhirajendran/Documents/Codex/2026-07-09/https-www-annavinpadaippugal-info/outputs/annavin_text_extractor/organized_contents/sorpozhivugal/thelivillatha_arasiyal_pani.md
http://www.annavinpadaippugal.info/sorpozhivugal/therinthathu_enna.htm,200,sorpozhivugal/therinthathu_enna.md,no,covered,/Users/pugazhendhirajendran/Documents/Codex/2026-07-09/https-www-annavinpadaippugal-info/outputs/annavin_text_extractor/organized_contents/sorpozhivugal/therinthathu_enna.md
http://www.annavinpadaippugal.info/sorpozhivugal/thika_thimuka_inaippu.htm,200,sorpozhivugal/thika_thimuka_inaippu.md,no,covered,/Users/pugazhendhirajendran/Documents/Codex/2026-07-09/https-www-annavinpadaippugal-info/outputs/annavin_text_extractor/organized_contents/sorpozhivugal/thika_thimuka_inaippu.md
http://www.annavinpadaippugal.info/sorpozhivugal/thimuka_kaiyalaha_irathu.htm,200,sorpozhivugal/thimuka_kaiyalaha_irathu.md,no,covered,/Users/pugazhendhirajendran/Documents/Codex/2026-07-09/https-www-annavinpadaippugal-info/outputs/annavin_text_extractor/organized_contents/sorpozhivugal/thimuka_kaiyalaha_irathu.md
http://www.annavinpadaippugal.info/sorpozhivugal/thimuka_moondravathu.htm,200,sorpozhivugal/thimuka_moondravathu.md,no,covered,/Users/pugazhendhirajendran/Documents/Codex/2026-07-09/https-www-annavinpadaippugal-info/outputs/annavin_text_extractor/organized_contents/sorpozhivugal/thimuka_moondravathu.md
http://www.annavinpadaippugal.info/sorpozhivugal/thimuka_patri_gujarath.htm,200,sorpozhivugal/thimuka_patri_gujarath.md,no,covered,/Users/pugazhendhirajendran/Documents/Codex/2026-07-09/https-www-annavinpadaippugal-info/outputs/annavin_text_extractor/organized_contents/sorpozhivugal/thimuka_patri_gujarath.md
http://www.annavinpadaippugal.info/sorpozhivugal/thimuka_pothu.htm,200,sorpozhivugal/thimuka_pothu.md,no,covered,/Users/pugazhendhirajendran/Documents/Codex/2026-07-09/https-www-annavinpadaippugal-info/outputs/annavin_text_extractor/organized_contents/sorpozhivugal/thimuka_pothu.md
http://www.annavinpadaippugal.info/sorpozhivugal/thimuka_thaer_sira.htm,200,sorpozhivugal/thimuka_thaer_sira.md,no,covered,/Users/pugazhendhirajendran/Documents/Codex/2026-07-09/https-www-annavinpadaippugal-info/outputs/annavin_text_extractor/organized_contents/sorpozhivugal/thimuka_thaer_sira.md
http://www.annavinpadaippugal.info/sorpozhivugal/thimuka_thuvak.htm,200,sorpozhivugal/thimuka_thuvak.md,no,covered,/Users/pugazhendhirajendran/Documents/Codex/2026-07-09/https-www-annavinpadaippugal-info/outputs/annavin_text_extractor/organized_contents/sorpozhivugal/thimuka_thuvak.md
http://www.annavinpadaippugal.info/sorpozhivugal/thimukazhagam_namathu_kulakkodi.htm,200,sorpozhivugal/thimukazhagam_namathu_kulakkodi.md,no,covered,/Users/pugazhendhirajendran/Documents/Codex/2026-07-09/https-www-annavinpadaippugal-info/outputs/annavin_text_extractor/organized_contents/sorpozhivugal/thimukazhagam_namathu_kulakkodi.md
http://www.annavinpadaippugal.info/sorpozhivugal/thimukazhagathinar_aatharippar.htm,200,sorpozhivugal/thimukazhagathinar_aatharippar.md,no,covered,/Users/pugazhendhirajendran/Documents/Codex/2026-07-09/https-www-annavinpadaippugal-info/outputs/annavin_text_extractor/organized_contents/sorpozhivugal/thimukazhagathinar_aatharippar.md
http://www.annavinpadaippugal.info/sorpozhivugal/thimukazhathin_orae_selvam.htm,200,sorpozhivugal/thimukazhathin_orae_selvam.md,no,covered,/Users/pugazhendhirajendran/Documents/Codex/2026-07-09/https-www-annavinpadaippugal-info/outputs/annavin_text_extractor/organized_contents/sorpozhivugal/thimukazhathin_orae_selvam.md
http://www.annavinpadaippugal.info/sorpozhivugal/thiruchiyil_arignar_anna.htm,200,sorpozhivugal/thiruchiyil_arignar_anna.md,no,covered,/Users/pugazhendhirajendran/Documents/Codex/2026-07-09/https-www-annavinpadaippugal-info/outputs/annavin_text_extractor/organized_contents/sorpozhivugal/thiruchiyil_arignar_anna.md
http://www.annavinpadaippugal.info/sorpozhivugal/thirukkural.htm,200,sorpozhivugal/thirukkural.md,no,covered,/Users/pugazhendhirajendran/Documents/Codex/2026-07-09/https-www-annavinpadaippugal-info/outputs/annavin_text_extractor/organized_contents/sorpozhivugal/thirukkural.md
http://www.annavinpadaippugal.info/sorpozhivugal/thiruppathur.htm,200,sorpozhivugal/thiruppathur.md,no,covered,/Users/pugazhendhirajendran/Documents/Codex/2026-07-09/https-www-annavinpadaippugal-info/outputs/annavin_text_extractor/organized_contents/sorpozhivugal/thiruppathur.md
http://www.annavinpadaippugal.info/sorpozhivugal/thiruppoor_ganesan.htm,200,sorpozhivugal/thiruppoor_ganesan.md,no,covered,/Users/pugazhendhirajendran/Documents/Codex/2026-07-09/https-www-annavinpadaippugal-info/outputs/annavin_text_extractor/organized_contents/sorpozhivugal/thiruppoor_ganesan.md
http://www.annavinpadaippugal.info/sorpozhivugal/thiruvika_padathirappu.htm,200,sorpozhivugal/thiruvika_padathirappu.md,no,covered,/Users/pugazhendhirajendran/Documents/Codex/2026-07-09/https-www-annavinpadaippugal-info/outputs/annavin_text_extractor/organized_contents/sorpozhivugal/thiruvika_padathirappu.md
http://www.annavinpadaippugal.info/sorpozhivugal/thithikkkum.htm,200,sorpozhivugal/thithikkkum.md,no,covered,/Users/pugazhendhirajendran/Documents/Codex/2026-07-09/https-www-annavinpadaippugal-info/outputs/annavin_text_extractor/organized_contents/sorpozhivugal/thithikkkum.md
http://www.annavinpadaippugal.info/sorpozhivugal/thitttangalai_vettuvathu_1.htm,200,sorpozhivugal/thitttangalai_vettuvathu.md,yes,covered,/Users/pugazhendhirajendran/Documents/Codex/2026-07-09/https-www-annavinpadaippugal-info/outputs/annavin_text_extractor/organized_contents/sorpozhivugal/thitttangalai_vettuvathu.md
http://www.annavinpadaippugal.info/sorpozhivugal/thitttangalai_vettuvathu_2.htm,200,sorpozhivugal/thitttangalai_vettuvathu.md,yes,covered,/Users/pugazhendhirajendran/Documents/Codex/2026-07-09/https-www-annavinpadaippugal-info/outputs/annavin_text_extractor/organized_contents/sorpozhivugal/thitttangalai_vettuvathu.md
http://www.annavinpadaippugal.info/sorpozhivugal/thiyagangalukku_pinnarae.htm,200,sorpozhivugal/thiyagangalukku_pinnarae.md,no,covered,/Users/pugazhendhirajendran/Documents/Codex/2026-07-09/https-www-annavinpadaippugal-info/outputs/annavin_text_extractor/organized_contents/sorpozhivugal/thiyagangalukku_pinnarae.md
http://www.annavinpadaippugal.info/sorpozhivugal/thoazhamaya.htm,200,sorpozhivugal/thoazhamaya.md,no,covered,/Users/pugazhendhirajendran/Documents/Codex/2026-07-09/https-www-annavinpadaippugal-info/outputs/annavin_text_extractor/organized_contents/sorpozhivugal/thoazhamaya.md
http://www.annavinpadaippugal.info/sorpozhivugal/thozhamayai.htm,200,sorpozhivugal/thozhamayai.md,no,covered,/Users/pugazhendhirajendran/Documents/Codex/2026-07-09/https-www-annavinpadaippugal-info/outputs/annavin_text_extractor/organized_contents/sorpozhivugal/thozhamayai.md
http://www.annavinpadaippugal.info/sorpozhivugal/thozhar_annadurai.htm,200,sorpozhivugal/thozhar_annadurai.md,no,covered,/Users/pugazhendhirajendran/Documents/Codex/2026-07-09/https-www-annavinpadaippugal-info/outputs/annavin_text_extractor/organized_contents/sorpozhivugal/thozhar_annadurai.md
http://www.annavinpadaippugal.info/sorpozhivugal/thozhil080460.htm,200,sorpozhivugal/thozhil080460.md,no,covered,/Users/pugazhendhirajendran/Documents/Codex/2026-07-09/https-www-annavinpadaippugal-info/outputs/annavin_text_extractor/organized_contents/sorpozhivugal/thozhil080460.md
http://www.annavinpadaippugal.info/sorpozhivugal/thozhil240757.htm,200,sorpozhivugal/thozhil240757.md,no,covered,/Users/pugazhendhirajendran/Documents/Codex/2026-07-09/https-www-annavinpadaippugal-info/outputs/annavin_text_extractor/organized_contents/sorpozhivugal/thozhil240757.md
http://www.annavinpadaippugal.info/sorpozhivugal/thunivu_petralandri.htm,200,sorpozhivugal/thunivu_petralandri.md,no,covered,/Users/pugazhendhirajendran/Documents/Codex/2026-07-09/https-www-annavinpadaippugal-info/outputs/annavin_text_extractor/organized_contents/sorpozhivugal/thunivu_petralandri.md
http://www.annavinpadaippugal.info/sorpozhivugal/ulaga_tamil_maanadu.html,200,sorpozhivugal/ulaga_tamil_maanadu.md,no,covered,/Users/pugazhendhirajendran/Documents/Codex/2026-07-09/https-www-annavinpadaippugal-info/outputs/annavin_text_extractor/organized_contents/sorpozhivugal/ulaga_tamil_maanadu.md
http://www.annavinpadaippugal.info/sorpozhivugal/ulagam_nammai_uttru.htm,200,sorpozhivugal/ulagam_nammai_uttru.md,no,covered,/Users/pugazhendhirajendran/Documents/Codex/2026-07-09/https-www-annavinpadaippugal-info/outputs/annavin_text_extractor/organized_contents/sorpozhivugal/ulagam_nammai_uttru.md
http://www.annavinpadaippugal.info/sorpozhivugal/ullatchi051157.htm,200,sorpozhivugal/ullatchi051157.md,no,covered,/Users/pugazhendhirajendran/Documents/Codex/2026-07-09/https-www-annavinpadaippugal-info/outputs/annavin_text_extractor/organized_contents/sorpozhivugal/ullatchi051157.md
http://www.annavinpadaippugal.info/sorpozhivugal/ullathilum_uruvilum.htm,200,sorpozhivugal/ullathilum_uruvilum.md,no,covered,/Users/pugazhendhirajendran/Documents/Codex/2026-07-09/https-www-annavinpadaippugal-info/outputs/annavin_text_extractor/organized_contents/sorpozhivugal/ullathilum_uruvilum.md
http://www.annavinpadaippugal.info/sorpozhivugal/unarchi_vellam_1.htm,200,sorpozhivugal/unarchi_vellam.md,yes,covered,/Users/pugazhendhirajendran/Documents/Codex/2026-07-09/https-www-annavinpadaippugal-info/outputs/annavin_text_extractor/organized_contents/sorpozhivugal/unarchi_vellam.md
http://www.annavinpadaippugal.info/sorpozhivugal/unarchi_vellam_2.htm,200,sorpozhivugal/unarchi_vellam.md,yes,covered,/Users/pugazhendhirajendran/Documents/Codex/2026-07-09/https-www-annavinpadaippugal-info/outputs/annavin_text_extractor/organized_contents/sorpozhivugal/unarchi_vellam.md
http://www.annavinpadaippugal.info/sorpozhivugal/unarchi_vellam_3.htm,200,sorpozhivugal/unarchi_vellam.md,yes,covered,/Users/pugazhendhirajendran/Documents/Codex/2026-07-09/https-www-annavinpadaippugal-info/outputs/annavin_text_extractor/organized_contents/sorpozhivugal/unarchi_vellam.md
http://www.annavinpadaippugal.info/sorpozhivugal/unarchi_vellam_4.htm,200,sorpozhivugal/unarchi_vellam.md,yes,covered,/Users/pugazhendhirajendran/Documents/Codex/2026-07-09/https-www-annavinpadaippugal-info/outputs/annavin_text_extractor/organized_contents/sorpozhivugal/unarchi_vellam.md
http://www.annavinpadaippugal.info/sorpozhivugal/unavu100958.htm,200,sorpozhivugal/unavu100958.md,no,covered,/Users/pugazhendhirajendran/Documents/Codex/2026-07-09/https-www-annavinpadaippugal-info/outputs/annavin_text_extractor/organized_contents/sorpozhivugal/unavu100958.md
http://www.annavinpadaippugal.info/sorpozhivugal/unimaipoar.htm,200,sorpozhivugal/unimaipoar.md,no,covered,/Users/pugazhendhirajendran/Documents/Codex/2026-07-09/https-www-annavinpadaippugal-info/outputs/annavin_text_extractor/organized_contents/sorpozhivugal/unimaipoar.md
http://www.annavinpadaippugal.info/sorpozhivugal/urimai161259.htm,200,sorpozhivugal/urimai161259.md,no,covered,/Users/pugazhendhirajendran/Documents/Codex/2026-07-09/https-www-annavinpadaippugal-info/outputs/annavin_text_extractor/organized_contents/sorpozhivugal/urimai161259.md
http://www.annavinpadaippugal.info/sorpozhivugal/uruvagum_varalaru_1.htm,200,sorpozhivugal/uruvagum_varalaru.md,yes,covered,/Users/pugazhendhirajendran/Documents/Codex/2026-07-09/https-www-annavinpadaippugal-info/outputs/annavin_text_extractor/organized_contents/sorpozhivugal/uruvagum_varalaru.md
http://www.annavinpadaippugal.info/sorpozhivugal/uruvagum_varalaru_2.htm,200,sorpozhivugal/uruvagum_varalaru.md,yes,covered,/Users/pugazhendhirajendran/Documents/Codex/2026-07-09/https-www-annavinpadaippugal-info/outputs/annavin_text_extractor/organized_contents/sorpozhivugal/uruvagum_varalaru.md
http://www.annavinpadaippugal.info/sorpozhivugal/uthagai.htm,200,sorpozhivugal/uthagai.md,no,covered,/Users/pugazhendhirajendran/Documents/Codex/2026-07-09/https-www-annavinpadaippugal-info/outputs/annavin_text_extractor/organized_contents/sorpozhivugal/uthagai.md
http://www.annavinpadaippugal.info/sorpozhivugal/uyartha_latchiyathai.htm,200,sorpozhivugal/uyartha_latchiyathai.md,no,covered,/Users/pugazhendhirajendran/Documents/Codex/2026-07-09/https-www-annavinpadaippugal-info/outputs/annavin_text_extractor/organized_contents/sorpozhivugal/uyartha_latchiyathai.md
http://www.annavinpadaippugal.info/sorpozhivugal/uyirai_tharuvoam.htm,200,sorpozhivugal/uyirai_tharuvoam.md,no,covered,/Users/pugazhendhirajendran/Documents/Codex/2026-07-09/https-www-annavinpadaippugal-info/outputs/annavin_text_extractor/organized_contents/sorpozhivugal/uyirai_tharuvoam.md
http://www.annavinpadaippugal.info/sorpozhivugal/uzhaippai_thirudum_verinaaygal.htm,200,sorpozhivugal/uzhaippai_thirudum_verinaaygal.md,no,covered,/Users/pugazhendhirajendran/Documents/Codex/2026-07-09/https-www-annavinpadaippugal-info/outputs/annavin_text_extractor/organized_contents/sorpozhivugal/uzhaippai_thirudum_verinaaygal.md
http://www.annavinpadaippugal.info/sorpozhivugal/uzhaippu_veenpogavillai.htm,200,sorpozhivugal/uzhaippu_veenpogavillai.md,no,covered,/Users/pugazhendhirajendran/Documents/Codex/2026-07-09/https-www-annavinpadaippugal-info/outputs/annavin_text_extractor/organized_contents/sorpozhivugal/uzhaippu_veenpogavillai.md
http://www.annavinpadaippugal.info/sorpozhivugal/vaalavirunthuvittal.htm,200,sorpozhivugal/vaalavirunthuvittal.md,no,covered,/Users/pugazhendhirajendran/Documents/Codex/2026-07-09/https-www-annavinpadaippugal-info/outputs/annavin_text_extractor/organized_contents/sorpozhivugal/vaalavirunthuvittal.md
http://www.annavinpadaippugal.info/sorpozhivugal/vadavar_kandu.htm,200,sorpozhivugal/vadavar_kandu.md,no,covered,/Users/pugazhendhirajendran/Documents/Codex/2026-07-09/https-www-annavinpadaippugal-info/outputs/annavin_text_extractor/organized_contents/sorpozhivugal/vadavar_kandu.md
http://www.annavinpadaippugal.info/sorpozhivugal/vadavaridamirunthu_pirivom.htm,200,sorpozhivugal/vadavaridamirunthu_pirivom.md,no,covered,/Users/pugazhendhirajendran/Documents/Codex/2026-07-09/https-www-annavinpadaippugal-info/outputs/annavin_text_extractor/organized_contents/sorpozhivugal/vadavaridamirunthu_pirivom.md
http://www.annavinpadaippugal.info/sorpozhivugal/vaelai_nirutham_enbathu.htm,200,sorpozhivugal/vaelai_nirutham_enbathu.md,no,covered,/Users/pugazhendhirajendran/Documents/Codex/2026-07-09/https-www-annavinpadaippugal-info/outputs/annavin_text_extractor/organized_contents/sorpozhivugal/vaelai_nirutham_enbathu.md
http://www.annavinpadaippugal.info/sorpozhivugal/vaengayai_viratta_vaareer.htm,200,sorpozhivugal/vaengayai_viratta_vaareer.md,no,covered,/Users/pugazhendhirajendran/Documents/Codex/2026-07-09/https-www-annavinpadaippugal-info/outputs/annavin_text_extractor/organized_contents/sorpozhivugal/vaengayai_viratta_vaareer.md
http://www.annavinpadaippugal.info/sorpozhivugal/vaettumuraiyindriyae.htm,200,sorpozhivugal/vaettumuraiyindriyae.md,no,covered,/Users/pugazhendhirajendran/Documents/Codex/2026-07-09/https-www-annavinpadaippugal-info/outputs/annavin_text_extractor/organized_contents/sorpozhivugal/vaettumuraiyindriyae.md
http://www.annavinpadaippugal.info/sorpozhivugal/vairama_vannathu.htm,200,sorpozhivugal/vairama_vannathu.md,no,covered,/Users/pugazhendhirajendran/Documents/Codex/2026-07-09/https-www-annavinpadaippugal-info/outputs/annavin_text_extractor/organized_contents/sorpozhivugal/vairama_vannathu.md
http://www.annavinpadaippugal.info/sorpozhivugal/valam_kaana_vazhi_1.htm,200,sorpozhivugal/valam_kaana_vazhi.md,yes,covered,/Users/pugazhendhirajendran/Documents/Codex/2026-07-09/https-www-annavinpadaippugal-info/outputs/annavin_text_extractor/organized_contents/sorpozhivugal/valam_kaana_vazhi.md
http://www.annavinpadaippugal.info/sorpozhivugal/valam_kaana_vazhi_2.htm,200,sorpozhivugal/valam_kaana_vazhi.md,yes,covered,/Users/pugazhendhirajendran/Documents/Codex/2026-07-09/https-www-annavinpadaippugal-info/outputs/annavin_text_extractor/organized_contents/sorpozhivugal/valam_kaana_vazhi.md
http://www.annavinpadaippugal.info/sorpozhivugal/valam_kaana_vazhi_4.htm,200,sorpozhivugal/valam_kaana_vazhi.md,yes,covered,/Users/pugazhendhirajendran/Documents/Codex/2026-07-09/https-www-annavinpadaippugal-info/outputs/annavin_text_extractor/organized_contents/sorpozhivugal/valam_kaana_vazhi.md
http://www.annavinpadaippugal.info/sorpozhivugal/valimai_mikka_ethiriyai.htm,200,sorpozhivugal/valimai_mikka_ethiriyai.md,no,covered,/Users/pugazhendhirajendran/Documents/Codex/2026-07-09/https-www-annavinpadaippugal-info/outputs/annavin_text_extractor/organized_contents/sorpozhivugal/valimai_mikka_ethiriyai.md
http://www.annavinpadaippugal.info/sorpozhivugal/valluvar_kuralai.htm,200,sorpozhivugal/valluvar_kuralai.md,no,covered,/Users/pugazhendhirajendran/Documents/Codex/2026-07-09/https-www-annavinpadaippugal-info/outputs/annavin_text_extractor/organized_contents/sorpozhivugal/valluvar_kuralai.md
http://www.annavinpadaippugal.info/sorpozhivugal/varalatru_pattinathil.htm,200,sorpozhivugal/varalatru_pattinathil.md,no,covered,/Users/pugazhendhirajendran/Documents/Codex/2026-07-09/https-www-annavinpadaippugal-info/outputs/annavin_text_extractor/organized_contents/sorpozhivugal/varalatru_pattinathil.md
http://www.annavinpadaippugal.info/sorpozhivugal/varumai_neenga.htm,200,sorpozhivugal/varumai_neenga.md,no,covered,/Users/pugazhendhirajendran/Documents/Codex/2026-07-09/https-www-annavinpadaippugal-info/outputs/annavin_text_extractor/organized_contents/sorpozhivugal/varumai_neenga.md
http://www.annavinpadaippugal.info/sorpozhivugal/vasathigal_athikarikka.htm,200,sorpozhivugal/vasathigal_athikarikka.md,no,covered,/Users/pugazhendhirajendran/Documents/Codex/2026-07-09/https-www-annavinpadaippugal-info/outputs/annavin_text_extractor/organized_contents/sorpozhivugal/vasathigal_athikarikka.md
http://www.annavinpadaippugal.info/sorpozhivugal/vazhakkumandrathil_anna.htm,200,sorpozhivugal/vazhakkumandrathil_anna.md,no,covered,/Users/pugazhendhirajendran/Documents/Codex/2026-07-09/https-www-annavinpadaippugal-info/outputs/annavin_text_extractor/organized_contents/sorpozhivugal/vazhakkumandrathil_anna.md
http://www.annavinpadaippugal.info/sorpozhivugal/veera_marabinarae.htm,200,sorpozhivugal/veera_marabinarae.md,no,covered,/Users/pugazhendhirajendran/Documents/Codex/2026-07-09/https-www-annavinpadaippugal-info/outputs/annavin_text_extractor/organized_contents/sorpozhivugal/veera_marabinarae.md
http://www.annavinpadaippugal.info/sorpozhivugal/veeramaga_paniyattra.htm,200,sorpozhivugal/veeramaga_paniyattra.md,no,covered,/Users/pugazhendhirajendran/Documents/Codex/2026-07-09/https-www-annavinpadaippugal-info/outputs/annavin_text_extractor/organized_contents/sorpozhivugal/veeramaga_paniyattra.md
http://www.annavinpadaippugal.info/sorpozhivugal/veetirkor_putha.htm,200,sorpozhivugal/veetirkor_putha.md,no,covered,/Users/pugazhendhirajendran/Documents/Codex/2026-07-09/https-www-annavinpadaippugal-info/outputs/annavin_text_extractor/organized_contents/sorpozhivugal/veetirkor_putha.md
http://www.annavinpadaippugal.info/sorpozhivugal/veetirkum_siraichalaikkum.htm,200,sorpozhivugal/veetirkum_siraichalaikkum.md,no,covered,/Users/pugazhendhirajendran/Documents/Codex/2026-07-09/https-www-annavinpadaippugal-info/outputs/annavin_text_extractor/organized_contents/sorpozhivugal/veetirkum_siraichalaikkum.md
http://www.annavinpadaippugal.info/sorpozhivugal/veettuku_oar.htm,200,sorpozhivugal/veettuku_oar.md,no,covered,/Users/pugazhendhirajendran/Documents/Codex/2026-07-09/https-www-annavinpadaippugal-info/outputs/annavin_text_extractor/organized_contents/sorpozhivugal/veettuku_oar.md
http://www.annavinpadaippugal.info/sorpozhivugal/velanmai180948.htm,200,sorpozhivugal/velanmai180948.md,no,covered,/Users/pugazhendhirajendran/Documents/Codex/2026-07-09/https-www-annavinpadaippugal-info/outputs/annavin_text_extractor/organized_contents/sorpozhivugal/velanmai180948.md
http://www.annavinpadaippugal.info/sorpozhivugal/velanmai190359.htm,200,sorpozhivugal/velanmai190359.md,no,covered,/Users/pugazhendhirajendran/Documents/Codex/2026-07-09/https-www-annavinpadaippugal-info/outputs/annavin_text_extractor/organized_contents/sorpozhivugal/velanmai190359.md
http://www.annavinpadaippugal.info/sorpozhivugal/velanmai260358.htm,200,sorpozhivugal/velanmai260358.md,no,covered,/Users/pugazhendhirajendran/Documents/Codex/2026-07-09/https-www-annavinpadaippugal-info/outputs/annavin_text_extractor/organized_contents/sorpozhivugal/velanmai260358.md
http://www.annavinpadaippugal.info/sorpozhivugal/vella_saethathukku.htm,200,sorpozhivugal/vella_saethathukku.md,no,covered,/Users/pugazhendhirajendran/Documents/Codex/2026-07-09/https-www-annavinpadaippugal-info/outputs/annavin_text_extractor/organized_contents/sorpozhivugal/vella_saethathukku.md
http://www.annavinpadaippugal.info/sorpozhivugal/velludai.htm,200,sorpozhivugal/velludai.md,no,covered,/Users/pugazhendhirajendran/Documents/Codex/2026-07-09/https-www-annavinpadaippugal-info/outputs/annavin_text_extractor/organized_contents/sorpozhivugal/velludai.md
http://www.annavinpadaippugal.info/sorpozhivugal/vetri_allathu_veera_1.htm,200,sorpozhivugal/vetri_allathu_veera.md,yes,covered,/Users/pugazhendhirajendran/Documents/Codex/2026-07-09/https-www-annavinpadaippugal-info/outputs/annavin_text_extractor/organized_contents/sorpozhivugal/vetri_allathu_veera.md
http://www.annavinpadaippugal.info/sorpozhivugal/vetri_allathu_veera_2.htm,200,sorpozhivugal/vetri_allathu_veera.md,yes,covered,/Users/pugazhendhirajendran/Documents/Codex/2026-07-09/https-www-annavinpadaippugal-info/outputs/annavin_text_extractor/organized_contents/sorpozhivugal/vetri_allathu_veera.md
http://www.annavinpadaippugal.info/sorpozhivugal/vetri_murasu_1.htm,200,sorpozhivugal/vetri_murasu.md,yes,covered,/Users/pugazhendhirajendran/Documents/Codex/2026-07-09/https-www-annavinpadaippugal-info/outputs/annavin_text_extractor/organized_contents/sorpozhivugal/vetri_murasu.md
http://www.annavinpadaippugal.info/sorpozhivugal/vetri_murasu_2.htm,200,sorpozhivugal/vetri_murasu.md,yes,covered,/Users/pugazhendhirajendran/Documents/Codex/2026-07-09/https-www-annavinpadaippugal-info/outputs/annavin_text_extractor/organized_contents/sorpozhivugal/vetri_murasu.md
http://www.annavinpadaippugal.info/sorpozhivugal/vetri_veerargalukku.htm,200,sorpozhivugal/vetri_veerargalukku.md,no,covered,/Users/pugazhendhirajendran/Documents/Codex/2026-07-09/https-www-annavinpadaippugal-info/outputs/annavin_text_extractor/organized_contents/sorpozhivugal/vetri_veerargalukku.md
http://www.annavinpadaippugal.info/sorpozhivugal/vetripetravar_uruvil.htm,200,sorpozhivugal/vetripetravar_uruvil.md,no,covered,/Users/pugazhendhirajendran/Documents/Codex/2026-07-09/https-www-annavinpadaippugal-info/outputs/annavin_text_extractor/organized_contents/sorpozhivugal/vetripetravar_uruvil.md
http://www.annavinpadaippugal.info/sorpozhivugal/viduthalai_iyakkam.htm,200,sorpozhivugal/viduthalai_iyakkam.md,no,covered,/Users/pugazhendhirajendran/Documents/Codex/2026-07-09/https-www-annavinpadaippugal-info/outputs/annavin_text_extractor/organized_contents/sorpozhivugal/viduthalai_iyakkam.md
http://www.annavinpadaippugal.info/sorpozhivugal/viduthalai_iyakkathai.htm,200,sorpozhivugal/viduthalai_iyakkathai.md,no,covered,/Users/pugazhendhirajendran/Documents/Codex/2026-07-09/https-www-annavinpadaippugal-info/outputs/annavin_text_extractor/organized_contents/sorpozhivugal/viduthalai_iyakkathai.md
http://www.annavinpadaippugal.info/sorpozhivugal/viduthalai_poar.htm,200,sorpozhivugal/viduthalai_poar.md,no,covered,/Users/pugazhendhirajendran/Documents/Codex/2026-07-09/https-www-annavinpadaippugal-info/outputs/annavin_text_extractor/organized_contents/sorpozhivugal/viduthalai_poar.md
http://www.annavinpadaippugal.info/sorpozhivugal/viduthalai_poar_veetukoruvar.htm,200,sorpozhivugal/viduthalai_poar_veetukoruvar.md,no,covered,/Users/pugazhendhirajendran/Documents/Codex/2026-07-09/https-www-annavinpadaippugal-info/outputs/annavin_text_extractor/organized_contents/sorpozhivugal/viduthalai_poar_veetukoruvar.md
http://www.annavinpadaippugal.info/sorpozhivugal/viduthalai_thirunalil.htm,200,sorpozhivugal/viduthalai_thirunalil.md,no,covered,/Users/pugazhendhirajendran/Documents/Codex/2026-07-09/https-www-annavinpadaippugal-info/outputs/annavin_text_extractor/organized_contents/sorpozhivugal/viduthalai_thirunalil.md
http://www.annavinpadaippugal.info/sorpozhivugal/viduthalai_vaendhamenbor.htm,200,sorpozhivugal/viduthalai_vaendhamenbor.md,no,covered,/Users/pugazhendhirajendran/Documents/Codex/2026-07-09/https-www-annavinpadaippugal-info/outputs/annavin_text_extractor/organized_contents/sorpozhivugal/viduthalai_vaendhamenbor.md
http://www.annavinpadaippugal.info/sorpozhivugal/vilanginai.htm,200,sorpozhivugal/vilanginai.md,no,covered,/Users/pugazhendhirajendran/Documents/Codex/2026-07-09/https-www-annavinpadaippugal-info/outputs/annavin_text_extractor/organized_contents/sorpozhivugal/vilanginai.md
http://www.annavinpadaippugal.info/sorpozhivugal/vithikku_adimai.htm,200,sorpozhivugal/vithikku_adimai.md,no,covered,/Users/pugazhendhirajendran/Documents/Codex/2026-07-09/https-www-annavinpadaippugal-info/outputs/annavin_text_extractor/organized_contents/sorpozhivugal/vithikku_adimai.md
http://www.annavinpadaippugal.info/sorpozhivugal/vithithulla_thadayai.htm,200,sorpozhivugal/vithithulla_thadayai.md,no,covered,/Users/pugazhendhirajendran/Documents/Codex/2026-07-09/https-www-annavinpadaippugal-info/outputs/annavin_text_extractor/organized_contents/sorpozhivugal/vithithulla_thadayai.md
http://www.annavinpadaippugal.info/sorpozhivugal/vivasaya_karutharangu.html,200,sorpozhivugal/vivasaya_karutharangu.md,no,covered,/Users/pugazhendhirajendran/Documents/Codex/2026-07-09/https-www-annavinpadaippugal-info/outputs/annavin_text_extractor/organized_contents/sorpozhivugal/vivasaya_karutharangu.md
http://www.annavinpadaippugal.info/sorpozhivugal/vivasayathil_adainthulla.htm,200,sorpozhivugal/vivasayathil_adainthulla.md,no,covered,/Users/pugazhendhirajendran/Documents/Codex/2026-07-09/https-www-annavinpadaippugal-info/outputs/annavin_text_extractor/organized_contents/sorpozhivugal/vivasayathil_adainthulla.md
http://www.annavinpadaippugal.info/sorpozhivugal/yathum_oorae.htm,200,sorpozhivugal/yathum_oorae.md,no,covered,/Users/pugazhendhirajendran/Documents/Codex/2026-07-09/https-www-annavinpadaippugal-info/outputs/annavin_text_extractor/organized_contents/sorpozhivugal/yathum_oorae.md
http://www.annavinpadaippugal.info/speech.htm,200,sorpozhivugal/speech.md,no,covered,/Users/pugazhendhirajendran/Documents/Codex/2026-07-09/https-www-annavinpadaippugal-info/outputs/annavin_text_extractor/organized_contents/sorpozhivugal/speech.md
http://www.annavinpadaippugal.info/speech01_ulaga.htm,200,sorpozhivugal/speech01_ulaga.md,no,covered,/Users/pugazhendhirajendran/Documents/Codex/2026-07-09/https-www-annavinpadaippugal-info/outputs/annavin_text_extractor/organized_contents/sorpozhivugal/speech01_ulaga.md
http://www.annavinpadaippugal.info/speech02_mudhalvar.htm,200,sorpozhivugal/speech02_mudhalvar.md,no,covered,/Users/pugazhendhirajendran/Documents/Codex/2026-07-09/https-www-annavinpadaippugal-info/outputs/annavin_text_extractor/organized_contents/sorpozhivugal/speech02_mudhalvar.md
http://www.annavinpadaippugal.info/speech03_ezhuchi.htm,200,sorpozhivugal/speech03_ezhuchi.md,no,covered,/Users/pugazhendhirajendran/Documents/Codex/2026-07-09/https-www-annavinpadaippugal-info/outputs/annavin_text_extractor/organized_contents/sorpozhivugal/speech03_ezhuchi.md
http://www.annavinpadaippugal.info/speech04_thiruvalluvar.htm,200,sorpozhivugal/speech04_thiruvalluvar.md,no,covered,/Users/pugazhendhirajendran/Documents/Codex/2026-07-09/https-www-annavinpadaippugal-info/outputs/annavin_text_extractor/organized_contents/sorpozhivugal/speech04_thiruvalluvar.md
http://www.annavinpadaippugal.info/speech05_1957.htm,200,sorpozhivugal/speech05_1957.md,no,covered,/Users/pugazhendhirajendran/Documents/Codex/2026-07-09/https-www-annavinpadaippugal-info/outputs/annavin_text_extractor/organized_contents/sorpozhivugal/speech05_1957.md
http://www.annavinpadaippugal.info/speech06_1962.htm,200,sorpozhivugal/speech06_1962.md,no,covered,/Users/pugazhendhirajendran/Documents/Codex/2026-07-09/https-www-annavinpadaippugal-info/outputs/annavin_text_extractor/organized_contents/sorpozhivugal/speech06_1962.md
http://www.annavinpadaippugal.info/speech07_bar.htm,200,sorpozhivugal/speech07_bar.md,no,covered,/Users/pugazhendhirajendran/Documents/Codex/2026-07-09/https-www-annavinpadaippugal-info/outputs/annavin_text_extractor/organized_contents/sorpozhivugal/speech07_bar.md
http://www.annavinpadaippugal.info/speech08_cuddalore.htm,200,sorpozhivugal/speech08_cuddalore.md,no,covered,/Users/pugazhendhirajendran/Documents/Codex/2026-07-09/https-www-annavinpadaippugal-info/outputs/annavin_text_extractor/organized_contents/sorpozhivugal/speech08_cuddalore.md
http://www.annavinpadaippugal.info/speech09_kalaignar.htm,200,sorpozhivugal/speech09_kalaignar.md,no,covered,/Users/pugazhendhirajendran/Documents/Codex/2026-07-09/https-www-annavinpadaippugal-info/outputs/annavin_text_extractor/organized_contents/sorpozhivugal/speech09_kalaignar.md
http://www.annavinpadaippugal.info/speech10_farmer.htm,200,sorpozhivugal/speech10_farmer.md,no,covered,/Users/pugazhendhirajendran/Documents/Codex/2026-07-09/https-www-annavinpadaippugal-info/outputs/annavin_text_extractor/organized_contents/sorpozhivugal/speech10_farmer.md
http://www.annavinpadaippugal.info/speech11_muthamizh.htm,200,sorpozhivugal/speech11_muthamizh.md,no,covered,/Users/pugazhendhirajendran/Documents/Codex/2026-07-09/https-www-annavinpadaippugal-info/outputs/annavin_text_extractor/organized_contents/sorpozhivugal/speech11_muthamizh.md
http://www.annavinpadaippugal.info/speech12_vanoli.htm,200,sorpozhivugal/speech12_vanoli.md,no,covered,/Users/pugazhendhirajendran/Documents/Codex/2026-07-09/https-www-annavinpadaippugal-info/outputs/annavin_text_extractor/organized_contents/sorpozhivugal/speech12_vanoli.md
http://www.annavinpadaippugal.info/speech13_arasitha.htm,200,sorpozhivugal/speech13_arasitha.md,no,covered,/Users/pugazhendhirajendran/Documents/Codex/2026-07-09/https-www-annavinpadaippugal-info/outputs/annavin_text_extractor/organized_contents/sorpozhivugal/speech13_arasitha.md
http://www.annavinpadaippugal.info/speech14_muslim.htm,200,sorpozhivugal/speech14_muslim.md,no,covered,/Users/pugazhendhirajendran/Documents/Codex/2026-07-09/https-www-annavinpadaippugal-info/outputs/annavin_text_extractor/organized_contents/sorpozhivugal/speech14_muslim.md
http://www.annavinpadaippugal.info/speech15_thurai.htm,200,sorpozhivugal/speech15_thurai.md,no,covered,/Users/pugazhendhirajendran/Documents/Codex/2026-07-09/https-www-annavinpadaippugal-info/outputs/annavin_text_extractor/organized_contents/sorpozhivugal/speech15_thurai.md
http://www.annavinpadaippugal.info/speech16_natta.htm,200,sorpozhivugal/speech16_natta.md,no,covered,/Users/pugazhendhirajendran/Documents/Codex/2026-07-09/https-www-annavinpadaippugal-info/outputs/annavin_text_extractor/organized_contents/sorpozhivugal/speech16_natta.md
http://www.annavinpadaippugal.info/speech17_chengal.htm,200,sorpozhivugal/speech17_chengal.md,no,covered,/Users/pugazhendhirajendran/Documents/Codex/2026-07-09/https-www-annavinpadaippugal-info/outputs/annavin_text_extractor/organized_contents/sorpozhivugal/speech17_chengal.md
http://www.annavinpadaippugal.info/speech18_karai.htm,200,sorpozhivugal/speech18_karai.md,no,covered,/Users/pugazhendhirajendran/Documents/Codex/2026-07-09/https-www-annavinpadaippugal-info/outputs/annavin_text_extractor/organized_contents/sorpozhivugal/speech18_karai.md
http://www.annavinpadaippugal.info/speech19_sudhanthira.htm,200,sorpozhivugal/speech19_sudhanthira.md,no,covered,/Users/pugazhendhirajendran/Documents/Codex/2026-07-09/https-www-annavinpadaippugal-info/outputs/annavin_text_extractor/organized_contents/sorpozhivugal/speech19_sudhanthira.md
http://www.annavinpadaippugal.info/speech20_gdnaidu.htm,200,sorpozhivugal/speech20_gdnaidu.md,no,covered,/Users/pugazhendhirajendran/Documents/Codex/2026-07-09/https-www-annavinpadaippugal-info/outputs/annavin_text_extractor/organized_contents/sorpozhivugal/speech20_gdnaidu.md
http://www.annavinpadaippugal.info/speech21_narana.htm,200,sorpozhivugal/speech21_narana.md,no,covered,/Users/pugazhendhirajendran/Documents/Codex/2026-07-09/https-www-annavinpadaippugal-info/outputs/annavin_text_extractor/organized_contents/sorpozhivugal/speech21_narana.md
http://www.annavinpadaippugal.info/speech22_tamilnadu.htm,200,sorpozhivugal/speech22_tamilnadu.md,no,covered,/Users/pugazhendhirajendran/Documents/Codex/2026-07-09/https-www-annavinpadaippugal-info/outputs/annavin_text_extractor/organized_contents/sorpozhivugal/speech22_tamilnadu.md
http://www.annavinpadaippugal.info/speech23_nsk.htm,200,sorpozhivugal/speech23_nsk.md,no,covered,/Users/pugazhendhirajendran/Documents/Codex/2026-07-09/https-www-annavinpadaippugal-info/outputs/annavin_text_extractor/organized_contents/sorpozhivugal/speech23_nsk.md
http://www.annavinpadaippugal.info/speech24_alagappa.htm,200,sorpozhivugal/speech24_alagappa.md,no,covered,/Users/pugazhendhirajendran/Documents/Codex/2026-07-09/https-www-annavinpadaippugal-info/outputs/annavin_text_extractor/organized_contents/sorpozhivugal/speech24_alagappa.md
http://www.annavinpadaippugal.info/speech_all_1.htm,200,sorpozhivugal/speech_all.md,yes,covered,/Users/pugazhendhirajendran/Documents/Codex/2026-07-09/https-www-annavinpadaippugal-info/outputs/annavin_text_extractor/organized_contents/sorpozhivugal/speech_all.md
http://www.annavinpadaippugal.info/speech_all_2.htm,200,sorpozhivugal/speech_all.md,yes,covered,/Users/pugazhendhirajendran/Documents/Codex/2026-07-09/https-www-annavinpadaippugal-info/outputs/annavin_text_extractor/organized_contents/sorpozhivugal/speech_all.md
http://www.annavinpadaippugal.info/speech_all_3.htm,200,sorpozhivugal/speech_all.md,yes,covered,/Users/pugazhendhirajendran/Documents/Codex/2026-07-09/https-www-annavinpadaippugal-info/outputs/annavin_text_extractor/organized_contents/sorpozhivugal/speech_all.md
http://www.annavinpadaippugal.info/speech_all_4.htm,200,sorpozhivugal/speech_all.md,yes,covered,/Users/pugazhendhirajendran/Documents/Codex/2026-07-09/https-www-annavinpadaippugal-info/outputs/annavin_text_extractor/organized_contents/sorpozhivugal/speech_all.md
http://www.annavinpadaippugal.info/speech_all_5.htm,200,sorpozhivugal/speech_all.md,yes,covered,/Users/pugazhendhirajendran/Documents/Codex/2026-07-09/https-www-annavinpadaippugal-info/outputs/annavin_text_extractor/organized_contents/sorpozhivugal/speech_all.md
http://www.annavinpadaippugal.info/speech_audios.htm,200,sorpozhivugal/speech_audios.md,no,covered,/Users/pugazhendhirajendran/Documents/Codex/2026-07-09/https-www-annavinpadaippugal-info/outputs/annavin_text_extractor/organized_contents/sorpozhivugal/speech_audios.md
http://www.annavinpadaippugal.info/speech_maedai.htm,200,sorpozhivugal/speech_maedai.md,yes,covered,/Users/pugazhendhirajendran/Documents/Codex/2026-07-09/https-www-annavinpadaippugal-info/outputs/annavin_text_extractor/organized_contents/sorpozhivugal/speech_maedai.md
http://www.annavinpadaippugal.info/speech_maedai_2.htm,200,sorpozhivugal/speech_maedai.md,yes,covered,/Users/pugazhendhirajendran/Documents/Codex/2026-07-09/https-www-annavinpadaippugal-info/outputs/annavin_text_extractor/organized_contents/sorpozhivugal/speech_maedai.md
http://www.annavinpadaippugal.info/speech_mandram.htm,200,sorpozhivugal/speech_mandram.md,no,covered,/Users/pugazhendhirajendran/Documents/Codex/2026-07-09/https-www-annavinpadaippugal-info/outputs/annavin_text_extractor/organized_contents/sorpozhivugal/speech_mandram.md
http://www.annavinpadaippugal.info/speech_paettigal.htm,200,sorpozhivugal/speech_paettigal.md,no,covered,/Users/pugazhendhirajendran/Documents/Codex/2026-07-09/https-www-annavinpadaippugal-info/outputs/annavin_text_extractor/organized_contents/sorpozhivugal/speech_paettigal.md
http://www.annavinpadaippugal.info/speech_pallikalluri.htm,200,sorpozhivugal/speech_pallikalluri.md,no,covered,/Users/pugazhendhirajendran/Documents/Codex/2026-07-09/https-www-annavinpadaippugal-info/outputs/annavin_text_extractor/organized_contents/sorpozhivugal/speech_pallikalluri.md
http://www.annavinpadaippugal.info/speech_paralumandram.htm,200,sorpozhivugal/speech_paralumandram.md,no,covered,/Users/pugazhendhirajendran/Documents/Codex/2026-07-09/https-www-annavinpadaippugal-info/outputs/annavin_text_extractor/organized_contents/sorpozhivugal/speech_paralumandram.md
http://www.annavinpadaippugal.info/speech_sattamandram.htm,200,sorpozhivugal/speech_sattamandram.md,no,covered,/Users/pugazhendhirajendran/Documents/Codex/2026-07-09/https-www-annavinpadaippugal-info/outputs/annavin_text_extractor/organized_contents/sorpozhivugal/speech_sattamandram.md
http://www.annavinpadaippugal.info/speech_vaanoli.htm,200,sorpozhivugal/speech_vaanoli.md,no,covered,/Users/pugazhendhirajendran/Documents/Codex/2026-07-09/https-www-annavinpadaippugal-info/outputs/annavin_text_extractor/organized_contents/sorpozhivugal/speech_vaanoli.md
http://www.annavinpadaippugal.info/writings.htm,200,writings.md,no,covered,/Users/pugazhendhirajendran/Documents/Codex/2026-07-09/https-www-annavinpadaippugal-info/outputs/annavin_text_extractor/organized_contents/writings.md
https://www.annavinpadaippugal.info/,200,index.md,no,covered,/Users/pugazhendhirajendran/Documents/Codex/2026-07-09/https-www-annavinpadaippugal-info/outputs/annavin_text_extractor/organized_contents/index.md
https://www.annavinpadaippugal.info/sorpozhivugal/aatchiyin_aneethiyai.htm,200,sorpozhivugal/aatchiyin_aneethiyai.md,no,covered,/Users/pugazhendhirajendran/Documents/Codex/2026-07-09/https-www-annavinpadaippugal-info/outputs/annavin_text_extractor/organized_contents/sorpozhivugal/aatchiyin_aneethiyai.md
