source_file,direction,source_term,context,proposed_translation,term_type,status,notes
katturaigal/vaarsu.md,tamil_to_english,வார்சு,"Distinguishes inheritance of property from succession to movement leadership",heir / successor,loanword,approved,"Rendered according to context while retaining the quoted source term in the title."
katturaigal/vaarsu.md,tamil_to_english,ஒட்டகச் சுபாவம்,"Camel analogy for retracting only one of several imposed burdens",camel-like nature,extended_metaphor,approved,"The metaphor is preserved throughout the translation."
katturaigal/vazhthinar.md,tamil_to_english,பிராமணா மமதேவதா,"Repeated sarcastic formula concerning Brahmin influence",the Brahmin is my deity,Sanskrit_formula,approved,"Preserves Anna's sarcasm rather than treating it as devotional prose."
katturaigal/vazhthinar.md,tamil_to_english,பூசுரர்,"Polemical label for Brahmins intervening in Kashmir politics",priestly group,polemic_term,approved,"Rendered contextually; literal divine connotations are not imported."
katturaigal/tn_tamilarukkae.md,tamil_to_english,கசாகூளம்,"Metaphor for the vast and confused political association called India",vast confusion,rare_period_term,approved,"Rendered from context; the unusual source form is retained in Tamil."
katturaigal/tn_tamilarukkae.md,tamil_to_english,பனியாக்கள்,"North Indian mercantile communities named in a polemical political argument",Banias,community_term,approved,"Transliterated rather than generalised to merchants because the source repeatedly names a community."
katturaigal/tn_tamilarukkae.md,tamil_to_english,பூதேவர்கள்,"Sarcastic description of socially elevated outsiders and Brahmins",gods on earth,polemical_term,approved,"The quotation marks and sarcastic force are preserved."
katturaigal/tn_tamilarukkae.md,tamil_to_english,கபாடபுரம்,"Pandyan city named in a Ramayana geographical quotation",Kapatapuram,historical_place_name,review,"Transliteration is conservative; the scan prints a period form and the cited textual tradition should be checked independently."
katturaigal/tn_tamilarukkae.md,tamil_to_english,செய்யப்பட்டாய்விட்டது,"Period compound form spanning a scan page join",has been rendered,period_form,approved,"The English conveys the completed passive sense; the scan-derived Tamil form is not modernised."
katturaigal/vazhthinar.md,tamil_to_english,அடாணா,"Musical-register metaphor for Nehru moderating his statement",lowered the pitch,cultural_metaphor,approved,"Retains the musical image."
katturaigal/piravi_muthalali.md,tamil_to_english,பிறவி முதலாளிகள்,"Inherited caste privilege contrasted with economic capital",capitalists by birth,political_wordplay,approved,"Preserves the article's central distinction."
katturaigal/piravi_muthalali.md,tamil_to_english,அபேதவாதம்,"Used for socialist doctrine and for social/economic non-difference",socialism / equality,political_term,approved,"Rendered contextually rather than with one rigid English equivalent."
katturaigal/piravi_muthalali.md,tamil_to_english,தடியடி தர்பார்,"Sarcastic description of officials observing a police baton charge",baton-charge durbar,political_irony,approved,"Retains Anna's hybrid phrase and sarcasm."
katturaigal/kutrathoorar.md,tamil_to_english,குற்றத்தூரார்,"Coined title connecting crime with a figurative town and its inhabitants",The People of Crime-town,political_wordplay,approved,"Retains the place metaphor and honorific plural reference to offenders."
katturaigal/kutrathoorar.md,tamil_to_english,பஞ்சமா பாதகங்கள்,"Traditional classification invoked while discussing crime",the five great sins,religious_term,approved,"Uses the conventional religious sense."
katturaigal/kutrathoorar.md,tamil_to_english,துஷ்ட நிக்கிரக சிஷ்டபரிபாலனம்,"Formula used to justify divine violence",destroying the wicked and protecting the good,Sanskrit_formula,approved,"Meaning translated in context rather than transliterated."
katturaigal/paathivazhi.md,tamil_to_english,பாதி வழியில்,"Bhupesh Gupta has moved toward State autonomy but not yet accepted a right to secede",halfway,political_wordplay,approved,"Retains the title and closing metaphor."
katturaigal/paathivazhi.md,tamil_to_english,அகில இந்தியா'க்கள்,"Ironic label for advocates of an indivisible all-India polity",All-Indians,political_irony,approved,"Quotation marks preserve Anna's ironic coinage."
katturaigal/antha_annakavadi.md,tamil_to_english,அன்னக்காவடி,"Repeated ironic description of Karl Marx as impoverished while working to abolish poverty",annak kavadi / destitute wanderer,cultural_social_term,approved,"Retained in transliteration in the title and key passages because the article transforms a class insult into praise."
katturaigal/thuravi.md,tamil_to_english,சாமியார்,"Used reverently by the monastery and sarcastically by Luther's father",monk / holy man,religious_irony,approved,"Translation varies by speaker so quotation marks retain the father's sceptical tone."
katturaigal/hindi_aalai.md,tamil_to_english,இந்தியாள்,"Hindi personified as a woman expected to sit enthroned as official language",Lady Hindi,political_wordplay,approved,"Personification is retained rather than flattened to the name of the language."
katturaigal/vazhvin_latchiyam.md,tamil_to_english,கனம்,"Honorific repeatedly prefixed to minister Sitarama Reddy",Honourable,period_abbreviation,approved,"Expanded by function rather than transliterated because it abbreviates கனம் பொருந்திய."
katturaigal/burmavai_paarungal.md,tamil_to_english,கனங்கள்,"Former politicians resent having to obey the young Aung San",honourable men,ironic_honorific,approved,"Quotation marks preserve the source's sarcasm toward status-conscious politicians."
katturaigal/pallakku_boomi.md,tamil_to_english,பல்லக்கு,"Mediterranean described as carrying successive imperial powers and civilizations",palanquin of empires,historical_metaphor,approved,"The English title makes explicit the metaphor subsequently defined by the article."
katturaigal/iruthaya_geetham.md,tamil_to_english,ஜடையுடை வேற்றார்,"Freedom lost under crowned kings to outsiders marked by ritual topknots",top-knotted outsiders,polemical_social_term,provisional,"Literal image retained because replacing it with a fixed modern identity would silently narrow the historical rhetoric."
katturaigal/iruthaya_geetham.md,tamil_to_english,புல்லேந்திகள்,"Contrast between military conquest and decline through ritual influence",bearers of sacred grass,ritual_satire,provisional,"Likely targets Brahmanical ritual authority; literal rendering avoids overstating the damaged allusion."
katturaigal/iruthaya_geetham.md,tamil_to_english,பதவிக் கொவ்வை,"Liberation force contrasted with parrots attracted by the red kovvai fruit of office",red fruit of office,political_metaphor,approved,"Retains the colour and temptation image while avoiding a botanically distracting untranslated fruit name."
katturaigal/thanga_vayalil.md,tamil_to_english,அடிமடியில் கைபோடாத வகையில்,"State is content while its own annual revenue remains untouched",so long as no hand reaches beneath its own waistcloth,idiom,approved,"Literal bodily image preserves the accusation of narrow self-interest."
katturaigal/thanga_vayalil.md,tamil_to_english,ஏகாதிபத்யக் கண்காட்சிச் சாலையின் கொலுப்பொம்மைகள்,"Princely rulers displayed as powerless ornaments of empire",display dolls in the exhibition hall of imperialism,political_metaphor,approved,"Retains the source's exhibition and festival-doll imagery."
katturaigal/sirantha_nanbar.md,tamil_to_english,ஆட்கள் அல்ல நண்பர்கள்,"Students in Justice Party bicycle procession described first as followers then corrected",not his men but his friends,leadership_wordplay,approved,"Preserves Anna's correction from hierarchical possession to comradeship."
katturaigal/sirantha_nanbar.md,tamil_to_english,பயன்படுத்தாத காரணத்தால் பாழான பண்டம்,"Varadarajan's unrealized public potential contrasted with his movement service",an article ruined through disuse,life_metaphor,approved,"Literal object metaphor retained while the next sentence supplies the qualification about public benefit."
katturaigal/vetrikalippu.md,tamil_to_english,அறப்போர் சர்வாதிகாரி,"Formal movement role held by C.N.A. during the anti-Hindi civil resistance",Sarvadhikari / campaign commander,movement_title,approved,"Transliteration plus gloss avoids the misleading modern political sense dictator."
katturaigal/vetrikalippu.md,tamil_to_english,தார் தொட்டி,"Proposed direct action to cover demoted or wrongly placed Hindi railway signage",tar pot,protest_symbol,approved,"Literal object is essential to the historical language-board protest."
katturaigal/vetrikalippu.md,tamil_to_english,ஐந்து ஏக்கர்,"Contrast between material patronage and sacrifice for language rights",five acres,political_contrast,approved,"Land figure retained literally as the speech's denial of personal material motive."
katturaigal/koattaikullae.md,tamil_to_english,கருங்காலி,"Communist resolution's accusation against strike breakers and internal opponents",blackleg,labour_term,approved,"Uses the established British labour term for a strike breaker and preserves its abusive force."
katturaigal/koattaikullae.md,tamil_to_english,கோட்டைக்குள்ளே குத்து வெட்டு,"Violent metaphor for factional conflict within the Communist Party",stabbing and slashing inside the fortress,political_metaphor,approved,"Literal metaphor retained because the fortress represents the party's own organization."
katturaigal/koattaikullae.md,tamil_to_english,கல்தா கொடுக்க,"Resolution seeks removal of the Jeeva group from the party",expel / dismiss,colloquial_term,approved,"Rendered by institutional context rather than transliterating the colloquial borrowing."
katturaigal/meendum_kama.md,tamil_to_english,பிகுவு பண்ணாதே,"Velappan dismisses the woman's resistance while boasting of other options",do not sulk / do not act coy,colloquial_term,provisional,"Rendered by scene context; exact register of the borrowing may vary."
katturaigal/meendum_kama.md,tamil_to_english,ருசிகண்ட பூனை உரியைச் சுற்றிவராமல் போகுமா,"Office seekers return after receiving small favours",once a cat gets the taste it circles the hanging food pot,proverb,approved,"Preserves the domestic food-storage image and repeated appetite metaphor."
katturaigal/meendum_kama.md,tamil_to_english,துஷ்ட நிக்ரஹ சிஷ்ட பரிபாலனம்,"Ironic claim that return to leadership serves moral governance",punish the wicked and protect the virtuous,Sanskrit_maxim,approved,"Conventional meaning restored from OCR-damaged form and placed in quotation marks to preserve irony."
katturaigal/puthuppothanai.md,tamil_to_english,இந்திவாலாக்கள்,"Supporters who promote and justify compulsory Hindi",Hindi advocates,colloquial_political_term,approved,"Functional rendering preserves the dismissive political register without awkward code-switching."
katturaigal/puthuppothanai.md,tamil_to_english,தேசியம் என்ற போர்வை,"Nationalism used to conceal coercive language policy",cloak of nationalism,political_metaphor,approved,"Retains the source's covering or disguise metaphor."
katturaigal/puthuppothanai.md,tamil_to_english,இஷ்டபூர்வமாக,"Governor's distinction between voluntary learning and compulsion",voluntarily / by choice,policy_term,approved,"Rendered consistently because this distinction drives the article's argument."
katturaigal/arisiyiyal.md,tamil_to_english,அரிசியியல்,"Coinage connecting rice supply with politics and multiple academic fields",rice-ology,political_wordplay,approved,"Coined English form supports repeated extensions to stomach-ology and the mathematics of rice policy."
katturaigal/arisiyiyal.md,tamil_to_english,வயிற்றியல்,"Material hunger presented as prerequisite to politics economics and sociology",stomach-ology,social_wordplay,approved,"Parallel coined form preserves the source's hierarchy of bodily need over abstract fields."
katturaigal/arisiyiyal.md,tamil_to_english,"மோகனம் / முகாரி","Contrasting musical modes for Delhi optimism and provincial lament",Mohanam / Mukhari,musical_metaphor,approved,"Raga names retained because the whole article develops a political concert metaphor."
katturaigal/arisiyiyal.md,tamil_to_english,கோதுமை ஏகாதிபத்தியம்,"Wheat offered to rice-eating population because Delhi will not supply rice",empire of wheat,food_policy_metaphor,approved,"Literal imperial metaphor retained as part of the satire."
katturaigal/londanile.md,tamil_to_english,வெண்சாமரம் வீசுகிறேன்,"Former anti-imperial leaders imagined pleading submissively for relief",I will even wave the white fly-whisk,royal_service_metaphor,approved,"Literal court-service image preserves the reversal from defiance to supplication."
katturaigal/londanile.md,tamil_to_english,வான்கோழியைக் கான மயிலென்றா,"False prestige cannot turn evident deprivation into prosperity",can one call a turkey a peacock of the forest,proverbial_comparison,approved,"Retains the contrasting birds because the next dried-pond image reinforces obvious falsity."
katturaigal/londanile.md,tamil_to_english,ஊமைக் காயம்,"Concealed national suffering compared with an unseen internal wound",unseen internal wound,medical_metaphor,approved,"Context defines it through internal swelling and danger rather than literal muteness."
katturaigal/delhi_kuttu.md,tamil_to_english,குட்டுகிறது / குனிகிறது,"Delhi's authoritative rap produces Madras's submissive bow",strikes / bows,paired_political_metaphor,approved,"Paired verbs retained in the title and developed through Delhi's refusal."
katturaigal/delhi_kuttu.md,tamil_to_english,நொய்யரிசி,"Lower-grade rice available from Burma but denied import permission",broken rice,food_term,approved,"Consistent rendering is crucial because the argument stresses that even inferior fractured grains were refused."
katturaigal/delhi_kuttu.md,tamil_to_english,பேசாமடந்தையர்,"Normally silent legislators forced to speak by public hunger",speechless maidens,ironic_literary_term,provisional,"Literal gendered literary image preserves the ridicule directed at habitually silent MLAs."
katturaigal/delhi_kuttu.md,tamil_to_english,கைதூக்கவே கற்ற சட்டசபை உறுப்பினர்கள்,"Legislators accustomed only to voting obediently",Assembly members trained only to raise their hands,political_satire,approved,"Preserves the physical gesture and accusation of automatic assent."
katturaigal/we_welcome.md,english_to_tamil,communalism,savage exhibition of Communalism in that camp at Gurukulam,வகுப்புவாதம்,historical_term,approved,"In the Gurukulam dispute this denotes caste discrimination, not religious conflict."
katturaigal/we_welcome.md,english_to_tamil,pound of flesh,instead of demanding the pound of flesh,ஒரு பவுண்டு சதை,literary_allusion,approved,Retain as a marked Shakespearean allusion.
katturaigal/we_welcome.md,english_to_tamil,silver lining,there are to be discerned one or two silver linings,வெள்ளிக் கீற்று,idiom,approved,Natural Tamil image that preserves the cloud metaphor.
kavithaigal/pongal_valthu1961.md,tamil_to_english,அண்ணன்,"அண்ணன், அண்ணாதுரை",your elder brother,cultural_address,approved,Pairs deliberately with தம்பி.
kavithaigal/unarveer.md,tamil_to_english,உதயசூரியன்,உதயசூரியன் ஒளி தருமே,the Rising Sun,political_symbol,approved,Both political emblem and image of a new dawn.
kavithaigal/kaathirunthaen.md,tamil_to_english,ஓட்டாண்டி,ஓட்டு கேட்கிறார்கள் என்னை ஓட்டாண்டி ஆக்கிவிட்டு,pauper; destitute wanderer,wordplay,approved,"Pun beside ஓட்டு, vote."
kavithaigal/seeridum_seettu.md,tamil_to_english,சிட்டு வல்லூறு,சிட்டு வல்லூறை எதிர்த்திடும் வகை செய்,the little bird confronting the vulture,political_image,approved,Image of the weak resisting a predator.
kavithaigal/puthupoar.md,tamil_to_english,சுயராஜ்யம்,பின்னர் நின்று நிலைத்திடும் நற்சுயராஜ்யம்,self-rule,historical_term,approved,Preserves period political vocabulary.
kavithaigal/pongal_valthu1961.md,tamil_to_english,தம்பி,என்னரும் தம்பி!,younger brother,cultural_address,approved,Retain the familial-political relationship; do not reduce to friend or comrade.
kavithaigal/ethirkaala_nilamai.md,tamil_to_english,தலையாட்டி,மாநில அரசு தலையாட்டியாகவும்,nodding puppet,political_image,approved,A nodding doll used as an image of subservience.
kavithaigal/thiruvidathai.md,tamil_to_english,திருவிடத்தை,அருமைமிகு திருவிடத்தை அமைப்போம்,sacred homeland,source_verified_term,approved,Retained exactly from the Poompuhar edition supplied by the user; do not normalize to திராவிடத்தை.
kavithaigal/vazhibadu.md,tamil_to_english,பதினாறில் ஒரு பாகம்,பதினாறில் ஒரு பாகம் பகிர்ந்தளிப்பேன்,one part in sixteen,satirical_phrase,approved,A calculated religious cut in a transactional prayer.
kavithaigal/malar_manam.md,tamil_to_english,அறிவு,அறிவுக்கு ஆயிரம் கண்கள்,reason,context_dependent,context_dependent,May also mean knowledge or intellect.
kavithaigal/vandikaran_magan.md,tamil_to_english,ஆளாக்க,உன் மகனை ஆளாக்க,make a man of; raise into a capable adult,cultural_term,context_dependent,Translation depends on gender and social context.
kavithaigal/enathu_karuthoattam.md,tamil_to_english,கருத்தோட்டம்,எனது கருத்தோட்டம்,the course of my thought,literary_term,context_dependent,Combines flow of thought and outlook.
kavithaigal/kolaikaaran_kotsae.md,tamil_to_english,குலமும் ஒண்ணு,குலமும் ஒண்ணு கடவுளும் ஒண்ணு,humanity is one,context_term,context_dependent,Broad unifying sense rather than literal clan.
kavithaigal/inbam_kaana.md,tamil_to_english,சமதர்மம்,சமதர்மத்தின் ஆட்சியை இந்நாட்டினிலே தோற்றுவீரே,social equality,historical_term,context_dependent,Can also denote socialism or egalitarianism depending on context.
kavithaigal/kadaisi_sinnam.md,tamil_to_english,சின்னம்,கடைசிச் சின்னம்,monument,context_term,context_dependent,"Can also mean sign, symbol, or memorial."
kavithaigal/sinnaan_sindhu.md,tamil_to_english,பள்ளு பறை,பள்ளு பறை என்ற பேச்சைப் பழசாக்கிப் போடணும்,Pallar and Paraiyar caste labels,historical_term,context_dependent,Refers to labels imposed on oppressed communities.
kavithaigal/vizhiputra_paattali.md,tamil_to_english,பாட்டாளி,விழிப்புற்ற பாட்டாளி,worker; proletarian,political_term,context_dependent,Use proletarian where class-political emphasis is explicit.
kavithaigal/thiruvidathai.md,tamil_to_english,பான்மை,உலகிலே பான்மைகெட்டு உழலுவது அழகல்லவே,nature; character; quality; distinctive disposition,source_verified_term,context_dependent,Source-verified word; must not be normalized to மான்மை.
kavithaigal/ethirkaala_nilamai.md,tamil_to_english,பேரரசு,பேரரசு ஆட்டிப் படைக்கவும்,central power,political_term,context_dependent,Literally empire or great state; here the Indian central authority.
kavithaigal/manithan.md,tamil_to_english,மதி,உழைப்பே மதி,creed,context_term,context_dependent,"May mean intellect, conviction, or creed."
kavithaigal/vandu_kandaen.md,tamil_to_english,மது,மதுவினை ருசித்துமே,nectar,wordplay,context_dependent,Means floral nectar and can also suggest intoxicating drink.
kavithaigal/viduthalai.md,tamil_to_english,விடுதலை,விடுதலையே,freedom; liberation,political_term,context_dependent,Choose by political and grammatical context.
katturaigal/we_welcome.md,english_to_tamil,sweet reasonableness,Sweet reasonableness is the best of all prescriptions.,இனிய நியாய உணர்வு,rhetorical_phrase,provisional,Preserve the medical-prescription wordplay in the surrounding sentence.
kavithaigal/odin_poatri.md,tamil_to_english,அண்டம் காக்கக் காக்கை,wordplay: காக்க / காக்கை,two ravens to guard the cosmos,wordplay,provisional,Printed page should confirm the restored sandhi.
kadithangal/arimaa_noaku.md,tamil_to_english,அரிமா நோக்கு,திருச்சி மாநில மாநாடு - அரிமா நோக்கு,the lion's retrospective gaze,cultural_image,provisional,The lion pauses and surveys the path already travelled; avoid translating it merely as lion's look.
kavithaigal/vaendum_viduthalai.md,tamil_to_english,கல்லிணுள் தேரை,கல்லிணுள் தேரை போல,like a toad enclosed within stone,literary_image,provisional,Traditional image of confined life; source is unfinished.
kavithaigal/juvasin_kalyana_gunam.md,tamil_to_english,திருக்கல்யாண குணம்,ஜுவசின் திருக்கல்யாண குணம்,divine character,satire,provisional,The quoted praise is ironic; can also imply auspicious or marital character.
kavithaigal/nee_ennadi.md,tamil_to_english,தேனிலந்த,தேனிலந்த இனிப்பேதடி,sweetness surpassing honey,ocr_sensitive,provisional,Exact printed form needs verification.
kavithaigal/odin_poatri.md,tamil_to_english,பாகை,நீலப் பாகை உடையாய்,mantle,ocr_sensitive,provisional,Exact costume sense needs printed-source verification.
kavithaigal/theekural.md,tamil_to_english,சாட மோடார்,கயவரைச் சாட மோடார்,சாட மாட்டார் / will he not assail,ocr_sensitive,unresolved,Archived OCR is damaged; compare with printed page.
kavithaigal/sooriya_kutty.md,tamil_to_english,சூரியக் குட்டி,சூரியக் குட்டியைத் தேடிய மாப்பிள்ளை,the Sun's little one,folklore_term,unresolved,Folktale relationship needs source context.
kavithaigal/tharthevan_poatri.md,tamil_to_english,நாவில் ஒன்று குறையக் காளை,நாவில் ஒன்று குறையக் காளை நல்ல கறி சமைத்து வைத்தான்,[unresolved],ocr_sensitive,unresolved,Substantial OCR damage; printed page required.
kavithaigal/congress_oozhal.md,tamil_to_english,வந்தேமாதரத் தாலாச்சு,நிலைமைக்கு வந்தேமாதரத் தாலாச்சு,[unresolved],source_irregularity,unresolved,HTML source retained verbatim; printed source needed.
kadithangal/aalinganamum.md,tamil_to_english,ராஜோபசாரம்,ராஜ குடும்பத்தில் பிறந்தார்கள் - ராஜோபசாரம் பெற்று வளர்ந்தார்கள்,royal attentions,cultural_term,provisional,Conveys ceremonial treatment and privileges accorded to royalty.
kadithangal/aalinganamum.md,tamil_to_english,பல ஜென்மம்,அரசியலில் பல ஜென்மம் எடுத்தவர்கள்,taken many births in politics,satire,approved,Retains Anna's rebirth metaphor for repeated changes of political affiliation.
kadithangal/aalinganamum.md,tamil_to_english,திருதராஷ்டிர ஆலிங்கனம்,சட்டசபையில் நான் இந்தத் திருதராஷ்டிர ஆலிங்கனம் காண்கிறேன்,Dhritarashtra embrace,literary_allusion,approved,An embrace that destroys its recipient; retained as the letter's governing allusion.
kadithangal/aanai_piranthathu_1.md,tamil_to_english,கொற்றம் இழந்தோம்,கொற்றம் இழந்தோம் கோட்டை இழந்தோம்,we lost sovereignty,historical_term,provisional,கொற்றம் can denote victory kingship or sovereign power; sovereignty best fits the political sequence.
kadithangal/aanai_piranthathu_1.md,tamil_to_english,காடி,இந்த காடித் தமிழ் வாடை கிளப்புகிறது,stale brew,wordplay,provisional,Anna immediately glosses it as old merchandise heard until it turned sour; translation preserves that satire rather than treating it as khadi.
kadithangal/aanal_agavae.md,tamil_to_english,அசை,அசைக்குப் பதிலாகப் பயன்படுத்துவோரும் நிரம்ப உள்ளனர்,rhythmic filler,prosody_term,provisional,அசை is formally a Tamil prosodic unit; here Anna jokes that the conjunctions are used merely to fill speech rhythm.
kadithangal/aanal_agavae.md,tamil_to_english,சிலம்பம்,ஆனால் ஆகவே எனும் சொற்களின் சிலம்பம்,staff-play,wordplay,approved,Metaphor treats the two conjunctions as staffs sparring and redirecting political arguments.
kadithangal/aariyam_irukum_idam.md,tamil_to_english,ஆரியர் / ஆரியம்,ஆரியரை ஒழித்திடும் வேலையை அல்ல ஆரியத்தை ஒழித்திடும் வேலை,Aryans / Aryanism,historical_political_term,approved,The letter explicitly distinguishes people from the ideology and social order; this distinction must remain consistent.
kadithangal/aariyam_irukum_idam.md,tamil_to_english,நாதி இல்லை,கேட்பதற்கு இன்று நாதி கிடையாது,no one to question or protect them,idiom,provisional,நாதி denotes a defender patron or person who will demand an account; wording varies with sentence context.
kadithangal/aavadiyum_kaavadiyum.md,tamil_to_english,காவடி,ஆவடி மூலம் காவடி தூக்கிகளாக இருக்கத் தென்னாடு இசைகிறதா,kavadi / submissive burden-bearing,cultural_wordplay,approved,Retains the rhyme with Avadi and the image of carrying a devotional burden as political submission.
kadithangal/aavadiyum_kaavadiyum.md,tamil_to_english,பிக்ஷாந்தேஹி,இங்குள்ள பிக்ஷாந்தேஹிகளும்,beggars,Sanskrit_expression,provisional,From a ritual request for alms; used satirically for southern leaders made to petition Delhi.
kadithangal/aazhamam_kuzhiyam.md,tamil_to_english,அறுபத்தேழாயிரம் அடி,"1967-ஆம் ஆண்டு ... 67,000 அடி ஆழக் குழி",sixty-seven thousand feet,numerical_wordplay,approved,Congress rhetoric links the election year 1967 with a fantastical pit depth of 67000 feet.
kadithangal/aazhamam_kuzhiyam.md,tamil_to_english,தும்பை விட்டுவிட்டு வாலைப் பிடிப்பது,தும்பை விட்டுவிட்டு வாலைப் பிடிப்பது என்பார்களே,letting go of the body and trying to catch the tail,idiom,provisional,Describes failing to stop growth early and attempting a harder remedy after the fact; exact dialectal sense of தும்பை merits review.
sirukathaigal/kalizhanthan.md,tamil_to_english,நொண்டி,"The narrator and Somu repeatedly use the period term amid pity ridicule and self-contempt",one-legged man / lame / cripple,historical_disability_term,contextual,"Now derogatory; renderings vary with narrative context and preserve the story's critique of stigma without treating the label as neutral."
sirukathaigal/kalizhanthan.md,tamil_to_english,கண்ணிருந்தும் குருடன்,"Somu calls himself blind for failing to understand Thangam and for refusing to face reality",blind despite having eyes,metaphor,approved,"The title concerns leg loss but the story's controlling metaphor is moral and intellectual blindness."
sirukathaigal/kalizhanthan.md,tamil_to_english,துன்பத்தின் பிடரியைப் பிடித்து,"Kannappa confronts disability and rebuilds his life",seized suffering by the neck,metaphor,approved,"பிடரி denotes the nape or mane area; translated idiomatically while retaining the forceful image."
sirukathaigal/rottithundu.md,tamil_to_english,ரொட்டித்துண்டு,"Title of Kathirvelu's stolen book and emblem of workers' hunger",A Piece of Bread,title_symbolism,approved,"Kept as the repeated title throughout; the modest object contrasts with elite literary fame and wealth."
sirukathaigal/rottithundu.md,tamil_to_english,ராவ்பகதூர்,"Colonial title borne by mill owner Ranganatha Bhoopathi",Rao Bahadur,historical_honorific,approved,"Transliterated rather than translated; its prestige is part of the satire."
sirukathaigal/rottithundu.md,tamil_to_english,காலணா / தம்படி,"Father disinherits his son using small period currency units",quarter-anna / copper,period_currency,contextual,"Rendered for rhetorical force rather than attempting obsolete exact modern values."
sirukathaigal/rottithundu.md,tamil_to_english,லூஸ் - கிராக் - செமி,"College labels used to support a fraudulent confinement plan",loose / crack / semi,historical_stigmatizing_language,contextual,"Retained as quoted period slang and explicitly not treated as valid diagnosis."
sirukathaigal/pallilikkum.md,tamil_to_english,பல்லிளிக்கும் பரப்பிரம்மங்கள்,"Title juxtaposing servile tooth-baring with a lofty metaphysical term",The Grinning Parabrahmans,title_wordplay,provisional,"Parabrahman is transliterated so the satirical inflation remains visible; grinning conveys ingratiating deference."
sirukathaigal/pallilikkum.md,tamil_to_english,வெட்டு ஒன்று துண்டு இரண்டு,"Contrasts the editor's summary judgement of a poor labourer with elaborate sympathy for a patron",one sharp cut and two clean pieces,idiom,approved,"Means a blunt categorical verdict without nuance or inquiry."
sirukathaigal/pallilikkum.md,tamil_to_english,பாராக்குக் கூறுதல்,"Servile praise shown to those believed wealthy or powerful",crying ceremonial praises,social_idiom,provisional,"Rendered contextually alongside பல்லிளித்தல்; exact regional ceremonial nuance merits review."
sirukathaigal/pallilikkum.md,tamil_to_english,வர்ணாஸ்ரமக் கல்வித்திட்ட எதிர்ப்பு அறப்போர்,"Narrator's explanation for imprisonment",righteous struggle against the varnasrama education scheme,historical_political_reference,approved,"Preserved as the source's historical political framing without adding external interpretation."
sirukathaigal/valliyin_devi.md,tamil_to_english,தேவி,"Calf named after the village clan goddess",Devi,name_symbolism,approved,"Transliterated rather than reduced to Goddess; the title retains both personal and sacred resonance."
sirukathaigal/valliyin_devi.md,tamil_to_english,சுழிகண்டு மடிகண்டு,"Villagers assess the newly purchased cow",examined the hair whorls and udder,rural_husbandry_terms,approved,"சுழி denotes auspicious or diagnostic hair whorls; மடி denotes the udder here."
sirukathaigal/valliyin_devi.md,tamil_to_english,கைராசி உள்ள டாக்டர்,"Thenappan's faith in Doctor Govindan",doctor reputed to possess a healing hand,cultural_idiom,approved,"கைராசி implies fortunate or successful efficacy associated with a person's hand."
sirukathaigal/valliyin_devi.md,tamil_to_english,சாவோலை வார்த்தையாலே,"Servant's prediction that the cow will die",extending a palm-leaf death notice through his words,metaphor,provisional,"Retains the source image of an announced death; exact ritual nuance may merit review."
sirukathaigal/pithalai_alla.md,tamil_to_english,பித்தளை அல்ல பொன்னேதான்,"Title and Appasamy's final recognition of Muthu",Not Brass but Pure Gold,title_metaphor,approved,"The polished gold tray triggers recognition that the socially despised son possesses exceptional loyalty."
sirukathaigal/pithalai_alla.md,tamil_to_english,இரண்டாந்தாரம்,"Valli's position after the death of Appasamy's first wife",second wife,historical_family_term,approved,"Translated directly while retaining the social resentment and stigma voiced in the story."
sirukathaigal/pithalai_alla.md,tamil_to_english,பூவோடும் மஞ்சளோடும் நல்ல கதிக்குப் போனாள்,"Appasamy says his first wife died while still married",went to a good end still wearing flowers and turmeric,cultural_death_idiom,provisional,"Refers to dying as a sumangali; image retained without importing an explanatory label into the narrative."
sirukathaigal/pithalai_alla.md,tamil_to_english,கடுங்காவல்,"Muthu's six-month sentence",rigorous imprisonment,legal_historical_term,approved,"Standard period legal rendering."
sirukathaigal/samooga_sevaki.md,tamil_to_english,சமூக சேவகி,"Title and repeatedly advertised public identity of Charubala",social worker,title_satire,approved,"Initially prestigious but progressively exposed as unskilled intervention without accountability."
sirukathaigal/samooga_sevaki.md,tamil_to_english,சிவபூஜைக்கரடி,"Raghuraman's thought when the compounder interrupts intimacy",a bear intruding upon Siva worship,idiom,provisional,"Traditional comparison for a jarring interruption; image retained rather than replaced with a modern idiom."
sirukathaigal/samooga_sevaki.md,tamil_to_english,கொல்லன் தெருவில் ஊசி விற்கிற மாதிரி,"Villager objects to affluent volunteers taking over skilled local work",like selling needles in a blacksmith's street,proverb,approved,"Conveys bringing inferior or unnecessary expertise where practitioners already exist."
sirukathaigal/samooga_sevaki.md,tamil_to_english,என் வயிற்றிலே பால் வாருங்க,"Father begs the doctor to save his only child",pour milk into my stomach,cultural_idiom,provisional,"An appeal to grant profound relief or gratitude; source image retained."
sirukathaigal/samooga_sevaki.md,tamil_to_english,வாழைத்தண்டு போல தில்விட்டுக் கிடந்தது,"Severely injured child's limp body",hung limp like the trunk of a banana plant,simile,provisional,"OCR verb is damaged but the physical simile is clear from context."
sirukathaigal/sokki.md,tamil_to_english,சொக்கி / சொக்கிவிடுபவன்,"Heroine's name and Poongavanam's enchantment",Sokki / one who became captivated,name_wordplay,approved,"Name is retained while surrounding derivatives make the semantic echo visible."
sirukathaigal/sokki.md,tamil_to_english,பால் போன்ற அழகு / கள் போன்ற அழகு,"Narrator distinguishes nourishing natural beauty from intoxicating display",beauty like milk / beauty like liquor,extended_metaphor,approved,"Images retained rather than flattened into conventional beauty labels."
sirukathaigal/sokki.md,tamil_to_english,பழம் நழுவிப் பாலிலே விழுந்தது,"Sokki says Veliyappan's cinema opportunity succeeded perfectly",the fruit slipped and fell into the milk,idiom,provisional,"A favourable accident or outcome; literal fruit image suits the story's trade motif."
sirukathaigal/sokki.md,tamil_to_english,ஒரே கல்லிலே இரண்டு மாங்கா,"Sokki removes an unwanted groom and a business rival through one plan",two mangoes with one stone,idiom_wordplay,approved,"Tamil adaptation of the familiar two-birds idiom is retained because mangoes fit the fruit-shop setting."
sirukathaigal/oru_muttalin_kathai.md,tamil_to_english,முட்டாள்,"Repeated insult reclaimed by ethical workers and central Tolstoy figure",fool,title_reclamation,approved,"Meaning evolves from lack of schooling to principled resistance to war money and exploitation."
sirukathaigal/oru_muttalin_kathai.md,tamil_to_english,நிர்வாணபுரியில் ஆடை உடுத்தியவனைப் பித்தன்,"Veeran's analogy for accepting society's insult",a clothed person in a city of naked people is called mad,analogy,approved,"Literal image retained as part of the source's argument about inverted social norms."
sirukathaigal/oru_muttalin_kathai.md,tamil_to_english,உருவகங்களைப் பார் உருவங்களை எண்ணாதே,"Instruction for reading Tolstoy politically",attend to the allegory not merely the forms,interpretive_instruction,approved,"Distinguishes symbolic institutions from supernatural figures."
sirukathaigal/oru_muttalin_kathai.md,tamil_to_english,கரடுமுரடான கை,"Kingdom's rule for feeding workers",rough calloused hands,labour_symbolism,approved,"Physical sign of direct productive labour and the tale's criterion for entitlement to food."
sirukathaigal/yaarmeethu_kobithu.md,tamil_to_english,அக்கரை,"Repeated location of Mani and destination of migrant labourers",overseas / the other shore,polysemy,approved,"Literal other bank also carries emotional associations of distance and death; translated by context."
sirukathaigal/yaarmeethu_kobithu.md,tamil_to_english,அரும்பு மீசைகள்,"Young men repeatedly exported from Ponnur for labour",young men with budding moustaches,social_metaphor,approved,"Body image emphasizes youth and the village's recurring loss of a generation."
sirukathaigal/yaarmeethu_kobithu.md,tamil_to_english,காலணாக் கடுதாசி,"Old woman's repeated measure of minimal filial contact",quarter-anna letter,period_currency,approved,"Cost later rises in the narrative; retained rather than modernized."
sirukathaigal/yaarmeethu_kobithu.md,tamil_to_english,பேய்க்குப் பொறந்தவன்,"Priest's claim that Sannasi was conceived during possession",born to a ghost,superstition_term,approved,"Translated as the old woman's belief and the story's rationalist critique, not as fact."
sirukathaigal/yaarmeethu_kobithu.md,tamil_to_english,காவு வாங்குதல்,"Priest predicts successive family deaths demanded by the ghost",take as sacrifices,ritual_fear_term,approved,"Conveys sacrificial victimhood central to the prohibition against living with Sannasi."
sirukathaigal/yogapiyasam_1.md,tamil_to_english,யோகாப்யாசம்,"Title refrain for abuse committed under ascetic authority",Yoga Practice,title_irony,approved,"Rendered literally so the source's repeated bitter irony remains visible."
sirukathaigal/yogapiyasam_1.md,tamil_to_english,கோபிகை / பிருந்தாவன லீலை,"Religious language used to groom and coerce young women",gopi / sports of Brindavan,abuse_of_religious_idiom,approved,"Transliterated or translated in context without validating the perpetrator's divine claim."
sirukathaigal/yogapiyasam_1.md,tamil_to_english,பரலோக ஏஜண்டுகள்,"Fraudulent ascetics presented as intermediaries to salvation",agents of heaven,satirical_term,approved,"Preserves the modern commercial metaphor within religious critique."
sirukathaigal/yogapiyasam_1.md,tamil_to_english,துஷ்ட நிக்ரஹம்,"Imagined rhetoric against atheists",destroying evil,religious_political_term,approved,"Translated in quoted incitement and not endorsed by the narrator."
sirukathaigal/yogapiyasam_1.md,tamil_to_english,கள்வர் ஐவர்,"Opening item in traditional list denigrating the body",five thieves,philosophical_body_metaphor,provisional,"Likely refers to the five senses; source list retained without explanatory expansion in body text."
sirukathaigal/yogapiyasam_1.md,tamil_to_english,சோற்றுத்துருத்தி,"Traditional contemptuous description of the body",sack for rice,body_metaphor,provisional,"Literal compact rendering; exact lexical nuance may merit review."
sirukathaigal/puthiya_nayanar.md,tamil_to_english,வரிக்கழுதை நாயனார்,"Mock saint-name given to Kannappar",Varikkazhuthai Nayanar / Striped-Donkey Nayanar,satirical_name,approved,"Tamil form retained where used as a proper title; gloss supplied at first appearance."
sirukathaigal/puthiya_nayanar.md,tamil_to_english,சைவப்பழம்,"Description of an intensely orthodox elderly Saivite",ripe fruit of Saivism,idiom,approved,"Preserves the comic metaphor rather than flattening it to 'devout Saivite'."
sirukathaigal/puthiya_nayanar.md,tamil_to_english,முகாரி படலம்,"Comic naming of Mugil's lament as an epic canto in a plaintive raga",canto of Mugil's lament in the raga Mukhari,musical_wordplay,approved,"Retains both the epic-canto parody and the musical allusion."
sirukathaigal/puthiya_nayanar.md,tamil_to_english,எமப்பட்டினம்,"Maruthappan's despairing answer about his destination",Yamapattinam / city of death,wordplay,approved,"Transliterated and immediately glossed so the conductor's response remains intelligible."
sirukathaigal/puthiya_nayanar.md,tamil_to_english,சங்கட சகடம்,"Alliterative image of being caught in a vehicle or wheel of distress",wheel of distress,wordplay,provisional,"Prioritizes the image and emotional sense; the exact pun cannot be reproduced fully in English."
sirukathaigal/puthiya_nayanar.md,tamil_to_english,நாயனார் மகள் / ஆழ்வார் மகன்,"Mugil and Maruthappan's closing sectarian saint-name joke",daughter of a Nayanar / son of an Alvar,religious_wordplay,approved,"Titles are transliterated to preserve the Saivite-Vaishnavite contrast."
katturaigal/aanalum.md,tamil_to_english,ஆனாலும்,"Repeated pivot contrasting official achievements with unresolved outcomes",and yet,rhetorical_refrain,approved,"Rendered consistently throughout to preserve the article's structural argument."
katturaigal/aanalum.md,tamil_to_english,பணத்திமிங்கிலங்கள்,"Extremely wealthy capitalists whose influence remains dominant",moneyed sharks,political_metaphor,approved,"Uses an idiomatic predatory image while retaining the source metaphor's force."
katturaigal/aanalum.md,tamil_to_english,தப்புக் கணக்கு,"Government's mistaken belief that the public accepts its claims",false calculation,political_idiom,approved,"Kept as a calculation metaphor because it recurs as part of the argument."
katturaigal/ahimsavilasam.md,tamil_to_english,அகிம்சா விலாசம்,"Ironic name for Congress rule while it practises violent repression",Abode of Nonviolence,satirical_institution_name,approved,"Quoted consistently to preserve the central irony."
katturaigal/ahimsavilasam.md,tamil_to_english,மஞ்சள் பெட்டி,"Congress-associated ballot box in the election system then in use",yellow ballot box,historical_election_term,approved,"Rendered literally; context identifies it with Congress electoral rule."
katturaigal/ahimsavilasam.md,tamil_to_english,மஞ்சள் பெட்டி தாலியறுத்தது,"Congress rule betrayed and devastated those who trusted it",the yellow box severed the marriage pendant,political_metaphor,approved,"The culturally specific image of catastrophic marital severance is retained rather than flattened."
katturaigal/ahimsavilasam.md,tamil_to_english,காவற் கைதிகள்,"People detained preventively for political reasons",security prisoners,historical_legal_term,approved,"Matches the article's distinction between detention and ordinary criminal conviction."
katturaigal/ahimsavilasam.md,tamil_to_english,மூக்கறுபட்டனர்,"Congress leaders publicly humiliated by electoral defeat",had their noses cut,idiom,approved,"Literal image retained because the article repeats it as a taunt."
katturaigal/alagarsamy_kudumba.md,tamil_to_english,நகைச்சுவை அரசர்,"Honorific used for actor and social benefactor N. S. Krishnan",King of Comedy,honorific,approved,"Capitalized and retained consistently as his public epithet."
katturaigal/alagarsamy_kudumba.md,tamil_to_english,மறத்தமிழன்,"Tamil valor and martial public spirit invoked in praising the benefit",valorous Tamil,cultural_honorific,approved,"Distinguished from a merely literal caste or warrior label by the article's praise context."
katturaigal/alagarsamy_kudumba.md,tamil_to_english,வில்லுப்பாட்டு,"Narrative musical performance using a large bow as percussion",villuppattu,performance_form,approved,"Transliterated because the following sentence explains how the bow is played."
katturaigal/alagarsamy_kudumba.md,tamil_to_english,கிந்தனார் கதைப் பொழுதுபோக்கு,"N. S. Krishnan's satirical story-performance",The Story of Kindanar,work_title,approved,"Proper title transliterated; generic performance wording rendered naturally."
katturaigal/alladugirar.md,tamil_to_english,அல்லாடியார் அல்லாடுகிறார்,"Pun joining Sir Alladi's surname with the verb for struggling helplessly",Alladi struggles,name_pun,approved,"The compact English title retains the repeated name and action, though not the full Tamil sound-play."
katturaigal/alladugirar.md,tamil_to_english,பிரிவினை வழக்கு,"Partition of India framed as a Hindu joint-family property action",partition suit,extended_legal_metaphor,approved,"Legal vocabulary is sustained throughout the article rather than generalized to political separation."
katturaigal/alladugirar.md,tamil_to_english,பாத்தியதை,"Legally enforceable share or title in joint property",right / entitlement,legal_term,approved,"Rendered according to sentence-level function; denotes proprietary standing, not mere moral interest."
katturaigal/alladugirar.md,tamil_to_english,அக்கிரகாரம் / சேரி,"Spatial caste separation between Brahmin settlement and oppressed-caste quarter",agraharam / segregated cheri,caste_geography,approved,"Tamil terms retained with concise contextual glosses to preserve the contrast."
katturaigal/alladugirar.md,tamil_to_english,சாறு / சக்கை,"One group consumes the valuable juice and leaves exhausted residue to others",juice / refuse,political_metaphor,approved,"Literal paired image retained within the critique of nominal common ownership."
katturaigal/aathiramum.md,tamil_to_english,ஆத்திரமும் ஆயாசமும்,"Two reactions Anna asks followers to avoid after Periyar's denunciation",anger and weariness,paired_emotional_terms,approved,"Ayasam here denotes discouragement or exhausted despondency, not merely physical fatigue."
katturaigal/aathiramum.md,tamil_to_english,ஆதீனங்களின் ஆதரவே இல்லாத பண்டாரங்கள்,"Independent mendicants used as an analogy for living without institutional patronage",mendicants without the support of any religious endowment,religious_institutional_metaphor,approved,"Expanded slightly so the analogy remains intelligible in English."
katturaigal/aathiramum.md,tamil_to_english,திராவிடக் கூட்டாட்சி,"Proposed federation involving Tamil, Andhra, Kerala and Karnataka leadership",Dravidian federation,political_programme,approved,"Rendered as federation rather than generic alliance because the source uses a governmental formation term."
katturaigal/aathiramum.md,tamil_to_english,களம் செல்லும் வாள் / வீட்டுத் தோட்டத்து வாழை,"Power meant for major political struggle wasted upon a weak internal target",battlefield sword / garden banana plant,extended_metaphor,approved,"The full contrast is preserved in the body translation."
katturaigal/aathiramum.md,tamil_to_english,இருப்புப் பிடிபோன்ற அரசியல்,"A constricting political order being fashioned for the subcontinent",political order like an iron grip,political_metaphor,provisional,"Literal image retained; exact nuance of 'iruppu pidi' may merit later lexical review."
katturaigal/aen_azhamattar.md,tamil_to_english,பெரிய புராணம்,"Sekkizhar's hagiography of the sixty-three Saivite Nayanars",Periyapuranam,work_title,approved,"Transliterated as the established title and italicized."
katturaigal/aen_azhamattar.md,tamil_to_english,படமாடும் கோயில் / நடமாடும் கோயில்,"Tirumular's contrast between the temple image and living human beings",temple of images / walking temple,religious_social_metaphor,approved,"The paired metaphor is translated consistently in the argument about feeding hungry people."
katturaigal/aen_azhamattar.md,tamil_to_english,சிவசொத்து,"Paddy formally dedicated to temple worship and treated as Siva's property",Siva's property,religious_legal_term,approved,"Literal rendering preserves the reason given for Kotpuli's violence."
katturaigal/aen_azhamattar.md,tamil_to_english,சிவப்பேறு,"Salvation or divine beatitude granted by Siva",salvation,religious_term,approved,"Rendered by function in the sarcastic discussion of the king and Seruthunai."
katturaigal/aen_azhamattar.md,tamil_to_english,புராணச் சுழல்,"Religious hagiography imagined as a whirlpool trapping intellect",puranic whirlpool,closing_metaphor,approved,"Preserves the image that completes the article's ironic reveal."
katturaigal/abethavetham.md,tamil_to_english,அபேதவாதம்,"Economic and political doctrine contrasted with caste-based social hierarchy",socialism,historical_political_term,approved,"Context concerns socialist revolution, class equality and seizure of political power; not generic non-difference."
katturaigal/abethavetham.md,tamil_to_english,சதுர்வர்ணீயம்,"Fourfold Brahmin-Kshatriya-Vaishya-Shudra social order",chaturvarna,caste_system_term,approved,"Established transliteration retained and defined by the source itself."
katturaigal/abethavetham.md,tamil_to_english,கொழுவை வாளாக மாற்றுதல்,"Cultivators denied the right to convert agricultural capacity into armed resistance",transform the ploughshare into a sword,political_metaphor,approved,"Preserves the article's contrast between compulsory cultivation and disarmament."
katturaigal/abethavetham.md,tamil_to_english,வகுப்புத் தீர்ப்பு,"British constitutional allocation of political representation to communities",Communal Award,historical_constitutional_term,approved,"Uses the established English name for the 1932 award."
katturaigal/abethavetham.md,tamil_to_english,கட்டாய வைதவ்யம்,"Social enforcement preventing widows from remarrying",enforced widowhood,social_reform_term,approved,"Distinguished from widowhood itself and paired with child marriage as family reform."
katturaigal/abethavetham.md,tamil_to_english,வாய்ப்பந்தல்,"Elaborate but empty verbal display concealing lack of action",pavilion of words,rhetorical_metaphor,approved,"Literal image retained with surrounding explanation."
katturaigal/adakkumurai_att.md,tamil_to_english,அடக்குமுறை அட்டவணை,"Accumulating itemized record of censorship and coercive state measures",schedule of repression,political_refrain,approved,"Used as both title and closing refrain."
katturaigal/adakkumurai_att.md,tamil_to_english,நன்னடத்தை ஜாமீன்,"Bond imposed to guarantee future conduct",security for good behaviour,historical_legal_term,approved,"Distinguished from monetary security demanded from publications."
katturaigal/adakkumurai_att.md,tamil_to_english,கறுப்புச் சட்டைப்படை,"Dravidar Kazhagam volunteer formation prohibited by government",Blackshirt Corps,organization_name,approved,"Established descriptive English rendering retained."
katturaigal/adakkumurai_att.md,tamil_to_english,கொல்லைப்புற வழி,"Indirect and dishonourable means of suppressing debate",backdoor method,political_idiom,approved,"Preserves the front-door/back-door contrast with open argument."
katturaigal/adakkumurai_att.md,tamil_to_english,தாரா சசாங்கம்,"Puranic story or drama concerning Tara and Chandra",story of Tara and Chandra,puranic_work_reference,provisional,"Expanded from the compact title because the source immediately describes its scene."
katturaigal/adakkumurai_att.md,tamil_to_english,ஆவுடையார்,"Pedestal or yoni associated with the Siva lingam",avudaiyar,religious_iconographic_term,approved,"Transliterated to avoid replacing the source's specific paired image with a generic term."
katturaigal/4-5-7-10.md,tamil_to_english,பர்ணசாலை,"Forest dwelling associated with Vedic sages",forest hermitage,religious_historical_term,approved,"Rendered by function rather than left as an unexplained Sanskrit-derived term."
katturaigal/4-5-7-10.md,tamil_to_english,புருஷோத்தமர்,"Supposed exemplary or supreme Aryan men, used sarcastically",paragons,satirical_honorific,approved,"Quotation context conveys the irony without expanding into theological exposition."
katturaigal/4-5-7-10.md,tamil_to_english,கன்னி / கனி,"Pun explaining Kunti's instruction that the five brothers share Draupadi",maiden / fruit,wordplay,approved,"Both English words are stated explicitly because the Tamil sound resemblance cannot be reproduced."
katturaigal/4-5-7-10.md,tamil_to_english,சாலோக சாமீப சாரூப சாயுச்யம்,"Four traditional modes or degrees of liberation",salokya samipya sarupya and sayujya,religious_philosophical_terms,approved,"Transliterated as a recognized sequence; the contrast with requesting a husband is central to the joke."
katturaigal/4-5-7-10.md,tamil_to_english,சுடலையாடி,"Siva characterized as one who dances in the cremation ground",dancer in the cremation ground,religious_epithet,approved,"Translated literally to retain the satirical tone."
katturaigal/4-5-7-10.md,tamil_to_english,பாம்புக்கடிக்குப் புலியின் பல்லில் மருந்து,"Attempting to cure one danger through something still more dangerous",seek a cure for snakebite in a tiger's fang,proverbial_metaphor,approved,"Literal vivid image retained."
katturaigal/aachariyarin_aarudam.md,tamil_to_english,ஆரூடம்,"Achariyar's forecast that Sanskrit will regain prestige",prediction / prophecy,title_refrain,approved,"Rendered according to context rather than as astrological divination."
katturaigal/aachariyarin_aarudam.md,tamil_to_english,பூதேவன்,"Brahmin represented in Sanskritic doctrine as a god upon earth",god upon earth,caste_religious_term,approved,"Expanded literal meaning preserves the article's criticism."
katturaigal/aachariyarin_aarudam.md,tamil_to_english,சுபாசுபங்கள்,"Auspicious and inauspicious occasions together",auspicious and inauspicious occasions,religious_ritual_term,approved,"Rendered as the complete paired concept in the quoted rule."
katturaigal/aachariyarin_aarudam.md,tamil_to_english,ஒரு பிறப்பாளர் / இரு பிறப்பாளர்,"Shudra contrasted with the twice-born Brahmin under Manu",once-born / twice-born,caste_doctrinal_terms,approved,"Literal doctrinal distinction retained."
katturaigal/aachariyarin_aarudam.md,tamil_to_english,கடைந்த வெண்ணெய் மோர் புகா,"What has separated and advanced cannot be forced back into its former state",churned butter will not return to buttermilk,proverb,approved,"Literal proverb retained and made grammatical in English."
katturaigal/aachariyarin_aarudam.md,tamil_to_english,மருத்துவம் / ஆரூடம்,"Madhava Menon's administrative remedy paired with Achariyar's forecast",medicine / prediction,closing_wordplay,approved,"Preserves the paired diagnosis-and-prophecy metaphor in the conclusion."
katturaigal/aal_thaedu.md,tamil_to_english,ஆள் தேடு படலம்,"Mock-epic phase in the opponent's search for a wealthy party leader",The Search for a Leader: A Canto,title_wordplay,approved,"'Aal' is interpreted as leader from the recurring vacancy and party context."
katturaigal/aal_thaedu.md,tamil_to_english,வேதாளம் முருங்கை மரமேறியது,"Return to an old and troublesome disposition",the phantom returned to climb the drumstick tree,proverb,approved,"Literal proverbial image retained with enough context to show recurrence."
katturaigal/aal_thaedu.md,tamil_to_english,கட்டளைக் கலித்துறை,"Classical Tamil metrical form invoked for a comically servile slogan",kattalai kalithurai,poetic_form,approved,"Transliterated because replacing it with generic 'verse' would lose the literary joke."
katturaigal/aal_thaedu.md,tamil_to_english,நான்மணிமாலை,"Four claims mocked as a four-gem poetic garland",four-jewelled garland,literary_metaphor,approved,"Preserves the ornate mismatch between form and accusation."
katturaigal/aal_thaedu.md,tamil_to_english,ஆள்வோரிடம் சாடி கூறு படலம்,"Phase of informing the authorities against political associates",Canto of Carrying Tales to the Rulers,mock_epic_canto,approved,"Idiomatic rather than literal rendering of hostile informing."
katturaigal/aal_thaedu.md,tamil_to_english,ஆள் அம்பு செலவு,"Expense of maintaining personnel and a following",expenses of personnel and followers,organizational_idiom,provisional,"The paired idiom denotes human resources and retinue rather than literal weapons."
katturaigal/aasai_vetkam.md,tamil_to_english,ஆசை வெட்கம் அறியாது,"Self-interested desire makes ministers plead without regard for past conduct",desire knows no shame,title_proverb,approved,"Compact proverb retained as title and concluding judgment."
katturaigal/aasai_vetkam.md,tamil_to_english,இராஜதந்திரம்,"Manipulation of buried popular desire to establish autocratic power",statecraft,political_term,approved,"Quotation marks and context preserve the source's sceptical use."
katturaigal/aasai_vetkam.md,tamil_to_english,செந்நீர்,"Enemies' blood contrasted with a wife's tears",red blood,poetic_euphemism,approved,"Expanded slightly to preserve the violent colour image."
katturaigal/aasai_vetkam.md,tamil_to_english,திருவடி பணியும் கட்டம்,"Election phase in which formerly arrogant ministers prostrate before voters",phase of prostrating at the sacred feet,electoral_satire,approved,"Devotional metaphor retained because it recurs in the ministers' mock hymn."
katturaigal/aasai_vetkam.md,tamil_to_english,சோரம் போதல்,"Marital infidelity used as an analogy for political betrayal",be unfaithful,sexual_political_metaphor,approved,"Rendered directly while keeping the speech attributed to the hypothetical wife and ministers."
katturaigal/aasai_vetkam.md,tamil_to_english,நாக்கு நர்த்தனம்,"Opportunistic shifts among unity and gratitude slogans",dances of the tongue,rhetorical_metaphor,approved,"Literal dancing image retained in the closing paragraph."
katturaigal/aen_intha_acham.md,tamil_to_english,தேசிய மடம்,"Congress nationalism represented satirically as a devotional institution",national monastery,political_satire,approved,"Retains the sustained monastery, deity, devotee, and offering metaphor."
katturaigal/aen_intha_acham.md,tamil_to_english,தம் பிரான்கள்,"Congress leaders figured as presiding devotional figures",presiding deities,political_satire,approved,"Rendered within the article's religious metaphor rather than literally as masters."
katturaigal/aen_intha_acham.md,tamil_to_english,சுகராஜ்யம்,"Self-serving comfort for the ruling party contrasted with swaraj for everyone",comfortable rule,wordplay,approved,"Preserves the contrast with சுயராஜ்யம் without inventing an English proper noun."
katturaigal/aen_intha_acham.md,tamil_to_english,காவியுடையிலும் காமிகள்,"Hypocritical sensualists concealed by ascetic clothing",libertines may wander even in saffron robes,proverbial_image,approved,"The three-part warning about robe, water-pot, and folded hands is retained."
katturaigal/aaduraattey.md,tamil_to_english,ஆடு ராட்டே,"Imperative refrain addressing the domestic spinning wheel",Spin O spinning wheel,political_refrain,approved,"The repeated sound and Gandhian spinning-wheel reference are retained."
katturaigal/aaduraattey.md,tamil_to_english,வடநாட்டில் ஆலை இங்கு ராட்டை,"Industrial mills promoted in the North while hand-spinning is prescribed for Tamil Nadu",Mills in the North; spinning wheels here,political_contrast,approved,"Keeps the compact concluding antithesis."
katturaigal/aamai_vaegam.md,tamil_to_english,ஆமை வேகம்,"Extremely slow administrative progress",a tortoise's pace,title_idiom,approved,"Natural English idiom preserves the satirical title."
katturaigal/aaruthal_kooru.md,tamil_to_english,அரசாங்க விருந்தாளி,"Imprisonment anticipated during the anti-Hindi agitation",guest of the government,political_euphemism,approved,"The source's ironic euphemism is retained, contrasted with nature's permanent guest."
katturaigal/nangu_naatkal.md,tamil_to_english,கழகக் காளையர்,"Energetic young male cadres gathered at the conference",young bulls of the Kazhagam,political_metaphor,approved,"The source's animal image of strength and youth is retained."
katturaigal/nangu_naatkal.md,tamil_to_english,கல் சுமந்த கசடரின் பரம்பரையினர்,"Polemic historical allusion applied to contemporary rulers",descendants of the degraded men who carried stones,historical_allusion,provisional,"Kept close to the Tamil because the precise invoked episode is not identified in the OCR context."
katturaigal/meenambur.md,tamil_to_english,தறுதலை ஆட்டம் போடுவது,"Reckless and uncontrolled use of state force",running amok,political_idiom,approved,"Natural English preserves the condemnation of disproportionate enforcement."
katturaigal/meenambur.md,tamil_to_english,ஒரு துப்பாக்கி ஆகாயத்தைப் பார்த்து அலறினால்,"A warning shot proposed as sufficient to disperse villagers",one gun roaring into the sky,rhetorical_image,approved,"Retains the personified sound-image rather than flattening it to 'warning shot'."
katturaigal/paanjalasabai.md,tamil_to_english,பாஞ்சால சபதம்,"Wordplay linking Panchali's mythic vow with a political vow in Punjab",the Punjab vow,title_wordplay,approved,"The explanatory opening preserves both meanings that cannot coexist in one natural English title."
katturaigal/paanjalasabai.md,tamil_to_english,பதவியிலே ஒரு பசை,"Office holds its occupants through attachment to power",office contains an adhesive,political_metaphor,approved,"Literal adhesive image retained because the following sentence develops it."
katturaigal/paanjalasabai.md,tamil_to_english,இஜத்,"Urdu/Hindustani concept of honour and self-respect",izzat,loanword,approved,"Source itself glosses the term as self-respect; transliteration retained with the gloss."
katturaigal/paanjalasabai.md,tamil_to_english,தலையாட்டித் தம்பிரான்,"A leader who merely nods in obedience to others",nodding puppet,political_idiom,approved,"Rendered idiomatically while preserving the accusation of subservience."
katturaigal/vetkama.md,tamil_to_english,மாற்றாந்தாயிடம் வளரும் மகவு,"The Madras Presidency neglected by the central government",a child raised by a stepmother,political_metaphor,approved,"Literal familial metaphor retained."
katturaigal/vetkama.md,tamil_to_english,இரும்பையும் நிலக்கரியையும் தூங்க வைத்துவிட்டு தரித்திரத்தை ஆட விடுதல்,"Natural resources left unused while poverty flourishes",leaving iron and coal asleep while allowing poverty to dance,rhetorical_image,approved,"Personification and the sleep/dance contrast are preserved."
katturaigal/arappor_thodangi.md,tamil_to_english,அறப்போர்,"Nonviolent principled campaign against compulsory Hindi",moral struggle,movement_term,approved,"Distinguishes the campaign from armed war while retaining its ethical force."
katturaigal/arappor_thodangi.md,tamil_to_english,மறியல்,"Peaceful obstruction or demonstration before the school",picketing,movement_term,approved,"Historically appropriate English for the organized action described."
katturaigal/arappor_thodangi.md,tamil_to_english,படைத்தலைவர்,"Operational leader of the volunteer formation",field commander,movement_metaphor,approved,"Retains the campaign's military organizational imagery without implying armed action."
katturaigal/panditharukku_vaendu.md,tamil_to_english,எண்ணிக்கையைக் கொண்டு கணக்கிடும் சிறுபான்மை,"A numerical minority contrasted with opposition from an entire geographic region",minority calculated merely by numbers,constitutional_argument,approved,"Keeps the appeal's distinction between population count and regional consent."
katturaigal/panditharukku_vaendu.md,tamil_to_english,நல்லறிவாளர்கள்,"Respected public figures acting with civic judgement",public-spirited signatories,collective_description,approved,"Rendered by function in the appeal rather than literally as merely knowledgeable people."
katturaigal/manavar_thanthai.md,tamil_to_english,மாணவருலகு சிந்தனைத் தந்தை,"Educator who intellectually guided generations of students",father of thought to the student world,memorial_epithet,approved,"Retains the paternal and intellectual dimensions that also resolve the title."
katturaigal/manavar_thanthai.md,tamil_to_english,வெட்டுக்கிளியல்ல மேகங்களைக் கிழித்துச் சென்று வானவளையத்தை முத்தமிட்ட வள்ளல்,"Contrasts a low-flying insect with expansive intellectual aspiration",no mere grasshopper but a generous spirit who cut through the clouds and kissed the arc of the sky,poetic_contrast,approved,"The elevated memorial imagery is preserved rather than summarized."
katturaigal/manavar_thanthai.md,tamil_to_english,வைதிகபுரியின் சீற்றம்,"Hostility from orthodox religious interests toward rationalist work",the fury of orthodoxy,political_metaphor,approved,"Rendered as an institutional force rather than a literal place-name."
katturaigal/namathu_paathai.md,tamil_to_english,மழலை மொழி,"A political slogan presented as the young movement's developing voice",infant cry,movement_metaphor,approved,"Retains the source's image of early but persistent growth."
katturaigal/namathu_paathai.md,tamil_to_english,இந்தக் கணக்குதான் நமக்கு முக்கியம்,"Measuring progress by converting opponents rather than retaliating against them",this is the arithmetic that matters to us,organizational_metaphor,approved,"Literal arithmetic framing retained."
katturaigal/namathu_paathai.md,tamil_to_english,கழகக் காளையர்,"Energetic young cadres committed to organizational work",young Kazhagam workers,movement_metaphor,approved,"Rendered functionally here to avoid awkward repetition while retaining youth and vigour in the surrounding adjective."
katturaigal/vazhvu_oru.md,tamil_to_english,தெப்பக்கட்டை,"Ordinary floating timber that saves an exhausted swimmer",piece of floating timber,rescue_image,approved,"Distinguished from the later ornamental golden raft to preserve the value contrast."
katturaigal/vazhvu_oru.md,tamil_to_english,உறுபசியும் ஓவாப் பிணியும் செறுபகையும் சேரா தியல்வது நாடு,"Thirukkural definition of a country free from severe hunger disease and hostile incursion",A country is that where consuming hunger unceasing disease and invading enemies do not gather,classical_quotation,approved,"Translated semantically and formatted as a quotation without silently altering the Tamil source."
katturaigal/vazhvu_oru.md,tamil_to_english,ஒருநாள் திருநாள் மற்றைய நாட்கள் திகைப்புத் தந்திடும் நாட்கள்,"A festival offers only temporary relief while ordinary life remains insecure",one day is a festival and all the others bring bewilderment,social_contrast,approved,"Preserves the contrast that drives the title and conclusion."
katturaigal/vazhvu_oru.md,tamil_to_english,உதய சூரியன் எழுகிறது நல்லரசு அமைகிறது,"Political song linking the rising-sun emblem with the formation of good government",The rising sun ascends; good government is formed,movement_refrain,approved,"Retains both emblematic and governmental meanings."
katturaigal/ninaivu_nilai.md,tamil_to_english,சருகு தளிர் ஆவது போல,"An elderly mother visibly revived by news of movement victories",like a dry leaf turning into a fresh shoot,renewal_metaphor,approved,"The source's transformation image is retained."
katturaigal/ninaivu_nilai.md,tamil_to_english,தாய்ச் செல்வம் / நிதி,"Wordplay between a mother as treasure and Karunanidhi's name",motherly treasure / Nidhi,personal_name_wordplay,approved,"The Tamil word is transliterated and immediately glossed so the naming joke remains intelligible."
katturaigal/ninaivu_nilai.md,tamil_to_english,குயில் பறந்துவிட்டது நாதம் நிலைத்திருக்கிறது,"Death contrasted with the continuing influence of the departed",The cuckoo has flown away; its music endures,memorial_image,approved,"Parallel closing image retained with the flower and fragrance lines."
katturaigal/gangai_karayil.md,tamil_to_english,முலாமில்லாத மதம்,"Religion without ornamental coating or artificial embellishment",unadorned religion,cultural_metaphor,approved,"Rendered by the contrast with elaborate mythic imaginings."
katturaigal/gangai_karayil.md,tamil_to_english,ஆஸ்திக நாஸ்திக சம்வாத ரூபம்,"Reframing a cultural and social struggle as a theology debate",the form of a dispute between theism and atheism,polemical_term,approved,"Preserves the source's Sanskrit-derived political phrasing in natural English."
katturaigal/gangai_karayil.md,tamil_to_english,பூதேவர் பூசுரர் ஆண்டவரின் தரகர்,"Privileged caste represented as earthly gods and intermediaries",earthly gods divine intermediaries and brokers of the Lord,caste_polemic,approved,"The accumulating satirical titles are retained."
katturaigal/gangai_karayil.md,tamil_to_english,மனிதத்தன்மையை மிருகத்தனமாக்கியது,"Humanity degraded into brutality by oppressive social practice",transformed humanity into brutality,closing_antithesis,approved,"Preserves the compact humanity/brutality word contrast."
katturaigal/muthal_thaakku.md,tamil_to_english,கோடரிக் காம்பு,"A member of a group accused of becoming the instrument that destroys it",handle of the axe,proverbial_metaphor,approved,"Literal image retained and briefly completed by the following English clause."
katturaigal/muthal_thaakku.md,tamil_to_english,உடன்கட்டை ஏறுதல்,"Widow immolation on a husband's funeral pyre",widow burning / sati,historical_practice,approved,"Both explanatory English and the source's established name are used."
katturaigal/muthal_thaakku.md,tamil_to_english,சூறாவளிப் பிரச்சாரம்,"Intense travelling campaign across the country",whirlwind campaign,movement_metaphor,approved,"Natural English retains the force and speed image."
katturaigal/muthal_thaakku.md,tamil_to_english,குருட்டுக் கோட்பாடுகள் நிறைந்த கோட்டை,"Entrenched religious doctrine resistant to reform",fortress filled with blind doctrines,closing_metaphor,approved,"Preserves the military image that supports the title First Assault."
katturaigal/ethanum_pithanum.md,tamil_to_english,எத்தன்,"A cunning exploiter who accepts everything and refuses even subsistence to the giver",cheat,title_character,approved,"Chosen over trickster because the satire stresses exploitative dishonesty."
katturaigal/ethanum_pithanum.md,tamil_to_english,அடிமை முறிச்சீட்டு,"Formal surrender of provincial rights to the centre",bond of slavery,political_metaphor,approved,"Retains the contractual image."
katturaigal/ethanum_pithanum.md,tamil_to_english,பவதி பிக்ஷாம் தேஹி,"Sanskrit formula spoken by a mendicant asking a woman of the house for alms",Bhavati bhiksham dehi; Lady give me alms,Sanskrit_formula,approved,"Transliteration and immediate gloss preserve the satire."
katturaigal/ethanum_pithanum.md,tamil_to_english,உமியைக் கொடுப்பேன் நீ அவலைக் கொண்டு வா,"Impossible or exploitative partnership in a children's tale",I shall supply the chaff; you bring the flattened rice,folk_tale,approved,"Literal food contrast retained and explained by the surrounding cooperation analogy."
katturaigal/viduthalaiyanar.md,tamil_to_english,சாதிச் சனி,"Caste personified as a malignant affliction",the curse of caste,political_personification,approved,"Natural English preserves the hostile force of the source."
katturaigal/viduthalaiyanar.md,tamil_to_english,கண்ணீர்த் துளிகள்,"Periyar's disparaging label for the DMK and its members",drops of tears,political_epithet,approved,"Literal phrase retained in quotation marks as an attributed insult."
katturaigal/viduthalaiyanar.md,tamil_to_english,கூண்டு திறக்கப்பட்டு,"Release from prison represented as opening a cage",the cage has opened,release_metaphor,approved,"Retains the transition into Periyar's renewed public procession."
katturaigal/satta_maruppum.md,tamil_to_english,சாஸ்திர மறுப்பு,"Deliberate refusal of scriptural authority used to sanction caste hierarchy",rejection of the shastras,political_religious_term,approved,"Shastras is retained because generic scripture would lose the institution targeted by the essay."
katturaigal/satta_maruppum.md,tamil_to_english,பூதேவர்,"Honorific theological status attributed sarcastically to the orthodox Brahmin","god on earth",religious_epithet,approved,"Quoted English preserves the essay's contrast between a political leader and sacral authority."
katturaigal/satta_maruppum.md,tamil_to_english,அர்த்த மண்டபம்,"Temple hall immediately before the sanctum in the cited access ruling",ardha-mandapa,temple_architecture,approved,"Transliteration avoids equating it with an ordinary hall."
katturaigal/satta_maruppum.md,tamil_to_english,அக்ரகாரம்,"Residential street or quarter historically occupied by Brahmins",agraharam,social_geography,approved,"The historically specific Tamil and Sanskrit-derived institution is transliterated."
katturaigal/paranthathu.md,tamil_to_english,பூசுரத் தலைவன்,"Poetic and sarcastic epithet for the Brahmin political leader addressed by the dove",leader of the Brahmins,political_epithet,approved,"Uses the referential force rather than the literal god-on-earth compound in the verse."
katturaigal/paranthathu.md,tamil_to_english,செல்லரிச்சுவடி,"Old manuscript represented as eaten through by bookworms",worm-eaten manuscript,political_metaphor,approved,"Preserves the attack on obsolete scriptural authority."
katturaigal/paranthathu.md,tamil_to_english,புறாவே புதுத்திறப் பாவே,"Apostrophe making the messenger dove itself a poem of renewed strength",Dove poem of new strength,poetic_apostrophe,approved,"Keeps the dove-poem identification while allowing idiomatic English lineation."
katturaigal/paranthathu.md,tamil_to_english,சாரங்கதரன்,"Prince from the Sarangadhara narrative invoked as a dove-messenger precedent",Sarangadharan,literary_reference,approved,"Tamil personal-name form is transliterated; the surrounding lines explain the allusion."
katturaigal/kalanjiam_kaana.md,tamil_to_english,களஞ்சியம்,"Title image for fertile Thanjavur as a storehouse of grain",granary,regional_metaphor,approved,"Carries both literal agricultural abundance and the district's familiar epithet."
katturaigal/kalanjiam_kaana.md,tamil_to_english,நன்செய்நாடு,"Well-irrigated wet-crop country describing Thanjavur",fertile country,agricultural_term,approved,"Natural English preserves the cultivated-land contrast without cumbersome technical phrasing."
katturaigal/kalanjiam_kaana.md,tamil_to_english,வெண்சாமரம் தேடிகள்,"People seeking ceremonial emblems and privileges associated with rulers",seekers of white fly-whisks,political_image,approved,"Literal image is retained and explained in the translator note."
katturaigal/kalanjiam_kaana.md,tamil_to_english,சங்கடந் தீர்ந்தின்பமுற,"Elevated quoted expression for release from suffering into well-being",distress may end and happiness be attained,quoted_register,approved,"Preserves the quotation and its formal cadence."
katturaigal/thudaithukolga.md,tamil_to_english,இதுகள்,"Contemptuous Tamil neuter plural used by opponents to dehumanise Dravidian advocates",these things,political_insult,approved,"Literal grammatical force is essential to the article's satire."
katturaigal/thudaithukolga.md,tamil_to_english,கர்மவீரர்,"Ironically elevated label for nationalist activists claiming to defend Tamil",valiant men of action,political_epithet,approved,"Avoids importing a narrow religious meaning while retaining the mock praise."
katturaigal/thudaithukolga.md,tamil_to_english,ஏசல் பாணம்,"Abusive rhetoric imagined as an arrow readied for battle",arrow of abuse,rhetorical_metaphor,approved,"Retains the martial satire."
katturaigal/thudaithukolga.md,tamil_to_english,சந்துமுனைச் சிந்து,"Popular chindu verse imagined as assistance for street-corner denunciation",street-corner chindu,poetic_form,approved,"Genre name is retained and locally glossed by street-corner."
katturaigal/thudaithukolga.md,tamil_to_english,அச்சுக் கோப்போய்,"Direct address to the compositor who sets metal type",O typesetter,printing_term,approved,"The closing joke depends on the production of printed invective."
katturaigal/kazhaga_nilai.md,tamil_to_english,கழகம்,"Historically specific movement organization in the 1949 leadership dispute",Kazhagam,organization_name,approved,"Retained rather than flattened to association; context identifies the movement."
katturaigal/kazhaga_nilai.md,tamil_to_english,வெள்ளிடை மலை,"Something unmistakably evident like a mountain visible in open daylight",plain as a mountain in broad daylight,idiom,approved,"Preserves the source's visual force."
katturaigal/kazhaga_nilai.md,tamil_to_english,மூலநாடி,"Principal artery sustaining the organization's life",vital artery,body_metaphor,approved,"Continues the article's nerves blood and flesh metaphor for volunteers."
katturaigal/kazhaga_nilai.md,tamil_to_english,விடிவெள்ளி,"Morning star used as an image of imminent organizational renewal",morning star,renewal_metaphor,approved,"Literal image retained at both occurrences."
katturaigal/enathu_vaendugol.md,tamil_to_english,தூபமிடுதல்,"Literally offering incense; figuratively feeding anger and factional excitement",fanning the flames,political_idiom,approved,"Natural English preserves the repeated image's function."
katturaigal/enathu_vaendugol.md,tamil_to_english,ஆரூடம் கணித்தல்,"Speculative prediction directed at Annadurai's supposed leadership ambitions",predicting my future,idiom,approved,"Avoids the awkward literal prediction of my prophecy."
katturaigal/enathu_vaendugol.md,tamil_to_english,சந்தி சிரிக்க வைத்தல்,"Causing a dispute to become a matter of public street ridicule",make us the laughing-stock of the street,idiom,approved,"Retains the public-space image while making the idiom intelligible."
katturaigal/enathu_vaendugol.md,tamil_to_english,அன்பன்,"Affectionate sign-off before the author's name",Yours affectionately,letter_signoff,approved,"Matches the appeal's direct epistolary address to comrades."
katturaigal/veerar_chidambara.md,tamil_to_english,தீவாந்திரத் தண்டனை,"Colonial penal sentence involving removal or transportation away from the mainland",transportation,legal_historical_term,approved,"Uses the established period English penal term without expanding the source's factual claim."
katturaigal/veerar_chidambara.md,tamil_to_english,ஆணிவேர்,"Root that anchors and sustains a system used for British commercial dominance",taproot,political_metaphor,approved,"Preserves the botanical force more strongly than foundation."
katturaigal/veerar_chidambara.md,tamil_to_english,குடும்பமாகிய கப்பல்,"V.O.C.'s family imagined as a second vessel unable to find shore",ship that is his family,extended_metaphor,approved,"Maintains the contrast with the namesake vessel sailing successfully."
katturaigal/veerar_chidambara.md,tamil_to_english,செய்ந்நன்றி கொல்லாமை,"Tamil ethical virtue of not destroying or forgetting gratitude for a benefit",never forgetting a benefit received,ethical_idiom,approved,"Meaning is made explicit while retaining its identification as a Tamil virtue."
katturaigal/thennattu_poar.md,tamil_to_english,தென்னாட்டுப் போர்க்களங்கள்,"Title of K. Appadurai's historical survey of warfare in the South",Battlefields of South India,book_title,approved,"South India is natural in the title while the text continues to foreground Tamil history."
katturaigal/thennattu_poar.md,tamil_to_english,அகம் புறம்,"Classical corpus categories invoked as repositories of historical fragments",Akam and Puram,classical_literature,approved,"Transliterated as collection or category names rather than reduced to interior and exterior."
katturaigal/thennattu_poar.md,tamil_to_english,வானவிளிப்பு,"One of four opening subdivision titles in Appadurai's book; exact editorial sense requires source-book confirmation",Call of the Heavens,section_title,review,"Conservative provisional rendering; retain for comparison with the published book."
katturaigal/thennattu_poar.md,tamil_to_english,அறப்போர்க்களங்கள்,"Sites or episodes of principled and nonviolent political struggle after the Marudhu Pandiyars",battlefields of nonviolent struggle,political_historical_term,approved,"Distinguishes later civil resistance from the military battles surveyed earlier."
katturaigal/arivukovvathathu.md,tamil_to_english,அறிவுக்கொவ்வாததை,"That which does not accord with reason or intellectual judgment",the unreasonable,title_concept,approved,"Concise English title preserves the rationalist criterion."
katturaigal/arivukovvathathu.md,tamil_to_english,சமதர்மம்,"Singaravelar's socialist or egalitarian political standpoint",socialism,political_term,approved,"Context supports socialism rather than generic equality."
katturaigal/arivukovvathathu.md,tamil_to_english,சேற்றில் நட்ட கம்பம்,"Unreliable support used in a comparison with trusting Gandhi",post planted in mud,political_simile,approved,"Literal image retained and clarified by the climb-ashore context."
katturaigal/arivukovvathathu.md,tamil_to_english,ஆடு நனைகிறதேன்று ஓனாய் குந்தி அழுகிறது,"Proverb exposing predatory or hypocritical concern",the wolf sits and weeps because the goat is getting wet,proverb,approved,"Literal rendering keeps the source's memorable accusation."
katturaigal/arivukovvathathu.md,tamil_to_english,வாய்க்கரிசி,"Ritual handful of rice associated with death and funeral observance",ritual handful of rice at death,ritual_term,approved,"Contextual gloss avoids treating it as ordinary food."
katturaigal/thatha_katta.md,tamil_to_english,தாலி,"Marriage pendant tied by the groom in the wedding rite",thali,marriage_custom,approved,"Retained because wedding pendant alone would lose the title's culturally specific act of tying."
katturaigal/thatha_katta.md,tamil_to_english,கூடாமணம்,"Marriage condemned in context as grossly age-disparate coercive and socially harmful",improper marriage,social_reform_term,approved,"Consistent rendering retains the editorial's evaluative force."
katturaigal/thatha_katta.md,tamil_to_english,மயிலே மயிலே இறகுபோடு,"Proverbial image for the futility of coaxing a wrongdoer to yield voluntarily","Peacock peacock give me a feather",proverb,approved,"Literal line and rhetorical question preserve the source's transition to direct intervention."
katturaigal/thatha_katta.md,tamil_to_english,மங்கல ஸ்நானம்,"Ceremonial bath before the wedding",auspicious bath,ritual_term,approved,"Natural gloss preserves its ceremonial function."
katturaigal/thatha_katta.md,tamil_to_english,காரியம் மிஞ்சி விட்டது,"Situation has passed beyond the person's ability to reverse it",events had passed beyond his control,idiom,approved,"Fits the elder arriving after the bride had been removed and remarried."
katturaigal/moothavar.md,tamil_to_english,வாழ்க,"Tamil benediction carrying both may you live and may you flourish",Vazhga; may you live and flourish,cultural_keyword,approved,"Retained and glossed because the entire essay reflects on the word's sound and ethic."
katturaigal/moothavar.md,tamil_to_english,கர்த்தபம்,"Elevated or Sanskrit-derived term for donkey used in satirical contrast with the lion",donkey,animal_metaphor,approved,"Plain English allows the political contrast to land without unnecessary obscurity."
katturaigal/moothavar.md,tamil_to_english,ஆரணங்கு,"Beautiful or divine woman used for mother and personified earth",beautiful woman,poetic_term,approved,"Rendered by context in each passage rather than mechanically transliterated."
katturaigal/moothavar.md,tamil_to_english,இலம்,"State of want or poverty in literary allusion to the laughing Earth",poverty,literary_allusion,approved,"The surrounding abundance imagery establishes the intended contrast."
katturaigal/moothavar.md,tamil_to_english,அலைக்கரம்,"Wave personified as the sea-maiden's embracing arm",wave-like arms,personification,approved,"Retains the transition from pearl to kiss and from danger to embrace."
katturaigal/moothavar.md,tamil_to_english,விலங்கொடித்து,"Breaking a restraint or fetter in the call for Tamil liberation",break our fetters,liberation_metaphor,approved,"Context rules out an animal sense."
katturaigal/nalla_yosanai.md,tamil_to_english,புதைபொருள்,"Natural substances buried underground and available for extraction",mineral resources,economic_term,approved,"Rendered by function rather than literally as buried objects."
katturaigal/nalla_yosanai.md,tamil_to_english,பொருளாதார ஏகபோக மிராசு,"Exclusive commercial dominion exercised by one company",economic monopoly,economic_term,approved,"`மிராசு` conveys entrenched proprietary control in this polemical compound."
katturaigal/nalla_yosanai.md,tamil_to_english,தொழில் அரசர்கள்,"Owners of dominant industrial combines portrayed as rulers",industrial rulers,political_metaphor,approved,"Preserves the article's fusion of commercial and political power."
katturaigal/nalla_yosanai.md,tamil_to_english,தொகுதி,"Constitutional grouping of provinces in the article's 1946 setting",Group C,historical_term,needs_review,"The source OCR prints `4`; scan or constitutional context should be checked before treating the letter designation as definitive."
katturaigal/anthanalukkaga.md,tamil_to_english,வடவேங்கடம் தென்குமரி,"Classical formula identifying Tamilakam between Venkata and Kumari","from northern Venkata to southern Kumari",literary_allusion,approved,"Expanded minimally to make the boundary formula intelligible in English."
katturaigal/anthanalukkaga.md,tamil_to_english,தனியரசுரிமை,"Claim to independent or sovereign self-government",sovereign right to govern itself,political_term,approved,"Chosen to preserve both autonomy and governmental authority in context."
katturaigal/anthanalukkaga.md,tamil_to_english,பண அரசு,"Rule founded upon money and commercial power",rule of wealth,political_metaphor,approved,"The phrase belongs to the critique of North Indian economic imperialism."
katturaigal/anthanalukkaga.md,tamil_to_english,ஒன்றே குலம் ஒருவனே தேவன்,"Formula asserting one human community and one God","one community, one God",political_religious_formula,approved,"Community avoids importing hereditary caste into the inclusive first term."
katturaigal/vazhakkumandrathil.md,tamil_to_english,வாளா இருந்தன,"Remained inactive while witnessing the event",stood idly,idiom,approved,"Captures the accusation that the piglets failed to intervene."
katturaigal/vazhakkumandrathil.md,tamil_to_english,பெரியதனக்காரர்கள்,"Senior or eminent members humorously imagined within the bear community",elders,satirical_term,approved,"Keeps the lawyer's mock jurisdictional argument concise."
katturaigal/vazhakkumandrathil.md,tamil_to_english,உயர்ந்தரகப் பொழுதுபோக்குகள்,"Cultivated or sophisticated means of recreation",sophisticated forms of entertainment,cultural_term,approved,"Preserves the contrast with the author's description of uncivilized minds."
katturaigal/thiruvangur_thivan.md,tamil_to_english,ஆரியப்பித்தம்,"Polemic describing obsessive attachment to Aryan caste ideology",Aryan obsession,political_term,approved,"Madness would be more literal but would obscure the ideological target."
katturaigal/thiruvangur_thivan.md,tamil_to_english,பாத சேவை,"Service rendered at another's feet under caste hierarchy",service at their feet,caste_term,approved,"Preserves both the bodily image and structural subordination."
katturaigal/thiruvangur_thivan.md,tamil_to_english,அகக்கிடக்கை,"Underlying inward intention or motive",inner purpose,psychological_term,approved,"Used to deny that disparagement is Ambedkar's motive."
katturaigal/thiruvangur_thivan.md,tamil_to_english,குரங்குப்பிடி,"An obstinate grip that refuses to release",monkey's grip,idiom,approved,"Literal image is retained because the warning explains it through changing times."
katturaigal/thiruvangur_thivan.md,tamil_to_english,பிறப்பொக்கும் எல்லாவுயிர்க்கும்,"Tirukkural phrase asserting equality of birth among living beings",birth is common to all living beings,literary_allusion,approved,"Rendered as a principle while preserving its universal scope."
katturaigal/moodupani.md,tamil_to_english,முதலைப்பிடி,"An unyielding grip conventionally compared to a crocodile's bite",crocodile's grip,idiom,approved,"Literal image retains the polemical force."
katturaigal/moodupani.md,tamil_to_english,ஏகபோக மிராசு பாத்யதை,"Exclusive advantage treated as hereditary property or entitlement",monopolistic hereditary privilege,political_economic_term,approved,"Combines monopoly with the historical language of mirasi right."
katturaigal/moodupani.md,tamil_to_english,சொரணை,"Awakened sense of shame or self-regard",realization that it affronted self-respect,cultural_term,approved,"Expanded because no single English noun carries the source's emotional meaning."
katturaigal/moodupani.md,tamil_to_english,வேதியக் கூட்டம்,"Priestly or Brahminical group presented as exploiting labouring communities",priestly group,caste_term,approved,"Preserves function without overloading the sentence with transliteration."
katturaigal/moodupani.md,tamil_to_english,பணம் பாதாளம்வரை பாய்கிறது,"Proverb that money reaches even the deepest or inaccessible realm",money flows even into the underworld,proverb,approved,"Retains the source's parallel with Parliament."
katturaigal/avanum_manithan.md,tamil_to_english,கனம்,"Colonial-era honorific repeatedly applied to the minister",the Honourable,honorific,approved,"Preserves the article's increasingly ironic repetition."
katturaigal/avanum_manithan.md,tamil_to_english,இரந்தும் உயிர்வாழ்தல் வேண்டின்,"Tirukkural condemnation of a world in which begging is needed to live",if one must live by begging,literary_allusion,approved,"The accompanying curse upon the creator is retained."
katturaigal/avanum_manithan.md,tamil_to_english,இராம ராஜ்யம்,"Idealized righteous rule invoked ironically amid starvation",Ram Rajya,political_religious_term,approved,"Transliteration preserves the irony and period vocabulary."
katturaigal/avanum_manithan.md,tamil_to_english,முகாரி பாடுகிறார்,"Both singing the plaintive raga Mukhari and lamenting sorrowfully",sings in the plaintive raga Mukhari,musical_pun,approved,"The raga name and rhetorical mood are both made explicit."
katturaigal/avanum_manithan.md,tamil_to_english,அடாணா தொடங்கினாலொழிய நாட்டின் மோகனம் நிலைக்காது,"Carnatic raga sequence punning on forceful action and the country's charm","unless they begin an Adana of action, the country's Mohanam will not endure",musical_pun,needs_review,"The puns are culturally dense; retained raga names avoid inventing a single definitive paraphrase."
katturaigal/mathuvilakku_naadag.md,tamil_to_english,மதுவிலக்கு நாடகம்,"Prohibition policy characterized as a deceptive political performance",prohibition drama,political_metaphor,approved,"Repeated title metaphor is preserved throughout."
katturaigal/mathuvilakku_naadag.md,tamil_to_english,ஆடி 18,"Eighteenth day of Aadi associated with river bathing and celebration",Aadi Perukku,cultural_festival,approved,"Conventional festival name makes the Kaveri reference intelligible."
katturaigal/mathuvilakku_naadag.md,tamil_to_english,தீர்த்த ஸ்நானம்,"Ritual immersion in sacred water",sacred bath,ritual_term,approved,"Plain gloss suits the contrast with immersion in liquor."
katturaigal/mathuvilakku_naadag.md,tamil_to_english,நாணயமான முறையில்,"Honest, fair, and principled administration",honestly,ethical_term,approved,"Not a reference to coinage in this context."
katturaigal/mathuvilakku_naadag.md,tamil_to_english,பச்சைக் குடிகாரர்கள்,"Inveterate or unabashed drinkers",hardened drinkers,idiom,approved,"Avoids the misleading literal green drinkers."
katturaigal/kaelviyum_bathilum091147.md,tamil_to_english,மரியாதைக் கோடு,"Expected boundary or standard governing civil questions",standard of courtesy,social_term,approved,"Natural English captures both limit and decorum."
katturaigal/kaelviyum_bathilum091147.md,tamil_to_english,கதர்ச் சட்டையிலே காரல்மார்க்ஸ் புத்தகம்,"Image of Marxist doctrine enclosed within Congress khadi politics","a Karl Marx book inside a khadi shirt",political_metaphor,approved,"Literal juxtaposition preserves the satire."
katturaigal/kaelviyum_bathilum091147.md,tamil_to_english,தமாஷா வரி,"Colonial administrative levy on theatre and cinema admissions",entertainment tax,historical_term,approved,"Meaning is clearer than transliterating tamasha tax."
katturaigal/kaelviyum_bathilum091147.md,tamil_to_english,சட்டியை உடைக்கவில்லை,"Political metaphor for not yet taking the decisive destructive step",have not yet broken the pot,political_metaphor,needs_review,"Retained literally because the answer explicitly attributes the analogy to Achariyar."
katturaigal/kaelviyum_bathilum201147.md,tamil_to_english,சுதர்மம்,"A social rule or advantage demanded for one's own group, contrasted with equality for all",privilege for their own group,political_term,needs_review,"Interpretive rendering follows the explicit opposition to `சமதர்மம்`."
katturaigal/kaelviyum_bathilum201147.md,tamil_to_english,திராவிடர் ஒரு குறிச்சொல்,"Dravidian defined as an ideological signifier rather than a claim of biological purity",Dravidian is a signifying term,political_definition,approved,"Preserves the answer's central clarification."
katturaigal/kaelviyum_bathilum201147.md,tamil_to_english,தளபதி / தளர்ப்பதி,"Pun changing commander into a leader weakened in body and mind","Thalapathi / Thalarpathi",wordplay,approved,"Tamil forms are retained and immediately glossed."
katturaigal/kaelviyum_bathilum201147.md,tamil_to_english,பூதேவர் / பூசுரர்,"Honorific caste claims presenting Brahmins as gods upon earth","god upon earth / divinity upon earth",caste_religious_term,approved,"Rendered literally to preserve the irony."
katturaigal/corp_alangolam.md,tamil_to_english,ஸ்தல ஸ்தாபன விசாரணைக் கமிட்டி,"Committee examining municipal or local-body administration",local-bodies inquiry committee,administrative_term,approved,"Functional rendering is clearer than transliterating the period expression."
katturaigal/corp_alangolam.md,tamil_to_english,நிரந்தரக் கமிட்டி,"Permanent municipal committee with continuing responsibility",standing committee,administrative_term,approved,"Uses the standard English municipal term."
katturaigal/corp_alangolam.md,tamil_to_english,பத்திரிகைக் கிளர்ச்சி,"Public campaign or agitation conducted through newspapers",press agitation,media_term,approved,"Preserves the committee's disapproving characterization."
katturaigal/corp_alangolam.md,tamil_to_english,பூச்சாண்டி காட்டியது,"Frightening people with a threatening spectre",frighten people with the spectre,idiom,approved,"Retains the image while fitting the threatened dissolution."
katturaigal/sarintha_samrajyam_1.md,tamil_to_english,வேட்டை நிலம்,"Colonial territories treated as fields available for predatory extraction",hunting grounds,imperial_metaphor,approved,"Literal metaphor preserves the criticism of empire."
katturaigal/sarintha_samrajyam_1.md,tamil_to_english,முடிதரித்த மன்னன்,"Constitutional monarch possessing a crown but no governing power",crowned monarch,political_term,approved,"The following ornamental-figure explanation supplies the constitutional context."
katturaigal/sarintha_samrajyam_1.md,tamil_to_english,சமதர்மப் பாதை,"Economic and social path beyond capitalism toward equality",path of social justice,political_term,needs_review,"Avoids mechanically equating the source term with one fixed party programme."
katturaigal/sarintha_samrajyam_1.md,tamil_to_english,ஆரம்ப சூரத்தனம்,"Initial display of bold martial prowess that does not endure",early display of prowess,idiom,approved,"Used of the short-lived effect of blitzkrieg."
katturaigal/sarintha_samrajyam_1.md,tamil_to_english,பலப்பரிட்சை,"Confrontation in which rival powers test their strength",test of strength,diplomatic_term,approved,"Fits the escalation after failed negotiation."
katturaigal/moodupani_vilaga.md,tamil_to_english,மூடுபனி,"Veil of misinformation preventing the public from seeing Soviet conditions",fog,political_metaphor,approved,"Title metaphor is maintained throughout."
katturaigal/moodupani_vilaga.md,tamil_to_english,சமதர்மம்,"Broad ideal of social and economic equality used by the Self-Respect movement",social equality,political_term,approved,"Distinguished from the article's explicit historical label communist."
katturaigal/moodupani_vilaga.md,tamil_to_english,ஒருவன் உழைப்பில் ஒருவன் நோகாமல் சாப்பிடுகிறது,"One person consuming the product of another's labour without sharing the hardship",one man eats from another's labour without suffering,social_critique,needs_review,"OCR is damaged but the quoted sequence and economic contrast are clear."
katturaigal/moodupani_vilaga.md,tamil_to_english,முடிக்கயிறுகள்,"Traditional doctrines described as ties that secure capitalism through caste",crown ropes of capitalism,political_metaphor,needs_review,"Literal rendering preserves the unusual printed image; exact idiomatic force is uncertain."
katturaigal/moodupani_vilaga.md,tamil_to_english,சிங்கக் கூட்டம்,"Revolutionary masses rising together with leonine force",a pride of lions,political_metaphor,approved,"Natural English collective preserves the roar and attack imagery."
katturaigal/vignana_olimun.md,tamil_to_english,கற்பனை / யூகம் / உத்தேசம்,"Overlapping terms for imaginative conjecture or explanatory supposition",hypothesis / conjecture / supposition,philosophical_term,approved,"Varied English terms preserve distinctions made in the opening argument."
katturaigal/vignana_olimun.md,tamil_to_english,ஏகேசுவரவாதம்,"Doctrine asserting one God",monotheism,religious_term,approved,"Standard English philosophical term."
katturaigal/vignana_olimun.md,tamil_to_english,மாக்களாக்குதல்,"Reducing human beings to an animal-like or brutish condition",reducing human beings to beasts,wordplay,approved,"Retains the contrast between `மக்கள்` and `மாக்கள்`."
katturaigal/vignana_olimun.md,tamil_to_english,நாராசம்,"Sharp or heated iron imagined as piercing the ear",red-hot iron,idiom,needs_review,"The source conveys painful auditory revulsion; exact object sense varies lexically."
katturaigal/vignana_olimun.md,tamil_to_english,சம்சயவாதி,"Person withholding certainty on theological claims",agnostic,philosophical_term,approved,"Fits the sequence with atheist and rationalist."
katturaigal/vignana_olimun.md,tamil_to_english,உலக க்ஷமம்,"Well-being or welfare of the world",welfare of the world,ethical_term,approved,"Sanskrit-derived period expression rendered functionally."
katturaigal/veerar_veerarthan.md,tamil_to_english,கொலுவிருக்கும் தூதர்கள்,"Diplomats portrayed as ceremonially enthroned rather than productively employed",ambassadors enthroned abroad,political_satire,approved,"Preserves criticism of pomp and expense."
katturaigal/veerar_veerarthan.md,tamil_to_english,காட்டுராஜா,"Single magnate ruling an immense sparsely populated pastoral property",landed magnate,social_metaphor,approved,"Avoids misleading literal jungle king while preserving concentrated ownership."
katturaigal/veerar_veerarthan.md,tamil_to_english,நிறத்திமிர்,"Arrogant racial hierarchy founded upon skin colour",racial arrogance,political_term,approved,"Repeated consistently as the article's central target."
katturaigal/veerar_veerarthan.md,tamil_to_english,சூடு கொடுத்தார்,"Delivered a forceful verbal rebuke",delivered a fitting rebuke,idiom,approved,"Retains force without a misleading literal heat image."
katturaigal/veerar_veerarthan.md,tamil_to_english,பச்சையாகப் பேசியிருக்கக் கூடாது,"Spoken without diplomatic concealment or softening",should not have spoken so bluntly,idiom,approved,"Natural English preserves criticism of explicit speech."
katturaigal/puliyana_kathai.md,tamil_to_english,பூவை,"Poetic term for a young woman, with an accompanying flower association",maiden,poetic_term,approved,"Supports the title's transformation from delicacy to tiger-like courage."
katturaigal/puliyana_kathai.md,tamil_to_english,ஆரணங்கு,"Noble or beautiful woman addressed in elevated literary diction",noble woman,poetic_term,approved,"Varied slightly by context while retaining respectful elevation."
katturaigal/puliyana_kathai.md,tamil_to_english,அனிச்சப்பூ,"Flower conventionally used as an image of extreme delicacy",anicham flower,literary_allusion,approved,"Retained with a brief descriptive cue."
katturaigal/puliyana_kathai.md,tamil_to_english,மறக்குடி மகள்,"Woman imagined as belonging to a lineage of warriors",daughter of a warrior clan,cultural_term,approved,"Preserves the praise-name created after the rescue."
katturaigal/puliyana_kathai.md,tamil_to_english,அன்புக் கயிறு,"Affection imagined as a cord capable of restraining a leader",cord of affection,political_metaphor,approved,"Retains the surprising contrast with Periyar and the young campaigners."
sirukathaigal/sudumoonchi.md,tamil_to_english,சுடுமூஞ்சி,"A colloquial insult for a person whose face habitually shows anger or displeasure",scowling face,colloquial_title,approved,"Used both as the title and Rami's recurring name for Arumuga Mudaliar."
sirukathaigal/sudumoonchi.md,tamil_to_english,உருத்திராட்சப் பூனை,"Literally a cat wearing rudraksha beads; an idiom for an outwardly pious hypocrite",rudraksha-wearing cat,idiom,approved,"Rendered literally because the religious satire depends on the image."
sirukathaigal/sudumoonchi.md,tamil_to_english,பஞ்சாட்சர அர்ச்சனை,"Five insulting names framed ironically as a five-name ritual offering",five-name offering of worship,religious_wordplay,approved,"Preserves the story's repeated ironic use of அர்ச்சனை."
sirukathaigal/sudumoonchi.md,tamil_to_english,"பழம் நழுவிப் பாலிலே விழுந்தது","An unexpected event that turns out exceptionally favourably",a fruit slipped into the milk,proverb,approved,"Literal image retained and clarified by context."
sirukathaigal/sudumoonchi.md,tamil_to_english,"மூல நட்சத்திரம் / மாமியாரை மூலையிலே","Astrological fear reinforced by a sound-play between Moolam and moolai",Moolam / send the mother-in-law to a corner,cultural_wordplay,approved,"Both the birth-star name and the pun are retained."
sirukathaigal/sudumoonchi.md,tamil_to_english,"வேதம் படித்து", "Ordinarily reading the Vedas; here also visiting the courtesan named Vedam","read Vedam",double_meaning,approved,"Quotation marks signal the concluding pun."
sirukathaigal/sudumoonchi.md,tamil_to_english,காரியவான்,"A capable operator who achieves his object; sarcastically a calculating schemer here",schemer,characterization,approved,"The ending turns Mudaliar's boast of cleverness against him."
sirukathaigal/naan_manithananaen.md,tamil_to_english,சீமான்,"A privileged landed gentleman or aristocrat in the Russian setting",nobleman,social_title,approved,"Varied with aristocrat according to sentence context."
sirukathaigal/naan_manithananaen.md,tamil_to_english,பிரபு,"A lord and member of the ruling privileged order",lord,social_title,approved,"The conclusion kills the lord within so that the human being may be born."
sirukathaigal/naan_manithananaen.md,tamil_to_english,மாதாகோவில்,"Literally Mother Church; a Christian church in this Russian setting",church,religious_term,approved,"Translated by function rather than literally."
sirukathaigal/naan_manithananaen.md,tamil_to_english,வைதீக மார்க்கம்,"The family's established orthodox religious observance",orthodox religion,religious_term,approved,"Contextually applied to Russian Christianity rather than Hindu Vaidika practice."
sirukathaigal/naan_manithananaen.md,tamil_to_english,காமவேள்,"The divinity or personification of erotic desire",god of lust,literary_term,approved,"Used figuratively for the military college's culture."
sirukathaigal/naan_manithananaen.md,tamil_to_english,தற்குறித்தனம்,"Lack of literacy and basic education among the poor",illiteracy,social_term,approved,"The narrator establishes schools to remedy it."
sirukathaigal/naan_manithananaen.md,tamil_to_english,ஞானோதயஸ்தலம்,"A place where knowledge and moral awakening dawn",place of enlightenment,philosophical_term,approved,"Ironically describes the Siberian prison."
sirukathaigal/naan_manithananaen.md,tamil_to_english,"பிரபு இறந்ததும் மனிதன் பிறப்பான்","Moral transformation through the death of inherited class identity",when the lord dies a human being is born,central_metaphor,approved,"Preserves the story's title-bearing conclusion."
sirukathaigal/maduraikku_ticket_illai.md,tamil_to_english,மதுரைக்கு டிக்கட் இல்லை,"Madurai is both the worker's name and the city named in the destination phrase",No Ticket for Madurai,title_pun,approved,"The ending explains that the worker has no social access to the elite religious lecture."
sirukathaigal/maduraikku_ticket_illai.md,tamil_to_english,"பிரம்மச்சரியம் / கிருஹஸ்தாஸ்ரமம் / வானப்பிரஸ்தம் / சன்யாசம்","Four classical stages of life recast through a poor worker's material circumstances","celibacy / householder life / forest retirement / renunciation",religious_social_satire,approved,"Sanskrit stage names are explained in the translation rather than merely transliterated."
sirukathaigal/maduraikku_ticket_illai.md,tamil_to_english,ஆறணா,"Six annas in the pre-decimal currency system",six annas,historical_currency,approved,"Retained as a historical wage unit."
sirukathaigal/maduraikku_ticket_illai.md,tamil_to_english,வைசூரி,Smallpox,smallpox,historical_medical_term,approved,"The disease kills Periyanayaki and precipitates Madurai's third stage."
sirukathaigal/maduraikku_ticket_illai.md,tamil_to_english,கங்காணி,"A recruiter or overseer supplying labour to colonial plantations",labour recruiter,colonial_labour_term,approved,"Kanakasabai secures Madurai work on a Burma rubber estate."
sirukathaigal/maduraikku_ticket_illai.md,tamil_to_english,எச்சில் இலைகள்,"Discarded leaf plates bearing other people's food remnants",discarded leaf plates,social_image,approved,"Signals Madurai's descent into begging."
sirukathaigal/maduraikku_ticket_illai.md,tamil_to_english,"தர்மம் அர்த்தம் காமம் மோட்சம்","The four traditional aims of human life",dharma artha kama and moksha,religious_concept,approved,"Retained by name because the surrounding passage explains their doctrinal role."
sirukathaigal/theerpaliyungal.md,tamil_to_english,"துஷ்ட நிக்ரஹ சிஷ்ட பரிபாலனம்","Formula describing a ruler's duty to punish the wicked and protect the virtuous",punish the wicked and protect the good,Sanskrit_legal_formula,approved,"Translated by meaning within the narrator's joke about a magistrate's work."
sirukathaigal/theerpaliyungal.md,tamil_to_english,ருஜு,"Proof or evidence acceptable for establishing a legal fact",proof,legal_term,approved,"The conflict between formal proof and morally relevant information drives the story."
sirukathaigal/theerpaliyungal.md,tamil_to_english,தயவு தாட்சண்யம்,"Mercy or indulgent consideration that may soften strict treatment",mercy or indulgence,legal_moral_term,approved,"Used when the narrator initially sees no reason to hesitate over punishment."
sirukathaigal/theerpaliyungal.md,tamil_to_english,இலங்காதகனம்,"Hanuman's burning of Lanka in the Ramayana",burning of Lanka,literary_allusion,approved,"Used to challenge the idea that an action has one unchanging moral colour."
sirukathaigal/theerpaliyungal.md,tamil_to_english,மாங்கல்ய பிச்சை,"A wife's plea that another save her husband's life and preserve her married status",plea to save her marriage,cultural_term,approved,"Rendered with an explanatory phrase in Varadan's testimony."
sirukathaigal/theerpaliyungal.md,tamil_to_english,பிடிசோறு,"Handfuls of rice collected from multiple households for someone in need",handfuls of rice,social_practice,approved,"Describes Mahalingam feeding orphans."
sirukathaigal/theerpaliyungal.md,tamil_to_english,பொருளாதார பேத அமைப்பு முறை,"The social system that produces and preserves economic inequality",system of economic inequality,political_concept,approved,"The narrator identifies this system rather than poor offenders as the proper object of punishment."
sirukathaigal/pulinagam.md,tamil_to_english,புலிநகம்,"The concealed claw-shaped weapon associated with Shivaji's encounter with Afzal Khan",tiger claws,historical_weapon,approved,"Used as the title and in the final wordplay."
sirukathaigal/pulinagam.md,tamil_to_english,"பூதேவர் / பூசுரன்","Honorific compounds literally presenting Brahmins as earth-gods",Brahmin,caste_term,approved,"Translated functionally while the notes preserve the literal force."
sirukathaigal/pulinagam.md,tamil_to_english,ஆரியவர்த்தம்,"The ideological sacred territory invoked to persuade Gopinath",Aryavarta,political_religious_term,approved,"Retained in transliteration because the repeated term drives the persuasion."
sirukathaigal/pulinagam.md,tamil_to_english,சனாதனதர்மம்,"The eternal religious and social order invoked in Shivaji's appeal",Sanatana Dharma,religious_political_term,approved,"Retained by name."
sirukathaigal/pulinagam.md,tamil_to_english,"பசு பிராம்மணர் இரட்சகன்","Protector of cow and Brahmin as an ideological royal role",protector of the cow and the Brahmin,political_formula,approved,"Translated literally to preserve the source's critique."
sirukathaigal/pulinagam.md,tamil_to_english,பாதாரவிந்தம்,"Lotus feet used in reverential submission",lotus feet,devotional_honorific,approved,"Retained literally at Shivaji's grateful response."
sirukathaigal/pulinagam.md,tamil_to_english,"புலிநகம் / பூசுரனின் புன்னகை","Final sound-and-image contrast assigning causation beyond the weapon",tiger claws / the Brahmin's smile,central_wordplay,approved,"The English retains both concrete images and explains the caste term in notes."
sirukathaigal/palliyarayil_paramasivan.md,tamil_to_english,பள்ளியறை,"The divine couple's private room and the story's satirical setting",bedchamber,title_term,approved,"Rendered directly; Paramasivan is retained by name in the English title."
sirukathaigal/palliyarayil_paramasivan.md,tamil_to_english,"ஆலவாயப்பன் / சொக்கன் / கபாலி","Several localized or devotional names used for Siva",Aalavayappan / Sokkan / Kapali,divine_epithets,approved,"Transliterated because the accumulation of names motivates the opening joke."
sirukathaigal/palliyarayil_paramasivan.md,tamil_to_english,புலித்தோலாடையார்,"Comic-devotional epithet for Siva while he coaxes Parvati",the wearer of the tiger skin,divine_epithet,approved,"Translated literally to retain the playful register."
sirukathaigal/palliyarayil_paramasivan.md,tamil_to_english,"அபிஷேகம் / ஆராதனை","Temple rites Parvati offers as evidence of human devotion",ablutions / worship,ritual_terms,approved,"Rendered by function rather than left unexplained in Sanskrit-derived forms."
sirukathaigal/palliyarayil_paramasivan.md,tamil_to_english,மகாகனம்,"Colonial-era honorific applied to Srinivasa Sastri",Right Honourable,historical_honorific,provisional,"Conveys the elevated title; the precise formal English style of the source publication may merit bibliographic review."
sirukathaigal/palliyarayil_paramasivan.md,tamil_to_english,சுயமரியாதைப் பள்ளி,"Imagined rationalist re-education for puranic poets",Self-Respect school,political_movement_term,approved,"Capitalized to retain the reference to the Self-Respect movement."
sirukathaigal/palliyarayil_paramasivan.md,tamil_to_english,"சிவலிங்கம் சாட்சி சொல்வது ... சிவபதம் அடைவது","Closing catalogue of Saivite miracle traditions",catalogue of Saivite miracles,religious_allusions,contextual,"Images are translated literally without supplying unverified identifications of every hagiographic episode."
sirukathaigal/prasang_booshanam.md,tamil_to_english,பிரசங்க பூஷணம்,"Inflated title claimed by the verbose Pulavar Boologanathar",The Ornament of Oratory,title_irony,approved,"Both the honorific splendour and the comic contradiction are retained."
sirukathaigal/prasang_booshanam.md,tamil_to_english,"சிறுமதி உடையேன் / சிறுமதியுடையோன்","Pun between little intelligence and Siva bearing the little crescent moon",man of little intellect / bearer of the little moon,wordplay,approved,"The two readings are explained in the narrative because English cannot reproduce the identical phrase."
sirukathaigal/prasang_booshanam.md,tamil_to_english,நிந்தாஸ்துதி,"Praise expressed through language that appears abusive",praise through apparent abuse,rhetorical_term,approved,"Rendered descriptively in the body."
sirukathaigal/prasang_booshanam.md,tamil_to_english,அவையடக்கம்,"Conventional self-effacing preface before addressing an assembly",modest preface,oratorical_convention,approved,"The pulavar condemns it while prolonging it; that contradiction is preserved."
sirukathaigal/prasang_booshanam.md,tamil_to_english,"அந்தணர் / பிராமணர்","Deliberate distinction used to win approval from opposing constituencies",virtuous Brahmin / caste Brahmin,social_political_wordplay,contextual,"Anthanar is retained once in transliteration when the pulavar exposes his calculated distinction."
sirukathaigal/prasang_booshanam.md,tamil_to_english,"தாசி / முத்திரை வைபவம்","Chintamani's proposed dedication to the temple",dasi / temple-branding ceremony,historical_institution,contextual,"Period terminology is retained; the narrative treats the arrangement satirically."
sirukathaigal/prasang_booshanam.md,tamil_to_english,"நாட்டியக் கலையும் நாட்டு முன்னேற்றமும் / நாட்டியக் கலையின் கேடுகள்","Contradictory lecture subjects promised for the same Friday",The Art of Dance and the Progress of the Nation / The Evils of the Art of Dance,central_irony,approved,"Parallel titles are kept explicit to preserve the final reversal."
sirukathaigal/samayapurathamman.md,tamil_to_english,மானநஷ்ட வழக்கு,"Goddess frames loss of devotees as an actionable injury to reputation",defamation suit,legal_satire,approved,"Modern legal language is central to the religious monopoly satire."
sirukathaigal/samayapurathamman.md,tamil_to_english,மகஜர்,"Formal representation sent to government",petition,administrative_historical_term,approved,"Translated by function while the Tamil source retains its period form."
sirukathaigal/samayapurathamman.md,tamil_to_english,நடமாடும் கோயில்,"Self-Respect appeal to serve living human beings rather than shrines",walking temple / human being,rationalist_metaphor,approved,"The explanatory apposition is supplied in English without altering the Tamil source."
sirukathaigal/samayapurathamman.md,tamil_to_english,போட்டி சர்க்கார்,"Rival miracle shrine compared with a government challenging sovereign authority",rival government,political_metaphor,approved,"Retained literally because it structures the goddess's complaint."
sirukathaigal/samayapurathamman.md,tamil_to_english,புறத்தாக்குடி,"Village whose new healing cult draws Samayapuram devotees",Purathakudi,place_name,approved,"Transliterated consistently with the appended report."
sirukathaigal/samayapurathamman.md,tamil_to_english,சு.ம.க்காரர்கள்,"Abbreviated reference to Self-Respecters",Self-Respecters,political_movement_term,approved,"Expanded in English for clarity."
sirukathaigal/samayapurathamman.md,tamil_to_english,"புண்யஸ்தல உற்பத்தி","Sacred places treated as products in an economic-policy analogy",production of sacred places,economic_religious_satire,approved,"Literal commercial language preserves the closing argument about oversupply reducing value."
sirukathaigal/samayapurathamman.md,tamil_to_english,"மாதா கோயில்","Roman Catholic church dedicated to the Mother",church of the Mother,religious_historical_term,contextual,"Rendered descriptively; the appended report identifies the community as Roman Catholic."
sirukathaigal/sengarumbu.md,tamil_to_english,செங்கரும்பு,"Heroine's name and literal image of red sugarcane",Sengarumbu / Red Sugarcane,name_symbolism,approved,"Tamil name is retained throughout with a gloss in the English title."
sirukathaigal/sengarumbu.md,tamil_to_english,செட்டான குடித்தனம்,"Village praise for Chinnappan's economical household management",frugal household management,rural_social_idiom,approved,"Rendered by social meaning rather than literal compactness."
sirukathaigal/sengarumbu.md,tamil_to_english,"கிழமோ கிட்டோ","Cheap old or inferior replacement animal after selling the costly bull",some old or inferior animal,rural_colloquialism,contextual,"Exact second dialect word is uncertain; broad contextual sense is preserved."
sirukathaigal/sengarumbu.md,tamil_to_english,வந்தேமாதரம்,"Nickname earned by Varadappan through nationalist activism",Vande Mataram,political_nickname,approved,"Retained as the character's public title."
sirukathaigal/sengarumbu.md,tamil_to_english,"கரும்பு வெல்லமாயிற்று; கத்திரி கடன்காரனானான்","Parallel transformation after failed anti-mill economics",the cane became jaggery; Kattiri became a debtor,parallel_wordplay,approved,"The compact balance and bitter irony are retained."
sirukathaigal/sengarumbu.md,tamil_to_english,கண்ணாலம்,"Dialect form for marriage",marriage,rural_dialect,approved,"Translated by meaning while rural speech remains conversational."
sirukathaigal/sengarumbu.md,tamil_to_english,"என் வயத்திலே பால் வார்த்தயே","Singaram's relief on finding Sengarumbu alive",you have poured milk into my stomach,cultural_idiom,contextual,"Literal image is retained because it expresses overwhelming relief."
sirukathaigal/sengarumbu.md,tamil_to_english,"நானும் நல்லவனாயிட்டேன்","Kattiri describes the flood washing away his malice",I too have become a human being,moral_idiom,contextual,"Rendered idiomatically to emphasize ethical transformation rather than mere niceness."
sirukathaigal/kanni_vithavai.md,tamil_to_english,கன்னி விதவை,"Selli remains untouched in a formal marriage yet assumes widowhood after Somasundaram's death",virgin widow,title_paradox,approved,"The direct paradox is preserved because the final line resolves the title."
sirukathaigal/kanni_vithavai.md,tamil_to_english,"எடுப்பார் கைப்பிள்ளை","Parents reject the idea that their adult son was easily led by others",a child carried away by whoever picks him up,idiom,approved,"Expanded so the implication of impressionability remains clear."
sirukathaigal/kanni_vithavai.md,tamil_to_english,"கிழித்த கோட்டைத் தாண்டமாட்டான்","Kuthalalingam's boast of his son's obedience",never cross the line he drew,obedience_idiom,approved,"Literal line image retained."
sirukathaigal/kanni_vithavai.md,tamil_to_english,"நெடி / மணம்","Extended contrast between short-lived anger and enduring capacity to bear suffering",stench / fragrance,extended_metaphor,approved,"Repeated sensory contrast is retained throughout the analysis of change."
sirukathaigal/kanni_vithavai.md,tamil_to_english,"கல்லுருவம் / தெய்வம்","Selli first fears Somasundaram as stone and later calls him father",stone form / god,moral_transformation_metaphor,approved,"The statue-priest analogy prepares this reversal."
sirukathaigal/kanni_vithavai.md,tamil_to_english,தியாகத் திருத்தலம்,"Selli describes her relationship to Somasundaram as sacred filial sacrifice",sacred place of sacrifice,religious_metaphor,contextual,"Rendered literally because the household becomes a site of ethical worship in the dialogue."
sirukathaigal/kanni_vithavai.md,tamil_to_english,"மனம் உடைந்து தற்கொலை","False dying declaration written to shield Kuthalalingam from the shooting",broken-hearted suicide,legal_plot_device,approved,"Translated exactly as the scan-restored note."
sirukathaigal/kanni_vithavai.md,tamil_to_english,"மாறுதல்","Repeated subject of philosophical dialogue and moral ambiguity",change,central_concept,approved,"Kept consistently broad enough to cover form, character, growth, mixture, and removal."
sirukathaigal/maelathikari.md,tamil_to_english,மேலதிகாரி,"Title and recurring office hierarchy",superior officer,title_and_office_term,approved,"The formal phrase preserves the hierarchy central to the satire; 'boss' would be too casual."
sirukathaigal/maelathikari.md,tamil_to_english,"ஆமவடை / மோர் குழம்பு","Food supplied to an English superior as a route to promotion","appam-vadai / buttermilk curry",food_and_patronage,contextual,"Food names are transliterated where the exact first dish is OCR-sensitive; their patronage function is explained by the narrative."
sirukathaigal/maelathikari.md,tamil_to_english,பார்ப்பனரல்லாதார் இயக்கம்,"Historical political movement attacked in office conversations",Non-Brahmin Movement,historical_political_term,approved,"Capitalized as the established historical movement name."
sirukathaigal/maelathikari.md,tamil_to_english,சுடுமூஞ்சி,"Nickname given to Ulaganathar",Scowling Face,colloquial_epithet,approved,"Rendered as a compact visual nickname rather than literally as 'hot face.'"
sirukathaigal/maelathikari.md,tamil_to_english,சமதர்மம்,"Kodandan's article slogan and accusation of Communist sympathy",social equality,political_term,contextual,"The term can shade toward socialism; 'social equality' fits the slogan while the following charge explicitly names communism."
sirukathaigal/maelathikari.md,tamil_to_english,இன உணர்ச்சி,"Kodandan's Dravidian political awakening",consciousness of our people,historical_political_term,contextual,"Avoids the modern biological sense of 'racial consciousness' while preserving collective Dravidian identification."
sirukathaigal/maelathikari.md,tamil_to_english,"காலை கழுவிக் குடிக்கிற புத்தி","Kodandan condemns extreme servility toward Brahmin authority","the mentality of washing their feet and drinking the water",servility_idiom,approved,"The deliberately harsh ritual image is retained."
sirukathaigal/maelathikari.md,tamil_to_english,"கால் செருப்பாக","Kodandan rejects abject submission to officers","become the shoes on an officer's feet",servility_metaphor,approved,"Literal metaphor retained for rhetorical force."
sirukathaigal/rajapart.md,tamil_to_english,ராஜபார்ட்,"Rangadurai's leading stage role and honorific",Rajapart,period_theatre_term,approved,"Retained as a distinctive title from Tamil company theatre and explained in the notes."
sirukathaigal/rajapart.md,tamil_to_english,பாகவதர்,"Honorific for the accomplished singer-actor Rangadurai",Bhagavathar,musical_honorific,approved,"Transliterated because 'singer' alone loses its historical prestige."
sirukathaigal/rajapart.md,tamil_to_english,"ராக ஆலாபன",Rangadurai's advertised Carnatic musical accomplishment,raga alapana,music_term,approved,"Standard Carnatic term retained."
sirukathaigal/rajapart.md,tamil_to_english,கலாகேசரி,"Title Rangadurai bestows on Gurumoorthi",Kalakesari,honorific,approved,"Retained as an invented or ceremonial arts title whose mutual conferral is part of the satire."
sirukathaigal/rajapart.md,tamil_to_english,"டபுள் ராயல் / சிங்கிள் ராயல் / ஆறு ராயல்",Large period poster sizes,"double royal / single royal / six-royal",printing_term,contextual,"Retained rather than converted because the mounting scale of publicity matters more than modern dimensions."
sirukathaigal/rajapart.md,tamil_to_english,"விஷ விதை / விஷப் பயிர் / விஷ விவசாயிகள்","Intermediaries create distrust between Gurumoorthi and Rangadurai","poison seed / poison crop / poison farmers",extended_metaphor,approved,"Agricultural sequence preserved consistently through ploughing, sowing, crop, and harvest."
sirukathaigal/rajapart.md,tamil_to_english,சாரீரம்,"Quality and resources of a trained singing voice",voice,music_term,contextual,"Rendered naturally as voice or vocal wealth according to context."
sirukathaigal/rajapart.md,tamil_to_english,"சுரஸ்தானம் தவறி","An actor misses the correct musical pitch",miss the proper note,Carnatic_music_term,approved,"Conveys the final moment that makes Gurumoorthi remember Rangadurai's artistry."
sirukathaigal/sollathathu.md,tamil_to_english,சொல்லாதது,"Title and repeated narrative device across every concealed thought and event",What Was Not Said,title_and_refrain,approved,"Recurring forms of 'did not say' and 'was not told' preserve the structural refrain."
sirukathaigal/sollathathu.md,tamil_to_english,காரணப் பெயர்,"Sundari's name literally matches her beauty",descriptive name,grammar_term,approved,"Rendered for sense rather than as the technical literal phrase 'causal name.'"
sirukathaigal/sollathathu.md,tamil_to_english,கிருகலட்சுமி,"Logu Mudali imagines Sundari as the auspicious woman of his household",Lakshmi of the household,cultural_metaphor,contextual,"Retains the domestic-goddess image while making its function clear."
sirukathaigal/sollathathu.md,tamil_to_english,வேலி,"Extent of Logu Mudali's mortgaged land",veli,land_measure,approved,"Historical Tamil land unit retained because no fixed modern conversion is reliable without locality."
sirukathaigal/sollathathu.md,tamil_to_english,தாலி,"Pendant tied by Sundari's mother to create the appearance of marriage",tali,marriage_symbol,approved,"Retained and explained because it drives both the concealment and reunion."
sirukathaigal/sollathathu.md,tamil_to_english,அக்கரை,"False and later true claim that Sundari's husband lives abroad",the far shore / overseas,spatial_wordplay,contextual,"The story contrasts அக்கரை and இக்கரை when Kanagu returns from Burma."
sirukathaigal/sollathathu.md,tamil_to_english,தீவாந்திர சிட்சை,"Kanagu describes his years of exile as punishment",transportation for life,legal_historical_idiom,contextual,"Preserves the mock-penal exaggeration in the lovers' teasing."
sirukathaigal/sollathathu.md,tamil_to_english,"காவேரியில் ஸ்நானம் செய்த கனகனின் கதை","Final secret Sundari never tells the child",the story of Kanagu bathing in the Kaveri,wordplay,unresolved,"Rendered literally; it appears to play on Kaveri's name and Kanagu's concealed marital/sexual history without making the implication explicit."
sirukathaigal/pavalapaspam.md,tamil_to_english,பவழபஸ்பம்,"Medicinal preparation needed by sick refugees and made possible by Maruthavalli's coral necklaces",coral bhasma,title_and_medicine,approved,"Bhasma is retained and explained as calcined medicinal coral."
sirukathaigal/pavalapaspam.md,tamil_to_english,"மக்கள் மன்றம்","Reform association linking social equality and Buddhist teaching",People's Forum,political_institution,approved,"Capitalized as the story's named organization."
sirukathaigal/pavalapaspam.md,tamil_to_english,"புராதன மார்க்கம் / புதிய மார்க்கம்","Competing religious-political orders",ancient faith / new path,political_religious_labels,contextual,"Narrative labels retained consistently; the new path is Buddhism and the old is orthodox Vedic/Sanatana authority."
sirukathaigal/pavalapaspam.md,tamil_to_english,அன்னக்காவடி,"Destitute dependants and food-bowl mendicants around Maruthavalli",food-bowl mendicant,cultural_term,contextual,"Expanded where needed to distinguish helpless refugees from ordained monks."
sirukathaigal/pavalapaspam.md,tamil_to_english,"மரத்தடி மடாலயம்","Relief community expelled from a temple and established beneath a tree",monastery beneath the tree,political_image,approved,"Preserves the contrast with Maruthavalli's former mansion."
sirukathaigal/pavalapaspam.md,tamil_to_english,"தீவினை அவள் உருவில்","Dhanappan blames Navakodiar's danger on Maruthavalli",your evil deed has assumed her form,rhetorical_metaphor,contextual,"Kept close to the corrupt official's deliberately moralizing language."
sirukathaigal/pavalapaspam.md,tamil_to_english,"பூதேவர்","Priests remembering their former privileged status",gods upon earth,priestly_title,approved,"Literal sense retained to expose the social claim embedded in the title."
sirukathaigal/pavalapaspam.md,tamil_to_english,"விஷம் வென்று விட்டது","Closing statement after Maruthavalli's death",poison had triumphed,closing_metaphor,approved,"Retains the layered reference to suicide poison and systemic corruption."
sirukathaigal/vaelai_pochu.md,tamil_to_english,"வேலை போச்சு / வேளை போச்சு","Velatha's complaint and Thambi's triumphant reply","the job is gone / the bad time is gone",wordplay,approved,"The closing joke turns வேலை (job) into வேளை (time or fortune); both senses are made explicit."
sirukathaigal/vaelai_pochu.md,tamil_to_english,"சாமி காவடியானந்தர் / காமி சாவடியானந்தர்","A typesetting error that proves true when the supposed ascetic meets Pachai at midnight","Swami Kavadiyanandar / lustful man of the rest house",wordplay,contextual,"Transliteration is paired with a gloss because English cannot reproduce both sound changes."
sirukathaigal/vaelai_pochu.md,tamil_to_english,"காசுமாலை / காமாலை; மணி அரசு / பிணி அரசு; விசாலம் / விசாரம்; வேதம் / பேதம்; மொய் / பொய்","Compositor's errors reinterpreted as social truths","gold-coin necklace / jaundice; Mani Arasu / king of illness; Visalam / sorrow; Veda / discrimination; wedding gifts / lies",wordplay,approved,"Tamil forms and explanations are retained at their first occurrence to preserve the chain of puns."
sirukathaigal/vaelai_pochu.md,tamil_to_english,"சொல்வதை எழுதேண்டா","Raghavachariar repeatedly orders Mandu to write without questioning his hypocrisy","Write What I Tell You!",colloquial_title,approved,"The colloquial negative-imperative flavor is rendered as a sharp command."
sirukathaigal/vaelai_pochu.md,tamil_to_english,மண்டு,"Nickname applied to Varadan and finally to Raghavachariar himself",Mandu / blockhead,character_nickname,approved,"Retained as a name and glossed where introduced so the reversal in the ending remains intelligible."
sirukathaigal/vaelai_pochu.md,tamil_to_english,"காரியம் பெரிசா? வீரியம் பெரிசா?","Raghavachariar justifies tolerating an insult in order to obtain money","Which matters more, getting the business done or displaying courage?",rhetorical_saying,contextual,"Rendered idiomatically while preserving the contrast between advantage and valour."
sirukathaigal/thediyathu_vakeelai.md,tamil_to_english,"தேடியது வக்கீலை; அடைந்ததோ டாக்டர் வீட்டை","Emperuman describes the result of Irudayanathan's day-long search","what he sought was a lawyer; what he reached was a doctor's house",title_refrain,approved,"Preserves the story's governing irony and the grammatical wording behind the title."
sirukathaigal/thediyathu_vakeelai.md,tamil_to_english,"சொரூபானந்தர் ஜோதியில் கலந்துவிட்டார்","Jatadharan's public announcement after ending the fraudulent Swami's appearances","Soroopananda had merged into the Divine Light",religious_wordplay,contextual,"Capitalization preserves the conventional spiritual meaning while surrounding passages expose the second reference to Jothi."
sirukathaigal/thediyathu_vakeelai.md,tamil_to_english,"சித்து விளையாட்டு","Villagers' belief in miracles contrasted with Chettiar's rotating commercial and ascetic identities",miracle / the real trick,ironic_term,contextual,"Translated according to each occurrence so the narrator's exposure of the fraud remains clear."
sirukathaigal/thediyathu_vakeelai.md,tamil_to_english,"ருஜு","Lawyers repeatedly demand admissible support for a fact privately admitted by the culprits",proof,legal_term,approved,"Rendered consistently as proof while ஆதாரம் is evidence and சாட்சி is witness."
sirukathaigal/thediyathu_vakeelai.md,tamil_to_english,"காவி பூண்டு உலவும் கள்ளர்","Irudayanathan's proposed petition against fraudulent holy men","rogues who wander in saffron",political_religious_image,approved,"Retains saffron clothing as the visible disguise central to the accusation."
sirukathaigal/kamakurangu.md,tamil_to_english,"காமக் குரங்கு","Malarkodi's insult for the ageing Mittadar and the later title of Seethapathi's play",The Lustful Monkey,title_and_refrain,approved,"Used consistently so the insult becomes recognisable when transformed into a public drama."
sirukathaigal/kamakurangu.md,tamil_to_english,"பழைய வண்டி / புதிய குதிரை","Opening comparison between an unsuitable carriage and Madhuravalli's marriage to an old man","old carriage / new horse",extended_metaphor,approved,"Preserved throughout the opening and accident because it frames the critique of forced mismatched marriage."
sirukathaigal/kamakurangu.md,tamil_to_english,மிராசுதார்,"Meenakshi Sundarar's hereditary landed status",Mirashdar,landed_title,approved,"Transliterated to distinguish his revenue tenure and status from the Magalipatti Mittadar."
sirukathaigal/kamakurangu.md,tamil_to_english,மிட்டாதார்,"Mahibalar's landed rank and the form used throughout as his identifying title",Mittadar,landed_title,approved,"Transliterated consistently rather than flattening distinct period ranks into landlord."
sirukathaigal/kamakurangu.md,tamil_to_english,சதிர்,"Dance performed at the wedding reception",sadir dance,performance_term,approved,"Historical term retained because the story predates the broad normalization of the label Bharatanatyam."
sirukathaigal/kamakurangu.md,tamil_to_english,ஸ்திரீபார்ட்,"Seethapathi's theatrical specialization in women's roles",female-role actor,performance_term,approved,"Rendered descriptively at the reveal while preserving the fact that this is a stage profession, not a prematurely disclosed identity."
sirukathaigal/krishnaleela.md,tamil_to_english,"கிருஷ்ண - லீலா","Names Krishnan and Leela while invoking Krishna's mythic amorous play",Krishna's Leela,title_wordplay,approved,"The possessive English title retains Leela as a name and the broader sense of Krishna's play."
sirukathaigal/krishnaleela.md,tamil_to_english,"மந்தைச் சுந்தரிகள்","Opening romantic description later revealed to mean estate cattle","beauties of the herd / cattle",narrative_misdirection,approved,"The reveal is delayed in English to preserve the source's opening joke."
sirukathaigal/krishnaleela.md,tamil_to_english,அதிசயம்,"Name of the princess in Amirtham's invented tale",Athsayam / Wonder,character_name_wordplay,contextual,"Transliterated as a name and glossed at introduction because the speakers repeatedly joke about its ordinary meaning."
sirukathaigal/krishnaleela.md,tamil_to_english,"கவி என்றால் குரங்கு","Prince's pun after being asked whether he is a poet","kavi: poet / monkey",lexical_wordplay,contextual,"Explained directly because the prince's two-legged reply cannot carry the Tamil polysemy in English."
sirukathaigal/krishnaleela.md,tamil_to_english,"காதல் பிறந்திடில் காசு போதல்","Description of Krishnan's rising grooming expenses","love born meant money gone",rhyme_and_wordplay,contextual,"Uses compact internal rhythm to preserve the source's comic maxim."
sirukathaigal/krishnaleela.md,tamil_to_english,"குழலால் மதியிழந்தேன்","Krishnan blames the flute after both Leela and Amirtham reject him","the flute robbed me of reason",closing_irony,approved,"Retains the final contrast between musical instrument and the protagonist's own foolishness."
sirukathaigal/neethipathi_vakeel.md,tamil_to_english,"நீதிபதி வக்கீலானார்","Pathiriyappan leaves the bench and becomes an advocate for oppressed people",The Judge Became a Lawyer!,title_and_transformation,approved,"Preserves both the literal career change and the story's movement from applying law to defending justice."
sirukathaigal/neethipathi_vakeel.md,tamil_to_english,"களவும் கற்று மற","Title of Muthurathinam's prize-winning essay, echoing a familiar Tamil maxim","Learn Even Theft, Then Forget It",literary_allusion,contextual,"Rendered literally enough to preserve the irony of a theft accused winning a medal for the essay."
sirukathaigal/neethipathi_vakeel.md,tamil_to_english,"முழு உண்மை","Muthurathinam distinguishes admission of the act from its causes and ownership history",the whole truth,legal_moral_refrain,approved,"Repeated consistently because it drives the judge beyond the narrow elements of the offence."
sirukathaigal/neethipathi_vakeel.md,tamil_to_english,"பணக்கோட்டை","Veeraiyan explains why crimes within mansions remain hidden",fortress of money,political_metaphor,approved,"Contrasts explicitly with கற்கோட்டை, a fortress of stone."
sirukathaigal/neethipathi_vakeel.md,tamil_to_english,"காதல் இதயங்களின் சேர்க்கை - இலட்சங்களின் கூட்டு அல்ல","Veeraiyan rejects Nallappar's status-based marriage plans","love is the joining of hearts, not lakhs of rupees",social_critique,approved,"Retains the source's contrast between affection and wealth."
sirukathaigal/neethipathi_vakeel.md,tamil_to_english,"ஏழையின் கண்ணீர் / எளியோரின் வியர்வை / பேதையின் பெருமூச்சு / அபலை படும் அல்லல்","Evidence Pathiriyappan brings before court after becoming an advocate","the poor man's tears / labourer's sweat / innocent person's sigh / helpless woman's suffering",rhetorical_catalogue,approved,"Preserved as a parallel list contrasting lived evidence with book-derived argument."
katturaigal/vaazhkai_vizha.md,tamil_to_english,"வாழ்க்கை விழா","Heading for Bharathidasan's daughter's marriage notice",A Celebration of Life,title_phrase,approved,"Preserves the celebratory phrase rather than reducing it to wedding report."
katturaigal/thozhar_daniel.md,tamil_to_english,"இயற்கை எய்தினார்","Respectful obituary expression for death",has passed away,obituary_idiom,approved,"Rendered in a natural respectful register rather than literally as reached nature."
katturaigal/kazhagamum.md,tamil_to_english,கழகம்,"The political movement to which artists and members of many professions belong",the movement,political_organization_term,contextual,"Rendered functionally because the surviving excerpt does not restate the organization's formal name."
katturaigal/mozhipor_veerang.md,tamil_to_english,அறப்போர்,"August anti-Hindi agitation involving civil resistance",campaign of civil resistance,historical_political_term,approved,"Avoids the misleading literal rendering righteous war."
katturaigal/mozhipor_veerang.md,tamil_to_english,தமிழ் விளக்குகளாம்,"Honorific metaphor for women who defended Tamil",lamps of Tamil,rhetorical_metaphor,approved,"The source metaphor is retained."
katturaigal/thookumaedayil_matro.md,tamil_to_english,தேம்பி நிற்கும் திராவிடம்,"Dravidam waiting in visible anguish",Dravidam waits in anguish,rhetorical_personification,contextual,"The unusual printed verb was retained in Tamil and rendered by context."
katturaigal/maahana_manavar.md,tamil_to_english,தாய்மார்கள்,"Women attending and supporting the political conference",women,historical_usage,approved,"Rendered by function; the literal mothers would be misleading here."
katturaigal/nanbargal_kaetpatharkku04.md,tamil_to_english,தடைச்சட்டம்,"A law suppressing an organization or its right to exist rather than merely punishing an action",prohibitory law,legal_political_term,contextual,"Preserves the source's explicit distinction between ordinary law and organizational prohibition."
katturaigal/nanbargal_kaetpatharkku04.md,tamil_to_english,சட்டமறுப்பு,"Congress-era direct-action method",civil disobedience,historical_political_term,approved,"Standard historical English equivalent."
katturaigal/chennayil_bamba.md,tamil_to_english,பாதுகா பட்டாபிஷேகம்,"Ritual coronation of Rama's sandals",coronation of Rama's sandals,religious_term,contextual,"Expanded slightly so the ritual reference remains intelligible in English."
katturaigal/mapusiponvizha.md,tamil_to_english,பண முடிப்பு,"Ceremonial purse containing a monetary gift",a purse containing 50000 rupees,ceremonial_term,approved,"Rendered by function rather than literally as money bundle."
katturaigal/vazhthugindrom180552.md,tamil_to_english,சீர்திருத்தத் திருமணம்,"Non-Brahminical marriage conducted without orthodox ritual",reform marriage,historical_social_term,approved,"Retains the movement's established historical term."
katturaigal/parattu5256.md,tamil_to_english,குலத்துக்கோர் நீதி,"Different rules and justice imposed according to caste",separate justice prescribed for each caste,social_critique,approved,"Expanded to preserve the accusation carried by the compact Tamil phrase."
katturaigal/parattu5256.md,tamil_to_english,இது கரும்பு,"A cause expected to be especially agreeable to Kamaraj",this should be sweet as sugarcane,idiom,contextual,"Keeps the sugarcane image while making its evaluative force explicit."
katturaigal/manuvin_aatchiya.md,tamil_to_english,தரித்திர நாராயணர்கள்,"Gandhian devotional designation for the poor",Daridra Narayanas,historical_religious_term,transliterated,"Retained because the following criticism targets the historical label itself."
katturaigal/manuvin_aatchiya.md,tamil_to_english,இளமுகர்,"Printed local designation attached to Ambalakarars in Singampunari",Ilamugar,community_name,uncertain,"Conservatively transliterated and separately flagged because the precise local referent is unresolved."
katturaigal/sir_paathro.md,tamil_to_english,வகுப்புப் பிரச்சினை,"Political representation dispute among social communities in the colonial period",communal question,historical_political_term,approved,"Uses the standard period sense of communal rather than classroom or economic class."
katturaigal/sir_paathro.md,tamil_to_english,மராமத்து இலாகா,"Colonial Madras department responsible for public works",Public Works Department,administrative_term,approved,"Rendered by the established institutional English name."
katturaigal/indraya_nirvagam.md,tamil_to_english,பைசல் செய்ய,"To decide and dispose of an administrative matter",examine and dispose of,administrative_loanword,approved,"Conveys the office procedure rather than merely decide."
katturaigal/murasum.md,tamil_to_english,புறம் / அகம்,"Classical Tamil outer and inner poetic domains",outer sphere / inner sphere,classical_literary_term,contextual,"Kept close to the classical conceptual contrast and explained by the surrounding valour/love pairing."
katturaigal/murasum.md,tamil_to_english,வாகை சூடியோன்,"A victor wearing the classical vaagai victory wreath",victor wearing the vaagai wreath,classical_metaphor,approved,"Retains the culturally specific victory emblem."
katturaigal/urchagam_vaen.md,tamil_to_english,அறிவுத் தெளிவு,"Students' developed clarity and awareness",clarity of knowledge,educational_term,approved,"Preserves the contrast with habitual claims of declining discipline."
katturaigal/erode_kaana.md,tamil_to_english,களிப்பு தாண்டவமாடிற்று,"Joy described as performing a vigorous dance",delight danced,rhetorical_metaphor,approved,"Retains the animated metaphor used twice in the report."
katturaigal/erode_kaana.md,tamil_to_english,நடிகவேள்,"Honorific title associated with M. R. Radha",Nadigavel,honorific,transliterated,"Kept as the recognized personal honorific rather than flattened to actor."
katturaigal/mysore_sarkarukku.md,tamil_to_english,இந்திய பூபாகத்தினர்,"People belonging to the Indian geographical region or subcontinent",people from the Indian subcontinent,historical_geographic_term,approved,"Rendered geographically rather than as an ethnic label."
katturaigal/mysore_sarkarukku.md,tamil_to_english,சூடு தரப்பட்டது,"A forceful rebuke or chastening response",received a fitting rebuke,idiom,contextual,"Conveys the political idiom rather than literal heat."
katturaigal/jomo.md,tamil_to_english,பைசல்,"In the phrase ஆசாமி பைசல், a person is summarily finished or disposed of",the man is finished,political_colloquialism,contextual,"Rendered idiomatically rather than as an administrative settlement."
katturaigal/jomo.md,tamil_to_english,தேசீயம்,"National consciousness kindled among Africans",nationalism,historical_political_term,approved,"Preserves the political concept while retaining the source's period spelling in Tamil."
katturaigal/pernathath.md,tamil_to_english,நேச நாடுகள்,"The Allied powers during the Second World War",Allied nations,historical_term,approved,"Uses the established English historical designation."
katturaigal/pernathath.md,tamil_to_english,பிடிகொடுக்காமல் பேசும் நாவன்மை,"Diplomatic speech that reveals no exploitable weakness",a skilful tongue that gave nothing away,diplomatic_idiom,contextual,"Keeps both rhetorical skill and strategic caution."
katturaigal/kaeteergala.md,tamil_to_english,எதேச்சாதிகாரம்,"Unilateral arbitrary exercise of authority by the central government",arbitrary power,political_term,approved,"Chosen to preserve the charge of unconsulted centralized action."
katturaigal/kaeteergala.md,tamil_to_english,டிரங்க் டெலிபோன்,"Long-distance operator-connected telephone call",trunk telephone,historical_technology,approved,"Retains the period telecommunications term."
katturaigal/navenna.md,tamil_to_english,"நாவென்ன, நாவே .....!","Title and article repeatedly exploit நா/நாக்கு as both the literal tongue and public speech","What a Tongue, O Tongue...!",wordplay,approved,"The English preserves the exclamatory repetition; the full network of tongue-related puns cannot be reproduced exactly."
katturaigal/october_15.md,tamil_to_english,"ஆளவந்தார் / அளவந்தார்","Contrast between Kamaraj coming to power and becoming a ruler","came to power / ruler",political_wordplay,approved,"The Tamil differs by one long vowel; English uses a compact semantic contrast."
katturaigal/october_15.md,tamil_to_english,"அரசியல் ரசவாதம்","Temporary political transformation compared to alchemy","political alchemy",metaphor,approved,"The following fox-and-horse image makes the literal metaphor appropriate."
katturaigal/thayangathae.md,tamil_to_english,"ஞாயிறு","Used in the literary sense of the sun and followed by an allusion to Silappathikaram","sun",literary_term,approved,"Rendered as sun rather than Sunday; the Ilango Adigal allusion fixes the intended sense."
katturaigal/vazhga_arivagam.md,tamil_to_english,அறிவகம்,"Title celebrates Annamalai University as an institutional home of knowledge","house of learning",institutional_wordplay,approved,"A literal knowledge-house rendering preserves the celebratory title without confusing it with the later DMK headquarters of the same name."
katturaigal/vazhga_arivagam.md,tamil_to_english,வெள்ளையப்பன்,"Named as the reason talented workers leave a department; identity is not recoverable from surviving pages",Vellaiyappan,uncertain_reference,provisional,"Transliterated rather than interpreted as white man because the grammar presents it as a name or pointed personification."
katturaigal/thalamuthu.md,tamil_to_english,பரணி,"Militant invitation to join a political campaign, framed as the classical victory-war genre",war song,literary_political_term,approved,"Rendered functionally while retaining the martial literary register."
katturaigal/thalamuthu.md,tamil_to_english,புதிய சாணக்கியம்,"Sampath's description of the political strategy being opposed",new Chanakyan scheme,political_allusion,approved,"Chanakya is retained as the recognisable emblem of calculated statecraft."
katturaigal/ezhuthalar_manadu.md,tamil_to_english,புரட்சி விகடவேந்தன்,"Honorific conferred on N. S. Krishnan by Bharathidasan",Revolutionary King of Wit,honorific,approved,"Distinguished from the adjacent established title நகைச்சுவை அரசர், rendered King of Comedy."
katturaigal/tamil_muzhakkam.md,tamil_to_english,தமிழ் முழக்கம்,"Political demand for Tamil language rights in Ceylon","Tamil Clarion Call",political_metaphor,approved,"Clarion call conveys both a resonant cry and organised public mobilisation."
katturaigal/vilambarachavadi.md,tamil_to_english,"புண்ணை மூடப் புனுகு பூசும் காரியம்","Lavish foreign publicity concealing domestic suffering","applying perfume over a festering wound",political_metaphor,approved,"The bodily image and contrast between fragrance and untreated injury are retained."
katturaigal/perumaikuriya_para.md,tamil_to_english,கலைவாணர்,"Established honorific for N. S. Krishnan and a name by which the public recognises him",Kalaivanar,honorific,approved,"Retained as the culturally specific public title; nearby நகைச்சுவை அரசர் is separately translated as King of Comedy."
katturaigal/perumaikuriya_para.md,tamil_to_english,வன்கணாளர்கள்,"Those whose hostile one-sidedness and blackout failed to erase Kalaivanar",hard-hearted men,literary_epithet,approved,"Uses the ethical sense of வன்கண் rather than an overly literal reference to eyes."
katturaigal/izhakkamaattom.md,tamil_to_english,"யாதும் ஊரே; யாவரும் கேளிர்","Kaniyan Pungundranar's maxim cited as an ancient Tamil expression of universal kinship","Every place is our town; everyone is our kin",classical_quotation,approved,"A close semantic rendering preserves the universalist argument and pairs naturally with the following quoted line."
katturaigal/viduthalai_veeran.md,tamil_to_english,அறப்போர் மாண்பு,"Discipline instilled by the People's Progressive Party in contrast to imperial claims of bloodshed","dignity of nonviolent resistance",political_term,approved,"The rendering captures both moral struggle and disciplined nonviolence in context."
katturaigal/ninaivil_nilaithar.md,tamil_to_english,வைத்திய வள்ளல்,"E. V. Krishnasamy praised for treating those without means","generous physician",honorific,approved,"Conveys both medical service and benefaction without overloading the prose."
katturaigal/nambikai_natch.md,tamil_to_english,விவாக விடுதலை,"Proposed lawful ending of Periyar's marriage arrangement","dissolution of the marriage",historical_legal_term,approved,"Rendered by function rather than literally as marital liberation; the next sentence explicitly invokes legal action."
katturaigal/nambikai_natch.md,tamil_to_english,பேதப்படுகுழி,"Division between Periyar and the organisation imagined as a deep chasm","chasm of difference",political_metaphor,approved,"Preserves the spatial image that is completed by the following verb தூர்ந்து விடும்."
katturaigal/urimai_murasoli.md,tamil_to_english,உரிமை முரசொலி,"Title casts the Travancore Tamil campaign as a resonant drum or newspaper-like proclamation of rights","Drumbeat of Rights",political_metaphor,approved,"Drumbeat retains முரசு imagery and the mobilising force of ஒலி."
katturaigal/mugathilae_kari.md,tamil_to_english,முகத்திலே கரி பூசிவிட்டார்,"Marriage portrayed as publicly disgracing those who had presented Maniammai as Periyar's foster daughter","He Has Smeared Soot on Our Faces",idiom,approved,"The literal image is retained because humiliation and public appearance drive the article."
katturaigal/maraintha_marath.md,tamil_to_english,மறத்தமிழர்,"Repeated heroic epithet for M. Arangasamy","valiant Tamil",honorific,approved,"Uses valiant rather than martial to fit both civic courage and the funeral tribute."
katturaigal/maraintha_marath.md,tamil_to_english,"மலை சாய்ந்தது! இனிக் குன்றுகள், மலையாக வேண்டும்.","Collective duty after the death of a towering leader","A mountain has fallen; the hills must now become mountains",memorial_metaphor,approved,"The physical scale and call to successors are retained closely."
katturaigal/puthiya_ani.md,tamil_to_english,புதிய அனிபெசண்ட்,"Maniammai compared polemically to Annie Besant as an appointed woman leader","A New Annie Besant",historical_allusion,approved,"The proper name and critical comparison are retained rather than paraphrased."
katturaigal/puthiya_ani.md,tamil_to_english,வார்சு,"Repeated colloquial borrowing meaning a designated hereditary successor",heir,political_legal_term,approved,"Quotation marks are retained where the article questions applying dynastic succession to a democratic movement."
katturaigal/nammai_nambatha.md,tamil_to_english,சாவு மணி அடிப்பதாகும்,"Arrangement portrayed as ending democracy and self-respect","sounds the death knell",idiom,approved,"Standard English idiom preserves the bell metaphor."
katturaigal/kovai_vaareer.md,tamil_to_english,கொள்கைச் சந்தையிலே கடை வைத்திருப்பவனல்ல,"Refusal to trade or bargain away political principles","not a shopkeeper in a marketplace of principles",political_metaphor,approved,"Literal commercial imagery is intelligible and preserves the force of the claim."
katturaigal/karuthu_alaya.md,tamil_to_english,கருத்து அலையா? தீர்மானமா?,"Contrast between temporary enthusiasm after an anti-caste lecture and durable conduct","A Passing Wave of Opinion, or a Firm Resolution?",rhetorical_title,approved,"Passing and firm are supplied to make the source contrast explicit without altering its sense."
katturaigal/yezhayaga.md,tamil_to_english,"இரண்டு பை வைத்த சட்டை போட்டவர்கள்","Popular cynical description of ministers as men positioned to collect benefits","men wearing shirts with two pockets",political_satire,approved,"Literal rendering preserves the accusation encoded in the two-pocket image."
katturaigal/bharathan_ezhuthiya2.md,tamil_to_english,ஜனநாயகம் குதிரைக் கொம்புதான்,"Democracy in Congress described as impossible or nonexistent","democracy is as rare as a horse's horn",idiom,approved,"The impossible-object image is retained with a short clarifying comparison."
katturaigal/bharathan_ezhuthiya2.md,tamil_to_english,"கருடா சவுக்கியமா","Snake made bold by its place around Siva's neck asking after its natural enemy Garuda","Garuda, are you well?",mythological_proverb,approved,"The following prose explains the seat-derived arrogance, allowing the proverb to remain close to source."
katturaigal/marainthayo.md,tamil_to_english,செல்வம்,"Used both as the final part of Pannirselvam's name and in its ordinary sense of treasure or wealth",Selvam,onomastic_wordplay,approved,"Retained untranslated so the personal address and repeated call for all Tamils to become Selvam remain connected."
katturaigal/pazhaya_agar.md,tamil_to_english,பழைய அகராதி,"Earlier Congress meanings assigned to colonial honours, contrasted with its post-independence reversal","old dictionary",political_metaphor,approved,"Literal rendering sustains the article's repeated entries, meanings, and page-turning imagery."
katturaigal/yarukku_paathuk.md,tamil_to_english,"படமாடி / நடமாடி","Static deity image contrasted with the living human being","unmoving image / living image",religious_wordplay,approved,"The parallel wording is retained while brief apposition identifies deity and human."
katturaigal/yarukku_paathuk.md,tamil_to_english,வைதிகக் கோட்டை,"Temple wealth imagined as imprisoned behind orthodoxy, religion, sin, merit, and God","orthodox fortress",extended_metaphor,approved,"Subsequent wall, doors, and lock images are translated literally to preserve the structure."
katturaigal/sorgavasal.md,tamil_to_english,சொர்க்கவாசல்,"Literal temple gate repeatedly recast as access to a hunger-free social order","gates of heaven",extended_social_metaphor,approved,"Heaven is retained rather than paradise because the gate, hell, deity, and fasting imagery recur throughout."
katturaigal/sorgavasal.md,tamil_to_english,"லட்டைப் பறிகொடுத்து / 'லட்டியை' நம்பி","Venkateswara loses laddus and must rely on the police lathi","lost his laddus / trust the police lathi",sound_wordplay,approved,"The Tamil sound echo cannot be fully reproduced, so both Indian terms are retained."
katturaigal/home_land.md,tamil_to_english,சுகப்பிரசவம்,"Successful launch of the proposed journal imagined as a safe childbirth","safe delivery",publication_metaphor,approved,"The earlier reference to an attempt not taking shape in the womb supports preserving the pregnancy metaphor."
katturaigal/mooliyanar.md,tamil_to_english,மூளியானார்,"Broken deity mocked through an honorific form normally used for a person","The Mutilated God",satirical_title,approved,"The English identifies the object while preserving the article's central image of a helpless broken god."
katturaigal/pillayin_pinam.md,tamil_to_english,கண்ணீரும் கம்பலையுமாய்,"Idiomatic intensification of a state filled with tears and distress","all tears and misery",idiom,approved,"Translated for emotional force rather than treating கம்பலை as a literal object."
katturaigal/cheche.md,tamil_to_english,மராமத்து இலாக்கா,"Colonial-era Madras administrative department responsible for public works","Public Works Department",historical_administrative_term,approved,"The institutional equivalent is clearer than the literal repair department."
katturaigal/cheche.md,tamil_to_english,பிரசார இலாக்கா,"Government department mediating public information and official communication","Information Department",historical_administrative_term,approved,"Context describes both gathering public opinion and conveying the government's position."
katturaigal/iruttil_prag.md,tamil_to_english,பருத்தித்துறை,"Northern Ceylon town where the Saivite conference was held","Point Pedro",place_name,approved,"Uses the established English place-name while preserving the Tamil form in the source."
katturaigal/iruttil_prag.md,tamil_to_english,இருட்டில் பிரகாசம்,"Pun contrasting the speaker Sivapragasam's name with intellectual darkness","Radiance in the Dark",name_wordplay,approved,"Quotation marks around Radiance preserve its simultaneous function as name and common noun."
katturaigal/ethu.md,tamil_to_english,மானம்,"Public dignity and self-respect contrasted with holding political office",honour,political_ethical_term,approved,"Honour carries both personal dignity and public reputation in the title."
katturaigal/vaeguthae.md,tamil_to_english,தலைக்குத் தாம்பூலம் பிடித்துவிட்டார்,"Ironic ceremonial image for singling out profiteers for taxation","prepared the ceremonial offering for them",satirical_idiom,approved,"A brief explanation in the surrounding sentence preserves the irony without flattening the image."
katturaigal/vaeguthae.md,tamil_to_english,ரூபாய்க்குக் கால் ரூபாய்,"Tax rate of one quarter rupee per rupee in period currency","four annas in the rupee",historical_currency,approved,"Uses the contemporary equivalent and states the fraction in the note."
katturaigal/valajavil.md,tamil_to_english,சக்கரவியூகம்,"Police cordon compared to the encircling Mahabharata battle formation",Chakravyuha,cultural_allusion,approved,"Retained in transliteration and explained in the translator note."
katturaigal/jiniva.md,tamil_to_english,அருள் சீட்டு,"Papal indulgence sold as remission of sin","indulgence",religious_historical_term,approved,"Uses the established Reformation-era English term."
katturaigal/jiniva.md,tamil_to_english,மணிவிளக்குக் கூண்டு,"Geneva compared to a beacon guiding ships through political turmoil","lighthouse",extended_metaphor,approved,"Condenses the literal bell-lamp enclosure into the intended maritime image."
katturaigal/thiruchiyil_thooku.md,tamil_to_english,லைட் கலர் நாடகங்கள்,"Plays less explicitly propagandistic than the movement's full propaganda drama","light-coloured plays",theatre_metaphor,approved,"Preserves Anna's borrowed colour metaphor and explains its force in context."
katturaigal/puthvazhvu.md,tamil_to_english,ஈயம்,"Base-metal or false anna received in a labourer's meagre wage","counterfeit coin",historical_currency,approved,"Meaning is conveyed rather than literally naming lead."
katturaigal/anna_munnurai.md,tamil_to_english,விசையுள்ள பதுமை,"Actor reduced to a mechanically animated doll controlled by others","doll moved by a mechanism",artistic_social_metaphor,approved,"Preserves the contrast with the demand that an actor become a full human and citizen."
katturaigal/arputham_paareer.md,tamil_to_english,முழுப் பூசுணைக்காயைப் பரிமாறின சோற்றில் மறைப்பது,"Absurd attempt to conceal an overwhelmingly obvious falsehood","hide an entire pumpkin in a serving of rice",proverbial_image,approved,"Literal image retained because it drives the satire."
katturaigal/arputham_paareer.md,tamil_to_english,குன்றத்தூரார்,"Sekkizhar identified through his place of origin","the man of Kundrathur",place_epithet,approved,"English makes the reference explicit without replacing the source epithet."
katturaigal/kanchiyil_hindi.md,tamil_to_english,அறப்போர்,"Nonviolent principled struggle used for the anti-Hindi campaign","righteous struggle",movement_term,approved,"Retains the ethical rather than military force of the term."
katturaigal/parasakthi.md,tamil_to_english,வெள்ளித் தோட்டாக்கள்,"Audience money contrasted with hostile critics' arrows of words","silver bullets",cinema_wordplay,approved,"Literal image preserves the pun on silver currency and ammunition."
katturaigal/parasakthi.md,tamil_to_english,மரத்தடி மகாராஜா,"Ironic affectionate name for Sivaji Ganesan's destitute character","maharaja beneath the tree",cinema_allusion,approved,"Retained literally and explained in the note."
katturaigal/sir_cv_ramanukku.md,tamil_to_english,இருதாரப்பிரியர்கள்,"People simultaneously enjoying modern science and professing devotion to antiquity","lovers of two spouses",satirical_metaphor,approved,"Literal rendering preserves the accusation of incompatible double allegiance."
katturaigal/bharathan_ezhuthiya.md,tamil_to_english,ராஷ்டிரபதி,"Pre-independence title for president of the Indian National Congress","Congress president",historical_political_title,approved,"Avoids the anachronistic constitutional sense of President of India."
katturaigal/bharathan_ezhuthiya.md,tamil_to_english,கலம்,"Traditional grain measure in a landlord-farmhand analogy",kalam,historical_measure,approved,"Retained in transliteration because no fixed modern volume is implied."
nadagangal/avanasiyar_1.md,tamil_to_english,"லோகங்கள் / உலோகங்கள்","Classroom joke based on near-homophones meaning worlds and metals","worlds / metals",sound_wordplay,approved,"English explains the mistaken hearing directly because the Tamil sound resemblance cannot be reproduced."
sorpozhivugal/nambikkai311057.md,tamil_to_english,வெளிநடப்பு,"Legislative protest by members leaving the chamber","walkout",parliamentary_term,approved,"Uses the established English parliamentary term."
nadagangal/avargal_ullam_1.md,tamil_to_english,கருத்து இழந்தவன்,"Person who has lost conviction contrasted with veterans who lost bodily limbs","one who has lost his convictions",political_wordplay,approved,"Preserves the parallel between bodily loss and ideological loss."
nadagangal/sumangalipooja_1.md,tamil_to_english,கோமாதா சங்கம்,"Satirical cow-protection charity controlled for private enrichment","Gomatha Association",religious_social_term,approved,"Retained in transliteration with the function explained in context."
sorpozhivugal/chennai300161.md,tamil_to_english,காதில் தேனை வார்த்தல்,"Announcement giving intense collective pleasure","pouring honey into everyone's ears",idiom,approved,"Literal image preserves Anna's rhetorical warmth."
nadagangal/mudhalalithuva_1.md,tamil_to_english,"பேசுவது சோஷியலிசம்; தேர்தல் நிதிக்கு முதலாளிகள்","Central contradiction in Congress economic policy","speaks of socialism but looks to capitalists for election funds",political_satire,approved,"Sentence structure retained because it supplies the fragment's governing irony."
nadagangal/roam_erigirathu_1.md,tamil_to_english,சக்கையாக அடி வாங்குதல்,"Being beaten until all substance is squeezed out","taking a beating that squeezes us dry",idiom,approved,"Preserves Mussolini's image of exhausted residue."
nadagangal/roam_erigirathu_1.md,tamil_to_english,ஒரெல் போர்முனை,"Eastern Front battle area discussed by Hitler",Orel front,historical_place_name,approved,"Standard English spelling Orel is used."
nadagangal/roam_erigirathu_1.md,tamil_to_english,அச்சுப் படை,"Combined German Italian and allied military forces",Axis troops,historical_military_term,approved,"அச்சு is the established Tamil rendering of Axis in the Second World War context."
nadagangal/roam_erigirathu_1.md,tamil_to_english,இராத்தல்,"Unit used for the stated weight of bombs dropped on Rome",pounds,historical_measurement,approved,"Rendered as pounds; the source's figure is retained without historical correction."
nadagangal/nadanthathuthan_1.md,tamil_to_english,ராஜரீகம்,"Extended metaphor comparing a change of elected government to a change of monarch",government / kingship,political_metaphor,context_dependent,"Rendered as kingship in the coronation setup and government where the later policy discussion requires it."
nadagangal/nadanthathuthan_1.md,tamil_to_english,குண்டாந்தடி,"Police weapon invoked as the state's answer to labour demands",police baton,historical_policing_term,approved,"Translated functionally as police baton."
nadagangal/nadanthathuthan_1.md,tamil_to_english,போலீஸ் தர்பார்,"Government maintained through coercive police authority",rule through the police,political_idiom,approved,"The Persian-derived தர்பார் is rendered by its political function in context."
nadagangal/nadanthathuthan_1.md,tamil_to_english,கலால் இலாகா,"Revenue department funding education in the prohibition discussion",Excise Department,historical_administrative_term,approved,"Standard administrative equivalent used."
nadagangal/bankar_1.md,tamil_to_english,பணம் பெருத்தான்,"Punning name of the wealthy banker and industrialist",Panam Peruthan / the money-swollen man,punning_name,context_dependent,"The Tamil name is retained in the title and dialogue context; its wealth pun is explained rather than replacing the name."
nadagangal/bankar_1.md,tamil_to_english,கிள்ளுக்கீரை,"Chettiar's claim that officials cannot treat him as insignificant",mere spinach to be plucked,idiom,context_dependent,"The vegetable image is preserved because it conveys both insignificance and easy handling."
nadagangal/bankar_1.md,tamil_to_english,வாய்கட்டை போடுதல்,"Attempt to silence the Sub-Inspector through payment or influence",seal his mouth,political_idiom,approved,"Literal image retained; surrounding context makes the bribery implication clear."
nadagangal/bankar_1.md,tamil_to_english,இரு முதலைகள்,"Narrator's pun on two wealthy capitalists after the party worker leaves",two crocodiles,punning_metaphor,approved,"The source's முதலாளி / முதலை wordplay is preserved in quotation marks."
nadagangal/bankar_1.md,tamil_to_english,ஆகஸ்ட் புரட்சி,"Desingu's claim of shared imprisonment with the MLA",August Revolution,historical_event,context_dependent,"Period name retained; it refers to the 1942 Quit India movement."
sorpozhivugal/human_rights.md,english_to_tamil,human rights,"Rights declared universal and protected against discrimination","மனித உரிமைகள்",legal_political_term,approved,"Uses the established modern Tamil term consistently throughout."
nadagangal/bajirao_1.md,tamil_to_english,ஜாகீர்தார்கள்,"Holders of assigned land revenue under premodern Indian states",jagirdars,historical_administrative_term,approved,"Retained as the established historical English loanword."
nadagangal/dharmam_thalai_1.md,tamil_to_english,சங்கீத சபா,"Period cultural association organising music and fundraising","music sabha",cultural_institution,approved,"Sabha is retained because it signifies an organised association rather than a single meeting."
sorpozhivugal/180767_2.md,tamil_to_english,திருநாள்,"Historic legislative day carrying collective joy and sacred significance","sacred day",political_rhetoric,approved,"Preserves the celebratory ethical weight rather than reducing it to holiday."
nadagangal/kattaiviral_1.md,tamil_to_english,"வில்வித்தை / புல்வித்தை","Archery contrasted satirically with Drona's supposedly worthless Brahmin learning","archery / art of grass",sound_wordplay,approved,"Literal second term preserves the Tamil sound echo and social criticism."
nadagangal/mangai_oorugai_1.md,tamil_to_english,சாயரட்சை,"Colloquial greeting or evening salutation used to cultivate favour","greeted him warmly",colloquial_social_term,approved,"Functional rendering fits Dikshitar's preparation for requesting salt."
nadagangal/kal_sumantha_1.md,tamil_to_english,கசடர்,"Contemptuous name for defeated men in the Chera martial legend",wretches,historical_epithet,approved,"Retains the title's accusatory force."
nadagangal/congresswala_1.md,tamil_to_english,வகுப்புவாரி பிரதிநிதித்துவம்,"Madras Presidency system allocating education and office across communities","communal representation",historical_political_term,approved,"Uses the established period English term rather than the modern general sense of communal."
nadagangal/aatrangaraiyinilae_1.md,tamil_to_english,தேவபாஷை,"Ironically repeated Brahmin description of Sanskrit as divine language","divine language",caste_religious_irony,approved,"Quotation context conveys that Agila both uses and exposes the claim."
nadagangal/sellapillai_1.md,tamil_to_english,சீமான்,"Wealthy landed or socially prominent gentleman in a satirical social portrait","rich man",social_class_term,approved,"Functional rendering avoids confusion with the modern proper name."
nadagangal/avar_pesathathu_1.md,tamil_to_english,தட்டிக் கொடுத்துக் கொண்டு போதல்,"Politically appeasing and carrying opposition groups along","keep patting them on the back and carry them along",political_idiom,approved,"Literal bodily image retains Kamaraj's strategic tone."
nadagangal/kailayam_1.md,tamil_to_english,கைலாயவாசம்,"Mythic reward of dwelling in Siva's heaven despite grotesque violence","dwelling in Kailasa",religious_satire,approved,"Retained as a place-specific afterlife claim."
nadagangal/enthan_thiru_1.md,tamil_to_english,இரத்தினச் சுருக்கம்,"Extremely concise speech praised as compressed like a jewel","speech compressed like a jewel",idiom,approved,"Preserves Chettiar's admiring metaphor."
nadagangal/morarji_thesai.md,tamil_to_english,மகா குஜராத் ஜிந்தாபாத்,"Movement slogan demanding a separate Gujarat state","Long live Maha Gujarat",political_slogan,approved,"Maha Gujarat is retained as the historical movement name."
nadagangal/morarji_thesai.md,tamil_to_english,மொரார்ஜி தர்பார் முர்தாபாத்,"Hostile slogan against Morarji Desai's political rule","Down with Morarji's durbar",political_slogan,approved,"Durbar is retained to preserve the source's accusation of autocratic court-like rule."
sorpozhivugal/270367.md,english_to_tamil,Vote on Account,"Temporary legislative authority for government expenditure before the full budget is passed","இடைக்காலச் செலவின அனுமதி",constitutional_finance,approved,"Expanded Tamil rendering distinguishes it from a general appropriation bill."
sorpozhivugal/270367.md,english_to_tamil,taking the House into confidence,"Informing and obtaining the institutional trust of the legislature before an announcement","பேரவையின் நம்பிக்கையைப் பெறுதல்",parliamentary_idiom,approved,"Rendered institutionally rather than as literal personal confidence."
sorpozhivugal/271167.md,tamil_to_english,குளோஸ்டு / குளோஷர்,"Speaker's contrast between a factory being currently closed and a formal industrial closure that may end after settlement","closed / closure",industrial_relations_term,approved,"English terms are retained because Anna explicitly builds his rebuttal around their technical distinction."
sorpozhivugal/271167.md,tamil_to_english,தர்ம இராஜ்யம்,"Ironical reference to the previous administration while recalling violence during a bonus dispute","that 'righteous government'",political_irony,approved,"Quotation marks preserve the sarcastic force."
sorpozhivugal/170868.md,tamil_to_english,அகவிலைப்படி,"Allowance adjusted to compensate employees for increases in living costs","dearness allowance",public_finance_term,approved,"Uses the established Indian administrative term."
sorpozhivugal/170868.md,tamil_to_english,இறைவைப் பாசனம்,"Irrigation in which water is lifted using powered pumps","lift irrigation",agricultural_term,approved,"Technical rendering fits the surrounding rural-electrification argument."
sorpozhivugal/170868.md,tamil_to_english,சிறு சேமிப்புப் பத்திரங்கள்,"Government-backed savings instruments used as the form of film awards","small-savings certificates",public_finance_term,approved,"Preserves the specified non-cash form of the awards."
sorpozhivugal/nadagathil_oru.md,tamil_to_english,முத்தமிழ்க் கலா வித்துவ ரத்தின,"Ceremonial artistic title attached to T. K. Shanmugam","Muthamizh Kala Vidva Rathna",honorific_title,approved,"Transliterated rather than flattened into a newly invented English award name."
sorpozhivugal/nadagathil_oru.md,tamil_to_english,கட்டிளம் காளைகள்,"Figurative description of the actors in their former vigorous youth","sturdy young bulls",figurative_idiom,approved,"Retains Anna's energetic image while context makes the reference to youth clear."
sorpozhivugal/nadagathil_oru.md,tamil_to_english,எழுத்தாளர்களுக்கு வரக்கூடிய மயக்கம்,"A writer's temptation to place every imagined thought in some character's mouth","the intoxication that can seize a writer",literary_metaphor,approved,"The following sentences explain the metaphor, allowing its figurative force to remain."
sorpozhivugal/satta_11_03_1958.md,tamil_to_english,பொது உடன்பாடு,"Cross-party agreement sought for the State's language-policy report","general agreement",political_term,approved,"The source itself supplies the English phrase General Agreement."
sorpozhivugal/satta_11_03_1958.md,tamil_to_english,அரண்மனை முதல் அந்தப்புரம் வரை,"Criticism that language politics had intruded from public authority into leaders' wives and domestic lives","from the palace to the women's inner apartments",political_metaphor,approved,"Keeps the spatial metaphor while the preceding exchange supplies its domestic meaning."
sorpozhivugal/satta_11_03_1958.md,tamil_to_english,கொங்கு நாட்டுச் செல்வர்,"Honorific regional description of Finance Minister C. Subramaniam","distinguished son of the Kongu country",regional_honorific,approved,"Avoids reading செல்வர் merely as a statement of wealth."
sorpozhivugal/270368.md,tamil_to_english,வெட்டுத் தீர்மானம்,"Legislative motion seeking reduction of a demand for grant","cut motion",parliamentary_term,approved,"Uses the standard Indian legislative term."
sorpozhivugal/270368.md,tamil_to_english,இணை மானியம்,"Grant provided in proportion to revenue raised by the local body","matching grant",public_finance_term,approved,"The source itself follows with the English loan form மேச்சிங் கிராண்ட்."
sorpozhivugal/270368.md,tamil_to_english,மின்னல் வேகத்தில் நிகழ்ச்சிகள்,"Metaphor for unrest developing too quickly for preventive intervention","events moving at lightning speed",political_metaphor,approved,"Retains the contrast with an oil lamp whose decline can be gradually corrected."
sorpozhivugal/allal_agala.md,tamil_to_english,அகில பாரதம் / ஏக இந்தியா,"The large occupying bird in Anna's allegory for centralised all-India rule","All-India / One India",political_metaphor,approved,"Capitalisation and quotation marks preserve the named ideological target within the allegory."
sorpozhivugal/allal_agala.md,tamil_to_english,உலக்கையைத் தூக்கிப் போடும் உடல் வலிவு,"Image of lacking even the physical strength needed to wield a heavy household pestle","bodily strength to lift and cast the pestle",economic_metaphor,approved,"Retains the physical metaphor for a State government lacking fiscal capacity."
sorpozhivugal/allal_agala.md,tamil_to_english,கிலுகிலுப்பை,"Small sound-making toy requested by a child at a festival","rattle",cultural_object,approved,"Functional equivalent fits the extended fairground story."
sorpozhivugal/allal_agala.md,tamil_to_english,துரைத்தனம்,"State governing authority lacking industrial and fiscal powers","administration",political_term,approved,"Rendered by institutional function rather than as literal lordship."
sorpozhivugal/nithi_othukka260757.md,tamil_to_english,இலவு காத்த கிளி,"Proverbial parrot waiting for a silk-cotton pod that bursts and yields it nothing","parrot waiting for the silk-cotton pod to ripen",proverb,approved,"A brief contextual cue preserves the proverb's implication of futile expectation."
sorpozhivugal/nithi_othukka260757.md,tamil_to_english,கோ-எக்ஸிஸ்டென்ஸ்,"Ruling-party defence of simultaneous public and private sectors, attacked through class contrasts","coexistence",political_economic_term,approved,"Retains the English loanword around which Anna constructs the critique."
sorpozhivugal/nithi_othukka260757.md,tamil_to_english,நல்லெண்ண முதலால் அளவுக்கு மீறி வட்டி,"Freedom-struggle goodwill figured as bank capital exhausted by excessive political withdrawals","excessive interest upon the capital of goodwill",extended_metaphor,approved,"Keeps the banking metaphor developed again near the conclusion."
sorpozhivugal/260368.md,tamil_to_english,தாட்சணியம்,"Promise that legal action will not be softened by favour, indulgence or personal consideration","partiality",legal_administrative_term,approved,"Fits its pairing with hesitation in the assurance of impartial enforcement."
sorpozhivugal/260368.md,tamil_to_english,ஒத்திவைப்புத் தீர்மானம்,"Legislative device to suspend normal business for an urgent matter","adjournment motion",parliamentary_term,approved,"Uses the standard legislative equivalent."
sorpozhivugal/260368.md,tamil_to_english,கட்சிப் பூசல் / லட்சிய மோதுதல்,"Chief Minister's distinction between the incident and organised partisan or ideological conflict","party conflict / ideological confrontation",political_term,approved,"Preserves the distinction underpinning the all-party peace appeal."
sorpozhivugal/130767.md,tamil_to_english,உரிமைப் பிரச்சினை,"Claim that a publication or member has breached the privileges of the Legislative Assembly","privilege issue",parliamentary_term,approved,"Uses established Westminster-derived legislative terminology."
sorpozhivugal/130767.md,tamil_to_english,போன்றவர்கள் / தவிர,"Semantic contrast determining whether named Congress leaders form examples or an exhaustive exception","people such as / except",legal_linguistic_distinction,approved,"Kept explicit because Anna's entire privilege analysis turns on inclusion versus exclusion."
sorpozhivugal/130767.md,tamil_to_english,மேலெழுந்தவாரியாக,"Speaker's preliminary rather than final assessment of a privilege complaint","on a preliminary view",legal_term,approved,"Paired with the identifiable English phrase prima facie case in the source."
sorpozhivugal/nithi300460.md,tamil_to_english,அணு உலைக்கூடம்,"Proposed electricity-generating installation after hydroelectric opportunities were said to be exhausted","atomic power station",energy_policy_term,approved,"Uses period-appropriate terminology without narrowing it to a specific reactor design."
sorpozhivugal/nithi300460.md,tamil_to_english,இந்தக் குல்லாய் இந்தத் தலைக்குப் பொருந்துமா,"Finance Minister's idiom turned back upon the Government to test whether an accusation applies","does this cap fit this head",political_idiom,approved,"Retains the source's clothing metaphor and argumentative force."
sorpozhivugal/nithi300460.md,tamil_to_english,தரைப் படை / லான்ட் ஆர்மி,"Publicly organised unemployed workforce for reclaiming land and developing industry and agriculture","land army",development_policy_term,approved,"Source provides the English gloss; translator note prevents a military reading."
sorpozhivugal/nithi300460.md,tamil_to_english,மரியல்,"Organised non-violent obstruction or protest outside a Minister's residence","picket",political_action_term,approved,"Fits the specified location and protest method."
sorpozhivugal/060767.md,tamil_to_english,தயவு தாட்சண்யம்,"Warning that party or personal favour will not protect anyone proved responsible","favour or indulgence",legal_administrative_term,approved,"Preserves the assurance of impartial punishment."
sorpozhivugal/060767.md,tamil_to_english,கட்சிநாயகம்,"Rule governed by party interest rather than democratic norms","party rule",political_neologism,approved,"Mirrors the source's contrast with ஜனநாயகம்."
sorpozhivugal/060767.md,tamil_to_english,சமூக விரோதிகள்,"Persons accused of deliberately harming vulnerable settlements and public order","enemies of society / antisocial persons",political_legal_term,approved,"Varied by syntax while retaining the source's condemnatory force."
sorpozhivugal/060767.md,tamil_to_english,ஒத்திவைப்புத் தீர்மானம்,"Motion to suspend ordinary Assembly business for an urgent public matter","adjournment motion",parliamentary_term,approved,"Standard legislative equivalent."
sorpozhivugal/amaichar160361.md,tamil_to_english,மண்டிக்கடை குமாஸ்தா,"Clerk in a wholesale market shop used in Anna's analogy for a dissenting subordinate","clerk in a wholesale shop",commercial_cultural_term,approved,"Preserves the employer-clerk power relationship central to the analogy."
sorpozhivugal/amaichar160361.md,tamil_to_english,சிறு சேமிப்புத் திட்டம்,"Public savings mobilisation contrasted with partisan election fundraising","small-savings scheme",public_finance_term,approved,"Established administrative equivalent."
sorpozhivugal/amaichar160361.md,tamil_to_english,கொரடா,"Legislative party whip and a hooked implement that catches and pulls","whip / hook",political_wordplay,approved,"Both senses are needed for Anna's closing pun."
sorpozhivugal/amaichar160361.md,tamil_to_english,தேர்தல் நிதி,"Party funds collected for election expenditure, criticised when Ministers use official influence","election fund",political_finance_term,approved,"Kept distinct from public revenue and the small-savings scheme."
sorpozhivugal/poar_murasu_kotti.md,tamil_to_english,அறப்போராட்டம்,"Disciplined nonviolent civil resistance adopted after democratic avenues were said to be closed","moral nonviolent struggle",political_philosophy_term,approved,"Avoids reducing அறம் to merely legal or religious action."
sorpozhivugal/poar_murasu_kotti.md,tamil_to_english,தடியடி தர்பார்,"Police repression figured as an authoritarian durbar conducted through baton blows","regime of baton blows",political_metaphor,approved,"Retains the criticism of coercive rule without treating தர்பார் as a literal court session."
sorpozhivugal/poar_murasu_kotti.md,tamil_to_english,தார்வேந்தர் பரம்பரை,"Literary invocation of descendants of generous Tamil kings","heirs of the generous kings",literary_historical_term,approved,"Preserves the title's mobilising register."
sorpozhivugal/poar_murasu_kotti.md,tamil_to_english,மறியல்,"Nonviolent obstruction proposed at schools, public offices and Ministers' homes","picket",political_action_term,approved,"Matches the speech's explicit prohibition on retaliatory violence."
sorpozhivugal/180767.md,tamil_to_english,சுயமரியாதை திருமணம்,"Non-Brahminical marriage form promoted by the Self-Respect Movement and validated by the amendment","self-respect marriage",historical_legal_term,approved,"Uses established historical terminology."
sorpozhivugal/180767.md,tamil_to_english,அக்கினி சாட்சி,"Ritual requirement that sacred fire witness a Hindu marriage","fire as witness",religious_legal_term,approved,"Literal rendering supports Anna's contrast between ritual belief and legal validity."
sorpozhivugal/180767.md,tamil_to_english,பொறுக்குக் கமிட்டி,"Legislative committee appointed to scrutinise and refine a Bill","Select Committee",parliamentary_term,approved,"Established legislative equivalent."
sorpozhivugal/180767.md,tamil_to_english,முண்டு மாற்றிக் கொள்ளுதல்,"Kerala-region marriage custom involving exchange of cloth under elders' supervision","exchange of mundu",cultural_marriage_term,approved,"Retains the regional object rather than replacing it with a generic garment."
sorpozhivugal/maedai_paechu.md,tamil_to_english,மேடைப் பேச்சு,"Democratic public address as an instrument for rulers and citizens","public speaking",rhetorical_term,approved,"Broader functional rendering is more accurate than literal stage speech."
sorpozhivugal/maedai_paechu.md,tamil_to_english,காலட்சேபம்,"Religious narrative performance combining exposition devotion and entertainment","religious discourse / entertainment",cultural_performance_term,approved,"Expanded by context to distinguish it from civic public speaking."
sorpozhivugal/maedai_paechu.md,tamil_to_english,மாற்றான் வீட்டுத் தோட்டத்து மல்லிகை,"Useful truth retains value even when it comes from a political opponent","jasmine in an adversary's garden",proverbial_metaphor,approved,"Retains the flower image used to argue for judging ideas by merit."
sorpozhivugal/maedai_paechu.md,tamil_to_english,கதம்பமாலை,"Mixed garland used as an analogy for an imitative speech crowded with unrelated devices","mixed garland",rhetorical_metaphor,approved,"The following foliage-and-flower contrast supplies the intended criticism."
sorpozhivugal/velanmai180948.md,tamil_to_english,விவசாய வருமான வரி,"Tax on income derived from agricultural holdings","agricultural income tax",public_finance_term,approved,"Established Indian fiscal term."
sorpozhivugal/velanmai180948.md,tamil_to_english,கொக்கின் தலையிலே வெண்ணை வைத்துப் பிடிப்பது,"Proverb mocking an indirect and foolish method claimed to achieve a land ceiling automatically","catch the crane by placing butter on its head",proverb,approved,"The speech itself explains every stage of the image."
sorpozhivugal/velanmai180948.md,tamil_to_english,நிலத்திற்கு உச்ச வரம்பு,"Statutory maximum on the extent of agricultural land one owner may hold","ceiling on landholdings",land_reform_term,approved,"Distinguishes ownership ceiling from an income-tax threshold."
sorpozhivugal/velanmai180948.md,tamil_to_english,வக்கீல்களின் வேட்டைக்காடு,"Complex rules creating profitable disputes and litigation for lawyers","hunting ground for lawyers",legal_metaphor,approved,"Retains the lawyer-member's self-critical image."
sorpozhivugal/veetirkor_putha.md,tamil_to_english,மனவளம்,"Combination of knowledge critical capacity confidence and a cultivated civic mind","intellectual wealth",educational_concept,approved,"Broader than literacy; repeated argument defines it through knowledge and judgment."
sorpozhivugal/veetirkor_putha.md,tamil_to_english,பிள்ளையார் மாடம்,"Small domestic wall niche or shrine where stray books may be placed","niche for Pillaiyar",domestic_cultural_term,approved,"Retains the household religious setting rather than calling it a bookshelf."
sorpozhivugal/veetirkor_putha.md,tamil_to_english,பஞ்சாங்கம் அல்ல அட்லாஸ்,"Contrast between a traditional almanac and empirical knowledge of the world","not an almanac but an atlas",educational_contrast,approved,"Preserves the speech's concise collection principle."
sorpozhivugal/veetirkor_putha.md,tamil_to_english,பழமைகள் புழுக்கள் நெளியுமிடம்,"Mind made swamp-like by books that perpetuate harmful obsolete beliefs","a swamp where worms of antiquated ideas writhe",extended_metaphor,approved,"Retains the deliberately severe image."
sorpozhivugal/poarkodi.md,tamil_to_english,போர்க்கொடி,"Figurative banner signalling organized political resistance rather than a literal military standard","banner of struggle",political_metaphor,approved,"Matches the black-flag agitation discussed throughout the speech."
sorpozhivugal/poarkodi.md,tamil_to_english,இதுதான் கை மற்றதெல்லாம் உலக்கை,"Colloquial praise declaring one thing genuine or effective and dismissing all competitors","this is the hand; all the rest are mere pestles",idiom,approved,"Retains Anna's wordplay instead of flattening it into generic praise."
sorpozhivugal/poarkodi.md,tamil_to_english,அரசியல் நாணயம்,"Honourable reliability and good faith in political conduct","political integrity",political_concept,approved,"Not monetary currency; the context is Nehru promptly honouring a commitment."
sorpozhivugal/poarkodi.md,tamil_to_english,கீழ்ப்பாக்கம்,"Chennai locality invoked through its association with the mental-health institution","Kilpauk",satirical_reference,approved,"Explained in the translator note so the political joke remains intelligible."
sorpozhivugal/reapraisal.md,english_to_tamil,non-alignment,"Foreign policy of not formally joining rival power blocs","அணிசேராமை",foreign_policy_term,approved,"Distinguished from neutrality and from the merely negative prefix in Anna's wordplay."
sorpozhivugal/reapraisal.md,english_to_tamil,strong home front,"Domestic democratic institutional and economic strength rather than a literal military front","வலிமையான உள்நாட்டு அடித்தளம்",political_concept,approved,"The speech explicitly excludes Home Guards and defence councils."
sorpozhivugal/reapraisal.md,english_to_tamil,Treasury Benches,"Members seated on the government's side of a legislature","ஆளுங்கட்சி இருக்கைகளில் அமர்ந்துள்ள உறுப்பினர்கள்",parliamentary_term,approved,"Expanded for intelligibility rather than transliterated."
sorpozhivugal/reapraisal.md,english_to_tamil,PL 480,"United States food-aid programme under Public Law 480","PL 480 உணவுத் தானிய உதவி",historical_policy_term,approved,"Identifier retained because it is central to the 1965 food-security argument."
sorpozhivugal/reapraisal.md,english_to_tamil,betting on the wrong horses at high stakes,"Supporting unsuitable foreign rulers or regimes despite major geopolitical risk","பெரும் பணயம் வைத்து தவறான குதிரைகள்மீது பந்தயம் கட்டுதல்",political_metaphor,approved,"Preserves Anna's extended metaphor leading into Taiwan and South Vietnam."
sorpozhivugal/a_stateless.md,english_to_tamil,stateless people,"People denied recognized citizenship despite long residence in Ceylon","நாடற்ற மக்கள்",legal_human_rights_term,approved,"Central legal and moral category of the speech."
sorpozhivugal/a_stateless.md,english_to_tamil,repatriation,"Transfer framed as return to an ancestral country although Ceylon was the affected people's actual homeland","தாயகத் திரும்புதல்",migration_term,approved,"Translation retains the official concept while the speech challenges its legitimacy."
sorpozhivugal/a_stateless.md,english_to_tamil,fait accompli,"Decision already completed and presented without meaningful consultation","முடித்துவைக்கப்பட்ட தீர்மானம்",diplomatic_term,approved,"Expanded in Tamil to preserve the criticism of the absence of consultation."
sorpozhivugal/a_stateless.md,english_to_tamil,burking the issue,"Suppressing or evading the real question","பிரச்சினையைத் தவிர்த்தல்",idiom,approved,"Rendered by meaning; the historical English verb would be opaque in Tamil."
sorpozhivugal/a_stateless.md,english_to_tamil,Foreign Minister,"Deliberate pun recasting the external-affairs minister as a minister serving foreign interests","அந்நியர்களின் அமைச்சர்",political_wordplay,approved,"Translator note makes Anna's accusation explicit without weakening it."
sorpozhivugal/a_stateless.md,english_to_tamil,Belsen camp,"Reference to Bergen-Belsen concentration camp as an extreme test of what Ceylon could do against world opinion","பெல்சன் வதைமுகாம்",historical_reference,approved,"Historical name retained and contextual force preserved."
sorpozhivugal/thoazhamaya.md,tamil_to_english,பிரச்சார மணிகள்,"Speakers whose resonant public advocacy spreads and clarifies the movement's principles","bells of propaganda",political_metaphor,approved,"Retains the bell image rather than reducing it to 'campaigners'."
sorpozhivugal/thoazhamaya.md,tamil_to_english,சனாதனச் சனியன்,"Sanatana orthodoxy personified as a malign affliction associated with Saturn","affliction of Sanatana orthodoxy",rhetorical_wordplay,approved,"Preserves the condemnation and alliteration without treating Sani as a literal doctrinal term."
sorpozhivugal/thoazhamaya.md,tamil_to_english,தென்றலும் புயலும்,"Peaceful reformist energy that repression can transform into revolutionary force","the breeze and the storm",extended_metaphor,approved,"Repeated image governs the speech's question of friendship versus hostility."
sorpozhivugal/thoazhamaya.md,tamil_to_english,அறப்போர்,"Principled nonviolent struggle for social and intellectual reform","righteous struggle",movement_term,approved,"The speech explicitly contrasts it with destructive sabotage."
sorpozhivugal/thoazhamaya.md,tamil_to_english,பெரும்பான்மை பலமிருந்தாலும் சிறுபான்மை மக்களின் நலம் பாதிக்காத வகையில் அரசாள்வது,"Majority rule constrained by protection of minority welfare","governing so the welfare of the minority is not harmed despite majority strength",democratic_principle,approved,"Retains the lesson of the elephant refusing to crush the kitten."
sorpozhivugal/ideal_society.md,english_to_tamil,Gram Raj,"Gandhian ideal of decentralized self-governing village communities","கிராமராஜ்யம்",gandhian_concept,approved,"Retains the political term rather than narrowing it to village administration."
sorpozhivugal/ideal_society.md,english_to_tamil,war of righteousness,"Source gloss for Gandhi's Satyagraha emphasizing principled struggle","அறப்போர்",movement_term,approved,"Matches established Tamil political usage and Anna's own vocabulary."
sorpozhivugal/ideal_society.md,english_to_tamil,morning star,"Tilak's freedom movement as the first herald of a coming dawn","விடிவெள்ளி",historical_metaphor,approved,"Preserves the anticipatory image rather than translating literally as a planet."
sorpozhivugal/ideal_society.md,english_to_tamil,golden leaf but not the final one,"Swaraj as a glorious chapter or page in national history but not its final goal","பொன்னேடு; இறுதி ஏடு அல்ல",extended_metaphor,approved,"Tamil uses the book-of-history image naturally."
sorpozhivugal/ideal_society.md,english_to_tamil,linguistic imperialism,"Domination imposed through language even within a formally democratic order","மொழி ஏகாதிபத்தியம்",political_term,approved,"Direct established equivalent retains the speech's force."
sorpozhivugal/nithi230359.md,tamil_to_english,வெட்டுத் தீர்மானம்,"Legislative motion formally seeking reduction of a grant in order to debate or criticize policy","cut motion",parliamentary_term,approved,"Speaker explicitly says it is formal and intended to demand greater allocation."
sorpozhivugal/nithi230359.md,tamil_to_english,கல்வி அபிவிருத்தி மகாநாடு,"Public conference mobilizing donations and cooperation for educational expansion","educational development conference",administrative_term,approved,"Used as the model for proposed public fundraising for social advancement."
sorpozhivugal/nithi230359.md,tamil_to_english,கலெக்டர் தர்பார்,"Ceremonial official event dominated by the district collector rather than genuine social contact","Collector's durbar",bureaucratic_critique,approved,"Retains Anna's criticism of performative Harijan Day observances."
sorpozhivugal/nithi230359.md,tamil_to_english,மாட்டின் முதுகுப் புண்ணுக்கு மருந்து போடாமல் கொம்புக்குக் குப்பி மாட்டுதல்,"Providing a decorative minor benefit while ignoring the fundamental injury","fitting an ornament to the horn without treating the wound on the bullock's back",proverbial_metaphor,approved,"Applied to scholarships without land wages housing or occupational reform."
sorpozhivugal/nithi230359.md,tamil_to_english,பிணையல் போடுதல்,"Entangling land redistribution with land ceilings cooperative farming and other schemes until action is delayed","knotting one scheme to another",policy_metaphor,approved,"Preserves the image and the criticism of administrative delay."
sorpozhivugal/240868.md,tamil_to_english,நாடோடிகளாக இருந்தவர்களுக்கு நாடாள வருவது பெருமை; நாடாண்டவர்கள் நாடோடிகளாவது பெருமையல்ல,"Reversal of Martin's insult: social outsiders attaining office is honourable while former rulers losing relevance is not","There is honour in wanderers coming to rule; none in rulers becoming wanderers",political_wordplay,approved,"Retains the film-title wordplay and class-political reversal."
sorpozhivugal/240868.md,tamil_to_english,சுக்கிர திசை அடித்தால்,"Astrological idiom for an exceptionally favourable turn of fortune","if Venus enters a favourable phase",astrological_idiom,approved,"Translator note clarifies the humorous response about Congress returning to office."
sorpozhivugal/240868.md,tamil_to_english,சரக்கு இல்லை,"Advocate lacks evidentiary or argumentative substance","he had no case",courtroom_idiom,approved,"Rendered within Anna's extended courtroom analogy."
sorpozhivugal/240868.md,english_to_tamil,It pays me / your logic is what pays you,"Logic applied selectively according to political advantage","அது எனக்குப் பயனளிக்கிறது / உங்களுக்குப் பயனளிப்பதுதான் உங்கள் தர்க்கம்",parliamentary_wordplay,approved,"Preserves the rapid English exchange recovered from Image 8."
sorpozhivugal/irandavathu_manila1.md,tamil_to_english,ஆணிவேர் சல்லிவேர் பக்கவேர்,"Anna as the movement's taproot and other leaders as fibrous and lateral roots","taproot; fibrous and lateral roots",organizational_metaphor,approved,"Retains Navalar's botanical hierarchy of guidance and distributed work."
sorpozhivugal/irandavathu_manila1.md,tamil_to_english,அறிவுப் படை ஆற்றல் படை,"Organized cadres equipped respectively with political understanding and capacity for action","army of knowledge and army of strength",movement_metaphor,approved,"Parallel military image is central to the conference as a turning point."
sorpozhivugal/irandavathu_manila1.md,tamil_to_english,குலதர்மக் கல்வித் திட்டம்,"Rajaji's Modified Scheme of Elementary Education linking children's schooling with hereditary family occupations","hereditary education scheme",historical_policy_term,approved,"Captures the movement's criticism rather than using a neutral generic school scheme label."
sorpozhivugal/irandavathu_manila1.md,tamil_to_english,நிலைமை காரணமாகத்தான் கைத்தறி ஆதரவு,"Temporary protection for existing handloom livelihoods without rejecting long-term mechanisation","support for handloom because of existing circumstances",economic_policy_distinction,approved,"Essential distinction developed across three pages."
sorpozhivugal/irandavathu_manila2.md,tamil_to_english,வேட்டு முறை ஓட்டு முறை ஒட்டு முறை,"Three alliterative paths: armed violence democratic voting and attachment to a stronger political power","violence; vote; attachment",political_wordplay,approved,"Translator note records the Tamil sound play that cannot be reproduced exactly in English."
sorpozhivugal/irandavathu_manila2.md,tamil_to_english,தேன் குடத்தைத் தேடும்போது தேள் கொட்டுதல்,"Immediate repression cannot be ignored while pursuing the distant goal of national liberation","a scorpion stings while we search for the pot of honey",political_metaphor,approved,"Explains why electoral removal of the current Government is treated as part of the larger ideal."
sorpozhivugal/irandavathu_manila2.md,tamil_to_english,நடமாடும் பத்திரிகைகள் நிரந்தரக் காவியங்கள்,"Cadres personally carrying suppressed conference news and principles to every settlement","walking newspapers; enduring epics",movement_metaphor,approved,"Retains Anna's self-correction and elevation of delegates' role."
sorpozhivugal/irandavathu_manila2.md,tamil_to_english,புடம்போட்டு எடுத்த தங்கம்,"Nedunchezhiyan as a disciplined leader refined of Anna's admitted shortcomings","gold refined in the furnace",leadership_metaphor,approved,"Central to the transfer of General Secretary authority."
sorpozhivugal/irandavathu_manila2.md,tamil_to_english,ஜனநாயகம் பேசினால் ஜனநாயகம்தான் மிச்சமாகும்; கழி தாங்காது,"Debate is legitimate before a decision but operational micromanagement after it prevents execution","only democracy will remain and the pavilion pole will not stand",organizational_analogy,approved,"Preserves the distinction between policy debate and disciplined implementation."
sorpozhivugal/sthabana_aykyam.md,tamil_to_english,ஸ்தாபன ஐக்கியம்,"Unity grounded in shared principles common benefit transparent conduct and disciplined collective action","organisational unity",labor_organization_term,approved,"Broader than temporary solidarity or personal affection."
sorpozhivugal/sthabana_aykyam.md,tamil_to_english,சேகரித்த தேனை இழக்கும் வண்டுகள்,"Workers deprived of the wealth and conveniences produced by their own labour","bees deprived of the honey they gathered",labor_metaphor,approved,"Retains the critique of surplus appropriation."
sorpozhivugal/sthabana_aykyam.md,tamil_to_english,பொதுத்தன்மைதான் ஸ்தாபனத்துக்கு அரண்,"Shared condition and mutual pursuit of justice as the organization's protection","commonality is the organisation's fortress",organizational_principle,approved,"Captures the transition from individual petition to collective remedy."
sorpozhivugal/sthabana_aykyam.md,tamil_to_english,ஜன்னல் கம்பி,"Even the least prominent member or structural detail whose neglect can expose the whole organization to harm","window bar",extended_building_analogy,approved,"Preserves the argument for attending to every member."
sorpozhivugal/sthabana_aykyam.md,tamil_to_english,சுருதி ஞானம்,"Capacity to maintain exact tonal alignment on which all music depends","knowledge of sruti",music_metaphor,approved,"Used as the final analogy for continuously maintained unity."
sorpozhivugal/kootu_endral.md,tamil_to_english,கூட்டு,"Either a political coalition involving ideological merger or a mixed vegetable dish whose ingredients are properly combined","coalition / mixed vegetable dish",political_food_wordplay,approved,"Both senses structure Anna's distinction from electoral adjustment."
sorpozhivugal/kootu_endral.md,tamil_to_english,அட்சஸ்மெண்ட்,"Mutual constituency-level concession to avoid splitting anti-Congress votes without merging parties or principles","electoral seat adjustment",electoral_term,approved,"Retains the conceptual contrast central to the speech."
sorpozhivugal/kootu_endral.md,tamil_to_english,கொக்குத் தலையில் வெண்ணெய்,"Absurdly postponing action until accumulated private wealth can supposedly be recovered by taxation","butter on the crane's head",proverbial_metaphor,approved,"Speech applies the familiar tale to the Finance Minister's tax argument."
sorpozhivugal/kootu_endral.md,tamil_to_english,மூன்று கணக்கு,"Separate books for taxation deceiving a partner and private knowledge","three sets of accounts",commercial_critique,approved,"Preserves the allegation explaining why later taxation cannot recover concentrated wealth."
sorpozhivugal/kootu_endral.md,tamil_to_english,வலை அறுந்திருந்தாலும் சரிப்படுத்துதல்,"Repairing opposition coordination so Congress cannot escape through vote splitting","repairing the torn net",electoral_metaphor,approved,"Continues the fish-and-net image."
sorpozhivugal/pothu_maanadu.md,tamil_to_english,பங்காளிக் காய்ச்சல்,"Professional friction among people belonging to the same trade or calling","fever of rivalry between partners",idiomatic_metaphor,approved,"Used to soften possible disagreement between Anna and fellow journalists."
sorpozhivugal/pothu_maanadu.md,tamil_to_english,நாற்பதாம் நெம்பர் நூல்,"A particular yarn count used in the wedding-thread analogy","number-forty yarn",material_cultural_term,approved,"The analogy distinguishes raw material from the object made meaningful by its proper use."
sorpozhivugal/pothu_maanadu.md,tamil_to_english,ஒரு கை பார்க்கலாம்,"To confront test or take on an opponent","take them on",idiom,approved,"The phrase expresses what sufficient legislative strength would allow Anna and his colleagues to do."
sorpozhivugal/pothu_maanadu.md,tamil_to_english,தாலிக்கயிறு,"The sacred thread tied at a Tamil Hindu wedding","sacred wedding thread",cultural_term,approved,"The speech uses it to distinguish electoral strength properly assembled and used from undirected material support."
sorpozhivugal/naadu_nagram.md,tamil_to_english,நாளொரு மேனியும் பொழுதொரு வண்ணமுமாக,"Continuous growth in stature and splendour","in stature by the day and in splendour by the hour",idiom,approved,"Retains the paired cadence while expressing uninterrupted growth."
sorpozhivugal/naadu_nagram.md,tamil_to_english,மிட்டா மிராசுகள்,"Landholding magnates associated with mitta and mirasi tenure","landed magnates",historical_social_term,approved,"A broad rendering avoids imposing one tenure system on both terms."
sorpozhivugal/naadu_nagram.md,tamil_to_english,அடுப்படியில் காண்கின்ற அரசியல்,"The cost-of-living reality experienced directly by householders","politics seen at the kitchen hearth",domestic_political_metaphor,approved,"The hearth functions as immediate evidence against abstract development claims."
sorpozhivugal/naadu_nagram.md,tamil_to_english,உடைந்த முட்டை,"A development plan wasted through competing claims and poor execution","broken egg",extended_domestic_analogy,approved,"Preserves the conclusion of the neighbouring hen-owners anecdote."
sorpozhivugal/mahathma_gandhi.md,tamil_to_english,தங்கப்பாதக் குறடு,"Ornate golden footwear worn by religious preceptors in contrast to Gandhi's poverty","golden sandals",religious_material_term,approved,"The contrast critiques luxurious renunciation."
sorpozhivugal/mahathma_gandhi.md,tamil_to_english,ஆஷாடபூதிகள்,"Fraudulent ascetics or outwardly pious hypocrites","sanctimonious hypocrites",literary_social_term,approved,"The figurative sense fits a list of exploitative forces that could capture a free country."
sorpozhivugal/mahathma_gandhi.md,tamil_to_english,செங்கோல் ஜபமாலை இரண்டும் செலுத்தும் ஆதிக்கம்,"Combined political and religious domination","joint domination of sceptre and prayer beads",political_religious_metaphor,approved,"Retains the paired symbols rather than flattening them into a generic reference to authority."
sorpozhivugal/mahathma_gandhi.md,tamil_to_english,இறந்த தோட்டக்காரனின் கரத்திலுள்ள விதை,"Continuing Gandhi's unfinished programme instead of limiting remembrance to grief and vengeance","seeds in the dead gardener's hand",extended_memorial_metaphor,approved,"The final garden image defines active continuation as Gandhi's lasting memorial."
sorpozhivugal/310868.md,tamil_to_english,உரிமைப் பிரச்சினை,"A proceeding concerning an alleged breach of legislative privilege","privilege question",parliamentary_term,approved,"Used consistently for the Assembly procedure at issue."
sorpozhivugal/310868.md,tamil_to_english,மலிவான சரக்கு / விலை போகாத சரக்கு,"Cheap goods versus goods that cannot be sold; the distinction controls the alleged misquotation","cheap goods / unsaleable goods",semantic_legal_distinction,approved,"Anna denies applying either phrase to women and says only the latter described Congress allegations."
sorpozhivugal/310868.md,tamil_to_english,கடமை கண்ணியம் கட்டுப்பாடு,"Anna's threefold public maxim invoked by the source editor","Duty Dignity and Discipline",political_maxim,approved,"Capitalisation marks it as the recognised triad while preserving its concise form."
sorpozhivugal/310868.md,tamil_to_english,மறப்போம் மன்னிப்போம்,"A reconciliatory principle toward political opponents and offenders","Let us forget and forgive",political_maxim,approved,"Retained from the editorial introduction to the final Assembly speech."
sorpozhivugal/namakkal.md,tamil_to_english,காந்திமதம்,"The speech's critique of Congress and Gandhism functioning through religious-style faith ritual and authority","Gandhism as a Religion",political_title,approved,"The alternate title is explained rather than transliterated alone."
sorpozhivugal/namakkal.md,tamil_to_english,பூசுரன்,"A Brahmin represented in orthodox ideology as a god upon earth","bhusura / god upon earth",historical_religious_term,approved,"Both transliteration and literal gloss preserve the polemical argument."
sorpozhivugal/namakkal.md,tamil_to_english,அரசமரத்து சாமி,"A local mocking devotional title applied to Rajagopalachari","deity beneath the peepal tree",political_religious_satire,approved,"Literal rendering preserves the speech's portrayal of politics as worship."
sorpozhivugal/namakkal.md,tamil_to_english,மதப்புரட்டர்கள் அரசியல் புரட்டர்கள்,"Fraudulent or deceptive operators in religion and politics","frauds in religion; frauds in politics",political_word_pair,approved,"Keeps the deliberate parallel between the two spheres."
sorpozhivugal/chennai_mavatta.md,tamil_to_english,இரட்டைக் குழல் துப்பாக்கிகள்,"The DMK and Dravidar Kazhagam acting independently but against a shared target","double-barrelled gun",organizational_metaphor,approved,"Preserves Anna's founding-era metaphor for the two movements."
sorpozhivugal/chennai_mavatta.md,tamil_to_english,ஆற்று வெள்ள ஆர்வம் / நீர்த்தேக்க ஆர்வம்,"Short-lived emotional surge contrasted with durable disciplined commitment","floodwater enthusiasm / reservoir enthusiasm",extended_movement_metaphor,approved,"Central warning that a prolonged campaign cannot rely on its opening excitement."
sorpozhivugal/chennai_mavatta.md,tamil_to_english,போர்ப்பரணி,"A heroic war-poem genre used figuratively for militant conference speeches","battle hymn",literary_political_term,approved,"Carries the Puram literary resonance without a long gloss in running prose."
sorpozhivugal/chennai_mavatta.md,tamil_to_english,மலர் பறிப்பதல்ல இந்தப் போர்,"The campaign requires endurance of prison violence and possible death","this struggle is not flower-picking",movement_metaphor,approved,"Retains the direct contrast with barefoot travel through cactus thorns."
sorpozhivugal/chennai_mavatta.md,tamil_to_english,கண்ணியமென்ற கவசம்,"Dignity as the discipline protecting participants in nonviolent action","dignity as our armour",movement_metaphor,approved,"Preserves the speech's ethical framing of the campaign."
sorpozhivugal/velanmai190359.md,tamil_to_english,வெட்டுப் பிரேரணை,"A legislative motion proposing reduction of a budgetary demand","cut motion",parliamentary_budget_term,approved,"Standard Indian legislative rendering."
sorpozhivugal/velanmai190359.md,tamil_to_english,பாலாறு,"River name used for a wordplay contrasting milk-like prosperity with a dry sandy bed","Palar / river of milk",place_name_wordplay,approved,"Both name and literal sense are needed for Anna's argument."
sorpozhivugal/velanmai190359.md,tamil_to_english,அமைச்சர் வேகம்,"A satirical pace slower than either tortoise or snail","a minister's pace",political_satire,approved,"Retains the escalating comparison rather than paraphrasing it as bureaucratic delay."
sorpozhivugal/velanmai190359.md,tamil_to_english,ஆயிரத்தெட்டு கவலை,"Countless competing ministerial concerns that prevent sustained attention","innumerable concerns",idiom,approved,"The number is idiomatic rather than a literal count of 1,008."
sorpozhivugal/nadagathilae.md,tamil_to_english,அறிவுப் பண்ணை,"The collective cultivation of public reason and knowledge","farm of knowledge",renaissance_metaphor,approved,"Retains the agricultural image used for reformers' labour."
sorpozhivugal/nadagathilae.md,tamil_to_english,விதி மேலுலகம் குலத்துக்கோர் நீதி,"Three dominant ideas attributed to the pre-renaissance stage","fate; the upper world; separate justice for each caste",theatrical_ideology_triad,approved,"Kept as a recurring three-part formulation central to the speech."
sorpozhivugal/nadagathilae.md,tamil_to_english,தேள்கடிக்குப் பிறகு ஒரு தேன் சொட்டு,"Otherworldly consolation offered after fatalism intensifies a worker's suffering","a drop of honey after a scorpion sting",social_theatre_metaphor,approved,"Preserves the sharp contrast between pain and promised heavenly reward."
sorpozhivugal/nadagathilae.md,tamil_to_english,எலும்பைப் பெண்ணுருவாகக் கண்ட கண்கள் / பெண் எலும்புரு,"Reversal from mythic transformation to social causes that physically waste a woman","eyes that saw a skeleton become a woman / a woman reduced to a skeleton",literary_reversal,approved,"Both halves are necessary to retain Anna's wordplay and change of focus."
sorpozhivugal/nadagathilae.md,tamil_to_english,மாட்டு வண்டிக்கான மனப்பான்மை,"Ancient social thinking retained amid modern technological life","bullock-cart mentality",modernity_metaphor,approved,"Quoted from Jawaharlal Nehru in the source."
sorpozhivugal/call_to_the.md,english_to_tamil,the rulers of the country,"Citizens as the democratic source of the elected representatives' authority","நாட்டின் ஆட்சியாளர்களான மக்கள்",democratic_address,approved,"Maintains Anna's deliberate reversal of ruler and governed."
sorpozhivugal/call_to_the.md,english_to_tamil,walking diseases,"Price-raisers and hoarders represented as mobile social afflictions","நடமாடும் நோய்கள்",social_metaphor,approved,"Direct metaphor retained in quotation marks."
sorpozhivugal/call_to_the.md,english_to_tamil,greater autonomy for the State Governments,"Expanded constitutional authority alongside finance aid and loans","மாநில அரசுகளுக்குக் கூடுதல் தன்னாட்சி",federalism_term,approved,"Keeps autonomy distinct from financial assistance."
sorpozhivugal/call_to_the.md,english_to_tamil,attain full stature,"State Government gaining the authority and capacity needed to function fully","முழு வளர்ச்சி பெறுதல்",federalism_metaphor,approved,"Avoids reducing the phrase to physical size."
sorpozhivugal/latchiyam_valar.md,tamil_to_english,மூல முழக்கம்,"The governing slogan to which the movement's other programmes are tuned","fundamental slogan",movement_term,approved,"Linked to the following sruti analogy."
sorpozhivugal/latchiyam_valar.md,tamil_to_english,அரசியல் வெட்டுக்கிளிகள்,"Opportunistic political clamour contrasted with durable inner conviction","political locusts",political_metaphor,approved,"Literal image preserves the speech's contrast."
sorpozhivugal/latchiyam_valar.md,tamil_to_english,வாடிய தமிழ்ப்பயிர் செழிக்க வாய்க்கால் வெட்டிய வீரர்கள்,"Anti-Hindi campaigners whose sacrifice channels renewal to Tamil","warriors who cut a canal so the withered Tamil crop could flourish",extended_language_metaphor,approved,"Heading's agriculture image is retained in full."
sorpozhivugal/latchiyam_valar.md,tamil_to_english,எலிவளை எலிகளுக்கே,"Mocking distortion of Tamil Nadu for Tamils","a rat-hole for the rats",political_mockery,approved,"Needed to explain the following claim that ridicule failed."
sorpozhivugal/latchiyam_valar.md,tamil_to_english,உரிமை முரசொலி,"An awakened people's public proclamation of political right","drumbeat of rights",movement_metaphor,approved,"Distinguished in the source from ordinary party speech."
sorpozhivugal/ullatchi051157.md,tamil_to_english,ஸ்தல ஸ்தாபனம்,"An elected local-government institution such as a panchayat or district board","local body / local institution",historical_administrative_term,approved,"Rendered by context rather than retained as an opaque Sanskritised expression."
sorpozhivugal/ullatchi051157.md,tamil_to_english,சமுதாய நலத் திட்டம்,"The state-sponsored rural Community Development Programme operating through blocks","Community Development Programme",development_administration_term,approved,"Capitalised where it denotes the named programme."
sorpozhivugal/ullatchi051157.md,tamil_to_english,பத்து ரூபாய் நோட்டை பத்து துண்டாகக் கிழித்தல்,"Authority fragmented into unusable pieces across administrative tiers","tearing a ten-rupee note into ten pieces",governance_metaphor,approved,"Contrasted with exchanging the note into usable coin."
sorpozhivugal/ullatchi051157.md,tamil_to_english,கண் துடைப்பு மெழுகுப் பூச்சு,"A project seen as superficial display rather than durable public benefit","eyewash / a coat of polish",public_trust_idiom,approved,"Explains why villagers withhold cooperation."
sorpozhivugal/ullatchi051157.md,tamil_to_english,ஒரு டப்பிக்குள் இன்னொரு சின்ன டப்பி,"A temporary plan placed awkwardly inside a permanent local institution","a little tin inside another tin",organizational_metaphor,approved,"The resulting internal noise represents conflict without security."
sorpozhivugal/260868.md,tamil_to_english,நம்பிக்கையில்லாத் தீர்மானம்,"Legislative motion testing whether the Ministry retains the confidence of the House","no-confidence motion",parliamentary_term,approved,"Standard legislative rendering."
sorpozhivugal/260868.md,tamil_to_english,அகில உலகத்திற்கும் அவர் கட்சி போக வேண்டும்,"Humorous extension of Congress's all-India status into a worldwide ambition","his party should spread throughout the world",parliamentary_humour,approved,"Preserves Anna's reply and the recorded laughter."
sorpozhivugal/260868.md,tamil_to_english,செய்த பாவத்திற்குப் பிராயச்சித்தம்,"Congress sitting in opposition as penance for failures during its long rule","penance for the sin committed",political_religious_metaphor,approved,"Retains Ramalingam's formulation and Anna's response about conscience."
sorpozhivugal/260868.md,tamil_to_english,அவைக் குறிப்பிலிருந்து நீக்குதல்,"Formal removal of unparliamentary language from the official proceedings","expunge from the Assembly record",parliamentary_term,approved,"Used for the Deputy Speaker's ruling."
sorpozhivugal/mozhiyai.md,tamil_to_english,மூளையைத் தடவிப் பார்க்கிறார்கள்,"Hindi imposition represented as northern domination reaching Tamil intellectual and literary identity","they probe our brain",body_political_metaphor,approved,"Follows the contrast with earlier interference at the lower belly."
sorpozhivugal/mozhiyai.md,tamil_to_english,வாடகை வீடு / சொந்த வீடு,"A government dependent on northern permission contrasted with sovereign political ownership","rented house / one's own house",federalism_metaphor,approved,"Extended through repair and whitewashing examples."
sorpozhivugal/mozhiyai.md,tamil_to_english,அகல் நம்மிடத்தில் இல்லை,"Political authority as the earthen lamp vessel needed before policy can be supplied as oil","we do not possess the lamp's earthen vessel",government_metaphor,approved,"Preserves distinction between obtaining government and determining its programme."
sorpozhivugal/mozhiyai.md,tamil_to_english,கண்ணாடிப் பாத்திரம்,"Congress power as a glass vessel that cannot be repaired after electoral defeat","glass vessel",electoral_metaphor,approved,"Continues into the image of wealthy supporters squeezing it until it breaks in their hands."
sorpozhivugal/viduthalai_iyakkam.md,tamil_to_english,கழகத்தில் ஏற்பட்ட கலாம்,"Internal discord or disturbance within the organisation","discord within the Kazhagam",organizational_term,approved,"Avoids overstating the initial conflict as a permanent split before Anna does so hypothetically."
sorpozhivugal/viduthalai_iyakkam.md,tamil_to_english,வைரத் தோடு காதுப்புண்,"Temporary separation to permit an organisational wound to heal without abandoning the valuable movement","diamond earring and an ear wound",organizational_metaphor,approved,"Central appeal to Sampath and departing members."
sorpozhivugal/viduthalai_iyakkam.md,tamil_to_english,வயிற்றுவலி சோடா ஜிஞ்சர்பிர் மருந்து,"Escalating remedies used to distinguish superficial tension from a deeper organisational disorder","stomach ache; soda; ginger beer; medicine",diagnostic_metaphor,approved,"Preserves Anna's refusal to minimise the bitterness."
sorpozhivugal/viduthalai_iyakkam.md,tamil_to_english,மகுடத்திற்குப் பணிவு மன்னர் தனிமனிதருக்கல்ல,"Institutional loyalty to the Crown distinguished from obedience to a misbehaving individual king","submission belongs to the Crown not the individual king",constitutional_principle,approved,"Appears in the appended parliamentary-history segment."
sorpozhivugal/pooja_mano.md,tamil_to_english,பூஜா மனோபாவம்,"Uncritical devotional loyalty to a political party or heroic leader","cult of worship / attitude of worship",political_psychology_term,approved,"Broader than literal ritual worship and central to the post-independence democratic warning."
sorpozhivugal/pooja_mano.md,tamil_to_english,சாதாரண மனிதனின் பெருமைதான் ஜனநாயகம்,"Democracy defined through the dignity and public importance of ordinary citizens","democracy is the greatness of the ordinary person",democratic_principle,approved,"Retains the attributed commentary's concise formulation."
sorpozhivugal/pooja_mano.md,tamil_to_english,சவுக்கு காளை,"Repression initially producing obedience and pleasure but later exhaustion and resistance","whip and bull",extended_repression_metaphor,approved,"Both ruler and victim change through repeated use."
sorpozhivugal/pooja_mano.md,tamil_to_english,ஜ்வாலை பொறிகள்,"Underlying political opposition contrasted with newspapers and propaganda carrying its visible sparks","flame and sparks",political_media_metaphor,approved,"Destroying carriers of criticism cannot extinguish the cause."
sorpozhivugal/tamilarin_thani.md,tamil_to_english,தனிப் பண்பு,"The historically distinctive character attributed to the Tamil people","distinctive character",historical_identity_term,approved,"Avoids suggesting biological uniqueness."
sorpozhivugal/tamilarin_thani.md,tamil_to_english,மாடப்புறா,"Political freedom portrayed as a pigeon visible on a high tower but beyond reach","pigeon on the tower",political_metaphor,approved,"Preserves the contrast between apparent proximity and practical inaccessibility."
sorpozhivugal/tamilarin_thani.md,tamil_to_english,சட்டியிலே மாவு வடக்கே போகிறது,"The South's resources and revenues being channelled northward","the batter in the pot goes north",economic_metaphor,approved,"The domestic image is retained and explained through context."
sorpozhivugal/tamilarin_thani.md,tamil_to_english,நிலமென்னும் நல்லாள் நகும்,"The land personified as a woman who laughs at an idle claimant","‘the good woman called land will laugh’ (Tirukkural 1040)",literary_allusion,approved,"Identified in the speech itself as Kural 1040."
sorpozhivugal/tamilarin_thani.md,tamil_to_english,வீட்டுக்கு சுவர் நாட்டுக்கு அரண்,"National boundaries defended through the analogy of walls around houses and bunds around fields","a wall for a house; a fortification for a country",political_analogy,approved,"Retains the period argument without converting it into a modern legal claim."
sorpozhivugal/300667.md,tamil_to_english,வெட்டுப் பிரேரணை,"A parliamentary motion seeking reduction of a demand for grant","cut motion",parliamentary_term,approved,"Uses the standard English legislative term."
sorpozhivugal/300667.md,tamil_to_english,மான்யக் கோரிக்கை,"A legislature's demand for budgetary grant","demand for grants",parliamentary_term,approved,"Uses the standard budget-procedure term."
sorpozhivugal/300667.md,tamil_to_english,கஜேந்திர மோட்சம்,"Mythological rescue invoked satirically for the opposition's claim to protect officials","Gajendra Moksha",mythological_allusion,approved,"The explanatory action is retained in the speech."
sorpozhivugal/300667.md,tamil_to_english,பாற்க்கின்ஸன்ஸ் விதி,"Administrative work and staffing expanding independently of actual need","Parkinson's Law",administrative_allusion,approved,"The source's surrounding example establishes the intended reference despite damaged OCR."
sorpozhivugal/300667.md,tamil_to_english,சிறங்கு கிளறினால் பெரிய புண்,"Repeatedly reopening a dispute causes political bitterness to grow","scratching a healing eruption into a large wound",political_metaphor,approved,"Retains Anna's medical metaphor without softening it."
sorpozhivugal/kalayin_nilamai.md,tamil_to_english,காம்போதி முகாரி,"An artist's suffering turning even a bright raga into one framed as sorrowful","Kambhoji sounding like Mukhari",musical_metaphor,approved,"Carnatic raga names are transliterated and the contextual contrast retained."
sorpozhivugal/kalayin_nilamai.md,tamil_to_english,இராஜபார்ட்,"The leading royal role in a stage company","royal lead",theatre_term,approved,"Translated functionally rather than retaining company-era jargon alone."
sorpozhivugal/kalayin_nilamai.md,tamil_to_english,கலை வலையாக இருத்தல்,"Art used as an instrument through which one community subjugates another","art becoming a net",political_aesthetic_metaphor,approved,"The net and tearing imagery is preserved throughout the paragraph."
sorpozhivugal/kalayin_nilamai.md,tamil_to_english,மதத்தரகர்,"An intermediary who profits from or asserts authority through religion","religious broker",social_reform_term,approved,"Preserves the speech's critical economic connotation."
sorpozhivugal/kalayin_nilamai.md,tamil_to_english,பேனா துர்ப்பையில்லை,"Modern writing and reason contrasted with ritual darbha grass","a pen, not sacred darbha grass",reformist_wordplay,approved,"Retains N. S. Krishnan's comic reformist contrast."
sorpozhivugal/muthal_manila.md,tamil_to_english,வழிகாட்டி வைதீக வாடை,"Anna's rejection of the title guide because of its spiritual or orthodox overtones","guide carrying the smell of religious orthodoxy",political_leadership_term,approved,"Preserves the wordplay behind his democratic disclaimer."
sorpozhivugal/muthal_manila.md,tamil_to_english,கொள்கைச் சந்தையிலே கடை,"Treating principles as commodities available for bargaining","a shop in the marketplace of principles",political_metaphor,approved,"Retains Anna's insistence that cooperation does not require abandoning principles."
sorpozhivugal/muthal_manila.md,tamil_to_english,அவசர அகராதி அனுபவ அகராதி,"Hasty prediction contrasted with judgement grounded in experience","dictionary of haste; dictionary of experience",wordplay,approved,"The repeated அகராதி construction is retained."
sorpozhivugal/muthal_manila.md,tamil_to_english,அரசியல் விராடபர்வம்,"Political actors appearing in disguise or concealing their identities and motives","political Virata Parva",epic_allusion,approved,"The Mahabharata allusion is explained by the surrounding question about hidden entrants."
sorpozhivugal/muthal_manila.md,tamil_to_english,அரசியல் கொலு,"Displaying imprisoned leaders as objects in a political tableau","political display / political golu",political_metaphor,approved,"Translated functionally while retaining the festive-display implication."
sorpozhivugal/nithi070458.md,tamil_to_english,நிதி ஒதுக்கீடு சட்ட முன்வடிவு,"Legislation authorising expenditure from public funds","Appropriation Bill",parliamentary_term,approved,"Title verified directly from image 1."
sorpozhivugal/nithi070458.md,tamil_to_english,உருவான யோசனை,"A proposal sufficiently developed to merit administrative consideration","concrete / well-formed proposal",legislative_term,approved,"Meaning follows the Finance Minister's repeated challenge to the opposition."
sorpozhivugal/nithi070458.md,tamil_to_english,துண்டு விழுகிற பட்ஜெட்,"A budget in which expenditure exceeds revenue","deficit budget",financial_term,approved,"Rendered with the standard English budget term."
sorpozhivugal/nithi070458.md,tamil_to_english,வன்மையான கண்டனம் மென்மையாக ஆகிவிடுதல்,"Strong provincial criticism weakening by the time it reaches the central government","strong condemnation becoming gentle in Delhi",political_wordplay,approved,"Preserves Anna's contrast between வன்மை and மென்மை."
sorpozhivugal/nithi070458.md,tamil_to_english,யாதும் ஊரே யாவரும் கேளீர்,"Universal kinship invoked against a narrow dispute over Tamil identity","every place is our town; everyone is our kin",classical_allusion,approved,"Famous Purananuru line translated literally enough for the argument."
sorpozhivugal/samuthaya170358.md,tamil_to_english,சமுதாய நலத் திட்டம்,"The post-independence rural Community Development Programme","Community Development Programme",historical_programme,approved,"Uses the established English programme name rather than a literal welfare-plan rendering."
sorpozhivugal/samuthaya170358.md,tamil_to_english,தேசிய விஸ்தரிப்புத் திட்டம்,"The National Extension Service linked to Community Development","National Extension Service",historical_programme,approved,"Uses the established English programme name."
sorpozhivugal/samuthaya170358.md,tamil_to_english,உழைப்பு மூலம் தானம்,"Unpaid labour contribution demanded from villagers whose labour sustains their families","donation through labour",rural_development_term,approved,"Preserves the criticism of compulsory or impracticable local contribution."
sorpozhivugal/samuthaya170358.md,tamil_to_english,மாற்றாந்தாயின் பிள்ளைகள்,"Constituencies neglected in favour of politically preferred areas","stepchildren",political_metaphor,approved,"Retains the unequal-treatment metaphor."
sorpozhivugal/samuthaya170358.md,tamil_to_english,விளம்பரச் சாவடிகள்,"Development works used as structures for party self-promotion","advertising booths",political_metaphor,approved,"Contrasted with bhajan halls and temples in the source."
sorpozhivugal/oayvunaeram.md,tamil_to_english,ஓய்வு ஓய்யாரம் திகைப்பு சோம்பல்,"Leisure distinguished from incapacity, unemployment-induced bewilderment, and unwilling idleness","leisure; ease without purpose; bewilderment; laziness",conceptual_distinction,approved,"Central lexical distinction in the opening argument."
sorpozhivugal/oayvunaeram.md,tamil_to_english,ஓய்வையும் புதிய எஜமானாக்குதல்,"Income-producing hobbies turning rest into another compulsory master over the worker","making leisure another master",labour_metaphor,approved,"Preserves the critique of monetising cultivators' non-seasonal time."
sorpozhivugal/oayvunaeram.md,tamil_to_english,அறிவானந்தம்,"Pleasure joined with effortless intellectual enrichment","intellectual delight",cultural_term,approved,"Used for telescopes and well-designed public exhibitions."
sorpozhivugal/oayvunaeram.md,tamil_to_english,பிணத்தின் மீது தூவப்படும் மல்லிகை,"Meaningless rest after defeat contrasted with purposeful exertion","jasmine scattered upon a corpse",extended_metaphor,approved,"Applied to Napoleon's enforced leisure on Elba."
sorpozhivugal/oayvunaeram.md,tamil_to_english,சக்திக்கேற்ற உழைப்பு தேவைக்கேற்ற வசதி,"Labour proportionate to ability and provision proportionate to need","labour according to strength; provision according to need",social_principle,approved,"Retains the source's closing social-economic formula."
sorpozhivugal/gandhi_silai.md,tamil_to_english,மாற்றான் தோட்டத்து மல்லிகை,"Merit retaining its value even when found among political opponents","jasmine in an opponent's garden",political_civility_metaphor,approved,"Central phrase framing Anna's willingness to honour Gandhi."
sorpozhivugal/gandhi_silai.md,tamil_to_english,அரசியல் நாகரிகம்,"Cross-party respect and cooperation without abandoning principled disagreement","political civility",political_term,approved,"Repeated organising principle of the unveiling address."
sorpozhivugal/gandhi_silai.md,tamil_to_english,சுதந்திரக் குழந்தை,"Newly obtained independence requiring care and participation from every political party","child of freedom",extended_metaphor,approved,"Family-care imagery is retained across the full passage."
sorpozhivugal/gandhi_silai.md,tamil_to_english,காகிதப்பூ மணமுள்ள பூ,"Formal independence contrasted with freedom that transforms ordinary lives","paper flower; fragrant flower",political_metaphor,approved,"Preserves Gandhi's post-independence social aspiration as presented by Anna."
sorpozhivugal/gandhi_silai.md,tamil_to_english,எரியிட்டார் என் செய்தீர்,"Gandhi's spiritual definition of Rama portrayed as undermining the epic character criticised by the movement","He has set it afire; what have you done?",polemical_wordplay,approved,"Retains the title of Anna's Dravida Nadu response without expanding beyond the source."
sorpozhivugal/a_thought.md,english_to_tamil,policy versus programme,"Fundamental structural change distinguished from action within existing machinery","கொள்கை மற்றும் திட்டச் செயல்",political_economy_distinction,approved,"Central conceptual argument of the speech."
sorpozhivugal/a_thought.md,english_to_tamil,mixed economy / adulterated economy,"Compromise ideology criticised as contamination rather than synthesis","கலப்புப் பொருளாதாரம் / கலப்படப் பொருளாதாரம்",political_wordplay,approved,"Preserves Anna's pun and moral charge."
sorpozhivugal/a_thought.md,english_to_tamil,mixture of Marx and McCarthy,"Contradictory combination of socialist claim and anti-socialist/private-sector practice","மார்க்ஸும் மெக்கார்த்தியும் கலந்த விசித்திரக் கலவை",ideological_metaphor,approved,"Names transliterated and contrast retained."
sorpozhivugal/a_thought.md,english_to_tamil,land army,"Organised public force reclaiming cultivable wasteland for landless labourers","நிலப்படை",agrarian_policy_term,approved,"Not rendered as a conventional military force."
sorpozhivugal/a_thought.md,english_to_tamil,vessel with no propeller and no mast,"Capable minister constrained by absent ideology and obsolete administration","பாய்மரமும் உந்துவிசையும் இல்லாத கப்பல்",extended_metaphor,approved,"Closing metaphor and hole-plugging exchange retained."
sorpozhivugal/the_role_of.md,english_to_tamil,uncut diamond / harp without player,"Latent worth of an imperfect or underpowered institution","பட்டை தீட்டப்படாத வைரம் / வாசிப்பவர் இல்லாத யாழ்",paired_metaphor,approved,"Used to defend the U.N.'s value despite failures."
sorpozhivugal/the_role_of.md,english_to_tamil,eye that does not slumber,"A permanently vigilant international institution","உறங்காத கண்",institutional_metaphor,approved,"Attributed in the source to Woodrow Wilson."
sorpozhivugal/the_role_of.md,english_to_tamil,curative power,"Humanitarian and developmental work beyond conflict prevention","சீரமைப்புப் பணி",institutional_term,approved,"Covers health education human rights and development agencies."
sorpozhivugal/the_role_of.md,english_to_tamil,Yaadhum Oore Yaavarum Kelir,"Classical Tamil ideal of universal belonging and kinship","யாதும் ஊரே யாவரும் கேளிர்",classical_allusion,approved,"Retained in Tamil and explained in English source and Tamil translation."
sorpozhivugal/urimai161259.md,english_to_tamil,question of privilege,"Legislative inquiry into whether conduct obstructed or contemned the House","உரிமைப் பிரச்சினை",parliamentary_term,approved,"Uses the established Tamil legislative expression from the printed title."
sorpozhivugal/urimai161259.md,english_to_tamil,Legislature versus House,"Constitutional whole comprising Governor and chamber or chambers distinguished from an individual House","சட்டமன்றம் மற்றும் அவை",constitutional_distinction,approved,"Central to Anna's Article 168 argument."
sorpozhivugal/urimai161259.md,english_to_tamil,act of omission,"Liability alleged from abstaining rather than performing a disruptive act","செய்யாமல் விட்ட செயல்",legal_term,approved,"Contrasted with act of commission in the speech."
sorpozhivugal/urimai161259.md,english_to_tamil,prima facie case,"A case sufficient at first appearance to proceed","முதற்கண் ஏற்கத்தக்க வழக்கு",legal_term,approved,"Rendered functionally in the concluding submission."
sorpozhivugal/urimai161259.md,english_to_tamil,son of the soil,"A Governor originating from the State concerned","இந்த மண்ணின் மகன்",political_term,approved,"Retains the source's regional-representation formulation."
sorpozhivugal/kalaivanar_maraivu.md,tamil_to_english,கலைவாணர்,"Honorific identifying N. S. Krishnan as a master or patron of the arts","Kalaivanar",honorific,approved,"Retained as the person's established public title."
sorpozhivugal/kalaivanar_maraivu.md,tamil_to_english,தியாகம் முடிவு தெரியாத தொடர்கதை,"Sacrifice continuing across parties periods and generations","sacrifice is an endless serial",political_metaphor,approved,"The chapter imagery is retained in the inserted speech."
sorpozhivugal/kalaivanar_maraivu.md,tamil_to_english,மாட்டி வைக்கப்பட்ட புலித்தோல் உயிருள்ள புலி,"Present decline confronted by the living force of Tamil history","mounted tiger skin and living tiger",historical_identity_metaphor,approved,"Extended dialogue between history and the present is preserved."
sorpozhivugal/kalaivanar_maraivu.md,tamil_to_english,சுருதி கூட்டி பாட ஆரம்பித்தோம்,"Movement preparation giving way to open mass campaigning","we finished tuning and began to sing",musical_metaphor,approved,"Tambura and vocalist image retained."
sorpozhivugal/kalaivanar_maraivu.md,tamil_to_english,பால் பொங்கும் நேரம்,"A critical period when urgent political preparation must take precedence","the moment when milk rises in the pot",domestic_metaphor,approved,"Mother and crying-child extension retained."
sorpozhivugal/hindi_ethirpu.md,tamil_to_english,அறப்போர்,"A morally framed nonviolent political agitation accepting suffering without retaliatory violence","nonviolent struggle",movement_term,approved,"Supported by the source's rejection of violence and instruction not to retaliate."
sorpozhivugal/hindi_ethirpu.md,tamil_to_english,எங்கள் உறவு இரத்தத்தால் ஏற்பட்டது,"Movement solidarity formed through shared suffering rather than paid electoral transactions","a relationship made through blood",movement_metaphor,approved,"Retains tears and past sacrifice in the surrounding passage."
sorpozhivugal/hindi_ethirpu.md,tamil_to_english,மருந்தில் இனிப்பு,"Denial of imposition used to make gradual Hindi introduction palatable","sweetness mixed into medicine",policy_metaphor,approved,"Child-and-medicine analogy retained."
sorpozhivugal/hindi_ethirpu.md,tamil_to_english,எடுப்பார் கைப்பிள்ளை,"A person treated as helpless and controlled by whoever takes hold","a helpless child in another's hands",idiom,approved,"Rendered contextually rather than literally obscure."
sorpozhivugal/hindi_ethirpu.md,tamil_to_english,மொழி பிழைத்தால் இனம் பிழைக்கும்,"Survival of Tamil presented as essential to collective survival","only if Tamil survives will our people survive",language_identity_principle,approved,"Central closing formulation retained."
sorpozhivugal/thozhil240757.md,tamil_to_english,வெட்டுப் பிரேரணை,"Legislative debate on an allotted departmental grant","cut motion",legislative_term,approved,"Standard parliamentary rendering."
sorpozhivugal/thozhil240757.md,tamil_to_english,சிந்திரி முந்திரி,"Alliterative political jibe followed by a substantive cashew-industry proposal","sindhiri-mundhiri",wordplay,reviewed,"Transliterated where the sound-play itself is discussed; cashew is translated explicitly in the explanation."
sorpozhivugal/thozhil240757.md,tamil_to_english,இயர் மார்க்,"Small savings assigned specifically to productive State enterprises","earmark",economic_term,approved,"English loanword in Tamil source rendered by its standard English form."
sorpozhivugal/maanila300958.md,tamil_to_english,என்.ஜி.ஓ.,"Government personnel and pay dispute in a 1958 legislative context","non-gazetted officer",historical_administrative_term,approved,"Must not be read as non-governmental organisation in this source."
sorpozhivugal/maanila300958.md,tamil_to_english,பஞ்சப்படி,"Difference between Central and State employee compensation","dearness allowance",administrative_term,approved,"Standard period employment term."
sorpozhivugal/maanila300958.md,tamil_to_english,ஆணிவேர்,"Government employees described as the structural basis of administration","taproot",political_metaphor,approved,"Botanical metaphor retained."
sorpozhivugal/velanmai260358.md,tamil_to_english,மராமத்து இலாகா,"Ministerial portfolio responsible for irrigation and public works","Public Works Department",historical_administrative_term,approved,"Rendered by the established departmental equivalent."
sorpozhivugal/velanmai260358.md,tamil_to_english,மண்டலக் குழு / ஸோனல் கவுன்ஸில்,"Inter-State forum proposed for resolving the Palar water issue","Zonal Council",federal_institution,approved,"Period English designation restored from Tamil transliteration."
sorpozhivugal/velanmai260358.md,tamil_to_english,நல்லெண்ண தூதுகோஷ்டி,"All-party empowered body proposed to negotiate with Mysore","goodwill delegation",political_diplomatic_term,approved,"Institutional sense retained rather than translating word by word."
sorpozhivugal/pathirikai_thozhil.md,tamil_to_english,சொந்தத் தொழில்,"Journalism operated chiefly for its proprietor's profit","private enterprise",media_economic_term,approved,"Contrasted consistently with public service throughout the dialogue."
sorpozhivugal/pathirikai_thozhil.md,tamil_to_english,செய்திகளைப் பண்டமாக்குதல்,"News packaged and sold primarily as a commercial good","turning news into merchandise",media_metaphor,approved,"Commodity metaphor retained."
sorpozhivugal/pathirikai_thozhil.md,tamil_to_english,சிந்து,"Popular verse response to deaths during famine","lament in verse",literary_form,reviewed,"Contextual rendering avoids confusing it with the geographical Sindhu."
sorpozhivugal/alunarukku_anna.md,tamil_to_english,மாப்பிள்ளைத் தோழன்,"Opposition compared with the attendant who keeps a wedding proceeding properly","bridegroom's attendant",social_metaphor,approved,"Functional role and political analogy retained."
sorpozhivugal/alunarukku_anna.md,tamil_to_english,பாவாடை நாடாவில் கட்டப்பட்டிருக்கிறது,"State Government described as dependent upon the Centre","tied to the apron string",federal_metaphor,approved,"English idiom matches the dependence metaphor."
sorpozhivugal/alunarukku_anna.md,tamil_to_english,அத்தைக்கு மீசை முளைத்தால் சித்தப்பா,"Apparently impossible political change answered by reference to Kerala","if an aunt grows a moustache she becomes an uncle",proverb_political_joke,reviewed,"Literal form retained and historical allusion explained in notes."
sorpozhivugal/nithi140361.md,tamil_to_english,பிஸிக்கல் டார்ஜட்,"Measure of completed welfare work contrasted with nominal rupee spending","physical target",planning_term,approved,"Restored from period Tamil transliteration."
sorpozhivugal/nithi140361.md,tamil_to_english,சமபந்தி போஜனம்,"Proposed shared meal between segregated settlement and main-village residents","inter-caste common meal",social_reform_term,approved,"Sanskrit-derived period term explained functionally."
sorpozhivugal/nithi140361.md,tamil_to_english,புனிதப்போர்,"Accelerated five-year programme against untouchability and settlement deprivation","sacred campaign",political_metaphor,approved,"Rendered as reform campaign rather than literal warfare."
sorpozhivugal/280367.md,tamil_to_english,ஸ்ட்ரிக்சர்ஸ்,"Critical judicial observations beyond the narrow operative ruling","strictures",legal_term,approved,"Period English loanword restored; distinction follows the speech's own argument."
sorpozhivugal/280367.md,tamil_to_english,கடைசி நீதிமன்றம் பொதுமக்கள்தான்,"Electoral judgment treated as the final political court","the final court is the public",democratic_metaphor,approved,"Court metaphor retained without confusing it with formal appellate jurisdiction."
sorpozhivugal/poarvaal.md,tamil_to_english,போர்வாள்,"Organised movement against caste hierarchy, orthodoxy, ignorance and political domination","sword of struggle",extended_political_metaphor,approved,"Closing paragraph identifies symbolic targets; translator's note prevents literal misreading."
sorpozhivugal/poarvaal.md,tamil_to_english,கருப்புச் சட்டை,"Clothing proposed as a public sign of grief over social degradation","black shirt",movement_symbol,approved,"Historical movement symbol retained with its stated source explanation."
sorpozhivugal/poarvaal.md,tamil_to_english,தேர்தல் காளான்,"Short-lived political grouping formed for electoral convenience","electoral mushroom",political_metaphor,approved,"Organic image and criticism of transience retained."
sorpozhivugal/poarvaal.md,tamil_to_english,ஓட்டாச் சரக்கு,"Old elite coalition described as incapable of adhering to the movement's purpose","something unfit to be joined",idiom,reviewed,"Rendered contextually in the body rather than with a misleading literal commodity phrase."
sorpozhivugal/nithi180358.md,tamil_to_english,கம்பியில் நடப்பது / சாப் வாக்கிங்,"Police duties compared with maintaining balance under conflicting pressures","walking a tightrope",institutional_metaphor,approved,"Circus image retained contextually."
sorpozhivugal/nithi180358.md,tamil_to_english,அடக்கு மழை,"Repeated coercive police response to political agitation","rain of repression",political_metaphor,approved,"Weather metaphor retained."
sorpozhivugal/nithi180358.md,tamil_to_english,ரப்பர் ப்ளட்ஜன்,"Foreign crowd-control equipment mentioned in comparative argument","rubber bludgeon",historical_policing_term,approved,"Period English loan phrase restored without extending it into operational instruction."
sorpozhivugal/arignaranna_perurai.md,tamil_to_english,ஒட்டு முறை / வேட்டு முறை,"Ballot politics contrasted with explosives or violent force","ballot method / violent method",political_wordplay,reviewed,"Tamil rhyme explained explicitly because it cannot be reproduced naturally in English."
sorpozhivugal/arignaranna_perurai.md,tamil_to_english,அறப்போர்,"Disciplined protest that explicitly excludes retaliatory violence","nonviolent moral campaign",political_ethics_term,approved,"Context repeatedly condemns stone-throwing bus-burning and striking back."
sorpozhivugal/arignaranna_perurai.md,tamil_to_english,நேசக்கரம் / கழுத்தின் மேல் கை,"Negotiation offered by movement contrasted with coercion by rulers","friendly hand / hand upon our throats",paired_metaphor,approved,"Physical contrast retained."
sorpozhivugal/thamizhinamae.md,tamil_to_english,மயங்காதே தமிழா,"Warning to emerge from harmless linguistic rapture and begin practical work","do not remain intoxicated Tamil people",key_refrain,reviewed,"Subsequent paragraph explicitly defines the intoxication as Tamil delight."
sorpozhivugal/thamizhinamae.md,tamil_to_english,அறிவு அறை போகிய அரசனே,"Kannagi's accusation that the king's judgment and reason have failed","O king whose reason has failed",classical_literary_phrase,approved,"Sense preserved without mechanical word-by-word rendering."
sorpozhivugal/thamizhinamae.md,tamil_to_english,கொடுக்கக் குறையாத செல்வம்,"Knowledge grows or remains undiminished through being shared","wealth that never diminishes through giving",knowledge_metaphor,approved,"Closing intellectual-wealth metaphor retained."
sorpozhivugal/nilaucha301058.md,tamil_to_english,நில உச்ச வரம்பு,"Maximum lawful private agricultural holding followed by redistribution of surplus","ceiling on landholdings",land_reform_term,approved,"Standard policy rendering used consistently."
sorpozhivugal/nilaucha301058.md,tamil_to_english,உடைமை உணர்ச்சி,"Motivation and attachment arising from owning the land one cultivates","sense of ownership",economic_psychology_term,approved,"Distinguished from seed fertiliser and credit inputs."
sorpozhivugal/nilaucha301058.md,tamil_to_english,நூல் அறுந்து முடிச்சுப் போடுதல்,"Practical complications treated as knots to resolve while continuing policy work","joining broken thread and drawing it onward",policy_metaphor,approved,"Spinning image retained in conclusion."
sorpozhivugal/chennai_maanagar.md,tamil_to_english,மக்கள் குரல்தான் மகேசன் குரல்,"Popular mandate expressed through a Latin maxim","the voice of the people is the voice of God",democratic_maxim,approved,"Meaning of vox populi vox Dei supplied."
sorpozhivugal/chennai_maanagar.md,tamil_to_english,இரவல் சரக்கு,"Temporary political recruits or borrowed organisational strength","borrowed goods",political_metaphor,approved,"Retained alongside ripening-fruit metaphor."
sorpozhivugal/chennai_maanagar.md,tamil_to_english,கனி கனிகின்றவரை காத்திருப்பேன்,"Long-term organic growth preferred over opportunistic recruitment","I wait until the fruit ripens",political_metaphor,approved,"Patience image retained."
sorpozhivugal/makkal_sakthi.md,tamil_to_english,தாலிக் கயிறு,"A movement's institutional form compared with the cord that publicly signifies marital dignity","thali cord",cultural_political_metaphor,approved,"The culturally specific term is retained and explained through context."
sorpozhivugal/makkal_sakthi.md,tamil_to_english,கழகம் அகப்பை / காங்கிரஸ் பானை,"The opposition as a ladle exposing what the governing party's cooking pot contains","the DMK is the ladle; Congress is the cooking pot",political_metaphor,approved,"Linked kitchen metaphor retained rather than generalised to scrutiny."
sorpozhivugal/makkal_sakthi.md,tamil_to_english,பம்பரம் போல் சுற்றுதல்,"Relentless election travel from town to town","spin from place to place like a top",campaign_metaphor,approved,"Physical motion and campaigning force are both retained."
sorpozhivugal/makkal_sakthi.md,tamil_to_english,இலட்சாதிபதிகள் / இலட்சியம்,"Contrast between wealthy lakh-holders and people committed to an ideal","millionaires / people of principle",political_wordplay,approved,"English conveys the contrast but cannot reproduce the shared Tamil root."
sorpozhivugal/050767_2.md,tamil_to_english,வகுப்புக் கலவரம்,"Local conflict described through hereditary social group identity","caste disturbance / communal clash",historical_social_term,approved,"Rendered by context; it does not mean an economic-class conflict in these passages."
sorpozhivugal/050767_2.md,tamil_to_english,நூலுக்குப் பேர் / நூல் சிக்கல்,"Amma Pettai's textile reputation used as a pun on tangled local disputes","famous for thread / tangled thread",place_based_wordplay,approved,"Both literal textile reference and political joke retained."
sorpozhivugal/050767_2.md,tamil_to_english,இரத்தத்தின் இரத்தம் சதையின் சதை,"Police personnel described as members of the same society rather than an alien body","blood of our blood and flesh of our flesh",social_metaphor,approved,"Biblical-sounding English idiom closely preserves the bodily metaphor."
sorpozhivugal/060368.md,tamil_to_english,படி அரிசி,"DMK promise to sell a traditional measure of rice at a subsidised price","subsidised-rice scheme",historical_policy_term,approved,"Functional rendering used in prose; the Tamil term is retained in the source."
sorpozhivugal/060368.md,tamil_to_english,கோணிப்பட்டை ஆசிரியர்,"Comic story of a wife feigning pregnancy with folded gunny cloth","gunny-cloth teacher",rhetorical_story,approved,"Literal nickname retained because it drives the Fourth Plan analogy."
sorpozhivugal/060368.md,tamil_to_english,பானை ஊர்வலம்,"Opposition procession breaking pots to dramatise failed food promises","pot-breaking procession",political_protest_term,approved,"Concrete protest action and Anna's village-industry joke retained."
sorpozhivugal/060368.md,tamil_to_english,ரசம் போன கண்ணாடி,"Economic and fiscal damage compared with a mirror whose silvering has worn away","a mirror whose silvering has worn away",economic_metaphor,approved,"Meaning supplied from context; source OCR around the passage is fragmented."
sorpozhivugal/080767.md,tamil_to_english,குடிசைப் பகுதிகள்,"Unplanned concentrations of fragile dwellings discussed in a 1967 administrative context","hut settlements",historical_housing_term,approved,"More literal and historically neutral than replacing every occurrence with slum."
sorpozhivugal/080767.md,tamil_to_english,சேரிப் பகுதிகள்,"Areas explicitly labelled by the period term in the fundraising appeal","slum areas",historical_housing_term,approved,"Used only where the distinct Tamil source term occurs."
sorpozhivugal/080767.md,tamil_to_english,காமராசர்புரம் / கருத்திருமன்புரம் / கருணாநிதிபேட்டை,"Settlement boards invoking leaders' names to claim patronage and resist removal","Kamarajapuram / Karuthirumanpuram / Karunanidhipettai",political_place_name,approved,"Names transliterated; surrounding irony explains their function."
sorpozhivugal/080767.md,tamil_to_english,காலிகளின் காலித்தனம்,"Violence by self-appointed patrols claiming to protect frightened residents","rowdyism of self-appointed protectors",political_wordplay,approved,"English cannot reproduce the repeated Tamil root; role is made explicit."
sorpozhivugal/080767_2.md,tamil_to_english,எழுச்சி நாள்,"Cross-party mobilisation demanding the Salem steel plant and Tuticorin deep-water harbour","Uprising Day",historical_campaign_term,approved,"Capitalised as a named campaign; speech distinguishes it from a general shutdown."
sorpozhivugal/080767_2.md,tamil_to_english,வரி போடாமல் கிடைக்கக்கூடிய வருவாய்,"Income from State-owned enterprise contrasted with taxes burdening residents","non-tax revenue",public_finance_term,approved,"Standard functional equivalent used."
sorpozhivugal/080767_2.md,tamil_to_english,பனை ஓலை விசிறி,"Comic reductio of treating job count as the sole industrial criterion","palm-leaf fan",industrial_policy_joke,approved,"Literal object retained so the employment argument remains intelligible."
sorpozhivugal/080767_2.md,tamil_to_english,பாவம்,"The theatrical emotional mode adopted by legislators while speaking","emotional mode",theatre_term,approved,"Rendered by Anna's explicit reference to his acting experience rather than as sin."
sorpozhivugal/thazhtha200358.md,tamil_to_english,தாழ்த்தப்பட்டோர்,"Communities subjected to hereditary caste oppression","oppressed communities",historical_social_term,approved,"Avoids presenting low status as inherent while preserving the title's political sense."
sorpozhivugal/thazhtha200358.md,tamil_to_english,ஹரிஜன மக்கள்,"Period Gandhian administrative term used throughout departmental debate","Harijan people",historical_administrative_term,approved,"Retained where historically specific; not substituted into the Tamil source."
sorpozhivugal/thazhtha200358.md,tamil_to_english,கழுவாய் தேடுதல்,"Benefits framed as atonement for generations of caste wrong rather than charity earning gratitude","seek atonement",ethical_religious_term,approved,"Moral-accounting sense retained."
sorpozhivugal/thazhtha200358.md,tamil_to_english,ஓடக்கூடிய குதிரைக்கு ... சவுக்கு ஓங்குவது,"Cut motion intended to urge an already moving reform effort without injuring it","raise the whip over a running horse without scarring it",legislative_metaphor,approved,"Closing metaphor retained literally and explained by context."
sorpozhivugal/thaiyarkalayum.md,tamil_to_english,காஜா எடுத்தல்,"Tailoring operation Anna says he learned as a boy","sew buttonholes",craft_term,approved,"Context disambiguates it from the sweet called khaja."
sorpozhivugal/thaiyarkalayum.md,tamil_to_english,கதம்பமாகக் காட்சியளித்தல்,"Mixed clothing conventions presented as an unsystematic medley","appear as a medley",cultural_metaphor,approved,"Retains the flower-mixture image without overexplaining it."
sorpozhivugal/thaiyarkalayum.md,tamil_to_english,சுரம்போதித்தல்,"Master informally teaching musical notes while disciples serve him","teach the notes",music_pedagogy_term,approved,"Functional rendering used within the satirical apprenticeship scene."
sorpozhivugal/thaiyarkalayum.md,tamil_to_english,தொழிற்கலை,"Occupation understood as a developing body of technical and artistic knowledge","technical art / craft",technical_education_term,approved,"Rendering varies by context to distinguish craft development from mere employment."
sorpozhivugal/vilanginai.md,tamil_to_english,விலங்கினை ஒடித்திட,"Political domination imagined as shackles to be broken","break the shackles",liberation_metaphor,approved,"விலங்கு is interpreted as fetter rather than animal from title and speech context."
sorpozhivugal/vilanginai.md,tamil_to_english,வீர வணக்கம்,"Movement's salute to injured and deceased activists","heroic salute / salute",memorial_term,approved,"Rendered by context without importing a military rank."
sorpozhivugal/vilanginai.md,tamil_to_english,எழுச்சி / போர்க்கோலம்,"Mass political mobilisation described through uprising and battle imagery","uprising / fighting posture",political_rhetoric,approved,"Militant imagery retained alongside the speech's explicit nonviolence instructions."
sorpozhivugal/vilanginai.md,tamil_to_english,ஏனோ தானோக்கள்,"People dismissed as insignificant or of no account","nobodies",idiom,approved,"Compact English equivalent preserves the contempt being criticised."
sorpozhivugal/190368.md,tamil_to_english,பாரி பறித்த பரி,"A proverbial image of giving only to take the benefit back through higher prices","taking back what was given",economic_proverb,approved,"Functional rendering used because OCR may have damaged the proverb's proper form."
sorpozhivugal/190368.md,tamil_to_english,ஒட்டக்கூத்தன் பாட்டுக்கு இரட்டைத் தாழ்ப்பாள்,"Opposition phrase exaggerating repeated mill closures","a double bolt for Ottakoothar's song",literary_proverb,approved,"Literal form retained and explained by context."
sorpozhivugal/190368.md,tamil_to_english,ஊறுகாய்ப் பானையில் போடுதல்,"Leaving a public problem stored away and unattended","put into a pickle jar and forget",political_metaphor,approved,"Domestic storage image retained."
sorpozhivugal/190368.md,tamil_to_english,முக்கூட்டுப் பேச்சு,"Negotiation among Government employers and labour","tripartite talks",industrial_relations_term,approved,"Standard labour-policy equivalent."
sorpozhivugal/unavu100958.md,tamil_to_english,உழவர் பெருங்குடி மக்கள்,"Farmers praised collectively as the people who sustained food production","farming people",social_honorific,approved,"Collective dignity retained without literal clan wording."
sorpozhivugal/unavu100958.md,tamil_to_english,படி அரிசி,"Rice priced by a traditional volume measure","measure of rice",historical_measure,approved,"No modern metric value inferred."
sorpozhivugal/unavu100958.md,tamil_to_english,பேலாவில் சந்தனம்,"Revenue already consumed compared with sandal paste taken first from a shared bowl","sandal paste in a bowl",fiscal_metaphor,approved,"Serving-order image retained in the North-South allocation argument."
sorpozhivugal/unavu100958.md,tamil_to_english,நெஞ்சு உரம்,"Political courage required to confront entrenched wealth and the Union Government","courage / strength of heart",political_idiom,approved,"Rendered idiomatically by context."
sorpozhivugal/unavu100958.md,tamil_to_english,லிப்ட் இர்ரிகேஷன்,"Mechanically raising groundwater or lower-level water for irrigation","lift irrigation",irrigation_term,approved,"Standard technical equivalent."
sorpozhivugal/noolnilayangal.md,tamil_to_english,நூல் நிலையம்,"Public or institutional place maintaining books for reading","library",institutional_term,approved,"Modern standard equivalent used consistently."
sorpozhivugal/noolnilayangal.md,tamil_to_english,பொதிகை,"Library name invoking the ancient Tamil mountain associated with literary tradition","Podhigai",cultural_place_name,approved,"Transliterated as the institution's proper name."
sorpozhivugal/noolnilayangal.md,tamil_to_english,புத்துலகம்,"Modern rational scientific world to be presented through books","the new world",intellectual_metaphor,approved,"Distinct from merely new publications."
sorpozhivugal/noolnilayangal.md,tamil_to_english,ஞானப் பால்,"Mock supernatural explanation for scholarly ability","milk of wisdom",satirical_religious_term,approved,"Literal phrase retained because the satire depends on it."
sorpozhivugal/noolnilayangal.md,tamil_to_english,புது முறுக்கு,"Renewed intellectual strength or fibre in young minds","new sinew",educational_metaphor,approved,"Bodily-strength image retained."
sorpozhivugal/dravida_desium.md,tamil_to_english,திராவிட தேசீயம்,"Collective political identity defined through shared history culture and economic subordination","Dravidian nationalism",political_identity_term,approved,"Nationalism fits the speech's extended analysis of changing criteria for political grouping."
sorpozhivugal/dravida_desium.md,tamil_to_english,அந்திக் கடை,"Temporary evening clearance stall selling goods that will disappear by morning","evening clearance stall",market_metaphor,approved,"Kothawal Chavadi commercial setting retained."
sorpozhivugal/dravida_desium.md,tamil_to_english,சந்தேகப் பேய் / பூசாரி,"Doubt personified as possession and Sampath as its former exorcist","spirit of doubt / exorcist",political_satire,approved,"Extended ritual satire retained without treating possession literally."
sorpozhivugal/dravida_desium.md,tamil_to_english,வடக்கிருத்தல்,"Classical Tamil practice of fasting to death while facing north","vadakkiruthal / fasting unto death facing north",historical_cultural_term,approved,"Tamil term retained once and explained contextually."
sorpozhivugal/120767.md,tamil_to_english,பிர்க்கா,"Historic revenue subdivision between village and taluk","firka",historical_administrative_term,approved,"Standard administrative transliteration retained."
sorpozhivugal/120767.md,tamil_to_english,கூற்றம் / கோட்டம் / மண்டலம்,"Successive territorial units in the speech's account of Chola administration","kurram / kottam / mandalam",historical_administrative_term,approved,"Transliterated to preserve historically specific units rather than forcing modern equivalents."
sorpozhivugal/120767.md,tamil_to_english,சரணி / சீரணிப் படை,"Village-based public-service organisation proposed to revive civic participation","Seerani / civic service corps",political_institution_term,approved,"Named institution transliterated once and functionally explained; not rendered as a military guard."
sorpozhivugal/120767.md,tamil_to_english,மதகு,"Small sluice or regulating structure in a local irrigation system","sluice",irrigation_term,approved,"Chosen from repeated village-repair and funding context."
sorpozhivugal/120767.md,tamil_to_english,ஜமாபந்தி,"Periodic revenue settlement and official inspection gathering","jamabandi",historical_revenue_term,approved,"Period term retained and explained through the speech's account of access to Collectors."
sorpozhivugal/120767.md,tamil_to_english,பெட்டி ஆபீசர்ஸ்,"Subordinate officials with narrow local authority","petty officers",colonial_administrative_term,approved,"English-derived source expression restored from context."
katturaigal/irubathumoovar.md,tamil_to_english,ஆரத்தி எடுத்தவர்கள்,"Supporters who ceremonially welcomed the new rulers with ritual light","those who performed arati",ritual_political_metaphor,approved,"Ritual term retained because it structures the article's contrast between adoration and gunfire."
katturaigal/irubathumoovar.md,tamil_to_english,சோடசோபசாரம்,"The traditional set of sixteen forms of ceremonial honour","all sixteen ritual honours",religious_ritual_term,approved,"Functional meaning supplied without altering the source's satirical register."
katturaigal/irubathumoovar.md,tamil_to_english,அடைக்கலக் காதை / வெட்டுப் பாறைக் காதை,"Paired allusive titles contrasting promised refuge with execution","tale of seeking refuge / tale of the execution rock",literary_political_wordplay,approved,"Parallel tale construction retained; exact literary allusion remains implicit."
katturaigal/irubathumoovar.md,tamil_to_english,மாதம் மும்மாரி,"Idealised just rule represented by rain falling three times each month","rain three times a month",classical_prosperity_image,approved,"Literal conventional image retained in the ironic description of good government."
katturaigal/mozhiporattam.md,tamil_to_english,மொழிப் போராட்டம்,"Collective resistance to unequal status or imposed linguistic domination","language struggle",political_language_term,approved,"Struggle retains both organised protest and sacrifice central to the article."
katturaigal/mozhiporattam.md,tamil_to_english,ஹர்த்தால்,"Coordinated closure of shops and suspension of ordinary activity as protest","hartal",south_asian_political_term,approved,"Period term transliterated because it denotes a recognised form of mass protest."
katturaigal/mozhiporattam.md,tamil_to_english,நரம்பு நாதம்,"Attachment said to resonate through the nerves of youth","sounds through the very nerves",political_metaphor,approved,"Musical and bodily force of the phrase retained."
katturaigal/mozhiporattam.md,tamil_to_english,மாணவ மணிகள்,"Students praised as precious exemplary young people","student jewels",honorific_metaphor,approved,"Literal honorific image retained without treating மணி as a bell."
katturaigal/punnagai.md,tamil_to_english,நாலுதலை நாகம்,"Poverty old age disease and death personified as a cobra occupying life's bed","four-headed cobra",philosophical_metaphor,approved,"Extended image retained across the imagined dialogue."
katturaigal/punnagai.md,tamil_to_english,புன்சிரிப்பு / பொற்சிரிப்பு,"Buddha's gentle smile contrasted with the prosperous or false smile of priests","gentle smile / golden smile",rhetorical_wordplay,approved,"Sound-play and political contrast retained as closely as English permits."
katturaigal/punnagai.md,tamil_to_english,சாதிச் சனி,"Caste figured as a malign astrological affliction","curse of caste",social_religious_metaphor,approved,"Functional rendering conveys calamity without requiring astrological explanation in the sentence."
katturaigal/punnagai.md,tamil_to_english,ஆரியச் சேறு / செந்தாமரை,"Brahminical social order as mud from which Buddha's reform blooms as a red lotus","Aryan mud / red lotus",political_religious_metaphor,approved,"Lotus-and-mud contrast retained literally."
katturaigal/punnagai.md,tamil_to_english,பார்ப்பனீயத்தின் வைரி,"Periyar identified in thought as the adversary of Brahminism","foe of Brahminism",political_epithet,approved,"Retains the force of Anna's unspoken identification at Sarnath."
katturaigal/culcutta_kaichal.md,tamil_to_english,கல்கத்தா காய்ச்சல்,"Internal Congress jealousy conflict and disorder figured as an infectious fever","Calcutta fever",political_metaphor,approved,"Title metaphor retained throughout the conclusion."
katturaigal/culcutta_kaichal.md,tamil_to_english,சமஷ்டி,"Proposed all-India federation under the Government of India Act framework","Federation",colonial_constitutional_term,approved,"Capitalised where referring to the specific contemporary federal scheme."
katturaigal/culcutta_kaichal.md,tamil_to_english,தேசியத் தப்பட்டைகள் / உடுக்கை,"Nationalist newspapers mocked as drums repeating party propaganda","nationalist drums",press_satire,approved,"Percussion image retained across both expressions."
katturaigal/culcutta_kaichal.md,tamil_to_english,காந்தி கண்ணாடி,"Seeing Subhas through Gandhi's judgement rather than one's own eyes","Gandhi's spectacles",political_metaphor,approved,"Literal visual metaphor preserved."
katturaigal/culcutta_kaichal.md,tamil_to_english,சூத்திரதாரிகள்,"Backstage figures directing Congress affairs like puppets or a drama","wire-pullers",political_theatre_metaphor,approved,"English idiom preserves hidden control central to the accusation."
katturaigal/pirarsothai.md,tamil_to_english,அருட் பெருக்கு / ஆற்றுப் பெருக்கு,"Divine grace as a flood set rhetorically against the river in spate","flood of divine grace / river's flood",religious_wordplay,approved,"Parallel flood imagery retained in the rationalist challenge."
katturaigal/pirarsothai.md,tamil_to_english,உலகியல் ஒழுங்குமுறை,"Secular rules governing property consent wrongdoing and punishment","worldly law / social order",legal_ethical_term,approved,"Rendered according to context rather than as a named statute."
katturaigal/pirarsothai.md,tamil_to_english,சம்பந்த சரணாலயர்கள்,"Devotees taking doctrinal refuge in Sambandar and defending his act","devotees who seek refuge in Sambandar",polemical_religious_term,approved,"Wordplay on refuge retained functionally."
katturaigal/pirarsothai.md,tamil_to_english,காற்கல்,"Traditional expression for a quarter of a mile","quarter mile",historical_distance_term,approved,"Context contrasts nearby Kollampudur with distant Lankan shrines."
katturaigal/ditto.md,tamil_to_english,தலையாட்டி,"Person who merely nods obedience at another power's command","nodding doll",political_metaphor,approved,"Retains Tito's rejection of subservience to Moscow."
katturaigal/ditto.md,tamil_to_english,குத்திரக்கயறு,"Reins symbolising external control over an independent government","controlling reins",political_metaphor,approved,"Horse-control image retained functionally despite OCR-damaged spelling."
katturaigal/ditto.md,tamil_to_english,பாட்டாளிகளின் பாசறை,"Organised political camp or movement of wage workers","workers' camp",labour_movement_term,approved,"Military-organisational image retained."
katturaigal/ditto.md,tamil_to_english,புரட்சி பூத்த பூங்கா,"Revolutionary Russia imagined as a garden where revolution and love both flowered","garden in which revolution blossomed",political_romantic_metaphor,approved,"Extended garden image preserved across the paragraph."
katturaigal/ganavaan.md,tamil_to_english,கனவான்,"A gentleman or man of elevated social standing used sarcastically of Kamaraj","gentleman / lord",political_social_satire,approved,"Title uses gentleman; lord is used where the article stresses elite posture."
katturaigal/ganavaan.md,tamil_to_english,காலணா அரையணா,"Small quarter-anna and half-anna coins offered to street singers","quarter-anna and half-anna coins",historical_currency_term,approved,"Period denominations retained to preserve the beggar comparison."
katturaigal/ganavaan.md,tamil_to_english,சந்து பொந்துகள்,"Gaps loopholes or weak places within government plans","gaps",policy_idiom,approved,"Context concerns opposition scrutiny rather than literal lanes and holes."
katturaigal/ganavaan.md,tamil_to_english,சம்காரமூர்த்தி / சமரசமூர்த்தி,"Destroyer and conciliator personified as contrasting roles played by two ministers","embodiment of the destroyer / embodiment of conciliation",political_religious_wordplay,approved,"Parallel theatrical contrast retained."
katturaigal/ganavaan.md,tamil_to_english,கதகளி / பரதநாட்டியம்,"Classical dance forms used to mock contradictory political performances","Kathakali / Bharatanatyam",performance_metaphor,approved,"Names retained because the paired satire depends on distinct performances."
katturaigal/culcutta_rasagulla.md,tamil_to_english,கல்கத்தா ரசகுல்லா,"Bengali sweet turned into a bitter political sample everyone is invited to taste","Calcutta rasagulla",culinary_political_metaphor,approved,"Named sweet retained because the entire article develops the tasting metaphor."
katturaigal/culcutta_rasagulla.md,tamil_to_english,அபேதவாத பாயசம்,"Jawaharlal Nehru's socialism mocked as a sweet pudding offered to youth","socialist payasam",culinary_political_satire,approved,"Indian dish retained alongside the rasagulla metaphor."
katturaigal/culcutta_rasagulla.md,tamil_to_english,மஞ்சள் பெட்டி,"Yellow ballot box associated with the Congress electoral symbol or voting choice","yellow ballot box",historical_election_term,approved,"Literal period reference retained without adding an unsupported procedural explanation."
katturaigal/culcutta_rasagulla.md,tamil_to_english,நாலணா மெம்பர்,"Four-anna membership category used to contrast Gandhi's formal status with Bose's election","four-anna member",historical_party_term,approved,"Period denomination and membership language retained."
katturaigal/culcutta_rasagulla.md,tamil_to_english,திரை மறைவில்,"Secret political actions figured as occurring behind a theatrical curtain","behind the curtain",political_theatre_metaphor,approved,"Literal stage image retained in the conclusion."
katturaigal/kazhaga_pani.md,tamil_to_english,கழகப் பணி,"Organisational fieldwork meetings propaganda and local institution-building by the DMK","movement work",political_organisation_term,approved,"Movement fits the broad activity better than office work or a single party task."
katturaigal/kazhaga_pani.md,tamil_to_english,படிப்பகம்,"Movement-supported public room maintaining newspapers and books for political reading","reading room",political_education_term,approved,"Period organisational institution rendered by standard equivalent."
katturaigal/kazhaga_pani.md,tamil_to_english,அறுசுவை உணவு,"Hospitable meal conventionally described as containing all six tastes","six-flavoured meal",cultural_food_term,approved,"Literal honorific description retained in the late-night tour scene."
katturaigal/kazhaga_pani.md,tamil_to_english,காட்டு ராஜாக்கள்,"Locally dominant petty strongmen thriving under political patronage","petty jungle kings",political_social_metaphor,approved,"Strange force of the original retained rather than softened to local leaders."
katturaigal/kazhaga_pani.md,tamil_to_english,செல் அரித்த தூண்,"A termite-eaten decorative pillar that threatens the entire building","termite-eaten pillar",political_metaphor,approved,"Extended analogy for removing a decayed Congress retained."
katturaigal/kazhaga_pani.md,tamil_to_english,பாசறை,"New local organisational bases for sustained movement work","camp",movement_organisation_metaphor,approved,"Military-camp imagery retained in the call for full-time workers."
katturaigal/nagai_veedu.md,tamil_to_english,நகை விடு கணை,"A smiling question that simultaneously praises and challenges Karunanidhi","arrow loosed by a smile",affectionate_wordplay,approved,"Title and fundraising exchange both depend on smile as projectile."
katturaigal/nagai_veedu.md,tamil_to_english,மணற்கேணி,"Well dug through sand under hard sun before yielding cool water","well in sand",labour_reward_metaphor,approved,"Work-and-reward image retained across the paragraph."
katturaigal/nagai_veedu.md,tamil_to_english,கரமே வேல்,"One's own arm becoming the weapon absent in an emergency","our arm itself is a spear",self_reliance_metaphor,approved,"Compact martial assertion retained literally."
katturaigal/nagai_veedu.md,tamil_to_english,நரம்பு தடவினோம் நாதம் கிளம்பிவிட்டது,"Testing latent organisational talent and hearing its first musical response","we touched the nerve and a note sounded",music_organisation_metaphor,approved,"Extended transition into composing a melody retained."
katturaigal/nagai_veedu.md,tamil_to_english,கன்னல் சாறு / மின்னலிடையாள்,"Sugarcane juice and beloved woman used in a playful Pongal farewell","sugarcane juice / lightning-waisted beloved",festival_love_image,approved,"Period poetic imagery retained without euphemistic deletion."
katturaigal/padikkathae.md,tamil_to_english,வண்டவாளம்,"Hidden scandals misconduct or compromising affairs of the nobles","scandals / affairs",idiom,approved,"Functional equivalent used in secret-reading dialogue."
katturaigal/padikkathae.md,tamil_to_english,பஞ்சாய்ப் பறந்தது,"A prohibition becoming weightless and ineffective despite formal force","flew away like cotton",political_idiom,approved,"Literal image retained to contrast obeyed print/performance bans with clandestine reading."
katturaigal/padikkathae.md,tamil_to_english,கேலி செய்யும் கேடு,"Tamil wordplay used for a drama whose wit harms aristocratic privilege","harm caused by wit / mockery",literary_title_wordplay,approved,"Canonical title Woe from Wit remains primary while explaining the article's pun."
katturaigal/padikkathae.md,tamil_to_english,ஜனசக்தியைத் திரணமாக மதித்த,"Tsarist contempt for popular power exposed by its fear of writing","treated the strength of the people as mere straw",political_metaphor,approved,"Contempt image retained in closing irony."
katturaigal/parattu_211056.md,tamil_to_english,புத்தநெறி,"Buddhist doctrine practice and ethical path embraced by Ambedkar","Buddhist path / Buddhism",religious_philosophical_term,approved,"Path used where conduct is emphasised and Buddhism where institutional religion is meant."
katturaigal/parattu_211056.md,tamil_to_english,சமரசப் பூச்சு,"Legal abolition portrayed as a superficial conciliatory coating over persistent caste practice","conciliatory coating",legal_political_metaphor,approved,"Surface-treatment image retained in critique of constitutional reform."
katturaigal/parattu_211056.md,tamil_to_english,தீண்டாமை பாராமை நெருங்காமை,"Layered caste exclusions involving touch sight and physical approach","untouchability / invisibility / unapproachability",caste_exclusion_terms,approved,"Parallel escalating structure preserved in the closing disease metaphor."
katturaigal/parattu_211056.md,tamil_to_english,தொத்துநோய்க் கிருமிகள்,"Caste practices personified as infectious organisms inhabiting a beautiful structure","contagious germs",social_disease_metaphor,approved,"Medical metaphor retained through the golden-palace conclusion."
katturaigal/antha_naadagam.md,tamil_to_english,அந்த நாடகம்,"Demonstrative title pointing back to the clandestinely read censored drama","That Play",literary_title,approved,"Retains deliberate withholding before the work is identified in the article."
katturaigal/antha_naadagam.md,tamil_to_english,கேலி செய்யும் கேடு,"Tamil wordplay for Griboyedov's Woe from Wit","harm caused by wit / mockery",literary_title_wordplay,approved,"Canonical English title used in body while article's Tamil pun is explained."
katturaigal/kalaiyum_padukolaiyum.md,tamil_to_english,அறிவுக் கொலை,"Destruction of reason and critical judgement through revered cultural art","murder of reason",rationalist_political_metaphor,approved,"Central analogy with literal mass murder retained throughout."
katturaigal/kalaiyum_padukolaiyum.md,tamil_to_english,சுயமரியாதையைச் சூறையாடுதல்,"Art used to strip a people of dignity and self-respect","plunder self-respect",social_political_metaphor,approved,"Violent theft image retained alongside murder metaphor."
katturaigal/kalaiyum_padukolaiyum.md,tamil_to_english,அறிவு மன்றம்,"Imagined forum where cultural works are judged by reason","tribunal of reason",rationalist_institution_metaphor,approved,"Tribunal conveys examination and judgement in contrast with court and artistic stage."
katturaigal/kalaiyum_padukolaiyum.md,tamil_to_english,ஆவணி அவிட்டம்,"Brahmin sacred-thread renewal observance used as a marker of orthodox governance","Avani Avittam",religious_calendar_term,approved,"Festival name retained because closing irony relies on state recognition."
katturaigal/tamilan_thodutha.md,tamil_to_english,தமிழன் தொடுத்த போர்,"Organised Tamil resistance to compulsory Hindi framed as a war initiated by the Tamil people","The War Waged by the Tamil",political_book_title,approved,"Active sense of தொடுத்த and singular collective தமிழன் retained."
katturaigal/tamilan_thodutha.md,tamil_to_english,வளர்த்த கடா மார்பில் பாய்வது,"Institution nurtured by supporters turning violently against them","the bull we raised goring us in the chest",political_proverb,approved,"Domestic animal image retained in Congress betrayal argument."
katturaigal/tamilan_thodutha.md,tamil_to_english,திகைப்புப் படலம் / விழித்தெழு படலம்,"Episodes in Tamil collective history imagined as chapters of an epic","curtain of confusion / Awakening Chapter",literary_political_metaphor,approved,"Rendering follows local function: படலம் is theatrical veil in first context and epic chapter in second."
katturaigal/tamilan_thodutha.md,tamil_to_english,போர் வாள்,"Book functioning not merely as history but as a weapon for future struggle","sword of war",political_literary_metaphor,approved,"Martial closing image retained."
katturaigal/augustil_kidai.md,tamil_to_english,எதிர்ப்பு முன்னணி,"Collective opposition to Periyar's marriage arrangement before formal DMK consolidation","opposition front",movement_history_term,approved,"Front retains coalition character without treating it as a formal party name."
katturaigal/augustil_kidai.md,tamil_to_english,ஜனநாயக அரும்பு,"New organisation figured as a naturally emerging democratic bud","democratic sprout",political_growth_metaphor,approved,"Organic image retained in repeated argument against personal conspiracy."
katturaigal/augustil_kidai.md,tamil_to_english,இதய ஒலி,"Organisation understood as the collective audible expression of comrades' convictions","voice of hearts",political_collective_metaphor,approved,"Heart-and-sound image retained functionally."
katturaigal/augustil_kidai.md,tamil_to_english,பெட்டிச்சாவி,"Symbolic key indicating future organisational responsibility or succession","key to the cash box",movement_succession_metaphor,approved,"Literal period expression retained because Anna interrogates its meaning."
katturaigal/augustil_kidai.md,tamil_to_english,அவர் இருக்கும் திக்கில் தலைவைத்து படுத்தல்,"Extreme expression of deference or proximity rejected if betrayal had been alleged","lay my head toward the direction where he lived",idiom,approved,"Literal directional expression retained in forceful ending."
katturaigal/paalaivana_malar.md,tamil_to_english,பாலைவன மலர்,"Early rationalist and anti-caste awakening blooming in a previously barren social mind","flower of the desert",political_renaissance_metaphor,approved,"Mocking phrase reclaimed and developed through the article."
katturaigal/paalaivana_malar.md,tamil_to_english,புல்லேந்தியவர் / வில்லேந்திகள்,"Priestly ritual authority contrasted with productive and martial people","grass-bearers / bow-bearing warriors",caste_power_metaphor,approved,"Material contrast retained rather than replaced with generic priests and warriors."
katturaigal/paalaivana_malar.md,tamil_to_english,சாதிச் சனி,"Caste represented as a malign affliction responsible for social division","curse of caste",social_religious_metaphor,approved,"Calamity sense retained without literal astrological exposition."
katturaigal/paalaivana_malar.md,tamil_to_english,முப்புரியினர்,"Wearers of the three-stranded sacred thread representing Brahmin caste privilege","wearers of the sacred thread",caste_symbol_term,approved,"Expanded once for clarity."
katturaigal/paalaivana_malar.md,tamil_to_english,ஓலைத் தூக்கிகள்,"Defenders of scriptural or palm-leaf authority used to sustain caste hierarchy","palm-leaf bearers",political_religious_metaphor,approved,"Literal period image retained in forecast of their decline."
katturaigal/mannikkamudiyatha.md,tamil_to_english,காய்தல் உவந்தல் இன்றி நடுநின்று,"Examining without hatred preference or sectarian partiality","impartially without hatred or favour",critical_method_term,approved,"Balanced ethical method made explicit in English."
katturaigal/mannikkamudiyatha.md,tamil_to_english,உரிமை என்னும் திறவுகோல்,"Human rights or entitlement to inquiry imagined as a key breaking barriers around reason","key called rights",rationalist_metaphor,approved,"Lock-and-key image retained from surrounding passage."
katturaigal/mannikkamudiyatha.md,tamil_to_english,வடவாக்கினி,"Mythic consuming fire invoked to describe Jain rage in the polemical source","submarine fire",mythological_term,approved,"Conventional cosmological rendering used with uncertainty separately logged."
katturaigal/mannikkamudiyatha.md,tamil_to_english,தொண்டர் புராணம்,"Alternative name or framing for Sekkizhar's Periyapuranam centred on devotees","Tondar Puranam",literary_work_term,approved,"Transliterated where the article deliberately shifts designation."
katturaigal/makkatpanbu.md,tamil_to_english,மக்கட்பண்பு,"Civilised humane conduct expected of people in social and intellectual disagreement","humaneness",ethical_political_term,approved,"Chosen over human nature because the essay repeatedly contrasts debate and violent conduct."
katturaigal/makkatpanbu.md,tamil_to_english,எதிரில் அன்பர்,"Phrase interpreted by Anna as one without an opponent and therefore physically formidable","peerless devotee",literary_wordplay,approved,"Translation and following explanation preserve the author's philological argument."
katturaigal/makkatpanbu.md,tamil_to_english,அத்திரமாவன அஞ்செழுத்துமே,"The five-letter Siva formula presented as the weapon in the cited puranic episode","the five letters themselves shall be the weapon",religious_literary_term,approved,"Literal conceptual force retained without supplying an uncited Sanskrit formula."
katturaigal/makkatpanbu.md,tamil_to_english,ஏடெழுதி,"The person who writes down Sambandar's hymns","scribe",historical_role_term,approved,"Rendered functionally and consistently throughout."
katturaigal/mandapa_maanadu.md,tamil_to_english,மண்டப மாநாடு,"A sarcastic designation for a Vedic discourse conducted in a temple hall","conference in the temple hall",satirical_title,approved,"Conference retained to preserve contrast with modern international and industrial concerns."
katturaigal/mandapa_maanadu.md,tamil_to_english,க்ஷேமம்,"Welfare or well-being whose Vedic and modern senses the essay disputes","welfare",sanskrit_derived_term,approved,"The semantic argument is explained in the body."
katturaigal/mandapa_maanadu.md,tamil_to_english,சிரவணம்,"Religious or scriptural listening used ironically of leisure attendance","listen to scripture",religious_term,approved,"Expanded for readers unfamiliar with the Sanskrit-derived term."
katturaigal/mandapa_maanadu.md,tamil_to_english,சமித்து / சந்தியாவந்தனம்,"Sacrificial fuel sticks and the Brahmin daily twilight rite","sacrificial sticks / sandhyavandanam",ritual_terms,approved,"First term translated functionally and second transliterated in the industrial contrast."
katturaigal/mangammal.md,tamil_to_english,மங்கம்மாள் / தங்கம்மாள்,"Satirical movement from a despised black-market personification to a cherished source of investment capital","Mangammal / Thangammal—the precious woman",extended_political_allegory,approved,"Names retained; the wordplay on thangam as gold or precious is explained at first use."
katturaigal/mangammal.md,tamil_to_english,கள்ள மார்க்கட்,"Illegal trade outside controlled prices and rationing","black market",economic_term,approved,"Established English equivalent retained consistently."
katturaigal/mangammal.md,tamil_to_english,மன்னார் சாமிகள்,"People treated as naive or powerless fellows despite their praise of the leader","mere simpletons",satirical_address,approved,"Functional rendering used where literal lordly address would conceal the taunt."
katturaigal/mangammal.md,tamil_to_english,நடுநிசி உழைப்பாளி,"Euphemistic renaming of a thief in the author's reductio ad absurdum","midnight worker",political_satire,approved,"Literal comic euphemism retained."
katturaigal/marana_sasanam.md,tamil_to_english,மரண சாசனம்,"A political testament assigning unfinished service to surviving comrades after a martyr's killing","last testament",political_martyrdom_term,approved,"Rendered idiomatically rather than as death charter."
katturaigal/marana_sasanam.md,tamil_to_english,கருப்புச் சட்டைப் படை,"Organised Blackshirt formation associated with the Dravidar Kazhagam","Blackshirt Corps",movement_name,approved,"Capitalised as the article's named formation."
katturaigal/marana_sasanam.md,tamil_to_english,வர்ணாஸ்ரமம் / ஆரியம்,"The caste-religious social order and political force opposed by the movement","Varnashrama / Aryanism",political_ideological_terms,approved,"Transliterated or conventionally rendered to preserve the author's vocabulary."
katturaigal/marana_sasanam.md,tamil_to_english,திருவிளையாடல்,"Divine sport used sarcastically for recurring disorder in Madurai","divine sport",religious_satire,approved,"Quotation marks preserve the ironic application."
katturaigal/marana_sasanam.md,tamil_to_english,மமதை மலைக்க வேட்டு,"Explosive charge placed against a mountain representing entrenched arrogance","explosives against the mountain of arrogance",revolutionary_metaphor,approved,"Mountain-blasting imagery retained across the paragraph."
katturaigal/marappom_manni.md,tamil_to_english,மறப்போம் மன்னிப்போம்,"Political response urging the movement to outgrow an insult rather than dwell upon it","let us forget; let us forgive",speech_refrain,approved,"Order and repeated rhetorical cadence retained."
katturaigal/marappom_manni.md,tamil_to_english,வைரம் பாய்ந்தது இரண்டாக ஆயிற்று,"Periyar's image for a hard or diamond-like body splitting while both organisations remain vigorous","the diamond-hard body split into two",movement_split_metaphor,approved,"Contextual expansion avoids treating வைரம் பாய்ந்தது as a loose gem."
katturaigal/marappom_manni.md,tamil_to_english,மீகான்,"Captain or master of a sea-going vessel in the extended ship allegory","captain",nautical_term,approved,"Functional English used throughout the allegory."
katturaigal/marappom_manni.md,tamil_to_english,கட்டுமரம்,"Small raft contrasted with the damaged large ship","catamaran",nautical_political_metaphor,approved,"Historically derived English term preserves the Tamil image."
katturaigal/marappom_manni.md,tamil_to_english,பாசறை,"Organisational branch transformed into a prepared base for disciplined political struggle","camp",movement_organisation_term,approved,"Rendered with the surrounding fortress and regiment imagery."
katturaigal/mathuvilakku_satta.md,tamil_to_english,மதுவிலக்கு / மதிவிலக்கு,"Wordplay contrasting prohibition of liquor with prohibition or exclusion of reason","liquor prohibition / ban on reason",political_wordplay,approved,"Distinction made explicit because English cannot reproduce the one-vowel Tamil pun."
katturaigal/mathuvilakku_satta.md,tamil_to_english,பணிபாய் / பரங்கியப்பன் / ஸ்ரீஜத்,"Allegorical figures representing India British colonial rule and Aryanism","Panibai / Parangiyappan / Srijat",political_allegory,approved,"Names transliterated and referents explained after the story as in the source."
katturaigal/mathuvilakku_satta.md,tamil_to_english,சேரி / அக்ரகாரம்,"Spatial caste division between oppressed settlement and Brahmin quarter","cheri / agraharam",caste_geography_terms,approved,"Transliterated because the paired institutional geography is central to the argument."
katturaigal/mathuvilakku_satta.md,tamil_to_english,பஞ்சகச்சகாரன்,"Wearer of the five-fold Brahmin waistcloth used as a caste marker","wearer of the five-fold waistcloth",caste_marker_term,approved,"Descriptive translation avoids importing a broader identity than the source's image."
katturaigal/mazhai.md,tamil_to_english,வாழ்த்து / வசவு / விளக்கம்,"Three-part rhetorical architecture praising accusing and then defending rain","Praise / Abuse / Explanation",structural_headings,approved,"Parallel concise headings preserve the essay's staged reversal."
katturaigal/mazhai.md,tamil_to_english,மாரி,"Rain-cloud or beneficent rain in the quoted Tirukkural","rain-cloud",classical_term,approved,"Rendered to fit the reciprocity image in Kural 211."
katturaigal/mazhai.md,tamil_to_english,எட்டி,"Bitter fruit used to distinguish contamination from honey itself","etti fruit",botanical_metaphor,approved,"Transliterated because the exact species is not required by the metaphor."
katturaigal/mazhai.md,tamil_to_english,இடக்கர் அடக்கல்,"Pacifying an insolent destructive power through calculated praise","taming the insolent",rhetorical_strategy,approved,"Functional rendering preserves the satire about poets praising rain."
katturaigal/mazhai.md,tamil_to_english,வான் சிறப்பு,"Tirukkural chapter on rain and its indispensable public benefit","The Excellence of Rain",classical_chapter_title,approved,"Descriptive title used with the quoted couplet."
katturaigal/mohana_muhari.md,tamil_to_english,மோகன முகாரி,"Invented hybrid of Mohanam and Mukhari representing incompatible political notes mixed without coherent grammar","Mohana-Mukhari",musical_political_metaphor,approved,"Raga names transliterated and the hybrid retained as title and refrain."
katturaigal/mohana_muhari.md,tamil_to_english,திருவல்லிக்கேணி,"Triplicane invoked metonymically for conservative Congress-aligned social politics","Triplicane conservatism",political_metonym,approved,"Expanded once so the contrast with radicalism is intelligible."
katturaigal/mohana_muhari.md,tamil_to_english,சுயமரியாதைச் குரணம் / திராவிடத் தைலம்,"Self-Respect and Dravidian remedies imagined as treatments for caste madness","Self-Respect potion / Dravidian oil",medical_political_metaphor,approved,"Medicinal imagery retained throughout the cure discussion."
katturaigal/mohana_muhari.md,tamil_to_english,சமதர்மம்,"Socialist or egalitarian political ideal in the Jayaprakash Narayan context","socialism",political_term,approved,"Rendered contextually rather than literally as equal dharma."
katturaigal/moodanambikai.md,tamil_to_english,திரிசங்கு சுவர்க்கம்,"Mythic suspended heaven used for holding science and superstition simultaneously","Trisanku heaven",mythological_metaphor,approved,"Transliterated and explained through immediate context."
katturaigal/moodanambikai.md,tamil_to_english,இராகுகாலம் / இயமகண்டம்,"Astrologically inauspicious daily periods consulted alongside a modern watch","Rahu Kalam / Yamagandam",astrological_terms,approved,"Transliterated as established calendrical terms."
katturaigal/moodanambikai.md,tamil_to_english,ஆன்மா / உயிர் / பிராணன்,"Terms whose linguistic evolution the essay treats as the basis of soul and deity concepts","soul / life / breath",rationalist_lexical_argument,approved,"Distinctions retained in the concluding etymological argument."
katturaigal/moodanambikai.md,tamil_to_english,சூன்யம்,"Sorcery or destructive magic in the historical accusation context","necromancy or black magic",historical_belief_term,approved,"Uses the source's printed English gloss without normalising its scope."
katturaigal/moscovin_puthu.md,tamil_to_english,மாஸ்கோ மணம்,"Moscow as shorthand for communist organisation political discipline and socialist influence","fragrance of Moscow",political_metaphor,approved,"Literal sensory metaphor retained in quotation marks."
katturaigal/moscovin_puthu.md,tamil_to_english,தாரக மந்திரம்,"Guiding maxim rather than a literal sacred formula","guiding mantra",political_spiritual_metaphor,approved,"Familiar loanword preserves the source's elevated tone."
katturaigal/moscovin_puthu.md,tamil_to_english,கூடாரம்,"One of the world's opposing geopolitical or ideological camps","camp / bloc",cold_war_metaphor,approved,"Rendered by context at each occurrence."
katturaigal/moscovin_puthu.md,tamil_to_english,மனித மாணிக்கம்,"Exemplary person shaped by commitment and genuine work","jewel among human beings",laudatory_metaphor,approved,"Source's gem image retained."
katturaigal/munnani_padai.md,tamil_to_english,முன்னணிப் படையினர்,"Experienced ideological workers presented as the vanguard of a new organisation","vanguard",movement_identity_term,approved,"Military-organisational force retained without implying a literal armed unit."
katturaigal/munnani_padai.md,tamil_to_english,பெட்டிச்சாவி,"Periyar's public metaphor for entrusting organisational responsibility to Annadurai","key to the cash box",movement_succession_metaphor,approved,"Literal period phrase retained consistently with related archive translations."
katturaigal/munnani_padai.md,tamil_to_english,பெரியார் பரம்பரை,"A lineage defined here by endurance of false accusations rather than kinship","Periyar's lineage",political_ethical_metaphor,approved,"Author's own definition follows immediately."
katturaigal/munnani_padai.md,tamil_to_english,தூற்றல் பாணம்,"Abusive speech imagined as arrows unable to penetrate resolve","arrows of abuse",political_martial_metaphor,approved,"Image retained in closing exhortation."
katturaigal/munnani_padai.md,tamil_to_english,ஓநாய் முறை / கம்சன் முறை,"Condemnation based on ancestral or predicted future wrongdoing","wolf's method / Kamsa's method",parable_mythic_analogy,approved,"Both source analogies retained and explained in their narratives."
katturaigal/munshi_marg.md,tamil_to_english,முன்ஷி மார்க்கம்,"A satirical name presenting the food minister's prescriptions as a new religion","Munshi's Path",political_religious_satire,approved,"Path retains the double sense of a doctrine and prescribed course."
katturaigal/munshi_marg.md,tamil_to_english,அரிசியியல்,"A coined satirical discipline replacing politics amid the food crisis","rice-ology",satirical_coinage,approved,"The playful parallel with politics is retained through an English coinage."
katturaigal/munshi_marg.md,tamil_to_english,தசரவதார தானியங்கள்,"A ration mixed with many substitute grains, mocked through Vishnu's ten incarnations","grains in all ten incarnations",mythic_food_satire,approved,"The hyperbolic religious image is preserved rather than flattened into mixed grain."
katturaigal/munshi_marg.md,tamil_to_english,அனுமார் வேட்டை,"A monkey-culling proposal satirically framed as hunting the deity Hanuman","Hanuman hunt",religious_political_satire,approved,"The following reference to Rama's emissaries makes the source's wordplay explicit."
katturaigal/munshi_marg.md,tamil_to_english,பசி வந்திடப் பத்தும் பறந்து போம்,"Hunger drives away the ten virtues traditionally attributed to a person","when hunger comes, ten virtues fly away",proverb,approved,"Literal structure retained because the essay develops its own political application."
katturaigal/muthalamaicharin_murari.md,tamil_to_english,முகாரி,"A Carnatic raga associated with a plaintive or sorrowful mood and used as a pun for the Chief Minister's lament","Mukhari",musical_political_pun,approved,"Transliteration preserves the title's musical allusion; the opening makes the lament explicit."
katturaigal/muthalamaicharin_murari.md,tamil_to_english,ஆலோலம்,"Valli's traditional cry while guarding millet and driving birds away","Alolam",literary_song_allusion,approved,"Retained as a quoted refrain and explained through the surrounding Valli narrative."
katturaigal/muthalamaicharin_murari.md,tamil_to_english,வெண்புறா / வெண்ணிலா பாடல்,"Parodic song fragments used to turn the minister's appeal into a melodramatic lament","white dove / white moon refrain",song_parody,approved,"Images and lyric cadence retained without claiming a complete identifiable song text."
katturaigal/muthalamaicharin_murari.md,tamil_to_english,ராஜபாளையத்தார்,"Reference to Chief Minister P. S. Kumaraswami Raja through his home town","the gentleman from Rajapalayam",historical_epithet,approved,"The nearby direct use of Kumaraswami makes the identification clear."
katturaigal/muthalamaicharin_murari.md,tamil_to_english,நாட்டை வங்காளம் ஆக்கும்,"A warning that famine could make Madras resemble Bengal's catastrophic famine experience","turn the country into another Bengal",historical_famine_allusion,approved,"Another signals analogy rather than a literal geographical transformation."
katturaigal/naattu_nilayum.md,tamil_to_english,பூஜா மனோபாவம்,"A habitual orientation toward ritual veneration and posthumous idolisation instead of practical human service","worshipful mentality",social_critique_term,approved,"Used consistently throughout to preserve the essay's conceptual refrain."
katturaigal/naattu_nilayum.md,tamil_to_english,காணி நிலம்,"Bharathi's lyric request and the oppressed cultivators' concrete demand for a landholding","a plot / one kani of land",land_measure_literary_refrain,approved,"Plot conveys the lyric refrain; kani is retained where the specific traditional measure matters."
katturaigal/naattu_nilayum.md,tamil_to_english,நடமாடும் தெய்வங்கள்,"Living human beings contrasted with stone idols","walking gods",rationalist_metaphor,approved,"The literal metaphor preserves the argument that divinity should be recognised in people."
katturaigal/naattu_nilayum.md,tamil_to_english,கபோதிகள்,"People who possess eyes but remain metaphorically blind through unreasoning devotion","the blind / blind conduct",social_religious_metaphor,approved,"Rendered contextually rather than as the literal pigeon homonym."
katturaigal/naattu_nilayum.md,tamil_to_english,பண மூட்டைகளின் பாதுகாப்பாளர்கள்,"Rulers who protect accumulated wealth rather than democratic public interests","guardians of moneybags",political_metaphor,approved,"The deliberately sharp image is retained."
katturaigal/naattu_nilayum.md,tamil_to_english,பணமில்லை என்னும் பாசுரம்,"The government's repeated claim of lacking funds mocked as a devotional hymn","the hymn ‘There is no money’",political_religious_satire,approved,"Pasuram's devotional register is retained through hymn."
katturaigal/nadathiselgirar.md,tamil_to_english,நடத்திச் செல்கிறார்,"The Soviet Union presented as guiding the world along the road to peace","It Leads the Way",elliptical_title,approved,"Neutral pronoun preserves the source's implicit subject while the opening identifies it immediately."
katturaigal/nadathiselgirar.md,tamil_to_english,கள்ளமார்க்கட் கழுகுகள்,"Profiteers preying upon scarcity through illicit trade","black-market vultures",political_economic_metaphor,approved,"The predatory image is retained."
katturaigal/nadathiselgirar.md,tamil_to_english,ரஷியாவைத் தொடாதே,"International labour slogan opposing Allied intervention in Soviet Russia","Hands off Russia!",historical_slogan,approved,"Established English slogan restores the force of the Tamil rendering."
katturaigal/nadathiselgirar.md,tamil_to_english,பகற்கொள்ளைகள்,"Open and brazen imperial aggressions in China Abyssinia and Spain","daylight robberies",anti_imperialist_metaphor,approved,"Literal metaphor preserves the article's accusatory register."
katturaigal/nadathiselgirar.md,tamil_to_english,சமய சஞ்சீவி,"A supposed life-restoring remedy here applied sarcastically to warmongering rhetoric","miraculous elixir",mythic_satire,approved,"Sanjivi's life-restoring association is conveyed without an unexplained transliteration."
katturaigal/nagaratchi_thaerthal.md,tamil_to_english,அரசியல் சட்டை,"Party identity imagined as a coat to be removed upon entering nonpartisan local service","political coat",political_metaphor,approved,"The clothing metaphor is retained and explained by context."
katturaigal/nagaratchi_thaerthal.md,tamil_to_english,சூத்ரதாரி,"A backstage controller or stage-manager directing electoral manoeuvres","stage-manager",theatrical_political_metaphor,approved,"Conveys both orchestration and concealed control."
katturaigal/nagaratchi_thaerthal.md,tamil_to_english,சங்கநாதம்,"A forceful public declaration compared to the blowing of a conch","trumpet call",rhetorical_metaphor,approved,"Natural English preserves the loud proclamation and deaf-ear contrast."
katturaigal/nagaratchi_thaerthal.md,tamil_to_english,தாம்பூலம் தருதல்,"Ceremonially courting wealthy prospective candidates","offering ceremonial betel",social_political_metaphor,approved,"Literal custom retained with enough contextual explanation."
katturaigal/nagaratchi_thaerthal.md,tamil_to_english,மூக்கணாங்கயறு,"A nose-rope used to restrain an animal, applied to checking one-party dominance","nose-rope",political_restraint_metaphor,approved,"The deliberately forceful rural image is retained."
katturaigal/nagaratchi_thaerthal.md,tamil_to_english,கடமையும் கண்ணியமுமே,"Ethical priorities placed above victory at any cost","duty and dignity",movement_maxim,approved,"Kept concise as the essay's closing maxim."
katturaigal/namaparvathi.md,tamil_to_english,நமப்பார்வதி பதயே,"Sanskrit Saiva congregational invocation meaning salutations to the consort of Parvati","Nama Parvati Pataye",devotional_refrain_satire,approved,"Transliterated because the essay critiques its use as a shouted substitute for argument."
katturaigal/namaparvathi.md,tamil_to_english,புராணிகர்,"Professional narrator or expounder of puranic religious stories","puranic performer / preacher",religious_occupation,approved,"Varied contextually between narration performance and preaching."
katturaigal/namaparvathi.md,tamil_to_english,சத்கதா காலட்சேபம்,"Religious entertainment or discourse built around sacred stories songs and exposition","sacred-story entertainment",performance_genre,approved,"Meaning is made accessible without erasing the essay's critique of the genre."
katturaigal/namaparvathi.md,tamil_to_english,சோமவார விரதம்,"A Monday fast undertaken in devotion to Siva and here claimed to preserve a woman's married state","Monday fast",ritual_term,approved,"Plain English used consistently; the story supplies the religious context."
katturaigal/namaparvathi.md,tamil_to_english,தாலி அறுபடும்,"Literally the marriage pendant being severed, a conventional expression for widowhood","marriage pendant would be severed / become widowed",marital_cultural_idiom,approved,"Both image and social meaning are given at first occurrence."
katturaigal/namaparvathi.md,tamil_to_english,ஆரியத்துக்குக் கமிஷன் ஏஜண்டுகள்,"Preachers represented as intermediaries who enrich and extend Brahminical dominance","commission agents for Aryanism",political_religious_metaphor,approved,"The source's commercial accusation is retained."
katturaigal/namathu_asai.md,tamil_to_english,நமது ஆசை,"The editorial's desire for India and Pakistan to coexist in friendship","Our Desire",editorial_title,approved,"Simple title preserved; its object becomes explicit near the conclusion."
katturaigal/namathu_asai.md,tamil_to_english,ராம்-ரஹீம்,"Gandhi's invocation of Hindu and Muslim names for God as an emblem of reconciliation","Ram–Rahim",interfaith_symbol,approved,"Transliterated and explained through the surrounding unity passage."
katturaigal/namathu_asai.md,tamil_to_english,மதவெறியின் கோர நர்த்தனம்,"Communal fanaticism imagined as a destructive dance","religious fanaticism's dreadful dance",political_religious_metaphor,approved,"The dance image is retained across its repeated uses."
katturaigal/namathu_asai.md,tamil_to_english,பிரச்சாரப் பீரங்கிகள்,"Hostile national propaganda compared to artillery","propaganda cannon",media_war_metaphor,approved,"The militarised press image is preserved."
katturaigal/namathu_asai.md,tamil_to_english,சங்க நாதம்,"Loud threatening national rhetoric likened to a conch blast","trumpet calls",rhetorical_metaphor,approved,"Rendered naturally while preserving the noise and mobilisation sense."
katturaigal/namathu_asai.md,tamil_to_english,தேன்துளிகள்,"Encouraging diplomatic reports experienced as drops of sweetness","drops of honey",hope_metaphor,approved,"Literal image retained."
katturaigal/namathu_geethai.md,tamil_to_english,நமது கீதை,"A rationalist egalitarian creed opposed to the social practice justified through the Bhagavad Gita","Our Gita",title_reclamation,approved,"Gita is retained because the conclusion explicitly recasts the genre as a movement creed."
katturaigal/namathu_geethai.md,tamil_to_english,சிரார்த்தம்,"Rite performed for deceased ancestors","shraddha",ritual_term,approved,"Established transliteration retained and explained by the ancestral-spirit context."
katturaigal/namathu_geethai.md,tamil_to_english,கனபாடிகள்,"Brahmin ritual specialists caricatured in the pond-bank dialogue","ritual priests",social_religious_term,approved,"Functional English avoids conflating the role with all Brahmins."
katturaigal/namathu_geethai.md,tamil_to_english,உன் கடன் பணி செய்து கிடப்பதே,"Ethical maxim that one's duty is to remain devoted to service","your duty is to remain in service",gita_maxim,approved,"Kept close to the source because the essay tests practice against the quoted maxim."
katturaigal/namathu_geethai.md,tamil_to_english,செக்குமாடு,"A draught animal endlessly circling an oil press, used for exploited labour","oil-press cattle",labour_metaphor,approved,"Specific image retained across both Aryan and Japanese domination passages."
katturaigal/namathu_geethai.md,tamil_to_english,மானம் பெரிது உயிரல்ல,"Dignity is valued above mere survival","Dignity is greater than life",movement_maxim,approved,"Rendered as the concise first line of the closing creed."
katturaigal/namathu_poar_paathai.md,tamil_to_english,போர்ப்பாதை,"A sustained ideological and social-reform struggle rather than a literal military campaign","path of struggle",movement_metaphor,approved,"Used consistently while retaining the article's extended army battlefield and commander imagery."
katturaigal/namathu_poar_paathai.md,tamil_to_english,பேடிகள் பட்டி,"The figurative destination of a soldier who abandons duty and retreats","settlement of cowards",martial_metaphor,approved,"Literal spatial image retained without reproducing the source's gendered slur."
katturaigal/namathu_poar_paathai.md,tamil_to_english,பூதேவர்,"Brahmins represented in orthodox hierarchy as gods upon earth","earthly gods",caste_religious_term,approved,"Quoted framing retained to signal the author's critique."
katturaigal/namathu_poar_paathai.md,tamil_to_english,கோடரிக்குக் காம்பு மரத்துண்டு,"A member of the harmed community assisting the force that cuts it down","even the handle of an axe is wood",proverb,approved,"Literal proverb is intelligible in context and preserves the accusation."
katturaigal/namathu_poar_paathai.md,tamil_to_english,பஞ்சாங்கமும் தர்ப்பையும்,"Priestly almanac and ritual grass satirically substituted for Moonje's book and sword","almanac and darbha grass",political_religious_satire,approved,"Concrete ritual objects retained."
katturaigal/namathu_poar_paathai.md,tamil_to_english,மனோரதம் நிலத்தில் ஓடாது,"Wishful imagination cannot perform practical worldly work","a chariot of imagination cannot run upon the ground",reform_metaphor,approved,"Literal chariot image retained in the road-repair argument."
katturaigal/namathu_poar_paathai.md,tamil_to_english,சமுதாய சமத்துவப் போரின் தளபதிகள்,"Graduates invited to exchange status credentials for leadership in social equality work","commanders in the struggle for social equality",movement_title,approved,"Preserves the serial's closing degree-and-command metaphor."
katturaigal/namellam.md,tamil_to_english,நாம் எல்லாம் ஒரே குடும்பம்,"Movement solidarity demonstrated by leaders and ordinary volunteers working together","we are all one family",movement_refrain,approved,"Retained as title and closing emotional claim."
katturaigal/namellam.md,tamil_to_english,வெள்ளுடை வேந்தன்,"Honorific for Justice Party founder P. Theagaraya Chetty identified by his white attire","white-clad leader",historical_epithet,approved,"The English supplies the identified name at first occurrence."
katturaigal/namellam.md,tamil_to_english,சேலம் ஒரு காலக் கண்ணாடி,"Salem presented as reflecting successive stages of movement history","Salem is a mirror of the times",historical_metaphor,approved,"Used consistently through the conference retrospective."
katturaigal/namellam.md,tamil_to_english,உற்சவ மூர்த்திகள்,"Election-season office seekers compared to idols brought out only for festivals","processional idols at the festival of elections",political_religious_satire,approved,"Both the episodic appearance and ritual image are retained."
katturaigal/namellam.md,tamil_to_english,ஆரியப் புயல்,"Aryan or Brahminical domination represented as the storm that felled Dravidian society","Aryan storm",extended_social_metaphor,approved,"Kept parallel to the literal storm that destroyed the conference pavilion."
katturaigal/namellam.md,tamil_to_english,இலட்சிய முரசு,"The movement's ideal proclaimed like a war or public drum","drum of our ideal",movement_metaphor,approved,"Literal image retained in the concluding exhortation."
katturaigal/nanbargal_kaetpatharkku01.md,tamil_to_english,நண்பர்கள் கேட்பதற்கு,"Answers framed for comrades and sincere questioners rather than hostile critics","For Friends Who Ask",series_title,approved,"Ellipsis retained in the title and the part number added for navigation."
katturaigal/nanbargal_kaetpatharkku01.md,tamil_to_english,அறப்போர்,"Disciplined nonviolent political agitation, here the anti-Hindi campaign","moral struggle",movement_term,approved,"Used consistently with prior archive translations."
katturaigal/nanbargal_kaetpatharkku01.md,tamil_to_english,விடுதலை முனை / பாராளுமன்ற முனை,"The DMK's liberation and parliamentary activities conceived as two mutually supporting fronts","liberation front / parliamentary front",organisational_metaphor,approved,"Military-organisational image retained without implying armed action."
katturaigal/nanbargal_kaetpatharkku01.md,tamil_to_english,தந்தம் உடைபட்டாலும் யானை,"An organisation remains formidable despite losing one defining instrument","even with a broken tusk an elephant remains larger than a calf",resilience_metaphor,approved,"The complete comparison is retained."
katturaigal/nanbargal_kaetpatharkku01.md,tamil_to_english,உளைச்சேறு,"Deep bog capable of immobilising and ruining a laden cart","deep mud / terrifying bog",strategic_metaphor,approved,"Used in the author's explanation for redirecting rather than abandoning the journey."
katturaigal/nanbargal_kaetpatharkku02.md,tamil_to_english,அவலை நினைத்து உரலை இடித்தல்,"Using an announced target as a pretext while acting against a different real target","pounding the mortar while thinking of beaten rice",proverb,approved,"Literal proverb retained with its meaning supplied by the surrounding argument."
katturaigal/nanbargal_kaetpatharkku02.md,tamil_to_english,கங்காணிகள்,"Overseers serving the interests of a dominant power","overseers",political_labour_metaphor,approved,"Captures the accusation that critics facilitate Congress dominance."
katturaigal/nanbargal_kaetpatharkku02.md,tamil_to_english,ஓட்டுமுறை / வேட்டுமுறை,"Electoral action contrasted with violent action through a Tamil sound-pair","ballot / bullet",political_wordplay,approved,"English sound-pair recreates the rhetorical contrast."
katturaigal/nanbargal_kaetpatharkku02.md,tamil_to_english,கொழுத்த வரிகள் / தேயும் வரிகள்,"High-yield taxes reserved to the Centre versus weak revenues left to states","rich-yielding / dwindling taxes",fiscal_metaphor,approved,"Preserves the bodily fat-versus-wasting contrast in natural fiscal English."
katturaigal/nanbargal_kaetpatharkku02.md,tamil_to_english,திராவிடக் கூட்டமைப்பு,"A proposed voluntary federation among the four southern linguistic states within the revised constitutional programme","Dravidian federation",federal_policy_term,approved,"Distinguished carefully from the prohibited demand for complete separation."
katturaigal/nanbargal_kaetpatharkku03.md,tamil_to_english,சமதர்மம்,"Economic and political programme contrasted with Congress's mixed public-private model",socialism,political_economic_term,approved,"Rendered as socialism rather than literal equality to fit the manifesto's public-sector and redistribution context."
katturaigal/nanbargal_kaetpatharkku03.md,tamil_to_english,சுங்கத் தீர்வையற்ற துறைமுகம்,"A port exempt from customs duties",free port,economic_policy_term,approved,"Uses the established English term rather than a word-for-word expansion."
katturaigal/nanbargal_kaetpatharkku03.md,tamil_to_english,ஆதித் திராவிடர் / தாழ்த்தப்பட்டோர்,"Historical administrative and political terminology in the manifesto","Scheduled Castes / depressed classes",historical_social_term,approved,"Scheduled Castes is used for policy provisions; depressed classes is retained in the source heading's historical register."
katturaigal/nanbargal_kaetpatharkku03.md,tamil_to_english,குறள் நெறி,"The ethical way taught by the Tirukkural and intended for worldwide propagation","the way of the Kural",literary_cultural_term,approved,"Keeps Kural as the recognised work-name and conveys நெறி as an ethical way."
katturaigal/nanbargal_kaetpatharkku03.md,tamil_to_english,சீர்திருத்தத் தமிழ்த் திருமணம்,"Non-Brahminical self-respect-style Tamil marriage for which legal validity is sought","Tamil reform marriage",historical_legal_term,approved,"Stays close to the source without silently substituting a narrower movement label."
katturaigal/nanbargal_kaetpatharkku05.md,tamil_to_english,பொது உடைமை,"Political-economic doctrine and party programme discussed in relation to Communism","common ownership / communism",political_economic_term,approved,"Common ownership is retained for the doctrine where the Tamil wording matters; Communist is used for the established party and state labels."
katturaigal/nanbargal_kaetpatharkku05.md,tamil_to_english,ஏக இந்தியா,"Doctrine requiring acceptance of one territorially unified Indian Union","a single India",constitutional_political_term,approved,"Avoids the misleading literal phrase one India while preserving the polemical emphasis on singular unity."
katturaigal/nanbargal_kaetpatharkku05.md,tamil_to_english,விதை நெல்லைச் சோற்றுக்கு பயன்படுத்துவது,"Consuming the seed stock needed for future cultivation in order to meet an immediate purpose","using seed grain for the cooking pot",proverbial_metaphor,approved,"Literal agrarian image retained because the next sentence explains its strategic meaning."
katturaigal/aachariyar_adaintha.md,tamil_to_english,ஆச்சாரியார்,"Satirical and honorific reference to C. Rajagopalachari used consistently throughout the article",Achariyar,historical_epithet,approved,"Transliterated rather than normalised to Rajaji in the title and narrative; Rajagopalachari identifies him at first mention."
katturaigal/aachariyar_adaintha.md,tamil_to_english,குல்லூகபட்டர்,"Polemical Brahminical epithet applied to Rajagopalachari",Kulluka Bhattar,polemical_epithet,approved,"Retained in transliteration because replacing it with a generic insult would erase the source's caste-political register."
katturaigal/aachariyar_adaintha.md,tamil_to_english,காமதேனுக்கள்,"Mythic wish-fulfilling cows used ironically for promised reforms","wish-fulfilling cows",mythological_metaphor,approved,"Meaning supplied while preserving the mocking metaphor."
katturaigal/aachariyar_adaintha.md,tamil_to_english,வகுப்புவாரிப் பிரதிநிதித்துவம்,"Madras Presidency policy allocating public positions among communities",communal representation,historical_policy_term,approved,"Uses the established period term; communal here means community-based representation rather than sectarian violence."
katturaigal/aachariyar_adaintha.md,tamil_to_english,பாஞ்சாலித்துகிலுரியும் படலம்,"Draupadi/Panchali disrobing episode applied to ministerial humiliation","the disrobing of Panchali",mythological_political_metaphor,approved,"The extended analogy is retained and not softened into a generic humiliation."
katturaigal/aariyamaayai.md,tamil_to_english,ஆரிய மாயை,"Ideological and religious influence represented as an illusion that subjugates Dravidian thought","The Aryan Illusion",series_political_title,approved,"Illusion preserves மாயை and the article's central metaphor without asserting it outside the source."
katturaigal/aariyamaayai.md,tamil_to_english,சற்சூத்திரர்கள்,"Sarcastic Sanskritised label for accommodating or Brahmin-devoted Sudras","good Sudras",caste_satire,approved,"Quotation marks and the surrounding irony are retained."
katturaigal/aariyamaayai.md,tamil_to_english,பூசுரர்,"Literally gods upon earth; conventional laudatory epithet for Brahmins used sarcastically","gods upon earth",caste_religious_epithet,approved,"Literal meaning carries the polemical irony better than mere Brahmins."
katturaigal/aariyamaayai.md,tamil_to_english,அகவல்,"Tamil metrical form into which the opening litany is recast",akaval,literary_form,approved,"Transliterated because generic free verse would lose the formal reference."
katturaigal/aariyamaayai.md,tamil_to_english,உள்ளங்கை நெல்லிக்கனி / கைப்புண்,"Something plainly evident contrasted with something painfully undeniable","gooseberry in one's palm / wound upon the hand",paired_proverbial_image,approved,"Both images retained because the author explicitly rejects the first for the sharper second."
katturaigal/aariyamaayai.md,tamil_to_english,திருப்பள்ளி எழுச்சி,"Religious awakening hymn repurposed as a call to revive a fallen people","hymn of awakening",literary_political_metaphor,approved,"Preserves the devotional genre metaphor in secular political use."
katturaigal/aariyar_samayam.md,tamil_to_english,ஆரியர் சமயம்,"The editorial's category for a body of Brahminical scripture mythology and social authority rather than a single creed","The Religion of the Aryans",political_religious_title,approved,"Title remains close to the Tamil while the article explains its own contested definition."
katturaigal/aariyar_samayam.md,tamil_to_english,ரிஷி மூலம் நதி மூலம் பார்க்கக் கூடாது,"Proverbial injunction against investigating the origins of sages and rivers","one must not examine the source of a rishi or a river",proverbial_religious_term,approved,"Literal parallel retained because the article invokes it as a shield against scrutiny."
katturaigal/aariyar_samayam.md,tamil_to_english,ராஜாங்க பாஷை,"Language used officially by the provincial state",official language,historical_administrative_term,approved,"Rendered by function rather than the literal language of government."
katturaigal/aariyar_samayam.md,tamil_to_english,மூல மந்திரம்,"Central slogan presented with the force and constant repetition of a sacred formula",fundamental mantra,political_religious_metaphor,approved,"Retains the deliberate transformation of devotional vocabulary into movement language."
katturaigal/abaya_arivippu.md,tamil_to_english,கோளி,"Comic coinage blending Korea with a fowl in a satirical poem","Korea-fowl",political_wordplay,approved,"A short explanation follows because the Tamil sound-play cannot be reproduced exactly in English."
katturaigal/abaya_arivippu.md,tamil_to_english,மாஸ்கோ நோக்கிகள்,"Communists portrayed as orienting every political decision towards Soviet command","people who look towards Moscow",political_label,approved,"Quotation marks preserve the polemical coined-label quality."
katturaigal/abaya_arivippu.md,tamil_to_english,பண மோகினி / முதலாளித்துவ மோகினி,"Capital and capitalism personified as an enchanting woman who seduces political leaders","enchantress of money / enchantress of capitalism",political_mythic_metaphor,approved,"Personification retained consistently across the article."
katturaigal/abaya_arivippu.md,tamil_to_english,ஆப்த நண்பன்,"Repeated ironic description of America as India's supposedly trustworthy intimate ally","intimate friend",political_irony,approved,"Quotation marks are retained where the source openly mocks the designation."
katturaigal/abaya_arivippu.md,tamil_to_english,அபாய அறிவிப்பு,"Warning signs produced by India's inconsistent policy and the approach of wider war","Danger Warning",political_title,approved,"Singular title retained while later plural use is rendered danger warnings."
katturaigal/anbin_pinaippu.md,tamil_to_english,அன்பின் பிணைப்பு,"Durable obligation connecting the DMK to the people, contrasted with power obtainable through state machinery","The Bond of Affection",political_emotional_title,approved,"Bond conveys both attachment and binding responsibility."
katturaigal/anbin_pinaippu.md,tamil_to_english,அரசியல் பிரம்மச்சாரி,"A politician with no doctrine of his own, enabling him to embrace any available policy","political bachelor",extended_satirical_metaphor,approved,"The opening joke and later policy critique depend upon retaining bachelor literally."
katturaigal/anbin_pinaippu.md,tamil_to_english,ஓடுமீன் ஓடி உறுமீன் வருமளவும் வாடி இருக்குமாம் கொக்கு,"Heron ignores small fish while patiently waiting for a large one","lets the little fish swim past and waits in hunger until the great fish comes",proverb,approved,"Meaning and riverbank image retained in natural English."
katturaigal/anbin_pinaippu.md,tamil_to_english,விதைக்காது அறுவடை,"Obtaining political benefit from conflict and work created by others","harvest without sowing",political_agrarian_metaphor,approved,"Compact metaphor retained."
katturaigal/anbin_pinaippu.md,tamil_to_english,அன்பின் அடிப்படையிலே பிறந்த பொறுப்பு,"DMK's responsibility to people represented as moral attachment beyond capture by government machinery","responsibility born upon a foundation of affection",movement_ethic,approved,"Connects the body text explicitly to the title."
katturaigal/andrae_kilambiya.md,tamil_to_english,சங்கநாதம்,"Conch blast representing a political warning and rallying call first sounded in 1938","clarion call",political_title_metaphor,approved,"Clarion call carries the public summons more naturally than literal conch sound."
katturaigal/andrae_kilambiya.md,tamil_to_english,அறப்போர்,"Disciplined morally justified anti-Hindi agitation","moral struggle",movement_term,approved,"Consistent with earlier archive translations."
katturaigal/andrae_kilambiya.md,tamil_to_english,மதிப்பிற்குரிய விருந்தாளி,"English as useful interprovincial language without displacing the mother tongue","honoured guest",language_metaphor,approved,"Retains the contrast with mother tongue as mother."
katturaigal/andrae_kilambiya.md,tamil_to_english,மூன்று தாய்மார்,"Birth mother motherland and mother tongue treated as three mothers deserving loyalty","three mothers",cultural_language_metaphor,approved,"The source immediately enumerates the three, so the literal image remains clear."
katturaigal/antha_ganniyam.md,tamil_to_english,கண்ணியம்,"Ethical dignity shown in honouring an opponent accepting honour from an opponent and publicly admitting error",dignity,public_life_ethic,approved,"Used consistently in title and argument; broader than courtesy and stronger than decorum."
katturaigal/antha_ganniyam.md,tamil_to_english,கண்ணியம் கடமை கட்டுப்பாடு,"DMK's established three-word public ethic","dignity duty and discipline",movement_motto,approved,"Consistent with prior archive translations."
katturaigal/antha_ganniyam.md,tamil_to_english,குதிரைக்கொம்பு,"Proverb for something virtually nonexistent","as rare as horns upon a horse",proverb,approved,"Literal image retained with rarity made explicit."
katturaigal/antha_ganniyam.md,tamil_to_english,பொதுவுடைமைச் சோலை / தேசீயக் காடு,"Contrasting communist and nationalist political camps through landscape imagery","grove of common ownership / nationalist forest",paired_political_metaphor,approved,"The contrast is retained rather than flattened to any party."
katturaigal/antha_thunivu.md,tamil_to_english,அன்னக் காவடி,"Derogatory label for impoverished dependent carriers allegedly serving wealthy interests","destitute carrier",political_social_insult,approved,"Uses the established archive interpretation while carrier fits the repeated journeys to Delhi."
katturaigal/antha_thunivu.md,tamil_to_english,மவுண்ட் ரோடு பெருச்சாளிகள்,"Press establishments on Mount Road compared to destructive bandicoots","bandicoots of Mount Road",press_political_insult,approved,"Literal animal insult retained because the article analyses its severity."
katturaigal/antha_thunivu.md,tamil_to_english,வெள்ளிக் காசுகள் தண்ணீர் பட்டபாடாய்,"Money said to circulate or flow unstoppably in bribery","silver coins circulate like water",bribery_metaphor,approved,"Retains the quoted Gandibam formulation without treating allegation as fact."
katturaigal/antha_thunivu.md,tamil_to_english,மேலிடம்,"Congress central leadership possessing claimed final authority over provincial representatives",high command,party_governance_term,approved,"Established Indian political term captures hierarchical force."
katturaigal/antha_thunivu.md,tamil_to_english,பாசுபதாஸ்திரம் / அரசியல் அர்ஜுனர்கள்,"Newspaper's verbal weapon and politicians expected to aim it at the true source of authority","Pasupata weapon / political Arjunas",epic_political_metaphor,approved,"Mythological weapon and wielder retained together."
katturaigal/anthamaan.md,tamil_to_english,சமதர்மி,"Advocate of an egalitarian socialist order targeted by the speaker's Andaman proposal",socialist,political_identity,approved,"Socialist fits the economic programme explicitly described in the article."
katturaigal/anthamaan.md,tamil_to_english,சக்திக்கேற்ற உழைப்பு தேவைக்கேற்ற வசதி,"Socialist distributive formula in Tamil wording","work according to ability and facilities according to need",political_economic_formula,approved,"Preserves the source's distinction between labour and access to necessities."
katturaigal/anthamaan.md,tamil_to_english,ஆணவச் சரக்கு / மார்க்கெட் நிலவரம்,"Business vocabulary used to explain the new political demand for capitalist arrogance","arrogant goods / state of the market",commercial_political_metaphor,approved,"Retains the joke that Driver as businessman recognises political market demand."
katturaigal/anthamaan.md,tamil_to_english,குட்டி வேங்கை,"Capitalism as a cub that will become a tiger after twenty years of protection","cub becomes a tiger",growth_threat_metaphor,approved,"Tiger image retained in warning about accumulated economic power."
katturaigal/anthamaan.md,tamil_to_english,சீமான்களுக்கு இந்தியா சமதர்மிகளுக்கு அந்தமான்,"Condensed indictment of protected capitalist rule and exile of egalitarian politics","India for the rich; the Andamans for the socialists",political_refrain,approved,"Repeated as the article's central contrast."
katturaigal/anthiya_kaalam.md,tamil_to_english,அந்திய காலம்,"Simultaneous final period of a dying patient Parliament Congress rule and an elderly President","The Final Hour",extended_title_metaphor,approved,"Hour carries urgency and is repeated throughout the deathbed analogy."
katturaigal/anthiya_kaalam.md,tamil_to_english,உயில்,"Concrete tasks still achievable before Parliament and government depart",will,deathbed_political_metaphor,approved,"Retained literally throughout the frame story."
katturaigal/anthiya_kaalam.md,tamil_to_english,முகாரி,"Musical raga associated here with helpless lament",lament,musical_metaphor,approved,"Meaning is foregrounded because a bare raga name would obscure the political point in English."
katturaigal/anthiya_kaalam.md,tamil_to_english,திண்ணைத் தூங்கி திம்மப்பன்,"Stock figure of an idle uninformed man sleeping on a veranda","idle Thimmappan sleeping upon a veranda",cultural_stock_character,approved,"Name and image retained with the implied idleness made explicit."
katturaigal/anthiya_kaalam.md,tamil_to_english,பாடை / மணமேடை,"Funeral bier contrasted with a wedding platform at the moment of political departure","funeral bier / wedding stage",paired_final_metaphor,approved,"Final contrast retained literally."
katturaigal/arapor_kurippu.md,tamil_to_english,அறப்போர்,"Disciplined explicitly nonviolent campaign against compulsory Hindi","moral struggle",political_term,approved,"Moral preserves the source's contrast with violence and coercion."
katturaigal/arapor_kurippu.md,tamil_to_english,மறியல்,"Volunteers standing at a school entrance to appeal against Hindi instruction",picketing,political_action,approved,"Picketing best matches the organised nonviolent action described."
katturaigal/arapor_kurippu.md,tamil_to_english,அடையாள மறியல்,"Limited representative action conducted across towns","token picketing",political_action,approved,"Token conveys the demonstrative rather than continuous form."
katturaigal/arapor_kurippu.md,tamil_to_english,இருட்டடிப்பு,"Deliberate suppression of reports about the anti-Hindi agitation",blackout,press_suppression,approved,"News blackout preserves the political sense rather than literal darkness."
katturaigal/ariyamayil.md,tamil_to_english,அறியாமையின் உச்ச நிலை,"Condemnatory title applied to a speaker praised neither for knowledge nor judgement","The Height of Ignorance",polemical_title,approved,"Height retains the spatial metaphor and force of the repeated conclusion."
katturaigal/ariyamayil.md,tamil_to_english,விதையொன்று போட்டால் சுரையொன்று முளைக்காது,"Proverb that one kind of seed cannot produce an unrelated plant","When one kind of seed is sown another kind of gourd will not sprout",proverb,approved,"The plant image is retained because the following tamarind and mango comparison develops it."
katturaigal/ariyamayil.md,tamil_to_english,குப்பை மேட்டுக்குக் குங்குமப்பொட்டிடுதல்,"Ornamenting a worthless assertion to make it respectable","placing a vermilion mark upon a rubbish heap",cultural_metaphor,approved,"Literal image retained; the surrounding sentence supplies its evaluative force."
katturaigal/ariyamayil.md,tamil_to_english,எடுப்பார் கைப்பிள்ளை,"A pliable dependent who acts at another's bidding","a pliable instrument",political_idiom,approved,"Conveys subservience without adding an unidentified master."
katturaigal/ariyamayil.md,tamil_to_english,குட்டிக்கரணம் போடுதல்,"Turning an argument upside down through an acrobatic reversal","turning everything upside down",argument_metaphor,approved,"Meaning is prioritised while preserving the sense of reversal."
katturaigal/arutperunjothi.md,tamil_to_english,அருட்பெருஞ்ஜோதி தனிப்பெருங்கருணை,"Vallalar's devotional refrain and the article's central test of practice against ritual","Vast Light of Grace Supreme and Singular Compassion",devotional_refrain,approved,"Tamil transliteration is also retained where the phrase functions as a chanted formula."
katturaigal/arutperunjothi.md,tamil_to_english,அருட்பா / மருட்பா,"Wordplay contrasting the Song of Grace with conduct governed by delusion","Song of Grace / song of delusion",paired_wordplay,approved,"The contrast is explained in line because the rhyme alone cannot carry the meaning in English."
katturaigal/arutperunjothi.md,tamil_to_english,சுத்தசமரச சன்மார்க்கம்,"Vallalar's ethical and spiritual path beyond caste and sectarian division","Pure Harmonious Sanmarga",religious_philosophical_term,approved,"Sanmarga is retained as a named tradition while its principal modifiers are translated."
katturaigal/arutperunjothi.md,tamil_to_english,தோலுக்கா சுளைக்கா நரம்புக்கா சக்கைக்கா சாறுக்கா,"Extended fruit image asking whether devotees value outward matter or essential teaching","peel segment fibre refuse or juice",extended_metaphor,approved,"Concrete sequence retained to support the article's contrast between festival and practice."
katturaigal/asath_avaesam.md,tamil_to_english,ஆவேசம்,"Azad's extraordinary emotional and angry parliamentary response",fury,polemical_title,approved,"Fury conveys both loss of habitual calm and forceful denunciation."
katturaigal/asath_avaesam.md,tamil_to_english,அடலேறு,"Heroic lion image for Azad's roar in Parliament","roared like a lion",heroic_metaphor,approved,"Animal image is explicit in the source and retained in the sentence."
katturaigal/asath_avaesam.md,tamil_to_english,அரண்மனை மொழி,"Derisive description of the projected Union official language","language of the palace",political_metaphor,approved,"Literal rendering preserves the contrast between state power and India's living languages."
katturaigal/asath_avaesam.md,tamil_to_english,மூலவரும் சிஷ்யரும்,"Nehru and Azad described through a master-disciple pairing","the master and the disciple",political_pairing,approved,"The article's ironic hierarchy is retained without inserting names into the phrase itself."
katturaigal/athisaya_nayanar.md,tamil_to_english,அதிசய நாயனார்கள்,"Satirical elevation of animals whose ordinary behaviour is presented as religious miracle","Miraculous Nayanars",satirical_title,approved,"Nayanar retained as a culturally specific saintly title central to the joke."
katturaigal/athisaya_nayanar.md,tamil_to_english,காக்கை உட்காரப் பனம்பழம் விழுதல்,"Coincidental conjunction falsely interpreted as causal connection","a crow sitting and a palmyra fruit falling",proverb,approved,"Literal proverb retained and explained by surrounding causal argument."
katturaigal/athisaya_nayanar.md,tamil_to_english,வைதிக விற்பனையாளர்கள்,"Religious traditionalists portrayed as merchants manufacturing miracles","merchants of orthodoxy",polemical_metaphor,approved,"Commercial metaphor retained without narrowing வைதிக to a single institution."
katturaigal/athisaya_nayanar.md,tamil_to_english,மோட்சம் போயினாரோ,"Rooster's possible death and consumption mocked as attainment of salvation","did he attain salvation",satirical_religious_wordplay,approved,"Religious term is retained to preserve the article's dark joke."
katturaigal/avamanachinna.md,tamil_to_english,அவமானச் சின்னங்கள்,"Ministers who fail to defend social justice becoming permanent marks of disgrace","Symbols of Shame",polemical_title,approved,"Plural title follows the closing warning and canonical filename."
katturaigal/avamanachinna.md,tamil_to_english,வகுப்புரிமை,"Period principle of communal representation and reserved access for social groups","communal representation",historical_legal_term,approved,"Contemporary meaning is used; a modern generic translation of class rights would be misleading."
katturaigal/avamanachinna.md,tamil_to_english,கம்யூனல் ஜி.ஓ.,"Madras government order allocating educational or public opportunities among communities","Communal G.O.",historical_policy_term,approved,"Period English label retained throughout because the article itself uses the transliteration."
katturaigal/avamanachinna.md,tamil_to_english,தூங்குபவன் துடையில் கயிறு திரித்தல்,"Taking malicious advantage of someone who is unaware and defenceless","twists rope upon a sleeping man's thigh",proverbial_image,approved,"Literal image retained because surrounding prose makes its conspiratorial sense clear."
katturaigal/avamanachinna.md,tamil_to_english,மக்கள் புயல் முன் சிறுதூசு,"Ministerial office portrayed as negligible before mass public force","specks of dust before the people's storm",political_metaphor,approved,"Scale contrast and final warning preserved."
katturaigal/avar_kana_virumbiya.md,tamil_to_english,அவர் காண விரும்பிய நாடு,"Gandhi's desired India as social transformation beyond transfer of political power","The Country He Wished to See",memorial_title,approved,"Country retains the concrete political and social vision developed throughout the essay."
katturaigal/avar_kana_virumbiya.md,tamil_to_english,விடுதலைப்போர் முரசொலி,"Recurring call to resistance that may lack either instrument or leader","drumbeat of liberation",extended_metaphor,approved,"Drum image and later contrast between drum and drummer retained."
katturaigal/avar_kana_virumbiya.md,tamil_to_english,இலட்சிய பூமி,"India transformed through equality rights unity and social reform","land of ideals",political_ethical_ideal,approved,"More literal than utopia and consistent with the author's programme of practical work."
katturaigal/avar_kana_virumbiya.md,tamil_to_english,எல்லோரும் ஓர்குலம்,"Anti-caste ideal of a single human community","all humanity is one community",social_ideal,approved,"Community conveys குலம் here without reproducing caste hierarchy in English."
katturaigal/avar_kana_virumbiya.md,tamil_to_english,வெட்டி வேதாந்த முறைகள்,"Abstract religious systems detached from material social welfare","hollow Vedantic systems",polemical_religious_term,approved,"Hollow carries the source's dismissal without expanding the argument."
katturaigal/avarum_thamizhar.md,tamil_to_english,அவரும் தமிழர்தானாம்,"Sarcastic rejection of Satyamurti's claim to Tamil identity","He Too Is Supposedly a Tamil",satirical_title,approved,"Supposedly carries the incredulous தானாம் tone."
katturaigal/avarum_thamizhar.md,tamil_to_english,பசப்பு மொழி,"Sweet conciliatory language portrayed as insincere",sugary_words,polemical_idiom,approved,"Sugary retains flattering surface and implied deception."
katturaigal/avarum_thamizhar.md,tamil_to_english,யாதும் ஊரே யாவரும் கேளிர்,"Classical universalist statement invoked against permanent communal division","Every place is our town; everyone is our kin",classical_maxim,approved,"Compact conventional sense retained."
katturaigal/avarum_thamizhar.md,tamil_to_english,முழுப்பூசினையைச் சோற்றில் மறைத்தல்,"Attempting to conceal something far too large to hide","hiding a whole pumpkin in a plate of rice",proverb,approved,"Literal comic image retained."
katturaigal/avarum_thamizhar.md,tamil_to_english,விமானக்குடையிலிருந்து குதிக்கும் நாஜி,"Infiltrator who adopts a local identity after parachuting into a country","Nazi parachutist pretending to be one of the people",wartime_analogy,approved,"Historical wartime comparison retained as the article's rhetoric."
katturaigal/avungsan.md,tamil_to_english,முடிசூடா மன்னன்,"Aung San's authority and popular stature without royal title","uncrowned king",political_epithet,approved,"Conventional metaphor preserves stature without literally making him monarch."
katturaigal/avungsan.md,tamil_to_english,நீறுபூத்த நெருப்பு,"Suppressed but unextinguished Burmese desire for freedom","ember beneath ash",liberation_metaphor,approved,"Natural English image preserves concealed heat and potential flame."
katturaigal/avungsan.md,tamil_to_english,கூண்டுக்கிளி / வல்லூறு,"Aung San escaping institutional confinement while remaining pursued","caged parrot / hawk",paired_metaphor,approved,"Both bird images retained because the next sentence develops the escape."
katturaigal/avungsan.md,tamil_to_english,தப்புக்கணக்கு,"Japanese misjudgement that Aung San would remain their instrument","wrong estimate",political_idiom,approved,"Meaning foregrounded while the accounting metaphor remains implicit."
katturaigal/avungsan.md,tamil_to_english,மனப்பால் குடித்தல்,"Indulging an unrealistically pleasing expectation","imagined they could",idiom,approved,"Avoids an opaque literal milk image while preserving self-deception."
katturaigal/avargal_sindhip.md,tamil_to_english,மயான வைராக்கியம்,"Intense but usually short-lived detachment produced by witnessing death","cremation-ground detachment",cultural_idiom,approved,"Literal cultural image retained and explained by the surrounding argument."
katturaigal/avargal_sindhip.md,tamil_to_english,ஆத்ம பலம்,"Moral or spiritual force contrasted with weapons and coercion","soul-force",gandhian_term,approved,"Established English rendering preserves the article's repeated contrast."
katturaigal/avargal_sindhip.md,tamil_to_english,அறிவுக் கொலை,"Destruction or suppression of rational understanding through art","intellectual murder",polemical_metaphor,approved,"Strong metaphor retained because it structures the entire second essay."
katturaigal/avargal_sindhip.md,tamil_to_english,கலைக்கோமான்,"Honorific for a master or sovereign of art, used ironically in the hypothetical","sovereign of art",satirical_title,approved,"Preserves the elevated title and the passage's irony."
katturaigal/avargal_sindhip.md,tamil_to_english,ரமண சீடரின் ஆட்சி,"Satirical political allusion to rule by a disciple of Ramana; precise referent not expanded in source","rule of Ramana's disciples",political_allusion,provisional,"Rendered conservatively without inserting an unprinted personal identification."
katturaigal/avarathu_sanj.md,tamil_to_english,பரப்பிரம்மம்,"Supreme absolute used sarcastically for a richly attended religious leader","Supreme Brahman",religious_satire,approved,"Capitalised and quoted to retain the contrast with the palanquin procession."
katturaigal/avarathu_sanj.md,tamil_to_english,ஆத்மார்த்தீகர்,"Spiritual authority or one devoted to spiritual concerns, used ironically","spiritual leader",religious_title,approved,"Natural English preserves the institutional irony without inventing a formal office."
katturaigal/avarathu_sanj.md,tamil_to_english,பக்தகோடிகள்,"Hyperbolic multitude of devotees","legions of devotees",rhetorical_collective,approved,"Retains the exaggerated scale and satirical tone."
katturaigal/avarathu_sanj.md,tamil_to_english,நடைப்பிணம்,"A living person reduced by grief to the condition of a corpse","walking corpse",polemical_metaphor,approved,"Literal force retained throughout the courtroom passage."
katturaigal/avarathu_sanj.md,tamil_to_english,அந்தக் குட்டையில் ஊறுவோர்,"Those steeped in the same narrow ideological environment","those steeped in that same pool",idiom,approved,"Preserves the pool image while making its figurative force clear."
katturaigal/avarudaya_araichi.md,tamil_to_english,தட்டிக்கழிக்கும் முறை,"A deliberate refusal to commit to either alternative in research","Non-Committal Policy",academic_term,approved,"Source itself supplies the English parenthesis; restored from the scan and retained."
katturaigal/avarudaya_araichi.md,tamil_to_english,புகழ்பாடிப் பிழைக்கும் புன்செயல்,"Making a base livelihood through flattering praise","base livelihood of singing praise",polemical_phrase,approved,"Preserves both livelihood and moral condemnation."
katturaigal/avarudaya_araichi.md,tamil_to_english,மன்பதை,"Humankind or the human social condition in elevated Tamil usage","humanity / humanity's condition",literary_term,approved,"Rendered contextually rather than transliterated."
katturaigal/avarudaya_araichi.md,tamil_to_english,ஐந்தெழுத்து / பஞ்சாட்சரம்,"The five-syllabled Shaiva mantra நமசிவய","five-letter mantra / Panchakshara",religious_term,approved,"Both explanatory forms retained at first occurrence."
katturaigal/avarudaya_araichi.md,tamil_to_english,பெற்றியே பெற்றி,"Intensified ironic acclamation of a supposed excellence","Behold the excellence",sarcastic_exclamation,approved,"English wording signals the source's unmistakable irony."
katturaigal/bajagovindam.md,tamil_to_english,பஜகோவிந்தம்,"Adi Shankara's devotional refrain and title used throughout as political satire","Bhaja Govindam",religious_title,approved,"Conventional Sanskrit/English form retained rather than translated repeatedly."
katturaigal/bajagovindam.md,tamil_to_english,கோவிந்தா ஆயிட்டுது,"Colloquial idiom meaning a scheme has failed or come to nothing","has gone Govinda",satirical_idiom,approved,"Keeps the repeated name-based wordplay and explains failure through context."
katturaigal/bajagovindam.md,tamil_to_english,மும்முறை கனமாகி இருமுறை எக்சலன்ஸி,"Rajaji having repeatedly held honorific high office","became an Honourable three times and an Excellency twice",political_wordplay,approved,"Retains the counting and mock-weight sense of கனம் through the official title."
katturaigal/bajagovindam.md,tamil_to_english,போகிற கதிக்கு நல்லது,"A divine name believed to aid one's fate after death","help on the final journey",death_euphemism,approved,"Natural English conveys death without flattening the source's euphemism."
katturaigal/bajagovindam.md,tamil_to_english,காயமே இது பொய்யடா,"Familiar renunciatory maxim that the body is impermanent or unreal","This body is false",devotional_maxim,approved,"Short literal rendering suits the article's claim that the idea is commonplace."
katturaigal/burma_tharum.md,tamil_to_english,ஜெபமாலைகள் அரசியலில் கட்டளை இடுவது,"Religious authorities controlling secular government, represented by their rosaries","rosaries issuing commands in politics",political_metaphor,approved,"Concrete object retained because the article repeats it as the symbol of clerical power."
katturaigal/burma_tharum.md,tamil_to_english,பலித்தவரையில் இலாபம்,"Attempting domination on the calculation that any temporary success is a gain","any gain achieved while the attempt succeeds is profit",political_idiom,approved,"Expanded slightly for clear English while preserving the opportunistic calculation."
katturaigal/burma_tharum.md,tamil_to_english,போர்க்கோலம் பூண்டனர்,"Adopting an aggressively confrontational posture","donned the garb of battle",martial_metaphor,approved,"Literal image retained throughout the school-policy dispute."
katturaigal/burma_tharum.md,tamil_to_english,மனப்பால் குடிக்கும் குல்லுகப்பட்டர்கள்,"Priestly reactionaries indulging the hope of restored clerical domination","Kulluka Bhattars who dream of",polemical_idiom,approved,"Keeps the source's named satirical type while translating the fantasy idiom naturally."
katturaigal/edakku_panni.md,tamil_to_english,எடக்கு பண்ணிக்கிட்டு,"Making Trouble...!","acting perversely / behaving obstructively",colloquial_title,approved,"Retains the spoken accusatory force rather than flattening the title into a formal abstraction."
katturaigal/edakku_panni.md,tamil_to_english,மிராசுதார்,mirasidar,"landed proprietor under the historical revenue system",historical_term,approved,"Transliteration preserves the period-specific institution; meaning is supplied in the translator note."
katturaigal/edakku_panni.md,tamil_to_english,உல்லாசபுரி,city of pleasure,"the privileged world of comfort and luxury",political_metaphor,approved,"The source's personified place-name is retained as a contrast with the cultivator's hunger."
katturaigal/dhayavu_dhatchanyam.md,tamil_to_english,தயவு தாட்சண்யமின்றி,without mercy or favour,"without compassion or partiality",political_idiom,approved,"Preserves the official austerity formula and the closing irony."
katturaigal/dhayavu_dhatchanyam.md,tamil_to_english,மலைக்கும் மடுவுக்கும் உள்ள வேறுபாடு,"a gulf as between a mountain and a hollow","an immense disparity",idiom,approved,"The source image is retained to stress the contradiction between Congress words and conduct."
katturaigal/dhayavu_dhatchanyam.md,tamil_to_english,படிச் செலவு,allowance,"expense allowance",historical_administrative_term,approved,"Rendered contextually in the salary list."
nadagangal/madamanmiyam_1.md,tamil_to_english,மட மான்மீயம்,Monastic Glory,"the greatness/glory of the monastery",satirical_title,approved,"The mock-panegyric title contrasts the abbot's sermon with his conduct."
nadagangal/madamanmiyam_1.md,tamil_to_english,பக்குவமாகப் பழிந்து வந்திருக்கும் பாரிஜாதம்,"a parijata blossom that has ripened perfectly","a young woman made vulnerable by famine",sexual_double_meaning,approved,"The fruit and flower metaphor is retained while its exploitative context remains visible."
nadagangal/madamanmiyam_1.md,tamil_to_english,காலை பூராவும் சைவத்தைச் சுமந்து தீர வேண்டியிருக்கிறது,"I have to carry the burden of Saivism throughout the morning","public religious performance as a burden",satirical_punchline,approved,"The final line preserves the contrast between public piety and private misconduct."
nadagangal/seeman_1.md,tamil_to_english,சீமான் சந்தர்ப்பவாதி,The Opportunist Magnate,"the opportunistic wealthy notable",satirical_title,approved,"Seeman is a social type here rather than a personal name."
nadagangal/seeman_1.md,tamil_to_english,அஞ்சும் பிஞ்சும்,a paltry five,"a derisively inadequate donation",colloquial_idiom,approved,"The rhyme and dismissive tone matter more than literal reference to a tender shoot."
nadagangal/seeman_1.md,tamil_to_english,தகரக் குவளை,a mere tin cup,"a person of supposedly modest means",self_deprecating_metaphor,approved,"The magnate strategically understates his wealth while bargaining over the donation."
nadagangal/puthiya_cong_1.md,tamil_to_english,புதிய காங்கிரஸ்காரர்,The New Congressmen,"newly recruited Congress political operators",satirical_title,approved,"The plural title conveys the recurring political type targeted by the vignette."
nadagangal/puthiya_cong_1.md,tamil_to_english,கால் அரை,"a quarter or half","unitless vote-buying rate",electoral_colloquialism,approved,"The source deliberately omits the monetary unit, so the translation does not invent one."
nadagangal/puthiya_cong_1.md,tamil_to_english,உன்னோட காங்கிரசு / நம்மோட காங்கிரசு,"your Congress / our Congress","the verbal moment of political recruitment",satirical_wordplay,approved,"The shift in pronoun marks the former liquor seller's conversion into a party asset."
katturaigal/1858-1948.md,tamil_to_english,மயில் கழுத்து,"Metaphor for the shifting and difficult-to-classify English character",a peacock's neck / play of colours,political_metaphor,approved,"Retained as the Part 2 subsection title and governing metaphor rather than reduced to inconsistency."
katturaigal/1858-1948.md,tamil_to_english,வேட்டுவிட்ட லாரன்சு / உறவுகொண்டாடும் லாரன்சு,"Rhetorical contrast between Stringer Lawrence and Pethick-Lawrence",the Lawrence who hunted / the Lawrence who celebrates kinship,political_wordplay,provisional,"The contrast is preserved conservatively; the first printed phrase remains lexically unusual."
katturaigal/1858-1948.md,tamil_to_english,துண்டுஸ்தான் திட்டம்,"Satirical heading combining துண்டு with the place-name suffix in Hindustan and Pakistan",The Thundustan Plan / The Fragmented-Land Plan,political_wordplay,approved,"Thundustan is retained in the heading and its construction explained in translator notes."
katturaigal/1858-1948.md,tamil_to_english,திருஷ்ண-கரீம் போதாது,"Heading arguing that devotional syncretism cannot resolve political and economic conflict",Krishna-Karim Is Not Enough,political_religious_wordplay,approved,"Paired divine names and the quoted hymns are retained by transliteration with their meaning explained."
katturaigal/1858-1948.md,tamil_to_english,புன்னாகவராளி பாடுகிறாயோ,"Sarcastic question about whether the appeal is a plaintive recruiting call for Dravidar Kazhagam",are you playing Punnagavarali, musical_idiom,approved,"The Carnatic raga name is retained and explained; replacing it with generic lament would erase the cultural register."
katturaigal/1858-1948.md,tamil_to_english,காவிரி உண்டு! கங்கை ஏன்?,"Heading rejecting an unnecessary northern political connection through river geography",Why the Ganges When We Have the Kaveri,political_metaphor,approved,"The contrast between northern and southern rivers is retained as the organizing metaphor of the section."
katturaigal/1858-1948.md,tamil_to_english,கர்சான் - கார்சான்,"Paired Curzon-Carson heading and slogans comparing Bengal and Ulster partition",Curzon - Carson,political_historical_wordplay,approved,"The near rhyme and parallel historical argument are preserved; the two figures are not conflated."
katturaigal/1858-1948.md,tamil_to_english,முதல் தாம்பூலம்,"Ceremonial idiom describing precedence among Punjab communities",first honour / first place,ceremonial_idiom,approved,"Rendered as first honour because the source immediately contrasts Sikh second place."
katturaigal/1858-1948.md,tamil_to_english,வெட்டு ஓட்டு,"Repeated description of British territorial joining and severing",joining and cutting,political_wordplay,approved,"The repeated paired verbs are preserved throughout the Burma and provincial-boundary argument."
katturaigal/theriyathavargal.md,tamil_to_english,கனம்,"Period form of address used sarcastically for ministers",the Honourable,period_honorific,approved,"Quotation marks and the article's sarcastic register are retained."
katturaigal/theriyathavargal.md,tamil_to_english,வன மகோற்சவம்,"K. M. Munshi's tree-planting programme",Van Mahotsav,historical_programme,approved,"The proper name is transliterated and identified in the translator notes."
katturaigal/theriyathavargal.md,tamil_to_english,பிகுவு / பிட்சா பாத்திரம்,"Affected reluctance / a mendicant's begging bowl",affected reluctance / beggar's bowl,colloquial_satire,approved,"Rendered contextually while preserving the ridicule directed at the rulers."
katturaigal/thiruchiyil_thooku.md,tamil_to_english,தூக்குமேடை,"Title of M. Karunanidhi's reformist play",The Gallows,work_title,approved,"The literal and established English sense is retained as the named play title."
katturaigal/thiruchiyil_thooku.md,tamil_to_english,பிரசார நாடகம் / லைட் கலர்,"Period classifications contrasting overt political advocacy with lighter social drama",propaganda play / light comedy,theatre_vocabulary,approved,"The source's non-pejorative period use of propaganda and its printed English gloss for light comedy are preserved."
katturaigal/thiruthani.md,tamil_to_english,அறப்போர் / மறியல்,"Non-violent direct action in the Tiruttani border campaign",peaceful struggle / picket,political_vocabulary,approved,"The distinction between the larger campaign and the specific picketing action is preserved."
katturaigal/thiruthani.md,tamil_to_english,ஆகஸ்டு முறை / அக்டோபர் அதிர்ச்சி / பச்சை விளக்கு,"Contemporary political allusions to militant August methods and anticipated October political change",August method / October surprise / green light,historical_allusion,approved,"The allusions are retained and explained without inventing a more specific event than the source establishes."
katturaigal/thiruthani.md,tamil_to_english,நான்கு காலணாக்களைக் கொண்ட ஓரணா,"Old-currency analogy for four self-governing regions forming a federation",four quarter-annas make one anna,currency_metaphor,approved,"The literal pre-decimal currency relationship is retained as the constitutional analogy."
katturaigal/thiruvottu.md,tamil_to_english,திருவோட்டுத் திக்விஜயம்,"Satirical compound pairing a mendicant's bowl with a triumphal conquest",begging-bowl conquest,title_wordplay,approved,"The incongruous grandeur of திக்விஜயம் is retained to preserve the ridicule of ministerial tours."
katturaigal/thiruvottu.md,tamil_to_english,சொரக்காயிக்கு உப்பு இல்லே,"Colloquial dismissal meaning that nothing useful was said",the bottle gourd has no salt,colloquial_idiom,approved,"Translated literally and explained in notes because replacing it with a generic dismissal would erase Veeran's voice."
katturaigal/thiruvottu.md,tamil_to_english,மிராசுதார் / நிலச்சுவான் / பண்ணைப் பிரபு,"Overlapping period terms for landed proprietors",mirasidar / landholder / farm lord,agrarian_vocabulary,approved,"Context-sensitive distinctions are retained throughout the procurement and land-reform argument."
katturaigal/kutram_sol.md,tamil_to_english,அத்திப் பழத்தைப் புட்டால் அத்தணையும் சொத்தை,"Proverb describing decay throughout Congress",split open a fig and every bit is rotten,proverb,approved,"Rendered by sense while preserving the fig-and-rot image; explained in translator notes."
katturaigal/kutram_sol.md,tamil_to_english,ஊருக்கிளைத்தவன் பிள்ளையார் கோயில் ஆண்டி,"Proverb explaining why public-spirited critics are treated as outcasts",the man who labours for the town becomes the mendicant at the Pillaiyar temple,proverb,approved,"Translated closely and explained in notes rather than replaced with an unrelated English proverb."
katturaigal/kutram_sol.md,tamil_to_english,பத்தாம் பசலி,"Dismissive address to an orthodox critic whose outlook is obsolete",obsolete relic,historical_idiom,approved,"The literal agricultural sense is not active in this political taunt; the period idiom is documented in notes."
katturaigal/kutram_sol.md,tamil_to_english,ஆப்பை அசைக்கும் கதை,"Fable allusion warning that an attack on critics will trap the attacker",the tale of the creature that meddled with the wedge and trapped itself,literary_allusion,approved,"The printed line does not name the familiar fable's agent, so the translation does not silently supply it."
katturaigal/kutram_sol.md,tamil_to_english,பாடாவதிப் பல்லவி,"Repeated dismissal of the right of Dravidian critics to speak",stale and wearisome refrain,political_idiom,approved,"Rendered consistently throughout and documented in translator notes."
katturaigal/pamba_ramayan.md,tamil_to_english,அறிந்தும் அறியாமலும்,"Central description of people whose partial knowledge is mistaken for complete knowledge",both know and do not know,philosophical_phrase,approved,"Rendered consistently in the railway analogy and concluding argument."
katturaigal/pamba_ramayan.md,tamil_to_english,சு.ம.,"Joke that readers may treat Pampa as an ancient ideological predecessor",Self-Respecter,historical_abbreviation,approved,"Expanded as the Self-Respect movement in translator notes."
katturaigal/pamba_ramayan.md,tamil_to_english,6-3-0,"Fare or penalty demanded by the ticket inspector in pre-decimal notation",six rupees and three annas,historical_currency,approved,"The zero-pie component is omitted in prose and the notation is documented in notes."
katturaigal/pamba_ramayan.md,tamil_to_english,இரதநூபுரசக்கரவாளபுரம்,"The long name of Prabhamandalan's adoptive kingdom",Rathanupura-Chakravala-puram,proper_name,approved,"Transliterated conservatively and retained as a difficult source name."
katturaigal/sorgathil_naragam.md,tamil_to_english,பஞ்சமாபாதகம்,"Opening classification of murder, theft, lust, gambling and falsehood",five great sins,religious_term,approved,"Rendered from the definition supplied by the article itself."
katturaigal/sorgathil_naragam.md,tamil_to_english,மோகலாகிரி,"What the celestial women are ordered to instil in ascetics",delirium of desire,period_expression,approved,"Read as intoxication or delirium caused by desire, not as a proper name."
katturaigal/sorgathil_naragam.md,tamil_to_english,ஒளவையார் கோலம்,"Metaphor for Kanaka's and Madhavi's suddenly aged appearance",appearance of Avvaiyar,cultural_allusion,approved,"Expanded in context as prematurely old or careworn and documented in translator notes."
katturaigal/sorgathil_naragam.md,tamil_to_english,கண்ணம்பு,"Menaka's seductive glance figured as a weapon against an ascetic",arrow of the eyes,poetic_metaphor,approved,"The martial metaphor is retained and explained in translator notes."
katturaigal/sorgathil_naragam.md,tamil_to_english,அறுபது வருஷங்கள்,"Puranic claim connecting sixty children with calendrical year names",sixty years,cultural_allusion,approved,"Translated conservatively as the source presents the claim and contextualized in translator notes."
katturaigal/periyar_namakku.md,tamil_to_english,போர்ஜரி,"Accusation directed at those renaming or replacing local Dravidar Kazhagam branches",forgery,period_loanword,approved,"The period Tamil transliteration of English forgery is explained in translator notes."
katturaigal/periyar_namakku.md,tamil_to_english,பெட்டிச்சாவி,"Periyar's Erode metaphor for entrusting Anna with future responsibility",key to the strongbox,political_metaphor,approved,"Retained literally because the succession implication is contextual rather than a named formal office."
katturaigal/periyar_namakku.md,tamil_to_english,ஆதீனம் / பண்டாரம்,"Analogy for an ordinary person surviving without institutional patronage",monastic institution / mendicant,religious_social_terms,approved,"Rendered by function and explained separately to preserve the humorous comparison."
katturaigal/periyar_namakku.md,tamil_to_english,ஜீவசக்தி,"The democratic opposition front's capacity to live and grow",living force,political_metaphor,approved,"Translated as living force rather than treated as a technical organizational term."
katturaigal/periyar_namakku.md,tamil_to_english,பார்! பார்! என்ன ஜோர் பார்!,"Supporters' Hindi-influenced chant celebrating the force of Periyar's tour","Look! Look! See what force!",campaign_cry,approved,"A close idiomatic rendering is used and the mixed-language flavour is documented in translator notes."
katturaigal/periyar_namakku.md,tamil_to_english,குரோதம் எனும் குதிரை / ஆர்வம் எனும் புரவிகள்,"Closing contrast between hatred and constructive enthusiasm",horse of hatred / steeds of enthusiasm,extended_metaphor,approved,"The complete chariot image and its reins and road are retained in English."
katturaigal/lawrance.md,tamil_to_english,லாரன்சுகள் பலரகம்,"Title treating four British officials with the surname Lawrence as variants of one imperial method",Lawrences are of many kinds,political_wordplay,approved,"The plural surname and the many-colours argument are retained throughout."
katturaigal/lawrance.md,tamil_to_english,மயில் கழுத்து வர்ணம்,"Image for British character appearing in changing and inseparable colours",colour of a peacock's neck,extended_metaphor,approved,"The colour image structures the opening argument and is translated consistently."
katturaigal/lawrance.md,tamil_to_english,தக்கர் கூட்டம்,"Colonial suppression contrasted with tolerance of exploitative religious brokers",gangs of Thugs,historical_term,approved,"Rendered by the established historical English label and explained in translator notes."
katturaigal/lawrance.md,tamil_to_english,கீழே வீழ்ந்த பனம்பழத்துக்கு மேலே உட்கார்ந்த காகம்,"Warning against attributing withdrawal to coincidental moral explanations",crow seated upon a fallen palmyra fruit,cultural_idiom,approved,"The coincidence metaphor is translated literally and explained in translator notes."
katturaigal/lawrance.md,tamil_to_english,பிரிட்டிஷ் சாம்ராஜ்யம்,"Proposed post-withdrawal defence relationship in the dialogue",British Commonwealth,historical_political_term,approved,"Rendered contextually as Commonwealth while the source's imperial wording is documented in notes."
katturaigal/lawrance.md,tamil_to_english,கடைக்காரர் கூட்டம்,"Napoleon's taunt used to explain Britain's commercial calculation",nation of shopkeepers,historical_allusion,approved,"Rendered through the familiar English form of the allusion."
katturaigal/vaelai_kodungal.md,tamil_to_english,கலால் இலாக்கா,"Government department that administered liquor revenue and sales before prohibition",excise department,historical_administrative_term,approved,"Rendered by the period administrative equivalent rather than transliterating இலாக்கா."
katturaigal/vaelai_kodungal.md,tamil_to_english,இனாம் நிலம்,"Land proposed as a livelihood grant to displaced toddy-tapping workers",inam land / revenue-free land grant,historical_land_term,approved,"Inam is retained where the historical tenure matters and briefly glossed in translator notes."
katturaigal/vaelai_kodungal.md,tamil_to_english,தம்பிரான்கள் சொத்து,"A proposed source of funds alongside wealth lying idle in temples",property of religious establishments,cultural_institutional_term,approved,"Rendered contextually; the term refers to religious establishments or custodians here rather than literally to lords."
katturaigal/thoothukudi_maanadu.md,tamil_to_english,பராக்குக் கூறுதல்,"Ceremonial attendance by princely rulers during Patel's procession",cry ceremonial homage,cultural_historical_term,approved,"Rendered by function; the courtly expression is also disclosed in translator notes."
katturaigal/thoothukudi_maanadu.md,tamil_to_english,தூபதீப நைவேத்தியம்,"Satirical comparison of political submission to a sequence of ritual offerings",incense lamps and sacred food,cultural_religious_metaphor,approved,"Translated literally enough to preserve the satire and explained in notes."
katturaigal/thoothukudi_maanadu.md,tamil_to_english,ஏகபோக மிராசுப் பாத்தியதை,"Congress's unrivalled claim to political power",monopolistic hereditary claim,historical_political_term,approved,"The period land-right vocabulary is retained as a metaphor for political monopoly."
katturaigal/thoothukudi_maanadu.md,tamil_to_english,அரக்கு மாளிகை,"Palace hospitality portrayed as a trap that intoxicates people and destroys principles",lac palace,cultural_allusion,approved,"Retains the Mahabharata allusion rather than replacing it with a generic trap."
katturaigal/unnodu_piranthal.md,tamil_to_english,யாதும் ஊரே யாவரும் கேளிர்,"Classical universalist maxim invoked alongside refusal of subordination",every place is my town and everyone my kin,classical_allusion,approved,"Rendered by sense in the body and identified in translator notes."
katturaigal/unnodu_piranthal.md,tamil_to_english,நாப்பறை,"Sustained inflammatory speeches preceding Republic Day violence",verbal drumbeat,rhetorical_compound,approved,"Preserves the image of speech beaten like a public drum."
katturaigal/unnodu_piranthal.md,tamil_to_english,கான்யூட் மன்னன்,"Warning that political command cannot halt a mass movement",King Canute,historical_allusion,approved,"Restores the conventional English name while retaining the point of Anna's allusion."
katturaigal/unnodu_piranthal.md,tamil_to_english,தன்வினை தன்னைச் சுடும் ஓட்டப்பம் வீட்டைச் சுடும்,"Pattinathar line used to argue that repression rebounds upon its author",one's own deed burns oneself; the rice-cake burns the house,literary_allusion,approved,"Translated literally and attributed to Pattinathar in the English body."
katturaigal/vanthathu_vibathu.md,tamil_to_english,கம்யூனல் ஜி.ஒ.,"Historical Madras Presidency order allocating educational admissions and public appointments by community",Communal G.O.,historical_legal_term,approved,"Retained under its established period English name and explained in translator notes."
katturaigal/vanthathu_vibathu.md,tamil_to_english,வகுப்பு நீதி,"Period term for equitable opportunity among historically unequal social communities",communal justice,historical_political_term,approved,"Communal is used in its period representational sense rather than modern sectarian usage."
katturaigal/vanthathu_vibathu.md,tamil_to_english,ஏகலைவன்,"Analogy for educational opportunity deliberately denied by demanding the learner's thumb",Ekalavya,classical_allusion,approved,"Name retained and the severed-thumb image translated explicitly."
katturaigal/vanthathu_vibathu.md,tamil_to_english,சர்வம் பார்ப்பன மயம் ஜகத்,"Sanskritized satirical description of all fields being Brahmin-dominated",the whole world is Brahmin-dominated,rhetorical_phrase,approved,"Rendered by political sense while preserving the source phrase in Tamil."
katturaigal/balapadam.md,tamil_to_english,பாலபாடம்,"An elementary school lesson used satirically against a minister contradicted by a fifth-standard textbook",elementary lesson,rhetorical_title,approved,"Preserves the title's schoolbook contrast rather than translating merely as primer."
katturaigal/balapadam.md,tamil_to_english,மராமத்திலாகா மந்திரியார்,"Period administrative designation for the minister responsible for public works",Public Works Minister,historical_administrative_term,approved,"Rendered by office rather than carrying the period Tamil transliteration into English."
katturaigal/balapadam.md,tamil_to_english,சற்சூத்திரர்,"Sanskrit-derived caste-status term invoked critically within Anna's argument",Sat-Shudra,historical_caste_term,approved,"Transliterated and explained by context without softening the source's caste terminology."
katturaigal/balapadam.md,tamil_to_english,தாஸ்யுக்கள்,"Name quoted from the school history text for peoples said to have been subjugated by Aryans",Dasyus,historical_textbook_term,approved,"Transliterated because it is a quoted historical label in the source textbook passage."
katturaigal/panditharin_perurai.md,tamil_to_english,ஆராதனை,"Religious worship vocabulary deliberately applied to political hero worship",worship / idolization,political_metaphor,approved,"Choice varies with sentence context while preserving Anna's sustained religious metaphor."
katturaigal/panditharin_perurai.md,tamil_to_english,மாகாணப் பித்து,"Nehru's polemical description of regional sovereignty movements challenged throughout the article",provincial mania,historical_political_term,approved,"Translated literally because Anna repeatedly interrogates this exact label."
katturaigal/panditharin_perurai.md,tamil_to_english,திராவிடநாடு திராவிடருக்கு,"Demand for a sovereign Dravida Nadu governed according to its people's social and cultural character",Dravida Nadu must belong to the Dravidians,political_slogan,approved,"Rendered by explicit meaning and retained in translator notes."
katturaigal/panditharin_perurai.md,tamil_to_english,பட்டவர்த்தனமாக,"Openly and without concealment; used for Nehru making his warning explicit",explicitly,period_expression,approved,"Rendered idiomatically rather than by a misleading literal gloss."
katturaigal/indhumathamum.md,tamil_to_english,"ஹிம்ஸாயாம் தூய தேயஸ: ஸ: ஹிந்துரி த்யபீதயதே.","Sanskrit verse quoted through Tamil script as an asserted etymology of Hindu",Himsāyām dūya deyasaḥ / Sa Hindu ityabhidhīyate,quoted_sanskrit,uncertain,"Conservatively transliterated from the scan; the underlying Upanishadic edition and exact Sanskrit reading remain unverified."
katturaigal/indhumathamum.md,tamil_to_english,"சுவித்திராள் / துக்கிரன் / சிபாயாறு","Proper names in passages attributed to the Rig Veda",Suvitrā / Tukira / Siba River,quoted_proper_names,uncertain,"Transliterated from the corrected Tamil source because the cited Vedic edition has not been identified."
katturaigal/indhumathamum.md,tamil_to_english,தீட்டு,"Distinguishes physical uncleanliness from the religious and caste notion attacked by the author",pollution / uncleanliness,religious_social_term,approved,"Rendered according to context and retained as tittu where the author discusses the Tamil word itself."
katturaigal/indhumathamum.md,tamil_to_english,"திருவடி என் தலைமேல் வைத்தார்","Devotional line that the author interprets literally as a concealed account of being kicked",He placed his sacred feet upon my head,quoted_devotional_line,approved,"The literal wording is retained before presenting the author's own interpretation."
katturaigal/indhumathamum.md,tamil_to_english,"ஆரியன் கண்டாய், தமிழன் கண்டாய்","Quoted line used to assert a historical Aryan-Tamil distinction",Behold the Aryan; behold the Tamil,political_historical_quote,approved,"Translated literally and discussed within the author's stated argument."
katturaigal/uthamar_sinthiya.md,tamil_to_english,உத்தமர்,"Title term applied first to Socrates and then implicitly to Mahatma Gandhi",the noble one,title_term,approved,"Rendered consistently so the deliberate transfer from Socrates to Gandhi remains visible."
katturaigal/uthamar_sinthiya.md,tamil_to_english,ஒதியம்,"Tall-growing tree used in a contrast with a small diamond and a spotted deer",odiyam tree,botanical_term,uncertain,"Transliterated conservatively because the exact botanical species is not material to the argument and remains unverified."
katturaigal/uthamar_sinthiya.md,tamil_to_english,ஆண்டி,"Polemical description of Socrates' poor outward appearance in contrast with wealthy elites",mendicant,period_social_term,approved,"Rendered by social context rather than as a personal name."
katturaigal/uthamar_sinthiya.md,tamil_to_english,சனாதன முறை,"Meletus' alleged defence of Greece's inherited religious order",ancient order,historical_religious_term,approved,"Translated contextually without importing the narrower modern Indian political meaning of Sanatana."
katturaigal/uthamar_sinthiya.md,tamil_to_english,சமதர்மக் கட்சி,"Description of the party led by Jayaprakash Narayan",Socialist Party,historical_political_term,approved,"Rendered by the established historical party name."
katturaigal/vaanulaga_veethi.md,tamil_to_english,வானுலக வீதி,"Recurring image of a populated celestial thoroughfare used in the title and religious satire",streets of the heavens,extended_metaphor,approved,"Rendered literally enough to preserve the title image rather than flattened to outer space."
katturaigal/vaanulaga_veethi.md,tamil_to_english,வால் நட்சத்திரம்,"Central astronomical term; literally tailed star",comet,astronomical_term,approved,"Rendered by the established English term except where the separate poetic form வால்வெள்ளி is translated as tailed star."
katturaigal/vaanulaga_veethi.md,tamil_to_english,ஞானக்கண் / விஞ்ஞானக் கண்,"Sustained contrast between claimed spiritual vision and empirical scientific observation",inner eye / scientific eye,wordplay,approved,"The paired imagery is translated consistently throughout the essay."
katturaigal/vaanulaga_veethi.md,tamil_to_english,மடிசஞ்சி,"Derisive label for a rigidly orthodox defender of inherited belief",traditionalist,period_polemic_term,approved,"Rendered contextually while preserving the polemical force in the English prose."
katturaigal/vaanulaga_veethi.md,tamil_to_english,சவுண்டி,"Polemical reference to ritual or funeral priests",ritual priest,period_social_term,uncertain,"The precise caste-professional shade is difficult to reproduce compactly; translated by immediate context and disclosed in notes."
katturaigal/vaanulaga_veethi.md,tamil_to_english,லவலேசம்,"Final rhetorical phrase meaning even the slightest trace",the slightest trace,Sanskrit_derived_term,approved,"Used with அக்கரை in the source's concluding challenge."
katturaigal/ponnoli.md,tamil_to_english,பொன்னொளி,"Title image for the intellectual and social illumination attributed to Buddhism",Golden Light,title_metaphor,approved,"Capitalized in the title and rendered consistently where the image recurs."
katturaigal/ponnoli.md,tamil_to_english,ஆரிய அந்தகாரம்,"Contrasting image for the religious order the author presents as suppressing Buddhist illumination",Aryan curtain of darkness,political_religious_metaphor,approved,"The source's polemical category is preserved as the author's framing."
katturaigal/ponnoli.md,tamil_to_english,பூதேவர் / பூசுரர் / முப்புரியினர்,"Overlapping polemical labels for Brahmins and wearers of the sacred thread",earth-gods / priestly men / wearers of the sacred thread,period_polemic_terms,approved,"Rendered according to each immediate rhetorical context rather than collapsed into one term."
katturaigal/ponnoli.md,tamil_to_english,அன்னக்காவடி,"Derisive description of a destitute food-seeking mendicant in the essay's social contrast",starving mendicant,period_social_term,uncertain,"The exact historical shade is difficult to reproduce compactly; the economic contrast is retained."
katturaigal/ponnoli.md,tamil_to_english,அடுத்துக் கெடுத்தல்,"Strategy attributed to Aryan leaders of drawing close to Buddhism in order to undermine it internally",drawing close in order to destroy,political_strategy_phrase,approved,"Translated consistently through the account of accommodation and internal subversion."
katturaigal/samanyama.md,tamil_to_english,சாமான்யமா,"Recurring rhetorical challenge applied to consequences the press minimizes",Is it such a simple matter,rhetorical_title,approved,"Used as the English title and where the phrase recurs in the argument."
katturaigal/samanyama.md,tamil_to_english,சு.ம.க்கள்,"Abbreviation repeatedly used for சுயமரியாதைக்காரர்கள்",Self-Respecters,political_abbreviation,approved,"Expanded in English for readability; the Tamil source retains the abbreviation."
katturaigal/samanyama.md,tamil_to_english,சுயமரியாதைக் கரடிகள்,"Hostile newspaper label quoted and then mocked by the author",Self-Respect bears,quoted_polemical_label,approved,"Translated literally because the author's rebuttal depends on the absurd compound."
katturaigal/samanyama.md,tamil_to_english,இறும்பூது எய்துதல்,"Literary expression for swelling with wonder or pride after speaking learnedly",swell with pride,literary_idiom,uncertain,"Rendered by the rhetorical context; the compact classical shade has no direct English equivalent."
katturaigal/samanyama.md,tamil_to_english,வீம்பின் சூளவு,"Image for the heated atmosphere produced by boastfulness",the heat of boastfulness,extended_metaphor,uncertain,"The source's unusual period phrasing is retained in Tamil and translated conservatively."
katturaigal/puratchi_kanda.md,tamil_to_english,ஊராளும் பவிஷு,"Catholic party obtaining the status or splendour of governing the country",the splendour of governing the country,period_idiom,provisional,"OCR spelling and period usage make the exact shade uncertain; translated conservatively from context."
katturaigal/puratchi_kanda.md,tamil_to_english,உள்ளொன்று வைத்துப் புறமொன்று,"Contrasts inward intention with outward speech",to harbour one thing within and say another outwardly,idiom,approved,"Rendered idiomatically while retaining the contrast between inward intention and outward speech."
katturaigal/puratchi_kanda.md,tamil_to_english,அம்மியும் குழவியும் காற்றில் பறக்கும்,"Image of violent upheaval under colonial conflict",even the mortar and pestle fly through the air,political_idiom,context_dependent,"Retained literally because the force of the image matters."
katturaigal/puratchi_kanda.md,tamil_to_english,பொருந்தாத் திருமணம்,"Marriage condemned because of an extreme age disparity",mismatched marriage,social_reform_term,approved,"The recurring reform-era term is kept consistent throughout the article."
sorpozhivugal/thee_paravattum_2_1.md,tamil_to_english,சொற்போர்,"The event is a formal public contest of speeches conducted in friendship",verbal debate,period_term,approved,"Rendered as verbal debate in the event description; the contest implied by the compound remains evident in the speeches."
sorpozhivugal/thee_paravattum_2_1.md,tamil_to_english,புலையனேனும்,"Anna argues that the inclusive particle உம் preserves rather than abolishes the caste hierarchy",even a Pulaiyan,grammar_and_caste_term,approved,"The caste term and Anna's grammatical argument are retained without euphemism."
sorpozhivugal/thee_paravattum_2_1.md,tamil_to_english,விரக்தி வேதாந்தம்,"Anna characterizes Bharatiar's position after decades of unsuccessful gradual advocacy",a philosophy of despair,period_idiom,provisional,"Translated contextually; the Tamil phrase remains verbatim in the source block."
sorpozhivugal/thee_paravattum_2_1.md,tamil_to_english,சாமம் / மறை,"The chairman distinguishes the Sanskrit Sama Veda from an asserted ancient Tamil marai also called Sama",Sama / sacred text,historical_religious_term,uncertain,"Retained explicitly as the chairman's contested historical argument rather than presented as an editorial fact."
sorpozhivugal/may_thinam.md,tamil_to_english,மிராசுப் பாத்யதை,"May Day is denied to be the Communist Party's exclusive hereditary possession",exclusive hereditary entitlement,period_legal_idiom,approved,"Rendered by meaning while the period expression remains visible in the Tamil source."
sorpozhivugal/may_thinam.md,tamil_to_english,பரணி பாடும் நாள்,"Lenin turns May Day into a day proclaiming the workers' victorious struggle",a day that sang the martial glory of their struggle,literary_allusion,provisional,"The allusion to the Tamil martial பரணி genre is retained in explanatory form."
sorpozhivugal/may_thinam.md,tamil_to_english,அறிவுத்துறைப் புரட்சி,"Liberation from religious fear and inherited mental constraints alongside economic change",intellectual revolution,political_concept,approved,"Used consistently throughout the speech and distinguished from economic revolution."
sorpozhivugal/may_thinam.md,tamil_to_english,சுயமரியாதை பாஷை,"The direct political vocabulary Anna says is required to challenge religiously sanctioned exploitation",the language of Self-Respect,period_political_idiom,approved,"பாஷை is translated contextually as language or idiom rather than merely speech."
sorpozhivugal/may_thinam.md,tamil_to_english,கப்சிப் தர்பார்,"One of the repressive outcomes listed with prison, underground life and prohibitory orders",a regime of enforced silence,loanword_political_idiom,provisional,"The Hindustani-derived phrase is rendered contextually; the source term remains verbatim."
sorpozhivugal/may_thinam.md,tamil_to_english,உலுத்தர்கள்,"Contrasted with workers and those who live by exploiting others",idlers,period_term,approved,"The closing rhetorical contrast with உழைப்பாளிகள் is preserved."
sorpozhivugal/thimuka_thuvak.md,tamil_to_english,சுவீகாரப் புத்திரன்,"Anna describes his political and familial relationship to Periyar",adopted son,kinship_and_political_metaphor,approved,"The legal-kinship meaning and political intimacy are both retained."
sorpozhivugal/thimuka_thuvak.md,tamil_to_english,கட்டளைத் தம்பிரான்,"Used humorously in Anna's hierarchy of Periyar as thambiran and himself as the commanding subordinate",commanding thambiran,monastic_title,provisional,"The institution-specific title is transliterated and explained in the translator's notes."
sorpozhivugal/thimuka_thuvak.md,tamil_to_english,வைதீகபுரி,"Personifies orthodox power as a fortified place celebrating the movement's split",citadel of orthodoxy,political_metaphor,approved,"Rendered metaphorically rather than as a literal place name."
sorpozhivugal/thimuka_thuvak.md,tamil_to_english,ஒட்டுமாஞ்செடி,"The new Kazhagam is compared to a graft sharing the parent mango tree's stock",grafted sapling,extended_metaphor,approved,"Used consistently through the garden passage to preserve the claim of common ideological roots."
sorpozhivugal/ara_nilaya.md,tamil_to_english,அற நிலையங்கள்,"Title and Bill context refer to religious and charitable institutions governed as endowments",religious endowments,institutional_term,approved,"Rendered as Religious Endowments; the Tamil title is retained alongside it."
sorpozhivugal/ara_nilaya.md,tamil_to_english,அறநிலையப் பாதுகாப்பு மசோதா,"The 1949 measure governing Hindu temple and endowment property",Religious Endowments Protection Bill,legal_institutional_term,approved,"Capitalised as the named Bill throughout the translation."
sorpozhivugal/ara_nilaya.md,tamil_to_english,பலம் / வீசை / படி,"Traditional weight and volume units used in Anna's examples about camphor, oil and pongal",palam / veesai / padi,traditional_measure,approved,"Transliterated because replacing them with modern metric approximations would alter the source."
sorpozhivugal/ara_nilaya.md,tamil_to_english,பக்திப் பாங்கு,"Anna's wordplay comparing temple deposits with an ordinary commercial bank",bank of devotion,rhetorical_wordplay,approved,"The banking metaphor is preserved rather than flattened into temple treasury."
sorpozhivugal/ara_nilaya.md,tamil_to_english,சோற்றுத் துருத்திகள்,"A polemical description of pontiffs who consume wealth without serving the people",bloated bellies,period_polemic,provisional,"Rendered by rhetorical force; the verbatim Tamil source remains available for review."
sorpozhivugal/manila_avai.md,tamil_to_english,கலப்புப் பொருளாதாரம்,"The Government's synthesis of public and private economic principles, criticised through Anna's adulteration wordplay",mixed economy,economic_term,approved,"Rendered by the established economic term while preserving the adjoining adulteration metaphor."
sorpozhivugal/manila_avai.md,tamil_to_english,கொறடா,"Party discipline compelling ruling-party members to vote for taxes they criticised",party whip,parliamentary_term,approved,"Rendered by the standard Westminster parliamentary term."
sorpozhivugal/manila_avai.md,tamil_to_english,பிரதேச ஏற்றத்தாழ்வு,"Uneven industrial and agricultural development among regions",regional inequality,economic_policy_term,approved,"Used consistently through the Kerala, southern India and Italian comparisons."
sorpozhivugal/manila_avai.md,tamil_to_english,டம்பாச்சாரி வாழ்வு,"Ostentatious consumption funded by undeclared black money",ostentatious living,period_economic_idiom,provisional,"Translated contextually; the source expression remains in the Tamil block."
sorpozhivugal/manila_avai.md,tamil_to_english,கசக்கிப் பிழியும் திட்டம்,"Anna's closing metaphor for indirect taxation imposed on poor people in the Plan's name",a scheme for squeezing the people dry,extended_metaphor,approved,"The physical force of the repeated closing metaphor is retained."
sorpozhivugal/thambiyudayan.md,tamil_to_english,தம்பியுடையான் படைக்கஞ்சான்,"Title proverb and closing appeal using the movement relationship between Anna and his younger brothers",he who has a younger brother fears no army,proverb,approved,"The proverbial force and the literal movement-family vocabulary are both retained."
sorpozhivugal/thambiyudayan.md,tamil_to_english,தம்பி / அண்ணன்,"Anna's recurring familial vocabulary for Karunanidhi and fellow movement leaders",younger brother / elder brother,movement_kinship,approved,"Translated literally because both the personal affection and the political relationship matter throughout the speech."
sorpozhivugal/thambiyudayan.md,tamil_to_english,கலைஞர்,"Used both as Karunanidhi's established honorific and as the ordinary word for an artist",Kalaignar / artist,honorific_wordplay,approved,"Retained as Kalaignar when naming Karunanidhi and translated contextually in the discussion of art."
sorpozhivugal/thambiyudayan.md,tamil_to_english,தண்டவாளத்திலே தலை வைத்துப்படு,"Command recalled as the counterpart to serving as Public Works Minister",lay your head upon the railway track,historical_allusion,approved,"Preserved literally; the translator's note identifies the Kallakudi allusion without inserting the unprinted place name into the speech."
sorpozhivugal/thambiyudayan.md,tamil_to_english,சரிகை வேட்டி,"Clothing in Anna's family metaphor about the pleasure of seeing a younger brother honoured",zari-bordered veshti,material_culture,approved,"The garment name is retained and the ornamental border is explained in English."
katturaigal/santhana_sapra.md,tamil_to_english,சந்தான சப்ரமஞ்சம்,"An ornate commercial bed and room advertised in 1779 as ensuring conception",progeny bedchamber,period_compound,provisional,"The rendering retains both the fertility claim in சந்தானம் and the bed or bedstead sense of சப்ரமஞ்சம்."
katturaigal/santhana_sapra.md,tamil_to_english,மணிமந்திர ஒளஷதம்,"A formula grouping talismanic objects, incantation and medicine in Anna's account of overlapping belief systems",mani-mantra-aushadha,sanskrit_formula,approved,"Transliterated once after the contextual English triad magic, incantation and medicine."
katturaigal/santhana_sapra.md,tamil_to_english,குளிசம்,"An object tied on the body in the expectation of protection or a cure",talisman,ritual_object,approved,"Rendered by function rather than preserving an unfamiliar period loanword."
katturaigal/santhana_sapra.md,tamil_to_english,சாண்டோ,"Comparison for the robust physique produced by repeated tonics",Sandow,historical_allusion,approved,"Identified in the notes as Eugen Sandow, whose name became a period byword for muscular strength."
katturaigal/santhana_sapra.md,tamil_to_english,மருத்துவ மாதர்கள்,"Women trained by Hippocrates in methods intended to make childbirth safe",midwives,medical_term,approved,"Rendered by the established English occupational term in this childbirth context."
katturaigal/maaji_kadavul.md,tamil_to_english,மாஜி கடவுள்கள்,"Deities once enthroned and widely worshipped but no longer treated as gods in their original societies",former gods,period_loanword,approved,"மாஜி is a period administrative loanword for a former office-holder; its ironic force is retained throughout."
katturaigal/maaji_kadavul.md,tamil_to_english,கொலுமண்டபம்,"The ceremonial audience hall in which a deity sits enthroned",audience hall,courtly_religious_term,approved,"Rendered by its functional courtly sense in the opening challenge."
katturaigal/maaji_kadavul.md,tamil_to_english,மும்மலம்,"Three impurities said to be removed by the supreme deity",the three impurities,religious_concept,provisional,"Translated literally because the article invokes the concept rhetorically without defining its doctrinal components."
katturaigal/maaji_kadavul.md,tamil_to_english,பகுத்தறிவு,"The critical rational faculty personified as gaining troops, strength and territory through Diagoras and Socrates",rationalism,rationalist_term,approved,"Used consistently through the military and martyrdom metaphors."
katturaigal/maaji_kadavul.md,tamil_to_english,ஓங்கார சொரூபங்கள்,"Gods once treated as manifest sacred forms before becoming former gods",sacred forms,religious_idiom,provisional,"Rendered contextually; a literal Om-form would obscure the contrast in this passage."
katturaigal/athen_nattil.md,tamil_to_english,அறிஞனை அழித்தபின் அழுகுரல்,"Rhetorical subtitle connecting Socrates' execution with the people's later grief",lament after killing the sage,rhetorical_phrase,approved,"Preserves the source's accusation and its contrast between destruction and belated mourning."
katturaigal/athen_nattil.md,tamil_to_english,மன மாளிகையின் வாயிற்படி,"Extended image of old ideas struggling to leave and new ideas struggling to enter a narrow mind",doorway of the mansion of the mind,extended_metaphor,approved,"Kept consistently with the crowded railway-door analogy that follows."
katturaigal/athen_nattil.md,tamil_to_english,எஸ்.ஐ.ஆர்.,"Historical railway abbreviation in the third-class carriage analogy",South Indian Railway,historical_abbreviation,approved,"Expanded from the contemporary abbreviation so the English analogy remains intelligible."
katturaigal/athen_nattil.md,tamil_to_english,பண்டா,"Jagannath temple functionary identified by the source itself as a temple priest",panda / Jagannath temple priest,religious_term,approved,"The transliterated historical term is retained and explained at first use."
katturaigal/athen_nattil.md,tamil_to_english,கழுவாய்,"Repentance and tears offered after society permits the killing of a noble person",atonement / expiation,religious_idiom,provisional,"Rendered contextually as washing away the stain; the source uses the term within an extended moral image."
katturaigal/raja_sir.md,tamil_to_english,தளவரிசை,"Temple expenditure entry for paved flooring and paved access routes",floor paving,architectural_term,provisional,"Rendered from the catalogue context; the period term may denote a specific type of dressed-stone flooring."
katturaigal/raja_sir.md,tamil_to_english,மகிரி,"A named jewel in a temple ornament expenditure catalogue",magiri,ornament_term,unresolved,"Transliterated because the scan is readable but the precise historical ornament type could not be established from the article."
katturaigal/raja_sir.md,tamil_to_english,லஸ்தர் குளோப்புகள்,"Electric or decorative globes invoked alongside a hundred thousand temple lamps",chandelier globes,historical_loanword,provisional,"Rendered contextually from the period loan phrase; retained in the Tamil source without modernisation."
katturaigal/raja_sir.md,tamil_to_english,பாத்திரப் பிச்சை,"Maxim contrasting proper charity with giving a young woman to an aged man",alms to a worthy vessel,moral_idiom,approved,"The vessel metaphor is retained because it leads directly into the article's ill-matched-marriage analogy."
katturaigal/raja_sir.md,tamil_to_english,சு.ம.க்கள்,"Colloquial Brahmin-dialect abbreviation in the imagined agraharam speech",Self-Respect fellows,political_abbreviation,approved,"Expanded contextually as members of the Self-Respect Movement while preserving the derisive quoted voice."
katturaigal/raja_sir.md,tamil_to_english,புண்யகாரியம்,"Puranic claim that an accidental act done during theft earns divine grace",virtuous deed,religious_term,approved,"Rendered according to the article's ironic argument rather than as the translator's endorsement."
katturaigal/kalvi_kazhagam.md,tamil_to_english,கல்விக் கழகம்,"The article uses the expression for a village institution combining schooling, public education and organised intellectual work",educational association,institutional_term,approved,"Educational association preserves the repeated கழகம் sense; temple of knowledge is used only where the source says அறிவாலயம்."
katturaigal/kalvi_kazhagam.md,tamil_to_english,மதுவிலக்கு / மதிவிலக்கு,"Anna's contrast between prohibition of liquor and suppression of reason",prohibition of liquor / prohibition of reason,wordplay,approved,"The parallel wording is retained to preserve the political pun."
katturaigal/kalvi_kazhagam.md,tamil_to_english,முகாரி,"A Carnatic raga invoked figuratively for the Chief Minister's lament",Mukhari / a mournful Mukhari,cultural_reference,approved,"The raga name is retained and its rhetorical function supplied in context."
katturaigal/kalvi_kazhagam.md,tamil_to_english,அரிக்கன் விளக்கு,"Period Tamil rendering of hurricane lamp in a comparison about technological dependence",hurricane lamp,loanword,approved,"Translated by the established English object rather than transliterated."
katturaigal/kalvi_kazhagam.md,tamil_to_english,இம்மைச் செய்தது மறுமைக்காமெனும் அறவிலை வாணிகர்,"Classical formulation rejecting virtue performed as commerce for reward in another life",merchants of virtue who perform deeds in this life for the next,classical_allusion,approved,"Rendered closely while keeping the source's commercial metaphor."
katturaigal/vetkapadugirom.md,tamil_to_english,பாத்தியதை,"Period legal-political term used for claims based on long service and for hereditary entitlement",claim of right / hereditary entitlement,legal_term,approved,"Rendered by context; the unusual source form is retained verbatim in Tamil."
katturaigal/vetkapadugirom.md,tamil_to_english,அனிபெசண்ட்,"Printed Tamil transliteration in the sarcastic phrase புதிய அனிபெசண்ட்",Annie Besant,historical_name,approved,"The historical referent is identified in English without altering the printed Tamil."
katturaigal/vetkapadugirom.md,tamil_to_english,தும்பு அறுந்ததாக,"Metaphor of a severed tether immediately glossed by Anna as அதாவது விதவையாக",whose tie has been severed / a widow,period_idiom,approved,"Both the metaphor and the author's explicit gloss are preserved."
katturaigal/vetkapadugirom.md,tamil_to_english,வார்சு,"Colloquial loanword repeatedly contrasted with democratic leadership succession",heir,loanword,approved,"Quotation marks are retained where Anna foregrounds the disputed hereditary concept."
katturaigal/nangal_kattada.md,tamil_to_english,அடிப்பீடம்,"Period form used for the foundation on which every political party should rest",foundation,period_usage,approved,"The printed form அடிப்பீடமாக is retained verbatim in Tamil and rendered by meaning."
katturaigal/nangal_kattada.md,tamil_to_english,பஞ்சகவ்யம்,"Ritual mixture of five products of the cow, invoked in Anna's contrast between worship and agricultural knowledge",panchagavya,cultural_reference,approved,"The established Sanskrit-derived name is transliterated and the ingredients remain explicit in context."
katturaigal/nangal_kattada.md,tamil_to_english,கில்லரைத் தெய்வங்கள்,"Colloquial and polemical contrast with மூல தெய்வங்கள் in the discussion of religious attention",minor deities,period_idiom,approved,"Rendered by rhetorical function without modernising the source Tamil."
katturaigal/nangal_kattada.md,tamil_to_english,அடி மூச்சுக் குரல்,"Figurative description of the opposition's strained cry under repression",breathless cry / stifled voice,period_idiom,approved,"Translated according to each occurrence while retaining the source phrase verbatim."
katturaigal/nangal_kattada.md,tamil_to_english,கட்டடமில்லாத கல்லூரி,"Anna's metaphor for a movement spreading general knowledge outside formal schools",college without a building,political_metaphor,approved,"The title metaphor is preserved literally and explained by the surrounding argument."
katturaigal/uruthi_koor.md,tamil_to_english,ஆறவுன்சு,"Period colloquial contraction referring to the ration of six ounces of grain",six ounces,period_usage,approved,"The printed Tamil form is retained verbatim and translated by its rationing context."
katturaigal/uruthi_koor.md,tamil_to_english,மதறாஸ்வாலாக்கள்,"Tamil rendering of the Hindustani label Madraswallahs used polemically for Dravidians under all-India rule",Madraswallahs,political_label,approved,"The period label is transliterated without modernising the Tamil source."
katturaigal/uruthi_koor.md,tamil_to_english,நரிவேட்டை புலிவேட்டை,"Extended contrast between a temporary electoral task and the fundamental struggle for a Dravidian state",fox hunt / tiger hunt,political_metaphor,approved,"Both animals and the hierarchy between the two struggles are retained throughout."
katturaigal/uruthi_koor.md,tamil_to_english,முட்டையிடும் கோழி,"Gopalan's request for votes is expanded into Anna's distinction between lending an egg and surrendering the organisation that produces support",egg-laying hen,political_metaphor,approved,"The full omelette analogy is preserved rather than replaced with an abstract paraphrase."
katturaigal/kudiyatchi_komaan.md,tamil_to_english,குடியாட்சிக் கோமான்,"A ruler who gains monarch-like dominance by exploiting democratic institutions and popular trust",sovereign of democracy,political_metaphor,approved,"Sovereign preserves the article's deliberate contrast between democracy and monarchy better than a neutral word such as leader."
katturaigal/kudiyatchi_komaan.md,tamil_to_english,கோலேந்திகள்,"Kings and rulers characterised through the sceptre they bear",sceptre-bearers,period_metaphor,approved,"The concrete royal image is retained rather than flattened to rulers."
katturaigal/kudiyatchi_komaan.md,tamil_to_english,குடஓலை,"Ancient Tamil local committee-selection practice described through the Uthiramerur inscriptions",kudavolai,historical_term,approved,"Transliterated and briefly explained in context rather than equated exactly with modern elections."
katturaigal/kudiyatchi_komaan.md,tamil_to_english,கிரேட்டின்,"Printed Tamil rendering of the Greek verbal root paired with Demos in the source's etymology of democracy",kratein,etymological_term,approved,"Rendered conservatively from the printed form; modern etymological normalisation was not inserted into the Tamil source."
sorpozhivugal/aalunar110860.md,tamil_to_english,கவர்னர் பேருரை,"Formal address delivered by the Governor and debated in the Legislative Assembly",Governor's Address,constitutional_term,approved,"Rendered by the established parliamentary term rather than literally as great speech."
sorpozhivugal/aalunar110860.md,tamil_to_english,துரைத்தனம்,"Period usage for the State government or governing administration",government / administration,period_usage,approved,"Rendered according to sentence context without altering the retained Tamil."
sorpozhivugal/aalunar110860.md,tamil_to_english,கிராப்பு,"Period loanword in the argument that the party does not seek recognition merely for itself",credit,uncertain_loanword,needs_review,"The visible print supports கிராப்பு; credit is conservative from context and should be checked against a contemporary usage source."
sorpozhivugal/aalunar110860.md,tamil_to_english,பண்டாரம் / பாதுஷா,"Contrasting story figures used in Annadurai's reply to the Finance Minister",pandaram / padishah,cultural_reference,approved,"Transliterated because the contrast and register matter more than flattening both into generic character labels."
sorpozhivugal/aalunar110860.md,tamil_to_english,பேருரை / பேருக்கு உரை,"Closing pun contrasting the formal Governor's Address with an address existing only in name",great address / address in name,wordplay,approved,"Both senses are explained in the English sentence while the Tamil wordplay remains verbatim."
sorpozhivugal/aluvalaga050960.md,tamil_to_english,அலுவலக மொழி,"Constitutional debate concerning the language formally used by the Union",official language,constitutional_term,approved,"Rendered contextually as official language rather than the literal office language."
sorpozhivugal/aluvalaga050960.md,tamil_to_english,ஆட்சி மொழி,"Language used for the conduct of government, contrasted with national language",official language,constitutional_term,approved,"The surrounding constitutional context determines the rendering."
sorpozhivugal/aluvalaga050960.md,tamil_to_english,தேசீய மொழி,"A language claimed to represent the nation, explicitly distinguished from official language",national language,political_term,approved,"The period spelling is retained in Tamil and the conceptual distinction is preserved in English."
sorpozhivugal/aluvalaga050960.md,tamil_to_english,துரைத்தனம்,"Period usage referring to the governing authority or administration",government / administration,period_usage,approved,"Translated by sentence context without modernising the retained Tamil source."
sorpozhivugal/aluvalaga050960.md,tamil_to_english,லிபி,"The writing system in the constitutional phrase Devanagari script",script,loanword,approved,"Rendered as script while retaining the printed loanword in Tamil."
sorpozhivugal/paerunthu030959.md,tamil_to_english,நாட்டுடமை / தேசீயமயம்,"Period terms used interchangeably for transferring bus transport from private proprietors to public ownership",nationalisation,political_economic_term,approved,"Nationalisation is used consistently while both printed Tamil forms remain verbatim."
sorpozhivugal/paerunthu030959.md,tamil_to_english,சமதர்மம் / சமயதர்மம்,"Anna contrasts socialism with opportunistic morality adjusted to each occasion",socialism / expedient morality,wordplay,approved,"The pun is explained contextually rather than flattened into two identical English forms."
sorpozhivugal/paerunthu030959.md,tamil_to_english,பாண்டுகள் / இன்ஸ்டால்மெண்ட்,"Proposed forms for compensating private bus owners without immediate full cash payment",bonds / instalments,period_loanwords,approved,"The period financial vocabulary is retained in Tamil and rendered by its economic context."
sorpozhivugal/paerunthu030959.md,tamil_to_english,அர்த்தநாரீஸ்வர சமதர்மம்,"Metaphor for a mixed economy that shifts between private and public ownership",half-and-half socialism,political_metaphor,approved,"The Ardhanarishvara image is retained and explained in the surrounding translation."
sorpozhivugal/190868.md,tamil_to_english,பஞ்சப்படி,"Government employee compensation in the supplementary estimates",dearness allowance,administrative_term,approved,"Rendered by its established public-service meaning."
sorpozhivugal/190868.md,tamil_to_english,இறைவை நீர்ப்பாசனம்,"Electricity-extension schemes used to increase irrigation",lift irrigation,agricultural_term,approved,"Context and period usage support lift irrigation."
sorpozhivugal/190868.md,tamil_to_english,தமாஷா வரி,"Revenue collected from cinema attendance",entertainment tax,historical_fiscal_term,approved,"Rendered by its fiscal function rather than literally as amusement tax."
sorpozhivugal/190868.md,tamil_to_english,செய்திக் கதிர்,"Government-produced filmed news programme",newsreel,media_term,approved,"Period equivalent is newsreel."
sorpozhivugal/190868.md,tamil_to_english,மிராசுதார்கள்,"Thanjavur agrarian dispute between land-right holders and cultivators",mirasidars,historical_land_term,context_dependent,"Retained as a historical Tamil land-tenure term and glossed in notes."
sorpozhivugal/190868.md,tamil_to_english,ரெகுலேட்டரி ஆர்டர்,"Authorised route order issued for a procession",regulatory order,administrative_loanword,approved,"English administrative loanword restored from scan and translated directly."
sorpozhivugal/190868.md,tamil_to_english,ஏகமனதாக,"Assembly resolution including Congress support",unanimous,legislative_term,approved,"Central to the distinction between a statewide demand and a partisan request."
nadagangal/kurumbukaran_1.md,tamil_to_english,ஊர்க்கோடி சாவடி,"Location at the outer edge of a village",rest house at the edge of the village,historical_place_term,context_dependent,"சாவடி can denote a public rest house or village post; the dramatic setting supports rest house."
nadagangal/kurumbukaran_1.md,tamil_to_english,ஆதிசேஷன்,"Mythological serpent invoked for his thousand tongues",Adisesha,mythological_name,approved,"Name retained; the thousand-tongued allusion is explicit in the dialogue."
nadagangal/kurumbukaran_1.md,tamil_to_english,சீமான் வீட்டு மைனர்,"Privileged drunken young man contrasted with a rickshaw puller",young heir of a rich man's household,historical_social_term,context_dependent,"மைனர் is used socially for a wealthy family's young heir, not in its modern legal sense alone."
nadagangal/kurumbukaran_1.md,tamil_to_english,சூக்ஷமமான புத்தி,"Elder's grudging praise of the reformer's reasoning",subtle intelligence,Sanskrit_derived_term,approved,"Rendered idiomatically while preserving the distinction from யுக்தி, ingenuity."
nadagangal/bagirathiyin_1.md,tamil_to_english,எடுபிடி,"Narrator describes his subordinate domestic and political-service role",attendant,historical_social_term,approved,"Rendered as attendant rather than merely servant because he screens visitors and observes political dealings."
nadagangal/bagirathiyin_1.md,tamil_to_english,அபேட்சகர்,"Period political vocabulary for a person selected to contest an election",candidate,historical_political_term,approved,"The Sanskrit-derived period form is translated by its standard electoral sense."
nadagangal/bagirathiyin_1.md,tamil_to_english,முகதாட்சண்யம்,"The intermediary recommends Parangusam out of personal regard for Bagirathi",personal regard,Sanskrit_derived_term,approved,"Rendered contextually rather than transliterated."
nadagangal/bagirathiyin_1.md,tamil_to_english,செல்வாக்கு,"Satirical wordplay shifts from popular influence to the ability to replace one financier with another",influence,political_wordplay,context_dependent,"The repeated English word influence preserves the exchange's deliberate change of meaning."
nadagangal/bagirathiyin_1.md,tamil_to_english,குறுக்கான வழிகள்,"Short or improper routes used instead of popular support and principles",shortcuts,political_idiom,approved,"Rendered as shorter routes in the immediate line and shortcuts later where the charge becomes explicit."
nadagangal/bajirao_1.md,tamil_to_english,சரித்திரச் சித்திரம்,"Subtitle for a compact dramatic episode used to make a historical-political argument",historical sketch,literary_form,approved,"Sketch preserves the source's sense of a brief illustrative scene rather than a full historical drama."
nadagangal/bajirao_1.md,tamil_to_english,மகாராஷ்டிர தர்மம்,"Regional political-religious ideal contrasted with Sanatana dharma",Maharashtra dharma,historical_ideological_term,context_dependent,"Transliterated because the dialogue explicitly contrasts two named doctrines."
nadagangal/bajirao_1.md,tamil_to_english,ராஜரீகம்,"Bajirao's description of the burdens inherent in royal government",kingship,historical_political_term,approved,"Rendered idiomatically as kingship."
nadagangal/kaasurar_1.md,tamil_to_english,காதர்,"Allegorical country name explicitly decoded by the source as America",Kadhar,allegorical_name,approved,"Retained as Kadhar inside the play; the source's own key identifies it as America."
nadagangal/kaasurar_1.md,tamil_to_english,சீமான்,"Allegorical gentleman later identified as American ambassador Henry Grady",gentleman,historical_social_term,approved,"The role label is translated by its dramatic function; Grady is named only in the explanatory key and postscript."
nadagangal/kaasurar_1.md,tamil_to_english,கைங்கரியம்,"Repeatedly sanctifies foreign financial assistance as noble service",sacred service,Sanskrit_derived_term,approved,"The devotional colouring is preserved because it carries the satire."
nadagangal/kaasurar_1.md,tamil_to_english,உதவித் தொகை,"Congress speaker's euphemistic contrast with கடன் in Scene 4",grant,political_euphemism,approved,"Rendered as grant to preserve the source's denial that the foreign money is a loan."
nadagangal/kaasurar_1.md,tamil_to_english,பைசல்,"Settling a mortgage-backed debt",settle,historical_financial_term,approved,"Rendered by its financial sense rather than transliterated."
