source_file,source_fragment,probable_reading,status,notes
nadagangal/mangalapuri_1.md,"Images 1, 2, 4, 5 and 6 were blank; surviving text misread the fourth scene date as 1959 and corrupted numerous stage directions","All nine scans restored; scene chronology 1948, 1950, 1954, 1956, 1966",corrected_in_source,"Every scan was visually checked. The title, complete dialogue, five dated settings, stage directions, and final authorial observation were restored."
nadagangal/ragavayanam_1.md,"Images 1, 3, 7 and 8 were blank or omitted in the OCR text; remaining pages contained corrupted title, speaker labels, names, and dialogue","All eight scan pages restored and visually transcribed; title ராகவாயணம்; சித்ரகூடப் பாகவதர்; இலஞ்சம் ருசு ஆகிவிட்டது; சத்யசந்தர்",corrected_in_source,"Every scan was visually checked. The colloquial Tamil, satirical canto names, Sanskrit-derived vocabulary, and printed publication date were retained."
sorpozhivugal/190868.md,"All 20 scans contained severe Tamil OCR corruption; Image 5 was entirely omitted; printed English interventions on Images 5-6 were lost","Complete speech restored from all 20 scans, including title, speakers, figures, page joins, and English interventions",corrected_in_source,"Every image was visually checked. Printed wording was retained, including the apparent English typo 'should to reciprocal'; no silent editorial emendation was made."
katturaigal/nirubarin_nilai.md,"Image 8 ends on printed page 181; Image 9 is unrelated printed page 185; Image 10 begins mid-sentence with the article's ending","Printed pages 182-184 missing; website asset sequence is corrupt",incomplete_source,"Visually verified against scans 008-010 and confirmed in the live HTML, which directly links the same incorrect numbered assets. No translation should be produced until the missing pages are recovered."
katturaigal/ilamayil_muthumai.md,"Image 4 ends 'பண்டிதருக்கோ, இயற்கைக்கு ஏற்றபடி'; Image 5 begins 'கோடானுகோடி ஏழைமக்கள்'","At least one intervening page or passage is missing",incomplete_source,"Visually verified against Images 4-5 and confirmed that the live HTML directly lists the same 15 assets. The discontinuity falls at the transition from the youth-and-old-age metaphor to Jayaprakash Narayan's political argument. Withhold translation until the missing passage is recovered."
katturaigal/vaarsu.md,"Image 12 absent from canonical Markdown; damaged date 5-7-409 and several OCR substitutions","Final conclusion and signature restored; 5-7-49; முறை; தன்மானம்; வேடிக்கையாக",corrected_in_source,"Image 12 was manually transcribed from the scan and all listed corrections were visually verified."
katturaigal/vazhthinar.md,"Article number 51; damaged names and sale-price wording; stray fragments before Image 8","31; மகாராஜா குலாப்சிங்; 400000 பவுன்; non-text removed",corrected_in_source,"Corrections were visually verified against Images 1, 3, 8, and 10. Historical claims remain source-attributed."
katturaigal/piravi_muthalali.md,"Damaged May Day phrases and labour-history place names","மே தினம்; முழுப்பயனெய்த; உலகத் தொழிலாளிகளே ஒன்று திரளுங்கள்; மனக்கண் திறக்க",corrected_in_source,"Phrases were verified from scans; historical place-name spellings remain as printed and are noted in the translation."
katturaigal/kutrathoorar.md,"Article number 53%; stray fragments on Images 5, 6, 9, and 11; போனை on Image 12","58; non-text removed; பேனா",corrected_in_source,"Readings were verified from the page images before bilingual assembly."
katturaigal/paathivazhi.md,"Opening quotation and final date contained severe OCR corruption","Opening restored from Image 1; date 15.2.1959 restored from Image 8",corrected_in_source,"Only scan-proven readings were changed before bilingual assembly."
nadagangal/bagirathiyin_1.md,"The original OCR marked all 10 readable scans blank because the grayscale PNGs carried transparency; the complete text had to be recovered","பாகீரதியின் பந்தயம்; complete ten-page source restored",corrected_in_source,"The images were flattened before Tamil OCR. Every scan was visually checked in sequence, false-empty sections were replaced, and clear character, name, party-abbreviation, word-break, and punctuation errors were corrected against the printed pages."
katturaigal/kaithari.md,"போட்ட புடவை, போட்ட வேட்டி","[specific sari and dhoti varieties unclear]",needs_scan_check,"Finance Minister's reservation proposal names textile varieties, but OCR does not support a unique correction; English remains generic."
katturaigal/vetriyil_veezhchi2_aditha.md,"வற்றியில் வீழ்ச்சி","வெற்றியில் வீழ்ச்சி",confirmed_by_context,"Filename and the article's victory/profit argument establish the corrected display title; source retained verbatim."
katturaigal/urimaipor_vetri.md,"7-3-57 காலை 9 மணிக்கு","1-3-51 காலை 9 மணிக்கு",confirmed_by_context,"The action date is repeated later as 1-3-51 and publication is 18-3-51; source retained verbatim."
katturaigal/urimaipor_vetri.md,"தீடுத்தது மக்கள்!","படித்தது மக்கள்!",probable,"Immediate context concerns the public reading of the prohibited work; source retained verbatim and English remains conservative."
katturaigal/kaanamalpona.md,"சாண்டா மேரியா (68/8 442712)","Santa Maria",confirmed_by_reference,"OCR-damaged Roman-script parenthesis; historical ship name verified."
katturaigal/kaanamalpona.md,"ஜெனரல் டெல்கேடோ (08/1214/ 02/2840)","General Humberto Delgado",confirmed_by_reference,"Leader named in contemporary accounts of the 1961 seizure."
katturaigal/kaanamalpona.md,"கால்வோ (0௭:௭0)","Henrique Galvão",confirmed_by_reference,"Historical leader of Operation Dulcinea."
katturaigal/kaanamalpona.md,"ரிசைப் (722/2)","Recife",confirmed_by_reference,"OCR-damaged port name; source also mistakenly calls it Venezuelan although Recife is in Brazil."
katturaigal/kaanamalpona.md,"அட்மிரல் ஸ்மித் (497072/ 21/07)","Rear Admiral Allen Smith",confirmed_by_reference,"Contemporary accounts identify the U.S. naval commander as Allen Smith."
katturaigal/kalai_oli.md,"கலை ஓளி!","கலை ஒளி!",confirmed_by_language,"Display title uses standard Tamil spelling; source retained verbatim."
katturaigal/kalai_oli.md,"1-4-28","April 1958 date unclear",needs_scan_check,"Article discusses Paul Robeson's sixtieth birthday on 9 April 1958, so the OCR closing date is inconsistent and must be checked against the scan."
katturaigal/periya_idathu_thiru.md,"பேரிய இடத்தூத் திருமணம் - ஆனால்.","பெரிய இடத்துத் திருமணம் - ஆனால்!",probable,"Display title corrected from clear grammar and filename; source retained verbatim."
katturaigal/periya_idathu_thiru.md,"20-6-489","20-6-48",confirmed_by_context,"Opening dates the wedding 10-6-48 and the article discusses that event; source retained verbatim."
katturaigal/thiyaga_parambarai.md,"பொ?மியா நாடு","பொஹீமியா நாடு",probable,"Context identifies Bohemia in the Jan Hus reference; source retained verbatim."
katturaigal/thiyaga_parambarai.md,"தார நில்பகையே!துள்ளிவருகுது வேல்","தாரா நில் பகையே! துள்ளி வருகுது வேல்",needs_scan_check,"Damaged political-poetic slogan; English translation remains conservative."
katturaigal/thiyaga_parambarai.md,"தியாகச் செந்நரில்","தியாகச் செந்நீரில்",probable,"Closing metaphor appears to mean the red blood of sacrifice; source retained verbatim."
katturaigal/thiyaga_parambarai.md,"27-2-26","27-2-[year unclear]",needs_scan_check,"Publication year is inconsistent with the DMK-era context and requires scan verification."
katturaigal/kalaivazhi.md,"கலைவமி/","கலைவழி!",probable,"Filename and repeated path motif make the corrected display title clear; source retained verbatim."
katturaigal/kalaivazhi.md,"14-1-1;28","14-1-[year unclear]",needs_scan_check,"Closing publication year is damaged and must be read from the scan."
katturaigal/sirunarikku.md,"இன்டர் மீடியட்டில் 44.22 இடங்கள்","இன்டர் மீடியட்டில் 4,422 இடங்கள்",needs_scan_check,"The printed admissions table likely lost a thousands separator or converted it to a full stop; translation retains 44.22 pending scan verification."
katturaigal/sirunarikku.md,"சிங்கத்துக்கு வெறுங் கு.டிசை7","சிங்கத்துக்கு வெறுங்குடிசை!",probable,"Title punctuation and spacing are visibly damaged; source and Tamil title remain verbatim."
katturaigal/mu_karunanithi.md,"மு, கருணாநிதி","மு. கருணாநிதி",probable,"Comma is likely OCR substitution for the initial's full stop; source retained verbatim."
katturaigal/mu_karunanithi.md,"அவரது: சென்னை முகவரிக்கு","அவரது சென்னை முகவரிக்கு",probable,"Colon appears extraneous in context; source retained verbatim."
katturaigal/mu_karunanithi.md,"(திராவிட நாடு - 9.8.53) ப","(திராவிட நாடு - 9.8.53)",probable,"Trailing isolated ப is likely OCR noise; source retained verbatim."
katturaigal/moksesae.md,"ஆனால்........... 7","ஆனால்...........",probable,"Isolated 7 is likely a printed page number captured inline; source retained verbatim."
katturaigal/thozhar_k.md,"(2. தோழர் கே. கோவிந்தசாமி!","2. தோழர் கே. கோவிந்தசாமி!",probable,"Opening parenthesis is likely OCR substitution or noise; source retained verbatim."
katturaigal/thozhar_k.md,"(திராவிட தாடு - 13.5,51)","(திராவிட நாடு - 13.5.51)",probable,"Publication name and date punctuation contain probable OCR substitutions; source retained verbatim."
katturaigal/magizhgirom200355.md,"(செய்தி - 20-2-22 - திராவிட நாடு)","[date requires image review]",unresolved,"Filename suggests a different date; do not silently alter the printed OCR reading."
katturaigal/nam_annavin.md,"10-1-6.3","[date requires image review]",unresolved,"Malformed date conflicts with the nearby publication date; source retained verbatim."
katturaigal/vaazhkai_vizha.md,"முதலானோர் மணமக்களை","[source continues beyond extracted image]",incomplete_source,"OCR text ends mid-sentence; keep pending until the missing continuation is recovered."
katturaigal/varunthu_311048.md,"மரணத்தின் முடிவிலிருந்து ஒருவரும் தப்ப முடியாது என்னும் பேருண்மையை நண்பர்","[source continues beyond extracted image]",incomplete_source,"OCR text ends mid-sentence; keep pending until the missing continuation is recovered."
katturaigal/anuthabam.md,"நல்ல தமிழ்ப்பற்று, அப்பழுக்கற்ற","[source continues beyond extracted image]",incomplete_source,"OCR text ends mid-sentence; keep pending until the missing continuation is recovered."
katturaigal/maraivu.md,"கொண். .வர்.","[missing opening and title]",incomplete_source,"OCR begins mid-sentence and lacks the printed title; keep pending until the preceding source is recovered."
katturaigal/raja_annama.md,"இரவு * செட்டிநாட்டிலுள்ள அவரது மாளிகையில்","[missing opening and title]",incomplete_source,"OCR begins mid-sentence and lacks the printed title; keep pending until the preceding source is recovered."
katturaigal/arumai_arumai.md,"திருக்காட்டுப்பள்ளியில். சர்.சிவசாமி ஐயரின்","[printed title missing]",incomplete_source,"Body appears complete but the OCR image omits the title; do not infer a canonical Tamil title solely from the filename."
katturaigal/younoo.md,"தீர். யூநூ/","திரு. யூ நூ!",probable,"Printed title is OCR-damaged; bilingual heading preserves source while English uses the identifiable historical name U Nu."
katturaigal/nadamaadum.md,"் சீ0. நடமாடும் தமிழ்/","[number]. நடமாடும் தமிழ்!",probable,"Leading number and punctuation are OCR-damaged; source title retained verbatim."
katturaigal/nadamaadum.md,"(செய்தி - 18-2-22- திராவிட நாடு)","[date requires image review]",unresolved,"Date is inconsistent with surrounding archive chronology; source retained verbatim."
katturaigal/thozhar_mu_ka.md,"(திராவிட நாடு - 25-2-51","(திராவிட நாடு - 25-2-51)",probable,"Closing parenthesis is absent in OCR; source retained verbatim."
katturaigal/mozhipor_veerang.md,"ழு.என். மாரியம்மாள்","டி.என். மாரியம்மாள்",resolved_from_scan,"Initials and the name உதயகிரி were verified directly against the scan before translation."
katturaigal/thozhar_daniel.md,"சட்ட இலாகாவும் இவரிடம் ஒப்படைக்கப்பட்டிருந்தது. 'இவருடைய","[source continues beyond extracted image]",incomplete_source,"OCR ends mid-sentence; keep pending until continuation is recovered."
katturaigal/iyakka_veerarai.md,"ஏதாவது செய்யவேண்டுமென நினைக்கும் சுபாவம் கொண்ட","[printed title or opening missing]",incomplete_source,"OCR starts directly with prose and has no printed title; source completeness needs image review."
katturaigal/kazhagamum.md,"எடுத்துக் கொண்டால், அவர், எனக்கு எதிரில் வர பயந்து","[source begins mid-sentence]",incomplete_source,"OCR begins mid-sentence and lacks a printed title; keep pending."
katturaigal/chennayil_thozhar.md,"பணியினைத் தொடர்ந்து செய்ய வந்துள்ளார் என்பதறிந்து","[source begins mid-sentence]",incomplete_source,"Translated exactly to the available boundary; descriptive title supplied and all visible dates verified against the scan."
katturaigal/july13.md,"98. ஜூலை 18!","ஜூலை 13!",probable,"Body and filename repeatedly identify 13 July; source title is retained verbatim and English title follows the OCR text."
katturaigal/july13.md,"செய்பப்பட்டிக்சிகதது / ஜ.513லேயே","செய்யப்பட்டிருக்கிறது / ஜூலை 13லேயே",probable,"Severe inline OCR damage in the scheduling sentence; translation follows recoverable context without changing source."
katturaigal/july13.md,"(திராவிட தாடு - 12.7.53)","(திராவிட நாடு - 12.7.53)",probable,"Publication name contains OCR substitution; source retained verbatim."
katturaigal/savundappan.md,"42. சவண்டப்பன்[","42. சவுண்டப்பன்!",probable,"Name spelling and terminal punctuation are OCR-damaged; body supplies the clearer spelling."
katturaigal/savundappan.md,"(திராவிட தாடு - 9.8.53)","(திராவிட நாடு - 9.8.53)",probable,"Publication name contains OCR substitution; source retained verbatim."
katturaigal/vazhthu_140160.md,"னமுழக்கம் பொங்கல் மலர்","இனமுழக்கம் பொங்கல் மலர்",probable,"Initial இ is missing or damaged in OCR; journal name is clear from the closing citation."
katturaigal/pongal_virunthu.md,"(பொங்கல் மலர் - 14-1-28 - முரசொலி)","[year requires image review]",unresolved,"Date may have a damaged year digit; source and English citation preserve the OCR reading."
katturaigal/perumpulavar.md,"4-17-56 / 1)-11-௦6","[dates require image review]",unresolved,"Both event and publication dates contain damaged or implausible digits; source retained verbatim."
katturaigal/ayyo_yazh.md,"40, ஐயோ யாம் முறிந்ததூ","40. ஐயோ யாழ் முறிந்தது!",probable,"OCR substitutes யாம் for யாழ் and damages final vowel/punctuation; filename and article subject confirm yal."
katturaigal/ayyo_athuvum.md,"கவற்கனலை செய்வோம்","[phrase requires image review]",unresolved,"Closing exclamation is OCR-damaged; translation follows the surrounding lament while source remains verbatim."
katturaigal/ayyo_athuvum.md,"(திராவிட நாடு - தனி வெளியீடு - 31749)","[date requires image review]",unresolved,"Date separators are missing; source and translation citation preserve the OCR string."
katturaigal/muthal_kanik.md,"ஐஜிலை ந்தேதி / ந்தேதி / 9ந்தேதி","ஐந்தாம் தேதி / ஐந்தாம் தேதி / ஒன்பதாம் தேதி",probable,"Several date words are damaged; translation follows the recoverable counts and sequence."
katturaigal/sampath_thara.md,"(செய்தி - திராவிட நாடு - 16-2-28)","[year requires image review]",unresolved,"Year is uncertain in archive chronology; source retained verbatim."
katturaigal/nadengum.md,"மாணவகச்களும் / மாணவர்களம் / து செய்யப்பட்டுள்ளனர்","மாணவர்களும் / மாணவர்களும் / கைது செய்யப்பட்டுள்ளனர்",probable,"OCR damage in list entries; translation follows clear context without editing source."
katturaigal/theera_thuyaram.md,"15. தீராத்தூயரம்;?","15. தீராத்துயரம்!",probable,"Title contains duplicated vowel and damaged punctuation; English follows the clear lexical reading."
katturaigal/kovil_karai.md,"23. கோலில் கறை யரந்ததூ!","23. கோலில் கறை படிந்தது!",probable,"Title is severely OCR-damaged; article's repeated closing phrase confirms the reading."
katturaigal/kovil_karai.md,"(திராவிட நாடு - 85.49)","[date requires image review]",unresolved,"Date separators or digits are missing; source and translation preserve the OCR reading."
katturaigal/cdnaayagam.md,"மேற்கண்ட பள்ளிக்கூடங்","[source continues beyond extracted image]",incomplete_source,"Translated exactly to the cropped boundary; no continuation was invented."
katturaigal/vellai_sigappukodi.md,"1/928-இல் குடியரசுத் தலைவரானார்!","1933-இல் குடியரசுத் தலைவரானார்!",resolved_from_scan,"The printed chronology and damaged words were checked against the scan; the available page still ends at the chronology."
katturaigal/aaruthal_kooru.md,"அவர்கள் திரிசடை அம்மையை","[source begins after missing title/opening]",incomplete_source,"OCR begins mid-sentence and lacks a printed title; keep pending."
katturaigal/pandithar_maraivu.md,"பண்டிதர் திருஞான சம்பந்தம் சுயமரியாதை இயக்கத்","[printed title missing]",incomplete_source,"Body appears complete but OCR lacks the title; do not infer it solely from filename."
katturaigal/parakkum_kuthirai.md,"அல்லத 114 டன் நிறையுள்ள ப(ளசூவையோ","1¼ டன் நிறையுள்ள பளுவையோ",verified_image,"Source image 002-509c68befe.png confirms the printed capacity as 1¼ tons; Tamil OCR source remains unchanged."
katturaigal/maahana_manavar.md,"மாநாட்டில் நிறைவேற்றப்பட்ட தீர்மானம்: -","[source continues beyond extracted image]",incomplete_source,"Translated through the final visible heading; the absent resolution was not reconstructed."
katturaigal/mapusiponvizha.md,"என்று ம.பொ... அவர்கள்","என்று ம.பொ.சி. அவர்கள்",incomplete_source,"Initials and publication date were resolved from the scan; translation begins at the surviving mid-sentence boundary and uses a descriptive title."
katturaigal/nanbargal_kaetpatharkku04.md,"உப்புக்காய்ச்சுவது, வரிகொடா இயக்கம், சட்டமறுப்பு","[source continues beyond extracted image]",incomplete_source,"Question 18 was translated through the final visible line; the continuation was not invented."
katturaigal/chennayil_bamba.md,"தோறும் விசேஷப் பிரார்த்தனைகள் செய்ய வேண்டும்","[source begins mid-sentence]",incomplete_source,"Translated from the surviving opening fragment; descriptive title supplied from the Madras/Bombay contrast."
katturaigal/thookumaedayil_matro.md,"தேம்பி நிற்கும் திராவிடம் எதிர்பார்த்துக் கொண்டிருக்கிறது!","[source continues beyond extracted image]",incomplete_source,"Translated through the cropped ending; the unusual printed wording தேம்பி was retained and a descriptive title supplied."
katturaigal/aaduraattey.md,"39ஆடூராட்டே! ஆனால் இங்கு!","39. ஆடு ராட்டே! ஆனால் இங்கு!",probable,"Number/title spacing and word division are damaged; refrain is clear in body."
katturaigal/nandri_170357.md,"4-3-572ல் / (17-2-57- திராவிட நாடு)","4-3-57 / [publication date requires review]",unresolved,"Election date has an extra digit and closing date appears earlier than election; filename suggests 17-03-57."
katturaigal/nandri_170357.md,"உண்மை ஊளழியம் / பணியாற்றி படலம்","உண்மை ஊழியம் / பணியாற்றிடுவேன்",probable,"Inline OCR damage affects two pledge phrases; translation follows clear sentence meaning."
katturaigal/naagai_mani.md,"(செய்தி - திராவிட நாடு - 27-7-47","(செய்தி - திராவிட நாடு - 27-7-47)",probable,"Closing parenthesis is absent; source retained verbatim."
katturaigal/thozhar_tm.md,"சென்னை - ௦௨00 014","சென்னை - 600 014",probable,"Postal code contains mixed Tamil/Arabic OCR digits; English renders the identifiable address."
katturaigal/puthuvali.md,"19. பது வலி!","19. புது வலி!",probable,"Title is missing the long vowel marker; filename and article's new-headache metaphor support the reading."
katturaigal/hindi_nilamai.md,"(திராவிட நாடு - 47.48)","[date requires image review]",unresolved,"Date separators or digits are missing; source and English preserve the OCR reading."
katturaigal/hindi_nilamai.md,"1939 ஆம் ஆண்டு ஜூன் மாதம்","[year requires historical/source review]",unresolved,"The cited linguistic Congress reorganisation chronology may be OCR-damaged; translation preserves the source year."
katturaigal/moodatheer.md,"594. மூடாதர்!","594. மூடாதீர்!",probable,"Filename, conclusion, and article subject support the title reading; source remains unchanged."
katturaigal/moodatheer.md,"படிப்பற்ற சமுதாயத்துக்குத் அல்பா செய்யாதீர்","[damaged verb requires image review]",unresolved,"The final slogan contains a badly recognised verb; translation follows the apparent warning against fostering an uneducated society."
katturaigal/moodatheer.md,"(திராவிட நாடு - 17-6-5])","[year requires image review]",unresolved,"Final year digit is recognised as a closing bracket; source and English retain the OCR reading."
katturaigal/vaguppurimai_por.md,"2. வகுப்புரிமைப் போராட்டம்/","2. வகுப்புரிமைப் போராட்டம்!",probable,"Terminal punctuation appears OCR-damaged; source remains unchanged."
katturaigal/vaguppurimai_por.md,"பார்ப்பனரல்லாத சமுதாயம்துடித்துக் / திடப்பதன்","பார்ப்பனரல்லாத சமுதாயம் துடித்துக் / கிடப்பதன்",probable,"Line break and first consonant are damaged; translation follows the sentence context."
katturaigal/musadhik.md,"//. முசாதிக்","[item number unclear]. முசாதிக்",unresolved,"Printed item number is not recoverable from OCR; title is clear from filename and body."
katturaigal/musadhik.md,"விடுதலை ஆடை கிறார்","விடுதலை அடைகிறார்",probable,"Word segmentation and vowel are OCR-damaged; translation follows the clear sentence."
katturaigal/musadhik.md,"(செய்தி -2-8-26 - திராவிட நாடு)","[date requires image review]",unresolved,"The apparent year may be OCR-damaged or incomplete; source and English retain the reading."
katturaigal/vazhga_thindivanam.md,"பார்விமெண்ட் தேர்தலில்","பார்லிமெண்ட் தேர்தலில்",probable,"OCR damages the word Parliament; translation follows the clear electoral context."
katturaigal/vazhga_thindivanam.md,"தேர்தல் இலவங்காய் கனியாகும்","[metaphor requires image review]",unresolved,"The fruit metaphor may contain a damaged word; translation conservatively retains the visible clove-fruit image."
katturaigal/vazhga_thindivanam.md,"(செய்தி - 27-1-௦2 - திராவிட நாடு)","(செய்தி - 27-1-52 - திராவிட நாடு)",probable,"Tamil zero and Arabic 2 likely represent 52; source remains unchanged."
katturaigal/vazhthugindrom180552.md,"நடி.கரும், தற்போதைய திரைப்பட நட்சத்திரமுமான","நடிகரும், தற்போதைய திரைப்பட நட்சத்திரமுமான",resolved_from_scan,"Damaged words and names were checked against the scan; no printed title or publication line survives, so a descriptive title is used."
katturaigal/nallatchi_kanbom.md,"(9, நல்லாட்சி காண்போம்/","19. நல்லாட்சி காண்போம்!",probable,"Opening number and punctuation are OCR-damaged; title is otherwise clear."
katturaigal/nallatchi_kanbom.md,"(பொங்கல் மலர் - 14-1-27 - முரசொலி)","[year requires image review]",unresolved,"The year is probably OCR-damaged; source and English retain the visible reading."
katturaigal/vaendukoal1508.md,"திராவிடர் ழகத்துக்குக்","திராவிடர் கழகத்துக்குக்",probable,"Initial consonant is omitted by OCR; translation follows the organisation named elsewhere in the article."
katturaigal/vaendukoal1508.md,"அவாகள் முன்வந்து ... அதி பாரக்திறோம்","அவர்கள் முன்வந்து ... எதிர்பார்க்கிறோம்",probable,"The final sentence is heavily OCR-damaged but recoverable from grammar and context; source remains unchanged."
katturaigal/vaendukoal1508.md,"(திராவி: ௩௩௦ 7& 5 ௪௩௦","[publication line requires image review]",unresolved,"Publication name and date are severely damaged; English identifies the likely journal but does not invent a date."
katturaigal/aakiramippai.md,"இநதுய எல்லையில் ... பாகிஸ்தாளனை","இந்திய எல்லையில் ... பாகிஸ்தானைக்",probable,"Several opening-word letters are OCR-damaged; translation follows the clear geopolitical context."
katturaigal/aakiramippai.md,"மக்களுக்கு உற்சாகமும் பாராட்டக்கூடிய நிலையில் உள்ளது","[sentence may be missing words]",unresolved,"The sentence is grammatically incomplete in OCR; translation remains conservative and source is unchanged."
katturaigal/aakiramippai.md,"சட்க்கித்","[stray OCR or printed footer]",unresolved,"Unidentified text follows the publication line and is omitted from the translated prose but retained in the source block."
katturaigal/aamai_vaegam.md,"1, ஆமை ேேகம்!","1. ஆமை வேகம்!",probable,"The initial consonant and vowel in வேகம் are OCR-damaged; filename and repeated phrase confirm the title."
katturaigal/aamai_vaegam.md,"(திராவிட நாடு - 12-12-49)","[year may require review]",unresolved,"Body says 1948 is ending while publication line reads 1949; translation preserves both visible readings."
katturaigal/aatchi_mozhi.md,"ட பாராளுமன்ற உறுப்பினர்களுக்கு நேரு அனுப்பிய பதில்","பாராளுமன்ற உறுப்பினர்களுக்கு நேரு அனுப்பிய பதில்",probable,"A stray OCR character precedes the subtitle; translation omits it while source remains unchanged."
katturaigal/aatchi_mozhi.md,"ஆட்சித்துறையில் தணைமொழியாக","ஆட்சித்துறையில் துணைமொழியாக",probable,"Vowel marker is missing in the OCR word for associate language; translation follows context."
katturaigal/aduthakkattam.md,"மக்களை மாக்களாக நடத்துவது","மக்களை மாக்களாக நடத்துவது",uncertain_term,"மாக்கள் is retained as a deliberate contrast meaning beasts or unreasoning beings; translation renders the contextual sense."
katturaigal/aduthakkattam.md,"தோழர் சிவஷண்முகம்","[name spelling requires source review]",unresolved,"Personal name is transliterated conservatively from OCR; source remains unchanged."
katturaigal/ahathu_koodathu.md,"69. ஆகாது - கூடாது - அடாது]","69. ஆகாது - கூடாது - அடாது!",probable,"Terminal bracket is likely damaged punctuation; source remains unchanged."
katturaigal/ahathu_koodathu.md,"தென் இத்தியர்கள்மீது","தென் இந்தியர்கள்மீது",probable,"OCR omits consonant and vowel signs in South Indians; translation follows the quotation's clear meaning."
katturaigal/ahathu_koodathu.md,"மற்றப் பதின்மான்று மொழிகளும்","மற்றப் பதின்மூன்று மொழிகளும்",probable,"Numeral word is OCR-damaged; translation renders thirteen as visibly intended."
katturaigal/ahathu_koodathu.md,"(திராவிட தாடு - 11.12.60)","(திராவிட நாடு - 11.12.60)",probable,"Journal name has an OCR consonant substitution; source remains unchanged."
katturaigal/annavin_vazhthu.md,"சுவையும் பயனும் மிகுந்திடு சருத்தோவியங்களையும்","சுவையும் பயனும் மிகுந்திடும் கருத்தோவியங்களையும்",probable,"Word boundary and initial consonant are OCR-damaged; translation follows the sentence meaning."
katturaigal/annavin_vazhthu.md,"இந்திக்கா அதிக்கம்","இந்திக்கா ஆதிக்கம்",probable,"Long vowel is omitted in ஆதிக்கம்; translation follows context."
katturaigal/ayvar_vazhakku.md,"4 1. ஐவர் வழக்கு!","41. ஐவர் வழக்கு!",probable,"Item number is split by OCR; title remains clear."
katturaigal/ayvar_vazhakku.md,"திரு. அத்னேஷியஸ்","[personal name requires image review]",unresolved,"Government counsel's name is transliterated conservatively from OCR."
katturaigal/ayvar_vazhakku.md,"வண்ணாரப் பேட்டை போலீஸ் இன்ஸ்பெக்டர் திம்ஸ்","[personal name requires image review]",unresolved,"Inspector's name may be OCR-damaged; English retains the visible reading."
katturaigal/ayvar_vazhakku.md,"(திராவிட தாடு - 98.53)","[journal and date require image review]",unresolved,"Journal name is damaged and date digits/separators are implausible; source and English preserve the OCR date reading."
katturaigal/balae_aal.md,"29. பலே ஆன்!","29. பலே ஆள்!",probable,"Final retroflex consonant in the title is OCR-damaged; idiom and article context support ஆள்."
katturaigal/balae_aal.md,"இந்தியச் சட்டசபை கொறடாவான சத்யநாராயண சின்ஹா","[office and name spelling require review]",unresolved,"Historical name and legislative office are translated conservatively from OCR."
katturaigal/balae_aal.md,"நீகி, -,98","[stray OCR or printed footer]",unresolved,"Unidentified text follows the publication line and is omitted from translated prose but retained in source."
katturaigal/chandiran_marai.md,"(திராவிட நாடு - 26.250)","[date requires image review]",unresolved,"Date digits and separators are damaged; English preserves the OCR reading rather than inventing a date."
katturaigal/chandiran_marai.md,"சந்தர்ப்பப் புறாக்களுண்டு","[metaphor requires source review]",uncertain_term,"The phrase literally denotes birds of opportunity and may be a deliberate metaphor; translation retains it conservatively."
katturaigal/erode_kaana.md,"அருமைத் தோழர் ஈ.வே.கி. சம்பத் அவர்களின் இல்லம்.","[printed title missing]",incomplete_source,"The complete surviving meeting report was translated under a descriptive title; time, names, and publication date were verified against the scans."
katturaigal/ezhil_dravidam.md,"திகழ்நீதது","திகழ்ந்தது",probable,"Internal letters are OCR-damaged; translation follows the clear sentence."
katturaigal/ezhil_dravidam.md,"இம்முறையும் அவர்கட்கு ஓர் நல் ட்டு","இம்முறையும் அவர்கட்கு ஓர் நல்விருந்து",probable,"OCR drops several letters in the feast metaphor; translation follows adjacent context."
katturaigal/ezhil_dravidam.md,"(பொங்கல் மலர் - 14-1-26 - முரசொலி)","[year requires image review]",unresolved,"Visible year may be OCR-damaged; source and translation retain it."
katturaigal/farook.md,"பருக் / பரூக்","பரூக்",probable,"The ruler's name is inconsistently recognised; translation standardises only the English transliteration while preserving Tamil source."
katturaigal/farook.md,"பலம் நகீப் குழுவி।_..ம் இருக்கிறது","பலம் நகீப் குழுவிடமும் இருக்கிறது",probable,"Severe symbol noise damages the case ending; translation follows the clear sentence."
katturaigal/jomo.md,"இந்த இரகசியச் சங்கத்திலே யாரையும்","[printed title and opening missing]",incomplete_source,"Translated from the surviving Mau Mau discussion; no earlier context was reconstructed and a descriptive personal-name title was supplied."
katturaigal/jomo.md,"ஜோமோ கேவியாடா","ஜோமோ கெனியாட்டா",resolved_from_scan,"The printed name was verified against the scan; standard English title spelling is Jomo Kenyatta."
katturaigal/kadamai_unarchi.md,"45, கடமை உணர்ச்சி கண்டு மகிழ்கிறோம்/","45. கடமை உணர்ச்சி கண்டு மகிழ்கிறோம்!",probable,"Title punctuation is OCR-damaged; source remains unchanged."
katturaigal/kadamai_unarchi.md,"74-6-49-ம் நாள்","14-6-49-ம் நாள்",probable,"The same paragraph and later date identify 14 June; initial digit is likely OCR-damaged."
katturaigal/kadamai_unarchi.md,"ரூ. 10,000 கொண்டா","[security amount requires image review]",unresolved,"The quoted amount differs from the introduction's Rs. 70,000 and Rs. 3,000; translation preserves the quote's visible amount."
katturaigal/hindi_kattaya.md,"கல்வி அமைச்சருக்கு .28-6-48.இல்","கல்வி அமைச்சருக்கு 28-6-48 இல்",probable,"Stray punctuation surrounds the date; translation normalises only English presentation."
katturaigal/hindi_kattaya.md,"(புகல் அறிவிப்பில் இல்லாததால்","பொது அறிவிப்பில் இல்லாததால்",probable,"OCR damages the word public in the letter; translation follows sentence context."
katturaigal/hindi_kattaya.md,"(திராவிட நாடு - 47.48)","[date requires image review]",unresolved,"Publication date separators or digits are missing; source and English retain the OCR reading."
katturaigal/iru_vetrigal.md,"அதிக்கபுரியினரின்","ஆதிக்கபுரியினரின்",probable,"Long vowel is omitted in the repeated word for forces of domination; translation follows context."
katturaigal/iru_vetrigal.md,"ஒன்று பாகிஸ்தானத்தில்; இன்னொன்று இழ்துஸ்தானத்தில்","ஒன்று பாகிஸ்தானத்தில்; இன்னொன்று ஹிந்துஸ்தானத்தில்",probable,"Initial characters in Hindustan are OCR-damaged; translation follows the Pakistan/Hindustan contrast."
katturaigal/iru_vetrigal.md,"பாஞ்சாலமும் வங்கமும் ... ஜலைகளும் ஆகஸ்ட்டுகளும்","பாஞ்சாலமும் வங்கமும் ... ஜூலைகளும் ஆகஸ்ட்டுகளும்",probable,"Month name is OCR-damaged; translation preserves the political allusion without altering source."
katturaigal/kaeteergala.md,"அதற்குச் சம்பந்தப்பட்டவர்களின் ஒப்புதலோடு","[printed title and opening missing]",incomplete_source,"Translated from the surviving reported sequence through the printed conclusion; unresolved antecedent was retained and a descriptive title supplied."
katturaigal/kaviyarasi.md,"எம்.ஜி. நாயுடு / மேஜர் எம். கோவிந்தராஜுலு","[name and rank require source review]",unresolved,"The spouse is described inconsistently; translation conservatively follows each visible occurrence."
katturaigal/kaviyarasi.md,"'பொன் வாசல்', 'காலப்பறவை', 'முறிந்த இறகு'","The Golden Threshold; The Bird of Time; The Broken Wing",verified_term,"English book titles are identifiable; Tamil source remains unchanged."
katturaigal/july.md,"ஜாலை 75 / ஜுலை 75","ஜூலை 15",probable,"The date is repeatedly recognised with damaged vowel and digit; article context and title establish July 15."
katturaigal/july.md,"(செய்தி - 18-7-25- திராவிட நாடு)","[year requires image review]",unresolved,"The article marks the second anniversary of July 15 and the visible year is likely OCR-damaged; source and English retain it."
katturaigal/july.md,"திராவிட நாடு, தனது அன்பு வணக்கங்களை","[publication voice or authorial voice]",uncertain_term,"Closing explicitly names the journal as speaker; translation retains that wording."
katturaigal/kambar_maanadu.md,"பண்டித இருந்தார் ... மணியுடன்","பண்டிதமணியுடன் ... இருந்தார்",probable,"Column-order OCR splits and reorders the phrase describing the person accompanying Pandithamani; translation follows recoverable layout context."
katturaigal/kambar_maanadu.md,"முக்கயி கமிட்டி மெம்பர்கள்","முக்கிய கமிட்டி மெம்பர்கள்",probable,"Letters are transposed in முக்கிய; translation follows the clear organisational list."
katturaigal/keezhae_vizhuntha.md,"தம்பிகளும் சக்காபாணியை துதஇத்தனராம்","தம்பிகளும் சக்கரபாணியைத் துதித்தனராம்",probable,"Several letters are missing or transposed; translation follows the identifiable Krishna epithet and verb."
katturaigal/keezhae_vizhuntha.md,"கீழே விழுந்த பழம், உயர நோக்கி","கீழே விழுந்த பழம், உயர நோக்கி",uncertain_term,"The upward-moving fruit is a deliberate puranic contrast with Newton's apple, not an OCR correction."
katturaigal/keezhae_vizhuntha.md,"வத்திப்,","[stray OCR or printed footer]",unresolved,"Unidentified text follows the date and is omitted from translated prose but retained in source."
katturaigal/koluppommai.md,"கொலுப் பொம்மைகள்!","கொலுப் பொம்மைகள்!",uncertain_term,"Title refers to dolls arranged for display and is rendered contextually as Display Dolls."
katturaigal/koluppommai.md,"அமைச்சர் பிர்ம்ம் . பிரகாஷ்","அமைச்சர் பிரம்ம பிரகாஷ்",probable,"Minister's name is OCR-damaged; translation uses the identifiable name Brahm Prakash."
katturaigal/koluppommai.md,"(11% 23 %4:1.1956","[publication line requires image review]",unresolved,"Publication name and most date characters are severely damaged; English records only the visible year."
katturaigal/koluthuvathu.md,"புராணகாலம். (116-111910110) வரலாற்றுக்காலம் ((15910110)","புராணகாலம் (pre-historic), வரலாற்றுக்காலம் (historic)",probable,"English parenthetical labels are destroyed by OCR; translation follows the explicit three-period classification."
katturaigal/koluthuvathu.md,"தமக்கு வேண்டாதவைகளை அழிக்கத் தயையே பயன்படுத்தி","தமக்கு வேண்டாதவைகளை அழிக்கத் தீயையே பயன்படுத்தி",probable,"Vowel is misrecognised in தீயையே; translation follows the repeated fire context."
katturaigal/koluthuvathu.md,"அவருடைய சகாவின் கம்பாராமயணத்தை","[phrase requires image review]",unresolved,"The phrase appears to call Kambar a companion of the deity but contains OCR damage; translation remains conservative."
katturaigal/kumbakonathil.md,"௮/. கும்பகோணத்தில் அடக்குமுறை/","[item number unclear]. கும்பகோணத்தில் அடக்குமுறை!",unresolved,"Item number and terminal punctuation are damaged; title words are clear."
katturaigal/kumbakonathil.md,"(திராவிட தாடு - 26.1.2489)","[journal and year require image review]",unresolved,"Journal consonant and year digits are OCR-damaged; English preserves the visible date rather than inventing one."
katturaigal/moondrarai_kodi.md,"2. 316 கோடி பொன்!","2. 3½ கோடி பொன்!",probable,"Fraction symbol is recognised as 16; body repeatedly confirms three and a half crore."
katturaigal/moondrarai_kodi.md,"121/2 லட்சம் மக்களும்","12½ லட்சம் மக்களும்",probable,"Fraction spacing is damaged; translation renders twelve and a half lakh."
katturaigal/moondrarai_kodi.md,"பொக்கிஷக் கல்லறை","பொக்கிஷக் கல்லறை",uncertain_term,"Visible phrase literally says treasury tomb but context indicates a stone vault; translation renders contextual meaning without altering source."
katturaigal/mysore_sarkarukku.md,"என்ற வேண்டுகோள் நிராகரிக்கப்பட்டு விட்டது.","[printed title and opening missing]",incomplete_source,"Translation begins at the surviving rejection clause; the unnamed request was not reconstructed and a descriptive title was supplied."
katturaigal/nadaga_pera.md,"9... நாடகப் பேராசிரியருக்குப் பாராட்டு!","[item number unclear]. நாடகப் பேராசிரியருக்குப் பாராட்டு!",unresolved,"Item-number punctuation is damaged but the title is clear."
katturaigal/nadaga_pera.md,"கொத்ஃ. மங்கலம் சுப்பு","கொத்தமங்கலம் சுப்பு",probable,"Personal name is split and contains a symbol substitution; translation uses the identifiable name."
katturaigal/nadaga_pera.md,"(செய்தி - 8-2-28- திராவிட நாடு)","[year requires image review]",unresolved,"Visible year is likely OCR-damaged; source and English retain it."
katturaigal/nangu_naatkal.md,"கண்ணெதிரே கொண்டுவந்து நிறுத்திய இன்ப நாட்கள்!","[printed title and prior context missing]",incomplete_source,"OCR has no printed title and identifies neither the four days nor conference before beginning the retrospective; keep pending for adjoining-page review."
katturaigal/nangu_naatkal.md,"(22-12-௮] - திராவிட நாடு)","[year requires image review]",unresolved,"Year is damaged into Tamil digit and bracket; source remains unchanged."
katturaigal/parattu5256.md,"மேலும் ரூ.,000 அளிக்கப்படும்.","மேலும் ரூ.1,000 அளிக்கப்படும்.",resolved_from_scan,"Grant amount and heading number were verified from the scan; translation ends at the available quoted policy."
katturaigal/manuvin_aatchiya.md,"இளமுகர் என்ற அம்பலக்காரர்கள்","[precise local community name uncertain]",uncertain_term,"Printed reading இளமுகர் is clear enough to retain, but its precise local referent is not established; transliterated conservatively as Ilamugar."
katturaigal/manuvin_aatchiya.md,"இல்லாவிட்டால் அவர்கள் மாண்டு","[source continues beyond extracted image]",incomplete_source,"Translation ends at the cropped mid-sentence boundary; no conclusion was invented."
katturaigal/pernathath.md,"இந்த நிலையில் பொதுவாக ஐரோப்பிய மக்களுக்கும், குறிப்பாக","[source continues beyond extracted image]",incomplete_source,"Biography was translated through the cropped final phrase; the standard English spelling Bernadotte is used without altering the Tamil printed form."
katturaigal/poongatru.md,"இதற்கான வேண்டுகோளினை அழுத்கடுவதா என் வாழ்த்தின் நோக்கம்.","இதற்கான வேண்டுகோளினை அழுத்திக் கூறுவதே என் வாழ்த்தின் நோக்கம்.",probable,"Several letters are OCR-damaged in the sentence explaining the purpose of the greeting; translation follows clear context."
katturaigal/pothu_seyalalar.md,"(3-2-௦௮ - திராவிட நாடு)","[year requires image review]",unresolved,"Year appears in Tamil digits and may be OCR-damaged; English retains the visible 08 reading."
katturaigal/pothu_seyalalar.md,"பண்டி நேருவுக்குத்","பண்டித நேருவுக்குத்",probable,"Final consonants are omitted in Pandit; translation follows the identifiable name."
katturaigal/tamilan_thodu_kuri.md,"முதலில் எழுந்த நாள் 71-9-38","முதலில் எழுந்த நாள் [date requires review]",unresolved,"Day 71 is impossible and OCR-damaged; English preserves the visible date for auditability."
katturaigal/tamilan_thodu_kuri.md,"00௪௮௮௮ / ஆஅ;","[stray OCR or printed decoration]",unresolved,"Unidentified characters follow the final chronology entry and are omitted from translation but retained in source."
katturaigal/theeviram_kolveer.md,"போரதிதாசன்)","பாரதிதாசன்",probable,"Poet's name is OCR-damaged; filename context and publication identity support Bharathidasan."
katturaigal/theeviram_kolveer.md,"(இந்)","[refrain abbreviation]",uncertain_term,"Repeated marker likely abbreviates the opening Hindi refrain; English preserves the poem without inventing repeated words."
katturaigal/theeviram_kolveer.md,"மாத்தமிழ்க் கீடில்லை","மாத்தமிழ்க்கு ஈடில்லை",probable,"Word boundary is lost; translation follows the clear comparison."
katturaigal/saeravaarum.md,"“கரவாரும் தறிழுர்கணே!”","“சேரவாரும் தமிழர்காள்!”",probable,"Title is severely OCR-damaged; filename and vocative form support Come Join Us, Tamils."
katturaigal/saeravaarum.md,"பெரியாரின் பிரசார ஒளி ்காதுள்ளதா","பெரியாரின் பிரசார ஒளி எட்டியுள்ளதா",probable,"Several letters are dropped in the question about propaganda reaching the public; translation follows context."
katturaigal/saeravaarum.md,"தெ.இ.ந.௨. சங்கங்களும்","[organisation abbreviation requires image review]",unresolved,"OCR damages the abbreviated organisation name; translation uses the historically plausible South Indian Welfare Rights association conservatively."
katturaigal/saeravaarum.md,"சென்னைத் தொழிலாளிகளை 20 கோடி ரூபாய்வரையில் வருமென மதிப்பிடப்படும் விழாவின் பெயரை","[passage requires image review]",unresolved,"The Coimbatore paragraph contains a grammatically damaged reference to Madras labourers, a festival, and twenty crore rupees; translation remains literal and conservative."
katturaigal/saeravaarum.md,"30 திற்கு மேற்படாத 15 வயதுக்குக் குறையாத இளங்காளைகள்","30 வயதிற்கு மேற்படாத 15 வயதுக்குக் குறையாத இளங்காளைகள்",probable,"Age noun is omitted after 30; translation renders the explicit fifteen-to-thirty range."
katturaigal/tamil_muzhakkam.md,"அடிக்கடி. கொத்தலாவலை, நேருவைப் பார்ப்பதும், நேரு, கொத்தலாவலையுடன் விருந்து அருந்துவதும் நடந்து வருகிறது.","[source continues beyond extracted image]",incomplete_source,"Article ends while developing the Delhi government's response to Ceylon Tamil disenfranchisement and lacks a publication conclusion; keep pending."
katturaigal/tamil_muzhakkam.md,"பிப்ரவரி 14] தேதி","[day digit requires image review]",unresolved,"Closing bracket damages the date; source remains unchanged."
katturaigal/thalamuthu.md,"வீடுவாசல், துணைவி குழவி, தொழில் சுகம், இவைகளுக்கு அல்ல நாம்:","[source continues beyond extracted image]",incomplete_source,"Article ends mid-sentence during its call to join the struggle and has no publication line; keep pending."
katturaigal/thalamuthu.md,"ஜுலை [15 நாள்","ஜூலை 15 நாள்",probable,"Bracket is inserted before the day and the month vowel is damaged; article context supports July 15."
katturaigal/thendran_veesattum.md,"பழந்தமிழ்ப் பண்பாட்டினையும் புத்துலகக் கருத்துக்களையும் ஒரு சேரக் கெடுத்துவருவன","[syntax requires image review]",unresolved,"Visible sentence says the epics corrupt both ancient Tamil culture and new-world ideas; translation follows that grammar conservatively."
katturaigal/thendran_veesattum.md,"வளைவுகளைக் கண்டு ஓ துங்கிவிடும் திறமை","வளைவுகளைக் கண்டு ஒதுங்கிவிடும் திறமை",probable,"Word is split by OCR; translation renders the ability to avoid diversions."
katturaigal/thanae_seyya.md,"தனி ஒருவரின் ஆற்றைலவிட, பலருடைய கூட்டுச்சக்து, லாக்கியமானது","தனி ஒருவரின் ஆற்றலைவிட, பலருடைய கூட்டுச்சக்தி இலாக்கியமானது",probable,"Several letters and word boundaries are damaged; translation renders collective strength as more effective."
katturaigal/thanae_seyya.md,"குரோதம் எனும் குதிரைபூட்டி ... ஆர்வம் எனும் புரவிகள்","[chariot metaphor punctuation requires review]",uncertain_term,"Translation follows the clear contrast between hatred and enthusiasm while retaining source unchanged."
katturaigal/thayangathae.md,"பெருக்கிய காரணத்தால் - அந்தப் பசுமை நினைவு மாறாத காரணத்தால்","[printed title and opening missing]",incomplete_source,"OCR begins with causal phrases referring to an absent earlier image or metaphor; keep pending despite having a conclusion."
katturaigal/urchagam_vaen.md,"(14-1-29 - தென்றல் பொங்கல் மலர்)","(14-1-59 - தென்றல் பொங்கல் மலர்)",resolved_from_scan,"Publication year and damaged opening words were verified against the scans; the preceding question and printed title remain absent."
katturaigal/vaendave_vaendam.md,"/6. வேண்டவே வேண்டாம்.","[item number unclear]. வேண்டவே வேண்டாம்",unresolved,"Opening number and punctuation are damaged; title words are clear."
katturaigal/vaendave_vaendam.md,"அவதாகியாரு அவரு சொன்னாரு / தவதாகியாரு நடுப்போ சொல்றாரு","அவிநாசிலிங்கம் அவர் சொன்னார் / [second line requires image review]",unresolved,"Minister's name and colloquial lines are severely damaged; translation uses Avinashilingam for the identifiable first reference and remains conservative."
katturaigal/vaendave_vaendam.md,"சூததிரப்பபலுவ சுட்டாலும் வாராது / சோக்கு.டா/ ஏங்குறார.வ்.க","[stanza requires image review]",unresolved,"Severe OCR corruption prevents a confident literal reconstruction; English conveys only the visible burden, reform, and show imagery."
katturaigal/vaendave_vaendam.md,"வேததாள் ஆட்சியும் வேதீதாள்கள் மொழிகளும்","வேதத்தார் ஆட்சியும் வேதாளங்கள் மொழிகளும்",probable,"OCR damages the wordplay contrasting Vedic rule and spectral languages; translation retains both senses conservatively."
katturaigal/vaethalam.md,"அது (/274204/ 44/8/24௪ ஆம்","[legal phrase requires image review]",unresolved,"A legal expression is replaced almost entirely by OCR symbols; translation omits the unreadable phrase while preserving source."
katturaigal/vaethalam.md,"தடை உத்தரவு - 4/2) ௦1827 வாங்கி","தடை உத்தரவு வாங்கி",probable,"Inserted symbols damage the phrase but the obtained restraint order remains clear."
katturaigal/veri_vetri.md,"பெண்ணுரிமை வழங்கும் அம்மசோதா","[likely Hindu Code Bill]",uncertain_term,"Article does not name the bill in the extracted text; translation avoids silently supplying the historical title."
katturaigal/veri_vetri.md,"அ௮ம்பேத்கார்துடியாய்த் துடித்தார்","அம்பேத்கார் துடியாய்த் துடித்தார்",probable,"OCR duplicates a vowel and loses word separation around Ambedkar's name."
katturaigal/vetkam.md,"(திராவிட நாடு - 18-2-5])","[year requires image review]",unresolved,"Final year digit is recognised as a closing bracket; source and English retain the OCR reading."
katturaigal/vetkam.md,"பொதுமக்கள் என்னவோ, போக போக்கியங்களில் கிடப்பது போல","பொதுமக்கள் என்னவோ, போகபோக்கியங்களில் கிடப்பது போல",probable,"Compound word is split by OCR; translation renders the visible sense of abundant luxury."
katturaigal/vilambarachavadi.md,"புன்னகையாலும் பூச்செண்டாலும் ஏமாற்றிவிட","[source continues beyond extracted image]",incomplete_source,"Article ends mid-sentence while arguing that foreign observers cannot be deceived by hospitality; keep pending for remaining page."
katturaigal/perumaikuriya_para.md,"அரசியல் வானிலுலவுபவர்களும், ஆமாய்ச்சி விண்ணில்","[source continues beyond extracted image]",incomplete_source,"Tribute to Kalaivanar and Mathuram ends mid-sentence during its conclusion; keep pending for remaining page."
katturaigal/sothanayil_vetri.md,"குருதி சசியும் காயங்கள்","குருதி கசியும் காயங்கள்",probable,"Initial consonant is misrecognised in the phrase bleeding wounds; translation follows context."
katturaigal/sothanayil_vetri.md,"(6-௦-49- திராவிட நாடு)","[month digit requires image review]",unresolved,"Month is recognised as Tamil zero; source and English preserve the visible reading."
katturaigal/vanambadi_para.md,"00. வானம்ளாம மறைந்கது!","[item number unclear]. வானம்பாடி மறைந்தது!",probable,"Title contains multiple OCR substitutions; filename and the repeated skylark metaphor establish the reading."
katturaigal/vanambadi_para.md,"விஷக்குளத்தில் கிடைத்த புத்தமூது","விஷக்குளத்தில் கிடைத்த புத்தமுது",probable,"Final vowel is damaged in fresh nectar; translation follows the metaphor."
katturaigal/vazhga_natarajan.md,"டாக்டர் மு. வாதராசனார் / டாக்டர் மு. வரதராசனார்","டாக்டர் மு. வரதராசனார்",probable,"Personal name is inconsistently recognised; translation uses the clear second occurrence."
katturaigal/vazhga_natarajan.md,"26-1-58 / 25-7-58 / (செய்தி - திராவிட நாடு - 2-2-29)","[dates require image review]",unresolved,"Wedding, bridal reception, and publication dates conflict; English preserves each visible date instead of silently reconciling them."
katturaigal/vazhthuhindraen.md,"'கற்க கசடறக் கற்பவை கற்றபின் நிற்க அதற்குத் தக!","கற்க கசடறக் கற்பவை கற்றபின் நிற்க அதற்குத் தக",verified_term,"Tirukkural 391 is identifiable despite quote punctuation; translation follows the standard sense while source remains unchanged."
katturaigal/vazhthuhindraen.md,"எந்நன்றி கொன்றார்க்கும் உய்வுண்டாம்...","எந்நன்றி கொன்றார்க்கும் உய்வுண்டாம்...",verified_term,"Tirukkural 110 is quoted; translation follows its established sense without changing Tamil source."
katturaigal/vazhvikkavae.md,"725. வாழ்விக்கவ சட்டம் வாடச் செய்ய அல்ல7","[item number unclear]. வாழ்விக்கவே சட்டம்; வாடச் செய்ய அல்ல!",probable,"Item number, vowel, and punctuation are damaged; repeated legal argument establishes the title."
katturaigal/vazhvikkavae.md,"சி, என். ௭. வேண்டுகோள்","சி. என். ஏ. வேண்டுகோள்",probable,"Final initial is OCR-damaged into a Tamil digit; translation uses C. N. A."
katturaigal/vazhvikkavae.md,"(திராவிடநாடு - 68.50)","[date requires image review]",unresolved,"Date digits or separators are damaged; source and English preserve the visible reading."
katturaigal/navenna.md,"'நாட்டுக்குத் தேவை, உணவு, உடை இவை","[source continues beyond extracted image]",incomplete_source,"Article ends mid-sentence while contrasting religious display with food and clothing prices; keep pending for remaining page."
katturaigal/pitham_theliya.md,"“ததும் ஒதணியா மருந்ஷதான்றிருக்குது”","“பித்தம் தெளிய மருந்தொன்றிருக்குது”",probable,"Title is severely OCR-damaged; filename and concluding madness-remedy metaphor establish the reading."
katturaigal/pitham_theliya.md,"4,269, 834 / 15,14,632","4,269,834 / 1,514,632",probable,"Thousands separators and grouping are inconsistent; English normalises digit grouping without changing source."
katturaigal/pitham_theliya.md,"மஞ்சள் பெட்டிளை என்று நம்பியவர்களுக்கு","மஞ்சள் பெட்டியை நம்பியவர்களுக்கு",probable,"Case ending and word order are damaged; translation follows the recurring yellow-ballot-box phrase."
katturaigal/pathandugal.md,"| 7. பத்தாண்டுகள்!","[item number unclear]. பத்தாண்டுகள்!",unresolved,"Leading bar and item number are damaged; title is clear."
katturaigal/pathandugal.md,"திராவிட தாடும்","திராவிட நாடும்",probable,"Journal name has a consonant substitution; translation uses the repeated clear title."
katturaigal/pathandugal.md,"(திராவிட தாடு - 24.6.51)","(திராவிட நாடு - 24.6.51)",probable,"Journal name is OCR-damaged in publication line; source remains unchanged."
katturaigal/power_soda.md,"விஜயவாடா (பழைய பெஜவாடறவில்","விஜயவாடா (பழைய பெஜவாடாவில்)",probable,"Case ending and closing parenthesis are damaged; translation follows the identifiable place-name explanation."
katturaigal/power_soda.md,"காளேஸ்வரராவ்","காளேஸ்வர ராவ்",probable,"Personal name is joined in Tamil OCR; English uses Kaleswara Rao."
katturaigal/power_soda.md,"காந்திக்குல்லாய் கட்கத்திலே கள்ளச்சாராயம்","காந்திக்குல்லாய்; கக்கத்திலே கள்ளச்சாராயம்",probable,"OCR damages the word meaning beneath the arm; translation preserves the satirical contrast."
katturaigal/rashya_sirikirathu.md,"பெர்னாட்ஷா","பெர்னார்ட் ஷா",probable,"Name is compressed in Tamil source; English uses Bernard Shaw."
katturaigal/rashya_sirikirathu.md,"செக்கில் பூட்டப்பட்ட மாடுகளென","செக்கில் பூட்டப்பட்ட மாடுகளென",uncertain_term,"Oil-press cattle metaphor is deliberate and translated literally."
katturaigal/rashya_sirikirathu.md,"சிரி! ரஷியாவே! ரத! சிரி.","சிரி! ரஷியாவே! சிரி! சிரி!",probable,"Middle word is OCR-damaged in the repeated imperative; translation follows the refrain."
katturaigal/rashya_sirikirathu.md,"உன் ிரிப்பு ... உன் தரிப்பு","உன் சிரிப்பு ... உன் சிரிப்பு",probable,"Initial consonants are omitted or substituted in the closing refrain; translation follows repeated laughter context."
katturaigal/sinthanai_kalan.md,"அறிஞர் பெர்னார்ட்ஷா","அறிஞர் பெர்னார்ட் ஷா",probable,"Name is joined in Tamil OCR; English uses Bernard Shaw."
katturaigal/sinthanai_kalan.md,"ஜார்ஜ் சார்ஷா / எலிசபெத் கர்லி","George Carr Shaw / Elizabeth Gurly",probable,"Parents' names are OCR-transliterated; English uses identifiable historical spellings."
katturaigal/sinthanai_kalan.md,"சார்லட் பேயன் டவுன் செண்டு","Charlotte Payne-Townshend",probable,"Spouse's name is split phonetically in Tamil OCR; English uses identifiable spelling."
katturaigal/sir_polish.md,"'[ரிரதர்! எங்கே","சகோதரர்! எங்கே",probable,"Opening address is severely OCR-damaged; translation uses the conversational Brother based on visible ending and response."
katturaigal/sir_polish.md,"எலெகட்டு ஓட்டல் / எலைட் ஓட்டல்","எலைட் ஓட்டல்",probable,"Hotel name is inconsistently recognised; translation follows repeated clear Elite Hotel."
katturaigal/sir_polish.md,"வண்டி 'மை'","வண்டி மை",uncertain_term,"Phrase denotes cart grease or axle blacking used on the wound; translation renders contextual meaning."
katturaigal/samayasancheevi.md,"சமய சஞ்சீவிகள்","Political opportunists",uncertain_term,"In this party-political context the phrase denotes circumstance-serving survivors or opportunists, not religious revivers."
katturaigal/samayasancheevi.md,".'சாயடா:* என்பவர்","[author name requires image review]",unresolved,"The Dawn contributor's name is damaged; English retains Sayada conservatively."
katturaigal/samayasancheevi.md,"அரு வதறிக்ன் சரியான முடிவுக்கு வந்தார்","[verb phrase requires image review]",unresolved,"Severe OCR corruption follows the deception allegation; translation conveys only the clear conclusion from the surrounding sentence."
katturaigal/samayasancheevi.md,"மலீக்கியார் ஹயாத்கான் / மலீக்கி சார்ஹயத் கான் / மலிக்சாஹிப்","Malik Khizar Hayat Khan",probable,"Name and honorific are inconsistently recognised; English uses the identifiable Punjab premier's name."
katturaigal/samayasancheevi.md,"சர்வாதிகாரி திட்லம் ஆஸ்டிரியா டாக்டர் ஸ்கூவிங்கை","சர்வாதிகாரி ஹிட்லர் ஆஸ்டிரியா டாக்டர் ஷுஷ்னிக்கை",probable,"Hitler and Schuschnigg are heavily OCR-damaged; political context identifies the historical reference."
katturaigal/athae_idathil.md,"[ 9, அதே இடத்தில்/","[item number unclear]. அதே இடத்தில்!",unresolved,"Leading bracket, number, and punctuation are damaged; title words are clear."
katturaigal/athae_idathil.md,"மஸ்தி வெங்கடேச அய்யங்கார்","Masti Venkatesa Iyengar",verified_term,"Kannada writer's name is identifiable; English uses standard spelling."
katturaigal/athae_idathil.md,"இந்துஸ்தானோ, பனியஸ்தானோ?","Hindustan or Baniastan",uncertain_term,"Satirical contrast appears deliberate; English transliterates the coined term rather than guessing a replacement."
katturaigal/bharathazhvar.md,"29. ப்ரதாழ்வார் - முறபா!","29. பரதாழ்வார் - முறைப்பா!",probable,"Title contains missing and transposed letters; filename and dialogue establish Bharathazhvar while subtitle remains partly uncertain."
katturaigal/bharathazhvar.md,"தோழர் பாபா","Comrade Bhabha",probable,"Commerce Minister's name is transliterated conservatively as Bhabha."
katturaigal/bharathazhvar.md,"7895 டன் எஃகு / 70,000 டன் ... டன் 72 டாலர்","7,895 tons / 70,000 tons at 72 dollars per ton",probable,"English normalises number grouping while preserving visible quantities."
katturaigal/anugundu.md,"440, அணுகுண்டு! வேண்டவே வேண்டாம்7","[item number unclear]. அணுகுண்டு! வேண்டவே வேண்டாம்!",unresolved,"Item number and terminal punctuation are damaged; title words are clear."
katturaigal/anugundu.md,"ஐப்பாள் பகுதியிலே","ஜப்பான் பகுதியிலே",probable,"Initial consonant and medial letters in Japan are OCR-damaged; translation follows the historical atomic-bomb context."
katturaigal/anugundu.md,"காஸ்டிக் குண்டு","caustic bomb [term requires image or historical review]",unresolved,"The named Russian weapon may be an OCR corruption; English transliterates the visible term rather than substituting a guessed weapon."
katturaigal/anugundu.md,"9, / ஷி","[stray OCR or printed footer]",unresolved,"Unidentified characters follow the publication line and are omitted from translation but retained in source."
katturaigal/anuman_kathai.md,"வாங்கிய விலை ௫ 2,56,680-0-0","வாங்கிய விலை ரூ. 2,56,680-0-0",probable,"Rupee abbreviation is recognised as a Tamil numeral; English follows the financial table."
katturaigal/anuman_kathai.md,"நமது மாநில மதிமுக மராமத்து அமைச்சர்","நமது மாநில பொதுமராமத்து அமைச்சர்",probable,"Department name is OCR-damaged; translation uses State Minister for Public Works."
katturaigal/anuman_kathai.md,"ஏழைத் லக் எல் எத்தகைய எரிமலையாகும்/","ஏழை உள்ளம் எத்தகைய எரிமலையாகும்!",probable,"Severe symbol and spacing corruption affects the rhetorical question; translation follows adjacent context."
katturaigal/athisayamalla.md,"2. அதிசயமல்ல் அண்டப்புளுகு!","2. அதிசயமல்ல; அண்டப்புளுகு!",probable,"Extra consonant and missing punctuation affect the title; translation renders அண்டப்புளுகு contextually as colossal lie."
katturaigal/athisayamalla.md,"கோகிலாட்டமி, மகாத்மியம்","[religious title/name requires image review]",unresolved,"The named devotional subject is unclear in OCR; English transliterates it conservatively as Kokilattami."
katturaigal/athisayamalla.md,"கோபிகைப் பெண்களில் ஒருத்தி (பாகத் தன்னையும் பாவிக்கும்","கோபிகைப் பெண்களில் ஒருத்தியாகத் தன்னையும் பாவிக்கும்",probable,"Inserted parenthesis and damaged case ending interrupt the sentence; translation follows the clear self-identification as a gopi."
katturaigal/athisayamalla.md,"(/0./0.48 திராவிட நாடு இதழில் வெளி வந்தது.","[publication date requires image review]",unresolved,"Day and month are damaged into symbols; English does not invent a date."
katturaigal/ashraf.md,"அஷ்ராப்","Princess Ashraf Pahlavi [identity inferred from context]",uncertain_term,"Article identifies the Shah's twin sister; English retains Ashraf and does not silently add the surname to the title."
katturaigal/ashraf.md,"இவன், என் மகனாக இருக்க வேண்டும்","இவள், என் மகனாக இருக்க வேண்டும்",probable,"Pronoun gender is OCR-damaged in the father's reported remark; translation follows the daughter's identity."
katturaigal/ashraf.md,"நாடு கடத்தப்பட்டான்","நாடு கடத்தப்பட்டாள்",probable,"Verb gender is OCR-damaged in reference to Ashraf's exile; translation follows context."
katturaigal/ashraf.md,"ஏவிவிட்டான்","ஏவிவிட்டாள்",probable,"Verb gender is OCR-damaged in reference to Ashraf urging the Shah; translation follows context."
katturaigal/ashraf.md,"[no publication line]","[publication metadata requires source review]",unresolved,"The article has a coherent ending but the extracted images contain no journal/date line."
katturaigal/parpanargalum.md,"சேரிக்கு ஒருநாள் சென்று எண்ணெய் ஸ்தானம் செய்து","சேரிக்கு ஒருநாள் சென்று எண்ணெய் ஸ்நானம் செய்து",probable,"Sanskrit-derived word for oil bath is OCR-damaged; translation follows context."
katturaigal/parpanargalum.md,"சமய சஞ்சீவிகள் கூடுவிட்டுக் கூடு பாயக்கூடும்","சமய சஞ்சீவிகள் கூடுவிட்டுக் கூடு பாயக்கூடும்",uncertain_term,"Phrase denotes political opportunists moving between camps; translation follows contextual meaning."
katturaigal/parpanargalum.md,"ஹெர் இட்லர் ... யூதர்கள் ஆதிக்கம்","[historically harmful antisemitic analogy]",source_rhetoric,"The essay invokes Hitler's antisemitic claims as an analogy. English attributes these claims to the source rather than presenting them as established fact; Tamil source remains unchanged."
katturaigal/parpanargalum.md,"பெரிய தொழிற்சாலைகளெல்லாம் யூதர்கவிடமே இருந்தன","[historical claim requires critical source verification]",unresolved,"The statement derives from antisemitic rhetoric and is not independently verified; translation preserves attribution to the essay."
katturaigal/vaguppu_thuv.md,"லத வகுப்புத் துவேஷம் எங்களுக்கில்லை!1?”","வகுப்புத் துவேஷம் எங்களுக்கில்லை!",probable,"The opening title has stray OCR characters; English follows the clearly recoverable title while the Tamil source remains verbatim."
katturaigal/vaguppu_thuv.md,"ஆபிடியூபா, சர்... ஜான்மார்ஷல், ஹாவுல், 7.7: சீனிவாச ஐயங்கார்","Abbe Dubois, Sir John Marshall, Havel, P. T. Srinivasa Iyengar",probable,"Scholar names are OCR-damaged; English uses the historically identifiable names from the Arya Mayai context."
katturaigal/magizhvin_maraivu.md,"தமிழ்நாட்டுக்கு ஒரு௱டு கொடுக்க மூடியாத நஷ்டமாகும்","தமிழ்நாட்டுக்கு ஈடு கொடுக்க முடியாத நஷ்டமாகும்",probable,"Several characters are OCR-damaged; English translates the coherent expression as an irreparable loss without changing the Tamil source."
katturaigal/magizhvin_maraivu.md,"மன்பதைக்குதவிய","மன்பதைக்கு உதவிய",probable,"Word boundary is damaged in OCR; the translation follows the contextual sense of contributing the articles to society."
katturaigal/nandriyum_varav.md,"(28-12-22 - திராவிட நாடு)","[publication year requires image review]",unresolved,"The printed year is implausible for the surrounding political context; English does not invent a corrected year."
katturaigal/nandriyum_varav.md,"கழகத்தைக் 'கேட்டையாக் கிடும்","கழகத்தைக் கெட்டியாக்கிடும்",probable,"OCR has damaged the verb meaning to make the party strong; English follows the sentence context."
katturaigal/oviya_mannarukku.md,"(செய்தி - 9-8-29 - திராவிட நாடு)","[publication date requires image review]",unresolved,"The OCR date appears inconsistent with the people and institutions named; English does not invent a corrected date."
katturaigal/oviya_mannarukku.md,"ஓவியர் கழகத்தின் துணைத் தலைவரான ஆர். மாதவனையும்","R. Madhavan, vice-president of the Artists' Association",uncertain_term,"The text names honouree K. Madhavan and later R. Madhavan; English preserves both initials pending image verification."
katturaigal/varavaerkirom.md,"சென்னை, பம்பாய் அரசாங்கம் ஆகிய இரண்டும் தெப்த காரியங்கள்","சென்னை, பம்பாய் அரசாங்கம் ஆகிய இரண்டும் செய்த காரியங்கள்",probable,"The word before actions is OCR-damaged; English follows the ironic argument that both governments' actions are welcomed."
katturaigal/neethiyum.md,"6. ந்தியும் நேர்மையும்!","6. நீதியும் நேர்மையும்!",probable,"The first syllable of the title is missing in OCR; English follows the phrase repeated throughout the article."
katturaigal/neethiyum.md,"கொலை ருசுவாக்கப்பட்டு","கொலை நிரூபிக்கப்பட்டு",uncertain_term,"The period legal usage denotes that the murder was established; English translates the contextual legal sense."
katturaigal/cyprus.md,"குயஸ் தளத்திலிருந்து","சூயஸ் தளத்திலிருந்து",probable,"The place name is OCR-damaged; the geopolitical context identifies the British base at Suez."
katturaigal/cyprus.md,"மகாரியாஸ் எனும் பாதிரியார்","மகாரியோஸ் எனும் பாதிரியார்",probable,"The historical leader is Archbishop Makarios; English uses the established spelling while preserving the OCR source."
katturaigal/cyprus.md,"[no publication line]","[publication metadata requires source review]",unresolved,"The article ends coherently but the extracted source includes no journal or date line."
katturaigal/oli_thanthar.md,"நீக்ரோக்கள்","Black people / Black Americans",historical_term,"English uses respectful contemporary terminology while retaining the period Tamil source verbatim."
katturaigal/oli_thanthar.md,"சிறிது ஆளந்தமும் தெம்பும்","சிறிது ஆனந்தமும் தெம்பும்",probable,"The noun is OCR-damaged; English follows the clear sense of comfort and courage."
katturaigal/malai_naattil.md,"[no printed title]","மலாய் நாட்டில் / In Malaya",unresolved,"The first extracted image begins with body text; the English title follows the canonical filename and subject."
katturaigal/malai_naattil.md,"(செய்தி - 14-10-26 - திராவிட நாடு)","[publication year requires image review]",unresolved,"The two-digit year appears damaged in OCR; English does not invent a corrected year."
katturaigal/malai_naattil.md,"லிம்ஹயூ ஹாக்","Lim Yew Hock",probable,"The Singapore chief minister is identifiable from context; English uses the established spelling."
katturaigal/arappoar.md,"சென்னை : 7-3-61 ... (அறப்போர்- 10-2-67)","[conflicting letter and publication dates]",unresolved,"The dated letter and publication line differ by six years; both are retained and require issue-level verification."
katturaigal/arappoar.md,"அறப்போர்","Arappor / righteous struggle",uncertain_term,"The journal title is transliterated; the political and ethical concept is translated contextually as righteous struggle."
katturaigal/arappoar_velha.md,"போர் [repeated display headings]","அறப்போர்",probable,"The decorative prefix is repeatedly absent or lost in OCR; English restores the heading from the printed work title and journal context."
katturaigal/arappoar_velha.md,"பபர் / ப னர் / *. ே ஙு","[damaged display text]",unresolved,"Stray OCR fragments occur where repeated section headings appear; English does not assign lexical meaning to the fragments."
katturaigal/arappoar_velha.md,"இன்பத் திருவிடம் கண்டவெற்றி தேடித்தந்திடும்","[damaged syntax in final lyrical sentence]",unresolved,"English preserves the landscape images and governing wish for victory without inventing missing syntax."
katturaigal/nallathalla.md,"அடாணாவில் துவங்கி முகாரியில் முடிப்பது போல","beginning in Atana and ending in Mukhari",cultural_term,"The Carnatic raga metaphor describes a movement from praise toward lament or reproach."
katturaigal/nallathalla.md,"தனது 31 ,ந தேதிய தலையங்கம்","its editorial of the 31st",unresolved,"The month and damaged ordinal suffix cannot be recovered from the OCR text alone."
katturaigal/ellam_eesan.md,"ஜாக்கர் என்ற இடத்தில்","at the place printed as Jakkar",unresolved,"The place name in Nehru's quoted statement is uncertain and requires image or historical-source review."
katturaigal/ellam_eesan.md,"அரிபுரம்","ஹரிபுரம் / Haripura",probable,"The 1938 Congress context identifies Haripura; English uses the established spelling while Tamil remains verbatim."
katturaigal/ellam_eesan.md,"திரு. வி. ௧.","திரு. வி. க. / Thiru. Vi. Ka.",probable,"The final initial is OCR-damaged; the essay names Tamil scholar and editor Thiru. Vi. Kalyanasundaram."
katturaigal/idathu_paatham.md,"1934-ஆம் அண்டு ... கிரிஸ்டி. ப்ரெளன்","1934 ... Christy Brown",source_claim,"The date and biographical details are translated as the article's account and are not silently corrected against later biographies."
katturaigal/idathu_paatham.md,"லெளடர்ஸ் என்னும் இடத்துக்கு","a place printed as Lourdes",unresolved,"The OCR place name is uncertain; English uses a conservative transliteration rather than claiming a verified location."
katturaigal/idathu_paatham.md,"(12-2-22 - திராவிட நாடு)","[publication year requires image review]",unresolved,"The two-digit year is inconsistent with the book's publication era and requires source-image verification."
katturaigal/azhagana_silai.md,"சிற்பி ... சமைத்தாள் ... சிற்பி ... செய்திருப்பான்","[sculptor gender shifts in OCR]",probable,"English uses the gender-neutral noun sculptor; the Tamil source's inconsistent verb gender remains unchanged."
katturaigal/azhagana_silai.md,"கனகவிசயரை மூநியடித்துக் கல் கொணர்ந்த","கனகவிசயரை முடியடித்துக் கல் கொணர்ந்த",probable,"The historical allusion is OCR-damaged; English follows the clear account of Cheran Senguttuvan defeating Kanakavijaya and bringing stone."
katturaigal/azhagana_silai.md,"(திராவிட நாடு - 28-]11-43","[publication date requires image review]",unresolved,"A stray bracket damages the date and the closing parenthesis is absent; English does not silently repair it."
katturaigal/azhagana_silai.md,"[puranic and sectarian criticism]","[historical source rhetoric]",source_rhetoric,"English attributes the polemical claims to the essay and preserves the Tamil source verbatim."
katturaigal/aaruthal_perattum.md,"தேர்தல் சிகண்டிகள்","electoral opportunists",historical_term,"The disparaging mythological and gendered label is translated by its political function rather than reproduced as a slur."
katturaigal/aaruthal_perattum.md,"(10-19-46£ - திராவிட நாடு)","[publication date requires image review]",unresolved,"The month exceeds the calendar range and a stray symbol damages the year; English does not invent a date."
katturaigal/hindi_ethirpor.md,"/0-8-49 இல் துவக்கப்படும் ... 2-8-48 ... 8.8.48","[heading year conflicts with body and publication]",probable,"The body and publication place the resolution in August 1948; English omits the damaged heading year rather than silently correcting the Tamil."
katturaigal/hindi_ethirpor.md,"2/. இந்தி எதிர்ப்புப் போர்/","இந்தி எதிர்ப்புப் போர்",probable,"The explicit bilingual heading removes damaged list-number glyphs; the verbatim source block retains them."
katturaigal/hindi_ethirpor.md,"5. ... 8. [resolution numbering]","[items 6 and 7 absent in OCR source]",unresolved,"English retains the source numbering jump and does not invent missing resolutions."
katturaigal/hindi_ethirpor.md,"சர்வாதிகாரி","agitation commander",historical_term,"In this movement context the title denotes the designated leader of a protest contingent, not a governmental dictator."
katturaigal/hindi_ethirpor.md,"இக் டட்ட ட்டது சர்க்கார்தடை விதித்தால்","இக்காரியங்களுக்குச் சர்க்கார் தடை விதித்தால்",probable,"The direct-action clause is heavily OCR-damaged; English follows the same clear clause stated in the opening summary."
katturaigal/ventha_punnil.md,"வெந்த புண்ணில் வேலைப் பாய்ச்சுதல்","வெந்த புண்ணில் வேல் பாய்ச்சுதல்",probable,"The familiar idiom requires spear; English translates the clear phrase while Tamil remains verbatim."
katturaigal/ventha_punnil.md,"நீதிபதி லட்சுமண ரால், கேளாக்காதராகவே","நீதிபதி லட்சுமண ராவ், கேளாக் காதராகவே",probable,"The arbitrator's name and word boundary are OCR-damaged; English follows the contextual reading."
katturaigal/aandu14.md,"(செய்தி - 10-7-5௦ - திராவிட நாடு)","[publication year requires image review]",unresolved,"The final year contains a mixed OCR glyph; English does not invent the intended digit."
katturaigal/aandu14.md,"பணநாதன்","Lord of Money",cultural_term,"The satirical personification refers to financial dependence and scarcity."
katturaigal/iyakkam_namathu.md,"இயக்கம் நமது கன்ட - தலைவரின் சொத்து அல்ல","இயக்கம் நமது - தலைவரின் சொத்து அல்ல",probable,"A stray OCR word interrupts the title's repeated proposition; English follows the printed heading and context."
katturaigal/iyakkam_namathu.md,"இவ்வார்சுதான்","இந்த வாரிசுதான் / this inheritance",probable,"The succession-related word is OCR-damaged; English follows the 1949 Maniammai dispute context."
katturaigal/iyakkam_namathu.md,"எஸ்.ஆர். சுப்ரமண்யம், (மாகாண பனக உறுப்பினர்.)","[provincial office requires image review]",unresolved,"The office title is damaged; English identifies only provincial committee membership."
katturaigal/iyakkam_namathu.md,"எம்.எஸ். முத்து, (செயலாளர் சென்னை, கஜா சங்கம்)","[organisation name requires image review]",unresolved,"The association name may be OCR-damaged; English retains Gaja Association as printed."
katturaigal/iyakkam_namathu.md,"[Periyar-Maniammai marriage and succession dispute]","[historical context]",historical_context,"The context is stated in translator notes, while the collective Tamil declaration remains verbatim."
katturaigal/marakka_mudiyatha.md,"தெகோல், டிவேலரா","de Gaulle, de Valera",probable,"The political leaders' names are OCR-damaged; English uses established spellings."
katturaigal/marakka_mudiyatha.md,"தீம்: இன மக்களின் அன்பைப் பெற","தம் இன மக்களின் அன்பைப் பெற",probable,"The pronoun is OCR-damaged; English follows the clear reference to the people of his community."
katturaigal/marakka_mudiyatha.md,"[historical claims about Jinnah and Pakistan]","[source-attributed political assessment]",source_claim,"English preserves the obituary's judgments in the author's voice without presenting them as independently verified history."
katturaigal/andho_alagarsamy.md,"இசை தவறிய கப்பலிலுள்ள மக்கள்","திசை தவறிய கப்பலிலுள்ள மக்கள்",probable,"The familiar image is a ship that has lost direction; English follows context while Tamil remains verbatim."
katturaigal/andho_alagarsamy.md,"தன்மானத் தசைக்கு வழிகாட்டியாக","தன்மான இயக்கத்துக்கு வழிகாட்டியாக",probable,"The movement name and following case ending are OCR-damaged; English follows the obituary's repeated Self-Respect Movement context."
katturaigal/andho_alagarsamy.md,"தமிழ்நாட்டின் - தரமான இயக்கத்தின் உதவியையே","தமிழ்நாட்டின் தன்மான இயக்கத்தின் உதவியையே",probable,"The first syllable of the movement name is lost at a line break; English restores it contextually."
katturaigal/en_vaazhthu.md,"முரசொலி [repeated refrain]","Murasoli / sound of the drum",cultural_term,"The essay plays on the journal title and the traditional drumbeat; English preserves the title and translates the dual sense contextually."
katturaigal/vallal_marainthar.md,"அறிவாலயம் பணியை மூடித்து","அறிவாலயப் பணியை முடித்து",probable,"The verb and word boundary are OCR-damaged; English follows the clear pledge to complete the college project."
katturaigal/vallal_marainthar.md,"[criticism of temple ritual expenditure]","[historical rationalist rhetoric]",source_rhetoric,"English attributes the contrast between education and ritual spending to the obituary's own argument."
katturaigal/governor_ezhutha.md,"ராஜ்யபாலர் கரஹம","Governor's Residence",uncertain_term,"The OCR header appears to name the Governor's residence; English translates its functional sense pending image review."
katturaigal/governor_ezhutha.md,"சாவும் நுணுக்கமும் அரசியல் மேதையும்","சாமர்த்தியமும் நுணுக்கமும் அரசியல் மேதையும்",probable,"The first quality is OCR-damaged; English follows the mock praise of tact, subtlety, and political genius."
katturaigal/governor_ezhutha.md,"மே.த.","His Excellency",historical_term,"The repeated official honorific is expanded contextually in the mock letter."
katturaigal/governor_ezhutha.md,"அ.கா","A. K.",unresolved,"The final initials are transliterated and not expanded because the source gives no secure identity."
katturaigal/thookumaedai_yar.md,"[claims concerning A. Ganapathy's arrest and innocence]","[contemporary clemency appeal]",source_claim,"English attributes the legal and factual assertions to the essay rather than presenting them as independently verified findings."
katturaigal/thookumaedai_yar.md,"தன்காலைக் கறைப்படுத்திக் கொண்டது மலேயா அரசாங்கம்","தன் கையைக் கறைப்படுத்திக் கொண்டது மலேயா அரசாங்கம்",probable,"The body-part word is OCR-damaged; English follows the idiom of staining one's hand by an execution."
katturaigal/thookumaedai_yar.md,"காழர் கணபதி பரம்பரைக் கொலைக் கொள்ளைச் சதிகார","தோழர் கணபதி பரம்பரைக் கொலைக் கொள்ளைச் சதிகாரர்",probable,"The address and final suffix are damaged; English follows the rhetorical denial that Ganapathy was a habitual violent conspirator."
katturaigal/bernatsha.md,"600,000 பவுன் ... 4,20,000 பவுன் ... 40 எழுத்துக்கள்","[estate and alphabet figures as reported]",source_claim,"English preserves the article's figures without silently revising them against later Shaw scholarship."
katturaigal/bernatsha.md,"(6-5-26 - திராவிட நாடு)","[publication year requires image review]",unresolved,"The year is inconsistent with the posthumous estate discussion; English does not invent a corrected date."
katturaigal/vaayai_moodi.md,"௧ / ஐ / ப / ப? [speaker labels]","Kandan / Aiyar / Palani",probable,"The cast list and dialogue identify the damaged labels; English expands names consistently while Tamil remains verbatim."
katturaigal/vaayai_moodi.md,"நீ என்ன இந்தச் சூனா மானாவோ?","நீ என்ன இந்தச் சு.மா.வோ? / are you a Self-Respect fellow?",probable,"The phrase appears to encode the movement abbreviation and functions as the priest's irritated accusation."
katturaigal/vaayai_moodi.md,"3்2-1-1947","[date requires image review]",unresolved,"A combining Tamil mark damages the day or month; English retains the printed form descriptively."
katturaigal/atraithingal.md,"அழகிய சிறு குண்டு - அரணாக","அழகிய சிறு குன்று - அரணாக",probable,"The Pari narrative requires the small hill that serves as the kingdom's fortress; English follows context."
katturaigal/atraithingal.md,"பெருநில மாண்டோரின் பக்கு இரையானான்","பெருநிலம் ஆண்டோரின் பகைக்கு இரையானான்",probable,"Word boundaries and the noun for hostility are OCR-damaged; English follows the clear account of Pari falling to larger rulers."
katturaigal/atraithingal.md,"[Pari's daughters and Avvai literary allusion]","[Purananuru allusion]",cultural_term,"English preserves the classical lament and explains its political analogy in translator notes."
katturaigal/atraithingal.md,"46. அற்றைத் திங்கள்! / அவ்வெண்ணிலவில்!","அற்றைத் திங்கள்! அவ்வெண்ணிலவில்!",title_layout,"The printed title spans two OCR lines; the explicit document heading retains both while the source block remains verbatim."
katturaigal/avan_manithan.md,"மேதினம் ... 17-11-1946","[May Day theme conflicts with final November date]",unresolved,"English preserves both source elements and does not invent a corrected publication date."
katturaigal/avan_manithan.md,"மேதினம். -. இந்தச் சிந்தனையைக் இளறிடும். நாள்.","மேதினம் - இந்தச் சிந்தனையைக் கிளறிடும் நாள்",probable,"The verb and punctuation are OCR-damaged; English follows the clear closing declaration."
katturaigal/avan_manithan.md,"நாய் / மாடு / கழுதை [class insults]","[critical depiction of dehumanisation]",source_rhetoric,"The animal labels are retained only within the essay's explicit critique of class treatment."
katturaigal/dalmiyapuram.md,"[claims concerning Dalmiapuram, Dalmia factory, and Tiruttani]","[party resolutions and attributed speeches]",source_claim,"English attributes the factual and political claims to the named speakers and resolutions."
katturaigal/dalmiyapuram.md,"இநத அறப்போ நடததப்பட வேண்டும் அத;,.கான","இந்த அறப்போர் நடத்தப்பட வேண்டும்; அதற்கான",probable,"The sentence is heavily OCR-damaged; English follows the clear peaceful-struggle statement and Karunanidhi's assigned responsibility."
katturaigal/dalmiyapuram.md,"தோழர் ௪.எல்.சி. கிருஷ்ணசாமி","தோழர் சி.எல்.சி. கிருஷ்ணசாமி",probable,"The initial is OCR-damaged; English transliterates it as C. L. C. pending image review."
katturaigal/dalmiyapuram.md,"66. டால்மியாபுரப் பெயர்மாற்றம் / போராட்டம்!","டால்மியாபுரப் பெயர்மாற்றம் போராட்டம்!",title_layout,"The printed title spans two OCR lines; the explicit bilingual heading retains both lines' text."
katturaigal/kazhagakural.md,"(௦0௦1 ௦8 18/௦ 1","London can take it",probable,"The Latin-script quotation is destroyed by OCR, but the surrounding Churchill and London explanation identifies the phrase."
katturaigal/kazhagakural.md,"7-12-53 ... (செய்தி - 6-12-௦2 - திராவிட நாடு)","[event and publication dates conflict]",unresolved,"The event date and damaged publication date cannot both be accepted as printed; English does not invent a correction."
katturaigal/kazhagakural.md,"ஸ்ரீஜகத் / ஸ்ரீமான் / கனம் / மகான்","honorific titles",uncertain_term,"The first honorific is OCR-uncertain; English conveys the contrast between formal titles and the familial Anna."
katturaigal/kazhagakural.md,".... 26. கழகக் குரல்/","கழகக் குரல்",title_layout,"The explicit heading removes damaged numbering and layout punctuation while the source block retains them verbatim."
katturaigal/annan_tharum.md,"எல்லையை அரசுரிமை தன்னை எண்ணத்தை மக்களாட்சி","எல்லையை, அரசுரிமை தன்னை, எண்ணத்தை, மக்களாட்சி",probable,"Punctuation and syntax are damaged; English preserves the apparent list of things threatened by domination."
katturaigal/annan_tharum.md,"(14-)-1968 - முரசொலி பொங்கல் மலர்)","[month requires image review]",unresolved,"The month glyph is missing or damaged; English retains the descriptive date without supplying January."
katturaigal/oru_ponnedu.md,"31. “ஒரு போன் ஏட? - முமந்தூவிட்டது! / பட்டேல் மறைந்தார்!","ஒரு பொன் ஏடு முடிந்துவிட்டது! பட்டேல் மறைந்தார்!",probable,"The main title is heavily OCR-damaged; the explicit heading follows recoverable letters, filename, and intact subtitle."
katturaigal/oru_ponnedu.md,"தேளோடு தோளிணைந்து","தோளோடு தோளிணைந்து",probable,"The first word is OCR-damaged; English follows the idiom describing thirty-five years of work shoulder to shoulder."
katturaigal/oru_ponnedu.md,"(916-ல் ... பர்கோலி","1916-ல் ... பர்தோலி",probable,"The year and Bardoli place name are OCR-damaged; English uses historically identifiable forms."
katturaigal/nadigar_sanga.md,"“76 நடிகர் சங்க நற்பணி!","நடிகர் சங்க நற்பணி!",title_layout,"The explicit heading removes damaged numbering and opening punctuation while the source remains verbatim."
katturaigal/nadigar_sanga.md,"பொறுக்குக் கமிட்டி","Select Committee / picking committee",historical_term,"The source satirically deforms the legislative committee name; English preserves both function and wordplay."
katturaigal/nadigar_sanga.md,"கம்யூனிஸ்டுக் கட்சி பி.சோ. கட்சி","Communist Party and Praja Socialist Party",probable,"The second party abbreviation is expanded from the legislative context pending image review."
katturaigal/nadigar_sanga.md,"( செய்தி - ]2-12-24- திராவிட நாடு)","[publication date requires image review]",unresolved,"The day begins with a stray bracket and the year appears damaged; English does not invent a correction."
katturaigal/noyaligal.md,"ரூ.19654 - 6- 0","Rs. 19,654-6-0",historical_term,"The amount uses pre-decimal rupee-anna-pie notation and is retained without conversion."
katturaigal/noyaligal.md,"அதற்கு நாம் பணம் தர வேண்டும் என்று வதம் நம்மால்","[damaged clause about taxpayers funding treatment]",probable,"English follows the article's repeated contrast that public money should not pay ministers' medical costs."
katturaigal/noyaligal.md,"(திராவிட தாடு - 12,8.51)","(திராவிட நாடு - 12-8-51)",probable,"The journal name and date punctuation are OCR-damaged; English uses the clear publication metadata."
katturaigal/sengodi_nizhalilae.md,"1 /ழம் பெருமை வாய்ந்தது","பழம் பெருமை வாய்ந்தது",probable,"The opening adjective is OCR-damaged; English follows the description of Shanghai as ancient and distinguished."
katturaigal/sengodi_nizhalilae.md,"டாகடர் வூ யென்","Dr Wu Yen",unresolved,"The political intermediary's romanised identity requires source review; English conservatively transliterates the OCR form."
katturaigal/sengodi_nizhalilae.md,"மோச: -டாங் / மோ சி-டாங்","Mao Tse-tung",probable,"The leader is historically identifiable; English uses the period romanisation while Tamil remains verbatim."
katturaigal/sengodi_nizhalilae.md,"[reports and predictions about Shanghai and Communist China]","[contemporary 1949 political assessment]",source_claim,"English preserves the article's viewpoint without presenting its reports or forecasts as independently verified facts."
katturaigal/august.md,17-7-9௦,uncertain year,unresolved,"The final two year digits are damaged; retained verbatim in source and note."
katturaigal/august.md,பறரிபூரணத் திருப்தி,பரிபூரணத் திருப்தி,probable,"Clear OCR corruption; translated by sentence context without changing source."
katturaigal/august.md,பாஈணியில்,பாணியில்,probable,"Clear OCR corruption in the phrase ‘ஒவ்வோர் வகையான பாணியில்’; source retained."
katturaigal/pathinainthu.md,"45, பதினைந்து!",பதினைந்து!,title_layout,"Stray OCR numeral omitted only from display-title override; source retained verbatim."
katturaigal/pathinainthu.md,ஆகஸ்டு 135,ஆகஸ்டு 15,probable,"Recurring contrast and dated publication establish the contextual reading; source retained verbatim."
katturaigal/pathinainthu.md,ஜஐூலை15,ஜூலை 15,probable,"Damaged OCR rendering translated contextually; source retained verbatim."
katturaigal/aaruthal_kooru.md,[no visible source heading],ஆறுதல் கூறு,title_layout,"Display title is derived conservatively from the canonical filename; source block is unchanged."
katturaigal/aaruthal_kooru.md,அரசாங்க விருந்தாளி,government guest,historical_term,"A period euphemism for political imprisonment in the anti-Hindi agitation context."
katturaigal/arumai_arumai.md,[no visible source heading],அருமை! அருமை!,title_layout,"Display title is derived conservatively from the canonical filename; source block is unchanged."
katturaigal/arumai_arumai.md,வைத்தியநாத ஐயர்,[isolated name fragment],unresolved,"OCR places the name after the vote-of-thanks sentence without a recoverable grammatical connection; English preserves it separately."
katturaigal/anuthabam.md,அப்பழுக்கற்ற,[sentence continues in maraivu.md],multipart,"The scan ends mid-sentence; translation remains visibly incomplete and points to the canonical continuation."
katturaigal/maraivu.md,கொண். .வர்.,[continuation from அப்பழுக்கற்ற],multipart,"The opening is damaged but directly continues anuthabam.md; bracketed English inference is documented."
katturaigal/maraivu.md,இருமுூ£.,[municipal-chairmanship clause],unresolved,"The OCR is corrupt; English follows only the recoverable context and does not alter Tamil."
katturaigal/iyakka_veerarai.md,[no visible source heading],இயக்க வீரரை,title_layout,"Display title is derived conservatively from the canonical filename; source remains verbatim."
katturaigal/pandithar_maraivu.md,[no visible source heading],பண்டிதர் மறைவு,title_layout,"Display title is derived conservatively from the canonical filename; source remains verbatim."
katturaigal/pandithar_maraivu.md,கொள்கைச- ஈ,கொள்கைகளை,probable,"Clear OCR damage in context; English follows the recoverable sentence without changing Tamil."
katturaigal/parakkum_kuthirai.md,114 டன்,1¼ tons,verified_image,"Direct inspection of source image 002-509c68befe.png confirms the fractional figure."
katturaigal/parakkum_kuthirai.md,மூதற் பிராயணம்,முதல் பிரயாணம்,probable,"OCR corruption in ‘maiden journey’; translated contextually, source retained."
katturaigal/mazhu_aenthiya.md,[no visible source heading],மழு ஏந்திய மாது,title_layout,"Display title is derived conservatively from the canonical filename; source remains verbatim."
katturaigal/mazhu_aenthiya.md,கேரி நேஷன் (போற 01/07),Carrie Nation,probable,"The person is identifiable from the surrounding account; unreadable parenthetical is not reconstructed."
katturaigal/mazhu_aenthiya.md,குறையாடப்பட்டவை,சூறையாடப்பட்டவை,probable,"OCR damage in the description of liquor shops attacked by the force; translated contextually."
katturaigal/kathamba_kesari.md,க௮ம்பஃ கச்சேரி,கதம்பக் கச்சேரி,probable,"Clear title OCR damage; corrected only in display metadata and English, with source retained verbatim."
katturaigal/kathamba_kesari.md,28.5.5.,[incomplete year],unresolved,"Publication year is clipped or unreadable and is not guessed."
sorpozhivugal/kanchi_pattu.md,1967 - அம் அண்டு,1967-ஆம் ஆண்டு,probable,"Minor OCR damage in the event line; English follows the clear date while Tamil remains verbatim."
sorpozhivugal/kanchi_pattu.md,தமிழக ஆரசு,தமிழக அரசு,probable,"Clear OCR letter substitution; translated contextually without altering source."
sorpozhivugal/kerala310859.md,குடியரசுத் தலைவா் ஆட்சி ப ஏற்படுத்தியமைக்கான,குடியரசுத் தலைவர் ஆட்சி ஏற்படுத்தியமைக்கான,probable,"Title OCR contains a stray letter; clean reading used only in display metadata and English."
sorpozhivugal/kerala310859.md,இரு. சி. என். அண்ணாதுரை,திரு. சி. என். அண்ணாதுரை,probable,"Speaker honorific is OCR-damaged; English identifies the printed speaker without changing Tamil."
sorpozhivugal/kerala310859.md,பொது உடமைக்கட்சி,Commonweal Party,historical_term,"Translation follows the historical party name indicated by K. Sattanatha Karayalar; source wording remains verbatim."
sorpozhivugal/pengal_unavu.md,கூறலாம்; அரிசி இல்லாத நேரத்தில்,கூறலாம்; அரிசி இல்லாத நேரத்தில்,source_rhetoric,"Policy distinction translated in the speaker’s voice, not independently verified."
sorpozhivugal/250368.md,மாண்புமிகு திரு சி. என். அண்ணாதுரை : ட்டம் அவர்களே,மாண்புமிகு திரு சி. என். அண்ணாதுரை: தலைவர் அவர்களே,probable,"Speaker address is visibly OCR-damaged; standard legislative wording is used in English only."
sorpozhivugal/250368.md,புது டி.ல்லி,புது டில்லி,probable,"Stray OCR punctuation in the place name; translated as New Delhi without changing source."
sorpozhivugal/241167.md,ஸ். ப்ரிழுர்்லை பல் டு 1 / பய ம 0,[page noise],unresolved,"Unreadable material above the speech number is excluded from translation but retained verbatim in the source block."
sorpozhivugal/241167.md,ஓத்திவைப்புத் தீர்மானம்,ஒத்திவைப்புத் தீர்மானம்,probable,"Minor OCR vowel error; translated as adjournment motion."
sorpozhivugal/040767.md,உரை- ரச”,[speech number unreadable],unresolved,"The speech number is not recoverable from OCR and is not guessed."
sorpozhivugal/040767.md,இந்தத் த விபத்துகளுக்கு,இந்தத் தீ விபத்துகளுக்கு,probable,"OCR dropped a vowel sign; translated contextually while retaining source."
sorpozhivugal/thozhamayai.md,1260 - ஆம் ஆண்டு,1960-ஆம் ஆண்டு,probable,"The first digit is OCRed incorrectly; historical context supports 1960."
sorpozhivugal/thozhamayai.md,தோழமை கரண முயற்சிக்க வேண்டும்,தோழமை வளர முயற்சிக்க வேண்டும்,probable,"Closing summary is OCR-damaged; translated according to the repeated theme without changing source."
sorpozhivugal/tamilarignan.md,அகந௩னூறும்,அகநானூறும்,probable,"Classical work title is OCR-damaged; conventional title used in English only."
sorpozhivugal/tamilarignan.md,உணர்ச்சி வடி.வாக,உணர்ச்சி வடிவாக,probable,"Stray OCR punctuation; sentence translated contextually without changing source."
sorpozhivugal/manavargalum_samu.md,மாணவார்களும் சமுதாயமும்,மாணவர்களும் சமுதாயமும்,probable,"Title contains an extra vowel marker; clean reading used only in display metadata and English."
sorpozhivugal/manavargalum_samu.md,சர்வாதிகாரமாக அனது,சர்வாதிகாரமாக ஆனது,probable,"OCR dropped a vowel; translated as dictatorship arose."
sorpozhivugal/desiya_vanipa.md,தேசிய வாணியக் கழகத்தில்,தேசிய வாணிபக் கழகத்தில்,probable,"Introductory line has a letter-level OCR error; title and context establish the reading."
sorpozhivugal/desiya_vanipa.md,பக்கபலமாசவும்,பக்கபலமாகவும்,probable,"OCR consonant substitution; translated contextually."
sorpozhivugal/human_rights.md,[four pages OCRed with tam model],[requires English re-OCR],wrong_language,"The source appears to be English but current OCR is overwhelmingly garbled Tamil-script output; file remains pending."
sorpozhivugal/pazhayana.md,அப்போ து / என் று,அப்போது / என்று,probable,"OCR introduced internal word spacing; translated normally while preserving source."
sorpozhivugal/pazhayana.md,சர்வேயர் 3,Surveyor 3,historical_term,"Spacecraft name is rendered in conventional English form; source remains verbatim."
sorpozhivugal/chennai220360.md,லன் மாநகராட்சியால்,சென்னை மாநகராட்சியால்,verified_image,"Source image 001-298f48b284.png directly confirms the full title; Tamil OCR source remains unchanged."
sorpozhivugal/chennai220360.md,உரை : 295 நாள் : 28.03.1960,உரை : 35 நாள் : 22.03.1960,verified_image,"Source image 001-298f48b284.png confirms the speech number and date used in English metadata."
sorpozhivugal/chennai220360.md,2 அங்கத்தினர்கள் / 8 உறுப்பினர்களை,3 அங்கத்தினர்கள் / 3 உறுப்பினர்களை,verified_image,"Source image 001-298f48b284.png confirms both printed numerals as 3; Tamil OCR source remains unchanged."
sorpozhivugal/chennai220360.md,சிறு பிடி படுவதாக,சிறிதும் பிடிபடுவதாக,probable,"Damaged phrase in the privilege-rule conclusion; translated by clear sentence context."
sorpozhivugal/070767.md,ஓத்திவைப்புத் தீர்மானம்,ஒத்திவைப்புத் தீர்மானம்,probable,"Repeated OCR vowel error in title and body; translated as adjournment motion."
sorpozhivugal/070767.md,(படப்பு),[unreadable stage direction],unresolved,"Final parenthetical is too damaged to identify and is not silently reconstructed."
sorpozhivugal/nambikkai311057.md,[garbled middle passage],[requires image review or re-OCR],incomplete_source,"Substantial speech text is unreadable between otherwise coherent sections; file remains pending."
sorpozhivugal/sangeetha_sangam.md,1267 - ஆம் ஆண்டு,1967-ஆம் ஆண்டு,probable,"Ministerial and festival context support 1967; Tamil OCR source remains unchanged."
sorpozhivugal/sangeetha_sangam.md,அமைந்ீதிருப்பதுதான்,அமைந்திருப்பதுதான்,probable,"OCR vowel/consonant corruption; translated contextually."
sorpozhivugal/sangaralinga.md,[2-72-1967,[date unreadable],unresolved,"Only the year is safely recoverable; English does not guess day or month."
sorpozhivugal/sangaralinga.md,ஐந்து அண்டுகளுக்கு,ஐந்து ஆண்டுகளுக்கு,probable,"Minor OCR vowel omission; translated as five years."
sorpozhivugal/kadan_sambantha.md,உரை-23 நாள்:,[date missing],unresolved,"Speech number is printed but the date is absent or clipped; English leaves it unreadable."
sorpozhivugal/kadan_sambantha.md,நகரசத்தித் தொழிலாளர்கள்,நகர சுத்தித் தொழிலாளர்கள்,probable,"Context identifies municipal sanitation workers; source remains verbatim."
sorpozhivugal/kadan_sambantha.md,கெடா மாடு,[livestock],unresolved,"Animal term is OCR-damaged; English uses the broader secure category."
sorpozhivugal/puthiya_unarchi.md,உன்ள ஒரு பிரச்சினையாகும்,உள்ள ஒரு பிரச்சினையாகும்,probable,"OCR letter transposition; translated contextually."
sorpozhivugal/puthiya_unarchi.md,திருப்தியான மூடி.வு,திருப்தியான முடிவு,probable,"Stray OCR punctuation inside word; translated normally."
sorpozhivugal/samooga_pani.md,சன்னத் அகும்,சன்னதாகும்,probable,"OCR spacing and vowel damage in the description of the degree as a credential; translated contextually."
sorpozhivugal/samooga_pani.md,மிதமிஞ்சிய மதிப்.பிட்டால் ஏற்பட்ட நினைப்பு,மிதமிஞ்சிய மதிப்பீட்டால் ஏற்பட்ட நினைப்பு,probable,"Stray punctuation and morphology are damaged; English preserves the contrast with despair."
sorpozhivugal/thaeni_pothu.md,"தி, மூ. கழகம்",தி.மு. கழகம்,probable,"OCR punctuation in the party abbreviation; conventional D.M.K. used in English."
sorpozhivugal/thaeni_pothu.md,பபூன்தான்,buffoon / clown,historical_term,"Period circus term is translated as clown in context; source remains verbatim."
sorpozhivugal/kanchi_vazha.md,வழக்கறிஞார்களிடையே,வழக்கறிஞர்களிடையே,probable,"Extra vowel marker in title; clean spelling used only in display and English."
sorpozhivugal/kanchi_vazha.md,டி.ல்வியிலே,டில்லியிலே,probable,"Stray OCR punctuation in Delhi; translated normally."
sorpozhivugal/chennai300161.md,[severely garbled closing passage],[requires image review or re-OCR],incomplete_source,"Legislative action and final lines are not recoverable safely from current OCR; file remains pending."
sorpozhivugal/arasoozhiyar.md,6-3-672-ல்,6-3-1967-ல்,probable,"Chronology and surrounding 1967 entries support the missing digit; source remains verbatim."
sorpozhivugal/arasoozhiyar.md,டில்விமில் / டி.ல்லி,டில்லியில் / டில்லி,probable,"Delhi headings contain OCR substitutions and punctuation; translated normally."
sorpozhivugal/mozhiprachinai.md,மாணவார்களும்,மாணவர்களும்,probable,"Title contains an extra vowel marker; clean display title used without altering source."
sorpozhivugal/mozhiprachinai.md,முடி.வு,முடிவு,probable,"Stray OCR punctuation inside word; translated normally."
sorpozhivugal/thimuka_pothu.md,11] இலட்சம் ரூபாய்,11 இலட்சம் ரூபாய்,probable,"Stray OCR bracket in election-fund amount; English reads eleven lakhs."
sorpozhivugal/thimuka_pothu.md,ஊளர்வலத்தை,ஊர்வலத்தை,probable,"OCR inserted an extra consonant in procession; translated normally."
sorpozhivugal/makkalukku_vidutha.md,25-22-1962,25-2-1962,verified_image,"Source image 001-1890f4caac.png clearly confirms the date used in English metadata."
sorpozhivugal/makkalukku_vidutha.md,சட்ட௫சபையிலிருந்துகொண்டு,சட்டசபையிலிருந்துகொண்டு,probable,"Stray OCR glyph in Assembly; translated normally."
sorpozhivugal/kanivum.md,அமர்த்தப்பட்டி ௬ுக்கிறார்களோ,அமர்த்தப்பட்டிருக்கிறார்களோ,probable,"OCR split and numeral glyph inside word; translated contextually."
sorpozhivugal/kanivum.md,நேருவுக்கும் பந்துக்கும்,Nehru and Pant,historical_term,"The political names are contextually identifiable; conventional English forms used."
sorpozhivugal/nagaichuvai_mannar.md,14-71-7969,14-1-1969,verified_image,"Source image 001-2284adb88d.png clearly confirms the date."
sorpozhivugal/nagaichuvai_mannar.md,ஈம்ரமடைய கவைவாணரச் வவர்சகன்,[image-verified transition],verified_image,"Source image 003-bc03de96dc.png restores the transition into the statue paragraph; English follows the visible print while Tamil OCR remains unchanged."
sorpozhivugal/oviyar_madhavan.md,இடக்கரடக்கல்,idakkaradakkal,cultural_term,"Traditional term for decorous avoidance is transliterated and glossed rather than flattened."
sorpozhivugal/oviyar_madhavan.md,சதய டார் எகரி,[trailing OCR noise],unresolved,"Fragment follows the completed speech and is not translated as spoken content."
sorpozhivugal/sudhanthira_kaiyelu.md,[18 handwritten pages largely unreadable],[requires handwriting-specific transcription],incomplete_source,"Current OCR cannot support faithful translation; multipart manuscript remains pending as one combined canonical work."
sorpozhivugal/uthagai.md,19-35-1967,19-5-1967,verified_image,"Source image 001-abeb7ab2a0.png clearly confirms the date used in English metadata."
sorpozhivugal/uthagai.md,அசிரியர்கள் / ஆறிவுத்துறையில்,ஆசிரியர்கள் / அறிவுத்துறையில்,probable,"Repeated OCR letter omissions and substitutions; translated contextually."
sorpozhivugal/jainaneri.md,மமருத்துவமனைகளையும்,மருத்துவமனைகளையும்,probable,"Duplicated initial consonant in hospitals; translated normally."
sorpozhivugal/jainaneri.md,ஆயிரக்கணக்கான அண்டுகளுக்கு,ஆயிரக்கணக்கான ஆண்டுகளுக்கு,probable,"OCR omitted long vowel in years; translated normally."
sorpozhivugal/manavargalukku_vaelai.md,இ. மு. கழக,தி. மு. கழக,probable,"Party abbreviation is OCR-damaged; context establishes D.M.K."
sorpozhivugal/manavargalukku_vaelai.md,அட்சியை / துடி.த்தீர்கள்,ஆட்சியை / துடித்தீர்கள்,probable,"OCR omissions and punctuation in closing appeal; translated contextually."
sorpozhivugal/neruvum_annavum.md,தி. மு. ௧.,தி. மு. க.,probable,"Party abbreviation contains a numeral-like OCR glyph; conventional D.M.K. used in English."
sorpozhivugal/neruvum_annavum.md,சுப்புலட் சுமி,சுப்புலட்சுமி,probable,"Personal name is split and OCR-damaged; M. S. Subbulakshmi is contextually identifiable."
sorpozhivugal/chennai_rayapuram.md,தோழார்களே,தோழர்களே,probable,"Extra vowel marker in salutation; translated normally."
sorpozhivugal/chennai_rayapuram.md,அதிக ஐஜனநெருக்கம்,அதிக ஜனநெருக்கம்,probable,"Stray OCR letter in population density; translated contextually."
sorpozhivugal/manilakalluri.md,24-17-1957,24-11-1967,verified_image,"Source image 001-d5b805fad0.png clearly confirms the date used in English metadata."
sorpozhivugal/manilakalluri.md,மாணவார்களிரை யே,மாணவர்களிடையே,verified_image,"Source image confirms the clean title; Tamil OCR source remains unchanged."
sorpozhivugal/manilakalluri.md,ஊநூ,U Nu,historical_term,"Burmese leader is contextually identifiable; conventional English form used."
sorpozhivugal/sootchamam.md,அனந்தாச்சாரிகள்கூடச் / அவினாசிகளல்லவா,Ananthacharis / Avinashis,unresolved,"The contrast appears deliberate, but the OCR source does not securely identify the people intended; names are transliterated conservatively."
sorpozhivugal/sootchamam.md,பார்ப்பனியம்,Brahminism,historical_term,"The source explicitly distinguishes the ideological or social system from individual Brahmins; the English translation preserves that distinction."
sorpozhivugal/sootchamam.md,Political and social assertions,Translated in source voice,source_claim,"The claims and analogies are preserved as the author's argument and were not independently verified."
sorpozhivugal/thimuka_thaer_sira.md,தி. மூ. க. தோர்தல் சிறப்பு மாநாடு,தி. மு. க. தேர்தல் சிறப்பு மாநாடு,verified_image,"Source image 001-bc8057169d.png clearly confirms the clean Tamil title. The Tamil OCR source remains unchanged."
sorpozhivugal/thimuka_thaer_sira.md,92,52,verified_image,"The printed page number in source image 001-bc8057169d.png is 52; this does not affect the translated body."
sorpozhivugal/thimuka_thaer_sira.md,தி. மு. கழகம் இப்போது பருவமடைந்த மங்கையின் லையிலிருப்பது ... சிங்காரித்துக் ருப்பது த்த த்து,தி. மு. கழகம் இப்போது பருவமடைந்த மங்கையின் நிலையிலிருப்பது ... சிங்காரித்துக் கொண்டால்,verified_image,"The scan and the next page confirm a page-break OCR failure; the English translation follows the visible continuous sentence while the Tamil source is preserved verbatim."
sorpozhivugal/thimuka_thaer_sira.md,உபகாரச் சம்பளம்,unemployment assistance,historical_term,"Rendered from context as financial support due when a willing worker has no employment."
sorpozhivugal/thimuka_thaer_sira.md,Political historical and economic assertions,Translated in source voice,source_claim,"Claims about the movement, resources, planning, England, and proposed government policy were not independently verified."
sorpozhivugal/veettuku_oar.md,வீட்டுக்கு ஓர் மறவார் வாரீர்! நாட்டுக்குத் தன்னுயிரைத் தாரீர்!!,வீட்டுக்கு ஓர் மறவார் வாரீர்! நாட்டுக்குத் தன்னுயிரைத் தாரீர்!!,verified_image,"Source image 001-0f41e655b8.png confirms the unusual printed headline exactly; it is retained rather than normalised."
sorpozhivugal/veettuku_oar.md,07,67,verified_image,"The printed page number in source image 001-0f41e655b8.png is 67; page furniture is not part of the translated body."
sorpozhivugal/veettuku_oar.md,பச்சைத் தமிழர் / உலர்ந்த தமிழர்,true Tamil / dried-up Tamil,source_rhetoric,"A deliberate rhetorical wordplay; the English translation preserves the contrast and explains it in Translator Notes."
sorpozhivugal/veettuku_oar.md,தமிழர்கள் எதையும் இழந்துவிடச் சம்மதிப்பார்கள்/,தமிழர்கள் எதையும் இழந்துவிடச் சம்மதிப்பார்கள்,probable,"The slash is OCR punctuation noise; it is omitted only in English while the Tamil source remains verbatim."
sorpozhivugal/veettuku_oar.md,Political and historical assertions,Translated in source voice,source_claim,"Attributed assurances, directives, political characterisations, and the editor's imprisonment footnote were not independently verified."
sorpozhivugal/thamizhagathirku.md,எதுர்காலம்/,எதிர்காலம்,verified_image,"The printed heading in source image 001-4ec1d9f545.png reads எதிர்காலம்; English uses the clean title while Tamil OCR remains verbatim."
sorpozhivugal/thamizhagathirku.md,கஇடைத்துவிடும்/,கிடைத்துவிடும்,probable,"Clear OCR character and punctuation noise; resolved only in English."
sorpozhivugal/thamizhagathirku.md,ஸ்காட்லாந்தில் மிருகங்களுக்கும் இங்கிலாந்தில் மனிதர்களுக்கும் உணவாக,As printed; not silently reversed,verified_image,"Source image 003-5493e3e7e3.png confirms this wording, although it reverses the familiar Samuel Johnson quotation."
sorpozhivugal/thamizhagathirku.md,அறங்கூறு மன்றம்,ombudsman institution,historical_term,"Interpreted from the immediately following references to Lokpal and Lok Ayukta."
sorpozhivugal/thamizhagathirku.md,Political historical and linguistic assertions,Translated in source voice,source_claim,"Claims concerning the glossary, language committees, quotations, and policy were not independently verified."
sorpozhivugal/170367.md,சர்த்திருக்கிறார்கள்,சேர்த்திருக்கிறார்கள்,probable,"Context requires 'have added'; resolved only in English while Tamil OCR remains verbatim."
sorpozhivugal/170367.md,கர்த்திமிக்க,கீர்த்திமிக்க,probable,"Contextual OCR correction meaning illustrious; source text remains unchanged."
sorpozhivugal/170367.md,கருத்துக் கருஷலங்கள் / கருத்துக் கருஷலங்களின்,கருத்துக் கருவூலங்கள் / கருத்துக் கருவூலங்களின்,probable,"Repeated OCR confusion; translated as treasuries of thought without changing Tamil source."
sorpozhivugal/170367.md,தங்களுடைய அணைக்குக்,தங்களுடைய ஆணைக்குக்,probable,"Context is obedience to the Speaker's rulings or commands."
sorpozhivugal/170367.md,Image 4 closing paragraph,Faded but substantially recoverable,incomplete_source,"The scan and OCR lose several spaces and suffixes; English conservatively follows the visible congratulations and assurance, with no invented substantive claim."
sorpozhivugal/170367.md,Historical and biographical assertions,Translated in source voice,source_claim,"Claims about parliamentary tradition and named officeholders were not independently verified."
sorpozhivugal/yathum_oorae.md,3-7-1968,3-1-1968,verified_image,"Source image 001-bba86d273e.png clearly prints 3-1-1968; English metadata uses the verified date while Tamil OCR remains unchanged."
sorpozhivugal/yathum_oorae.md,இரண்டாவது மாதாடு,இரண்டாவது மாநாடு,probable,"Clear contextual OCR error; resolved only in English."
sorpozhivugal/yathum_oorae.md,பதினெண்சூழ்க் கணக்கு,பதினெண்கீழ்க்கணக்கு,probable,"Classical corpus name is contextually identifiable as Pathinenkilkanakku."
sorpozhivugal/yathum_oorae.md,தாவாயின் - கப்பலின் மூலம்,sound vessel or ship,unresolved,"The source form தாவாய் is unusual; the immediate apposition கப்பல் supports the conservative contextual rendering."
sorpozhivugal/yathum_oorae.md,யாதும் ஊரே யாவரும் கேளிர் / தீதும் நன்றும் பிறர்தர வாரா,Every place is our town; everyone is our kin / Good and evil do not come from others,cultural_term,"Classical Purananuru lines are translated closely and retained in Tamil in the source block."
sorpozhivugal/yathum_oorae.md,Historical and linguistic assertions,Translated in source voice,source_claim,"Claims about Tamil antiquity, international teaching, conference participation, and chronology were not independently verified."
sorpozhivugal/thimuka_moondravathu.md,13-7-1967,13-7-1961,verified_image,"Source image 001-025a2c6184.png clearly prints 13-7-1961; English metadata uses the verified date while Tamil OCR remains verbatim."
sorpozhivugal/thimuka_moondravathu.md,64,84,verified_image,"The source image clearly prints page 84; page furniture does not affect the translation."
sorpozhivugal/thimuka_moondravathu.md,1256ம் ஆண்டில்,1956ம் ஆண்டில்,verified_image,"The scan and internal chronology identify the Tiruchi State Conference year as 1956."
sorpozhivugal/thimuka_moondravathu.md,பதினைந்து போர்களை,பதினைந்து பேர்களை,probable,"Context is fifteen elected members seated in the Legislative Assembly; resolved only in English."
sorpozhivugal/thimuka_moondravathu.md,மண்னை வலை... வேண்டிக் கேட்டுக் கொள்கிறேன்,சிந்தித்துப் பார்க்க வேண்டிக் கேட்டுக் கொள்கிறேன்,unresolved,"The OCR is damaged mid-sentence, but the request that other party leaders consider the proposal is syntactically clear; English adds no further content."
sorpozhivugal/thimuka_moondravathu.md,திராவிட நாடு,Dravida Nadu,historical_term,"Retained as the proper name of the movement's contemporary territorial demand."
sorpozhivugal/thimuka_moondravathu.md,Political electoral and historical assertions,Translated in source voice,source_claim,"Claims about elections, parties, representation, regional neglect, and relief work were not independently verified."
sorpozhivugal/050767.md,Image 2 opening fragmented OCR,கூச்சமாக இருக்கிறது ... சமூகத்தில் சீர்கேடானவர்கள் ... நமக்கு நாமே வெட்கத்தை உண்டுபண்ணக் கூடியதாக இருக்கிறது,verified_image,"Source image 002-37db0db3dc.png restores the complete thought; English follows the scan while Tamil OCR remains verbatim."
sorpozhivugal/050767.md,சதித் திட்டங்கள் னன் அவைகளைக் கண்டுபிடிப்பதற்கான மூய ் போலீஸ் இலாக்கா,சதித் திட்டங்கள் இருக்குமானால் அவைகளைக் கண்டுபிடிப்பதற்கான முயற்சியில் போலீஸ் இலாக்கா,verified_image,"Direct scan inspection confirms the missing words and continuous sentence."
sorpozhivugal/050767.md,ஒரு மணி நேரம் சாவி இல்லை,one hour without a key,unresolved,"The source does not explain which key or mechanism was meant; translated literally without adding context."
sorpozhivugal/050767.md,Image 4 first paragraph fragmented OCR,உறுப்பினர்கள் ஒவ்வொருவரும் நம்முடைய வேலை நேரம் போக மீதம் உள்ள நேரத்தில்...,verified_image,"Source image 004-0780c98a1d.png confirms the appeal to work during time outside official working hours."
sorpozhivugal/050767.md,11% மணிக்கு,11½ மணிக்கு,verified_image,"The scan clearly prints 11½; English renders half past eleven."
sorpozhivugal/050767.md,Claims about fires conspiracy policing and relief,Translated in source voice,source_claim,"Parliamentary claims and allegations were not independently verified."
sorpozhivugal/nellai_mavatta.md,தி. மூ. ௧. மாநாடு,தி. மு. க. மாநாடு,verified_image,"Source image 001-40c1f1a847.png confirms the DMK abbreviation in the printed title; Tamil OCR remains unchanged."
sorpozhivugal/nellai_mavatta.md,டெல்லி சலோ : டெல்லிக்குத் திரும்பிச் செல்,Delhi chalo: go back to Delhi,source_rhetoric,"The source itself gives an unconventional gloss of the slogan; both are retained rather than normalised."
sorpozhivugal/nellai_mavatta.md,அளவந்தார்,ஆளவந்தார்,probable,"Historical political usage meaning rulers or authorities; OCR drops the initial vowel in places."
sorpozhivugal/nellai_mavatta.md,தீத்தான் வேண்டும்,பிடித்துத்தான் வேண்டும்,probable,"Context and preceding sentence require raising or holding the black flag; resolved only in English."
sorpozhivugal/nellai_mavatta.md,கிறைக் கதவு,சிறைக் கதவு,probable,"Clear OCR confusion in the warning about imprisonment."
sorpozhivugal/nellai_mavatta.md,போர்டு அழிப்புப் போராட்டம்,agitation to erase the signboards,historical_term,"Rendered in the immediate context of removing Hindi-first lettering from railway boards, without implying destruction of railway infrastructure."
sorpozhivugal/nellai_mavatta.md,Political and historical assertions,Translated in source voice,source_claim,"Claims and proposed campaigns are preserved as the speaker's 1950 position and were not independently verified."
sorpozhivugal/270367.md,All six source pages,English source OCRed with Tamil model,wrong_language,"The page images contain English Assembly proceedings, but OCR language tam produced near-total gibberish. Re-OCR with English is required before source-faithful translation; file is not counted complete."
sorpozhivugal/thaniyar_kalvi.md,பச்சையப்பன் கல்லூரியில் / சட்டக் கல்லூரியில்,Separate editorial sections,title_layout,"The source compiles remarks from distinct educational settings; English preserves both internal headings and does not merge them into one occasion."
sorpozhivugal/thaniyar_kalvi.md,ஈதல் இசைபட வாழ்தல் - அது அல்லது ஊதியம் இல்லை உயிர்க்கு,Give and live with fame; other than that life has no reward,cultural_term,"Tirukkural 231 is translated closely; the Tamil quotation remains verbatim in the source block."
sorpozhivugal/thaniyar_kalvi.md,அறிவாலயங்கள்,temples of knowledge,cultural_term,"Literal cultural metaphor for educational institutions, retained appositionally."
sorpozhivugal/thaniyar_kalvi.md,எதை எடுத்தாலும் ஒன்றரையணா,Whatever you take one and a half annas,historical_term,"Historical market cry using the pre-decimal anna currency."
sorpozhivugal/thaniyar_kalvi.md,அகியவற்றில்தான் தான்,ஆகியவற்றில்தான்,probable,"Duplicated OCR word and character error; resolved only in English."
sorpozhivugal/thaniyar_kalvi.md,Historical biographical and policy assertions,Translated in source voice,source_claim,"Claims about institutions, benefactors, alumni, curricula, and government plans were not independently verified."
sorpozhivugal/hidhi_thinippai.md,25-58-1963,25-8-1963,verified_image,"Source image 001-4ef3cee8b1.png clearly prints 25-8-1963; English metadata uses the verified date while Tamil OCR remains verbatim."
sorpozhivugal/hidhi_thinippai.md,பேச்சின் முக்கிய பகுதி,Edited important portion,title_layout,"The source explicitly identifies itself as an excerpt; English preserves editorial framing and does not claim a full verbatim transcript."
sorpozhivugal/hidhi_thinippai.md,இணை ஆட்சிமொழி,associate official language,historical_term,"Rendered in the constitutional language-policy sense used in the speech."
sorpozhivugal/hidhi_thinippai.md,இணைப்பு முறை அரசியல் அமைப்பு,federal constitutional structure,historical_term,"Context identifies a federation joining multiple units, not a generic link arrangement."
sorpozhivugal/hidhi_thinippai.md,த.மிழில்தான்,தமிழில்தான்,probable,"Stray OCR punctuation inside the word; resolved only in English."
sorpozhivugal/hidhi_thinippai.md,Political constitutional historical and linguistic assertions,Translated in source voice,source_claim,"Claims, attributed assurances, chronology, antiquity figures, and political predictions were not independently verified."
sorpozhivugal/170868_2.md,170868_2 / 170868,Separate same-date Assembly records,multipart,"170868 is a supplementary budget statement; 170868_2 is the Tamil Nadu renaming resolution. They share a date but are not parts of one work and are not merged."
sorpozhivugal/170868_2.md,3அஆவது பிரிவின்படி,3ஆவது பிரிவின்படி,probable,"Context is Article 3 of the Constitution; OCR inserts stray characters."
sorpozhivugal/170868_2.md,வறிறுக் கொள்ளப்படுவதாக,ஏற்றுக் கொள்ளப்படுவதாக,probable,"Legislative resolution formula is contextually clear; resolved only in English."
sorpozhivugal/170868_2.md,தமிழ் நாட் / தமிழ் நாடு,Tamil Nad / Tamil Nadu,verified_image,"The amendment concerns the English spelling; Roman text is OCR-corrupted but the source scan and Tamil frame confirm the contrast."
sorpozhivugal/170868_2.md,Image 3 fragmented passage,Sankaralinga Nadar 75-day fast and Anna visit,verified_image,"Direct inspection of source image 003-45b48e20d8.png restores the tribute and conversation without altering Tamil OCR."
sorpozhivugal/170868_2.md,ழ,Tamil retroflex approximant,cultural_term,"The source discusses the difficulty of representing and pronouncing this distinctly Tamil sound in English and other languages."
sorpozhivugal/170868_2.md,Legislative historical and biographical assertions,Translated in source voice,source_claim,"Claims about the Bill, earlier refusals, Sankaralinga Nadar, and named participants were not independently verified."
sorpozhivugal/magalir_nithi.md,தி. மு. க. தோர்தல் நிதி,தி. மு. க. தேர்தல் நிதி,probable,"Clear OCR error in the event description; resolved only in English."
sorpozhivugal/magalir_nithi.md,குஷ்டரோகியின் கையிலிருக்கும் வெண்ணெய்,butter held by a person with leprosy,source_rhetoric,"Stigmatizing historical metaphor translated faithfully and explicitly identified in Translator Notes; not endorsed."
sorpozhivugal/magalir_nithi.md,பன்னீர்வாடை / வியர்வையின் வாடை,rosewater fragrance / smell of sweat,source_rhetoric,"Central rhetorical contrast between elite money and workers' contributions."
sorpozhivugal/magalir_nithi.md,மொய்,ceremonial wedding gift,cultural_term,"Tamil social practice retained by name and briefly glossed."
sorpozhivugal/magalir_nithi.md,பயில்வான்,wrestler,historical_term,"Period usage in a metaphor contrasting bodily bulk with technical skill."
sorpozhivugal/magalir_nithi.md,Political electoral financial and historical assertions,Translated in source voice,source_claim,"Claims about donations, vote buying, Congress, Nehru, prices, and government conduct were not independently verified."
sorpozhivugal/280368.md,அக்குலப்பு,மோதல் / clash,probable,"The debate concerns a transport worker-student clash; the malformed OCR title word is resolved only in English."
sorpozhivugal/280368.md,திரு கே. விநாயகம்,Mr K. Vinayagam,verified_image,"Source image 003-726a5bcaf0.png confirms the speaker label omitted by OCR."
sorpozhivugal/280368.md,I am not interested in demonstrative politics,I am not interested in demonstrative politics,verified_image,"The English sentence is printed verbatim in source image 003-726a5bcaf0.png and retained exactly."
sorpozhivugal/280368.md,Image 4 reconciliation passage,Representatives to meet and restore normal conditions,verified_image,"Direct scan inspection restores the fragmented proposal without altering Tamil OCR."
sorpozhivugal/280368.md,Image 4 compensation ending,Fair compensation after details are collected,verified_image,"The scan continues below the OCR truncation and confirms the complete closing answer."
sorpozhivugal/280368.md,10-30 மணி / பிற்பகல் 3 மணி,10:30 / 3 p.m.,unresolved,"The excerpt's temporal sequence is ambiguous; both times are translated as stated without reconciliation."
sorpozhivugal/280368.md,Claims about clash firing casualties searches and compensation,Translated by speaker,source_claim,"Parliamentary assertions and allegations were not independently verified."
sorpozhivugal/170767.md,இட்டம்,திட்டம்,probable,"Clear OCR omission in the opening description; resolved only in English."
sorpozhivugal/170767.md,பொறுக்குக் கமிட்டி / நொறுக்குக் கமிட்டி,Select Committee / smash committee,source_rhetoric,"Anna's Tamil wordplay is retained and explained in Translator Notes."
sorpozhivugal/170767.md,புன்செய் / நன்செய்,dry land / wet land,historical_term,"Agricultural classifications rendered by their standard contextual meanings."
sorpozhivugal/170767.md,குத்தகைக்குக் கூட எடுத்துக்கொள்ளலாம்,collection might even be leased out,source_rhetoric,"Rhetorical response to the claimed twenty-five-crore yield; translated without treating it as a formal proposal."
sorpozhivugal/170767.md,அன் ௭ பாயிண்ட் அஃப் கீளாரிபிக்கேஷன் / ஆர்டர்,On a point of clarification / order,probable,"Tamil-script OCR of printed English parliamentary phrases; conventional English is restored."
sorpozhivugal/170767.md,Political fiscal agricultural and historical assertions,Translated by speaker,source_claim,"Claims about tax yields, ceiling-law evasion, crop income, and regional law were not independently verified."
sorpozhivugal/kazhagathin_pilavu.md,பிதற்றுபவார்கள்,பிதற்றுபவர்கள்,probable,"Grammatical OCR error in the headline; clean form used only in title metadata and English."
sorpozhivugal/kazhagathin_pilavu.md,சொற்பொழிவின் சுருக்கம்,Editorial speech summary,title_layout,"The source identifies itself as a summary; English does not claim verbatim completeness."
sorpozhivugal/kazhagathin_pilavu.md,மோகன இராகம் / முகாரி,Mohanam / Mukhari,cultural_term,"Raga-name wordplay contrasting an uplifting mood with lament; both names retained."
sorpozhivugal/kazhagathin_pilavu.md,பாராட்டுக் கூட்டம் / நீராட்டுக் கூட்டம்,praise meeting / rain-bathing meeting,source_rhetoric,"Weather-related pun preserved contextually."
sorpozhivugal/kazhagathin_pilavu.md,கண்ணீராலும் செந்தீராலும்,by tears and red fire,unresolved,"செந்தீர் is translated literally rather than silently normalised to a more familiar phrase."
sorpozhivugal/kazhagathin_pilavu.md,ஏற்பட்டி ௬க்கிற,ஏற்பட்டிருக்கிற,probable,"Clear OCR fragmentation; resolved only in English."
sorpozhivugal/kazhagathin_pilavu.md,Political organisational historical and biographical assertions,Translated in source voice,source_claim,"Claims about internal unity, attacks, offices, membership, and finances were not independently verified."
sorpozhivugal/thambiyae_va.md,தாூானையோரடு வா,தானையோடு வா,verified_image,"Source image 001-23b66518d7.png clearly confirms the second title line; clean title used in metadata and English while Tamil OCR remains verbatim."
sorpozhivugal/thambiyae_va.md,தானை,assembled host or army,cultural_term,"Collective martial term retained in the English title as host."
sorpozhivugal/thambiyae_va.md,பல்லாயிரம் ஆண்டுகளுக்கு முன்னமேயே ரும் சிறப்புமுற பாராண்டது,பல்லாயிரம் ஆண்டுகளுக்கு முன்னமேயே ஏரும் சிறப்புமுறப் பாராண்டது,probable,"OCR loses characters in the claim that Tamil governed with dignity and distinction; resolved conservatively only in English."
sorpozhivugal/thambiyae_va.md,அறப்போராட்டம்,moral struggle,historical_term,"Rendered in the source's principled-agitation sense."
sorpozhivugal/thambiyae_va.md,பாடி வீடு நோக்கி வருகின்ற,approaching life's final home,unresolved,"The likely funerary expression is OCR-unclear; English preserves the old-age and mortality image without over-specific reconstruction."
sorpozhivugal/thambiyae_va.md,Political historical and linguistic assertions,Translated in source voice,source_claim,"Claims about prohibitions, arrests, Hindi policy, Tamil antiquity, and future consequences were not independently verified."
sorpozhivugal/maanila_suya.md,மாநில சுயாட்சி,state autonomy,historical_term,"Established political and constitutional term; distinguished from secession or complete sovereignty."
sorpozhivugal/maanila_suya.md,மாதம் மும்மாரி மழை,three rains a month,cultural_term,"Conventional theatrical image of ideal kingship used satirically about remote Union supervision."
sorpozhivugal/maanila_suya.md,தர்பார் பேச்சு,durbar-style conversation,cultural_term,"Ceremonial court conversation contrasted with direct responsibility for people's needs."
sorpozhivugal/maanila_suya.md,அக்ரம வவிவு,அக்கிரம வலிவு,probable,"OCR corruption meaning unjust power; resolved only in English."
sorpozhivugal/maanila_suya.md,ஓளரங்கசீப்,ஔரங்கசீப் / Aurangzeb,probable,"Historical ruler is contextually identifiable; conventional English name used."
sorpozhivugal/maanila_suya.md,பிரச்சினைகளைத் தர்க்க முடியும்,பிரச்சினைகளைத் தீர்க்க முடியும்,probable,"Clear contextual OCR error; translated as solve problems."
sorpozhivugal/maanila_suya.md,Political constitutional administrative and historical assertions,Translated in source voice,source_claim,"Claims about Union-state powers, empires, officials, Kallakurichi, and policy were not independently verified."
sorpozhivugal/reapraisal.md,All source pages,English source OCRed with Tamil model,wrong_language,"The scans contain English text, but OCR language tam produced unusable mixed-script output. English re-OCR is required before source-faithful translation; file is not counted complete."
sorpozhivugal/call_to_the.md,All source pages,English source OCRed with Tamil model,wrong_language,"The scans contain English text, but OCR language tam produced unusable mixed-script output. English re-OCR is required before source-faithful translation; file is not counted complete."
sorpozhivugal/aezhaikku.md,சொற்பொழிவின் சுருக்கம்,Editorial speech summary,title_layout,"The source explicitly identifies itself as a summary; English does not claim verbatim completeness."
sorpozhivugal/aezhaikku.md,7008 காரணங்கள்,"7,008 reasons",unresolved,"The unusual source number is retained without guessing whether it is rhetorical or typographical."
sorpozhivugal/aezhaikku.md,பச்சைத் தமிழர்,true Tamil,source_rhetoric,"Political epithet retained in quotation marks within the wedding-feast satire."
sorpozhivugal/aezhaikku.md,சுட்டுத்தள்ளு அப்பளத்தை,dismissive remote order,unresolved,"OCR and idiom are unclear; English conveys only the secure contextual sense and does not reconstruct exact wording."
sorpozhivugal/aezhaikku.md,சவுரி,added hairpiece,cultural_term,"Historical term for false hair or an attached braid, explained in Translator Notes."
sorpozhivugal/aezhaikku.md,சிந்து பாடும் சிற்றாறுகள்,little streams singing sindhu songs,cultural_term,"Tamil musical-poetic image retained rather than flattened."
sorpozhivugal/aezhaikku.md,Political economic financial industrial geographical and historical assertions,Translated in source voice,source_claim,"Claims about plans, loans, taxes, resources, industries, and political leaders were not independently verified."
sorpozhivugal/aabasa170259_2.md,எனறம நாள் : 77.0.2.1959,உரை 26 / நாள்: 17.02.1959,verified_image,"The scan clearly prints speech number 26 and date 17.02.1959; only the English translation resolves the damaged OCR metadata."
sorpozhivugal/aabasa170259_2.md,இந்தச் சட் டத்தி படத த்தப்.,இந்தச் சட்டத்தில் நாங்கள் பயப்படத்தக்கது,verified_image,"The scan clearly supplies the Minister's question that there is nothing in the Bill for the opposition to fear."
sorpozhivugal/aabasa170259_2.md,ஒரு பெரிய கதையை,ஒரு பெரிய கதையை [கதையை means cudgel in print context],verified_image,"The scan itself prints கதையை; context and the repeated தடி identify the intended object as a great cudgel. Tamil source remains verbatim."
sorpozhivugal/aabasa170259_2.md,கைத்தடியை - இந்த மசோதாவை திருஷ்டிக்கிறீர்கள்,கைத்தடியை - இந்த மசோதாவை சிருஷ்டிக்கிறீர்கள்,verified_image,"The scan shows சிருஷ்டிக்கிறீர்கள்; translated as creating a cudgel, this Bill."
sorpozhivugal/aabasa170259_2.md,எதிர்க்கட்சியை ஒடுக்குவதற்கு damaged paragraph,எதிர்க்கட்சியை ஒடுக்குவதற்கு ... இது என்பது எனது மதிப்பிற்குரிய நண்பர்கள் எல்லாம் சொன்னார்கள்,verified_image,"The scan was inspected to recover the paragraph's secure meaning; English avoids inventing words hidden by OCR loss."
sorpozhivugal/aabasa170259_2.md,நீக்ரோக்களை,Black Africans,historical_term,"The source's period terminology is rendered in current respectful English while preserving the Tamil source verbatim."
sorpozhivugal/aabasa170259_2.md,Political legal and historical assertions,Translated in source voice,source_claim,"Assertions about the Bill, police powers, South African permit laws, and punishment were not independently verified."
sorpozhivugal/ideal_society.md,All source pages,English source OCRed with Tamil model,wrong_language,"The ten scans contain English text, but OCR language tam produced unusable mixed-script output. English re-OCR is required before source-faithful translation; file is not counted complete."
sorpozhivugal/thithikkkum.md,தித்திக்கும் தேன்தமிழில் தெவிட்டாத திருக்குறள்,The Never-Cloying Tirukkural in Honey-Sweet Tamil,title_translation,"The linked sweetness images are preserved without flattening both Tamil adjectives into one English word."
sorpozhivugal/thithikkkum.md,இசையரசு தண்டபாணி தேசிகர்,sovereign of music Dandapani Desikar,honorific,"The artistic honorific is translated and the personal name transliterated."
sorpozhivugal/thithikkkum.md,நாவலர்,Navalar,honorific,"The source supplies only the honorific; English does not add an identity not stated in this document."
sorpozhivugal/thithikkkum.md,ஒருவித 'களை',a certain radiance,contextual,"களை denotes an expressive glow or distinctive appearance in the imagined flute-playing face."
sorpozhivugal/thithikkkum.md,பிறப்பொக்கும் எல்லா உயிர்க்கும்,All beings are equal by birth,source_allusion,"The source quotes the opening of Tirukkural 972; English gives its familiar contextual sense while Tamil remains verbatim."
sorpozhivugal/thithikkkum.md,Social cultural and historical assertions,Translated in source voice,source_claim,"Claims about language, caste, cultural loss, government practice, and Valluvar are not independently verified."
sorpozhivugal/kaikodukkum.md,கை கொடுக்கும் கரங்கள்,Hands Extended in Support,title_translation,"The idiom and its surrounding assurances indicate helping hands rather than a literal transaction."
sorpozhivugal/kaikodukkum.md,இதம் நடத்துவோர்,இதழ் நடத்துவோர் / journalists,verified_image,"The page 3 scan clearly prints இதழ் நடத்துவோர்; the correction is applied only in English and the Tamil source remains verbatim."
sorpozhivugal/kaikodukkum.md,பாருக்குள்ளே நல்ல நாடு,the finest country on earth,source_allusion,"An allusion to Bharati is translated contextually without adding verse not printed in the source."
sorpozhivugal/kaikodukkum.md,பயன்தரத்தக்க வாய்ப்பாகக் ௧௬த,பயன்தரத்தக்க வாய்ப்பாகக் கருத,verified_image,"The page 5 scan clearly supplies கருத; translated as regarded as a useful opportunity."
sorpozhivugal/kaikodukkum.md,மற்றவர்களின் கருத்தறிவதிலே,learning the views of others,verified_image,"The final scan confirms this is part of a complete closing list of qualities needed in Union-state relations."
sorpozhivugal/kaikodukkum.md,Political administrative economic and historical assertions,Translated in source voice,source_claim,"Claims about governance, prices, production, state governments, Union relations, and the 1967 political situation were not independently verified."
sorpozhivugal/aasiriyar.md,சிறப்புச் சொற்பொழிவின் சுருக்கம்,summary of the special address,title_layout,"The source explicitly labels the text a summary; English does not present it as a verbatim transcript."
sorpozhivugal/aasiriyar.md,நேரு ஆதார பயிற்சிப் பள்ளி,Nehru Basic Training School,historical_term,"Basic is the period educational designation in the source."
sorpozhivugal/aasiriyar.md,அகமும் புறமும் படித்து,however widely they may read,contextual,"The idiom conveys extensive learning; English avoids an unhelpfully literal inside-and-out rendering."
sorpozhivugal/aasiriyar.md,பண்டாரம் பாதுஷாக்கள்,a mendicant or a padishah,cultural_term,"The contrasting social types are retained conservatively and explained in Translator Notes."
sorpozhivugal/aasiriyar.md,அறிவட்டி அக்க வேலையில்,அறிவூட்டி அந்த வேலையில்,probable,"Context indicates imparting knowledge and working enthusiastically in that task; the resolution appears only in English."
sorpozhivugal/aasiriyar.md,புத்துலக வெலாற்றை,புத்துலக வரலாற்றை / the history of a new world,probable,"Clear contextual OCR damage; Tamil source remains verbatim."
sorpozhivugal/aasiriyar.md,Educational social political and historical assertions,Translated in source voice,source_claim,"Claims and examples concerning salaries, curricula, the Congo, mythology, science, currency, and social reform were not independently verified."
sorpozhivugal/allal_agala.md,Image 3 substantial opening and middle text omitted by OCR,Re-OCR required,missing_ocr_text,"Visual inspection shows that the corrected OCR file begins Image 3 well below the scan's opening and omits substantial paragraphs before the aluminium-factory discussion. The work is not counted complete."
sorpozhivugal/jananayagathin.md,பாசறை,camp or encampment,cultural_term,"The military-organisational image links the title to the source's weapons and struggle metaphors."
sorpozhivugal/jananayagathin.md,நமது பரணி,our heroic song,cultural_term,"பரணி is a Tamil heroic poetic genre; English conveys its function while the source term remains verbatim."
sorpozhivugal/jananayagathin.md,உங்களை தாடி யோசனை கேட்கவும்,உங்களை நாடி யோசனை கேட்கவும்,probable,"Context clearly indicates seeking comrades out for advice; the resolution appears only in English."
sorpozhivugal/jananayagathin.md,நாவலர்,Navalar,honorific,"The source supplies only the honorific and English does not add an identity."
sorpozhivugal/jananayagathin.md,நம் நாடு,Nam Nadu,publication_title,"The Tamil journal title is transliterated rather than translated as an ordinary phrase."
sorpozhivugal/jananayagathin.md,Organisational political and historical assertions,Translated in source voice,source_claim,"Claims about the movement's founding, elections, committees, rules, finances, membership, and democratic practice were not independently verified."
sorpozhivugal/manavamanigalin.md,1ாடயாணவாமணிகளின் மாணிக்கத் தொண்டு,மாணவமணிகளின் மாணிக்கத் தொண்டு / The Precious Service of Student Gems,verified_image,"The scan title is clear despite severe OCR damage; the correction appears in the English heading while Tamil source remains verbatim."
sorpozhivugal/manavamanigalin.md,1968 சனவரி 25 and 1969-ம் ஆண்டு,25 January 1968 and 1969,source_inconsistency,"The source gives two different years in adjacent discussion of the proposed action. Both are retained and not silently harmonised."
sorpozhivugal/manavamanigalin.md,அறப்போர்,non-violent struggle,contextual,"Here it directly replaces பலாத்காரம் or violence; the broader literal sense is righteous or moral struggle."
sorpozhivugal/manavamanigalin.md,பாத்தியதை,பாத்தியதை / claim or credit,probable,"Context concerns students claiming credit for Ilakkuvanar receiving a post; English translates the secure sense without editing Tamil."
sorpozhivugal/manavamanigalin.md,முதல் சர்வாதிகாரி,first dictator,historical_term,"A quoted historical movement office or designation; retained in quotation marks and not treated as governmental dictatorship."
sorpozhivugal/manavamanigalin.md,Political linguistic legal biographical numerical and historical assertions,Translated in source voice,source_claim,"Claims concerning the Anti-Hindi movement, prisoners, cases, Ilakkuvanar, language status, political figures, casualties, and legislation were not independently verified."
sorpozhivugal/nadagathil_oru.md,Image 1 cropped at bottom mid-sentence,Complete source scan required,missing_scan_text,"The source image itself ends mid-sentence after நாடகங் and Image 2 resumes with அவற்றைப்போலவே. Missing Tamil cannot be recovered faithfully from OCR; the work is not counted complete."
sorpozhivugal/arasu_endral.md,சொற்பொழிவின் சுருக்கம்,summary of the speech,title_layout,"The source explicitly labels the text a summary; English does not claim verbatim completeness."
sorpozhivugal/arasu_endral.md,படிப்பகம்,reading room,cultural_term,"A local reading and study centre; translated consistently throughout the address."
sorpozhivugal/arasu_endral.md,புரசைப் படிப்பகம்,Purasai Reading Room,proper_name,"The place-based institutional name is transliterated rather than treated as an ordinary adjective."
sorpozhivugal/arasu_endral.md,அரிசன மக்கள்,people of the Harijan communities,historical_term,"Period terminology is retained in historical form with an explanatory note; it is not presented as neutral contemporary usage."
sorpozhivugal/arasu_endral.md,படி,measure,historical_measure,"The historical rice-volume unit is translated generically because the source's argument depends on the price ratio rather than exact volume."
sorpozhivugal/arasu_endral.md,அபிீசு,office,probable,"A clear OCR or print-form rendering of the English loanword office; resolved only in translation."
sorpozhivugal/arasu_endral.md,Political electoral economic regional linguistic numerical and historical assertions,Translated in source voice,source_claim,"Claims about prices, administrations, leaders, voting, federal unity, literature, communities, and the 1962 election were not independently verified."
sorpozhivugal/urimai161259.md,All source pages,English source OCRed with Tamil model,wrong_language,"The ten scans contain English legislative text, but OCR language tam produced unusable mixed-script output. English re-OCR is required before source-faithful translation; file is not counted complete."
sorpozhivugal/satta_desiya_ava.md,ப்ரூடென்ஸ் and கவர்டிஸ்,prudence and cowardice,verified_context,"The damaged parenthetical OCR is resolved from the clear Tamil transliterations and the explicit conceptual contrast."
sorpozhivugal/satta_desiya_ava.md,மார்ட்டின் லூதர் historical example,Translated as printed,source_claim,"The source account appears historically compressed or irregular; English preserves it as the speaker's assertion rather than silently substituting another event."
sorpozhivugal/satta_desiya_ava.md,பார்ப்பனர் and பார்ப்பனீயம்,Brahmins and Brahminism,historical_term,"English preserves the source's distinction between persons and the ideology the speaker criticises."
sorpozhivugal/satta_desiya_ava.md,தூதன் பாகன் பாணன்,messenger charioteer and bard,cultural_term,"Sangam literary mediation roles are translated literally in the one-sided-love analogy."
sorpozhivugal/satta_desiya_ava.md,மாஜி தலைவர் மாஜி தோழர்,former leader and former comrade,historical_term,"The period English loanword மாஜி means former or ex; translated contextually."
sorpozhivugal/satta_desiya_ava.md,Political legal literary biographical and historical assertions,Translated in source voice,source_claim,"Claims about parties, legislation, constitutional burning, social order, Periyar, Kamaraj, Congress, punishment, and literary convention were not independently verified."
sorpozhivugal/seermigu_seerani.md,Images 5 and 6 repeat Images 3 and 4,Duplicated source scans,duplicate_source,"All Tamil source pages remain verbatim; repeated passages are translated once and the duplication is documented in Translator Notes."
sorpozhivugal/seermigu_seerani.md,சீரணி,Seerani,coined_name,"The institutional name combines senses of சீர் and அணி; retained as a proper name and explained where the source derives it."
sorpozhivugal/seermigu_seerani.md,Numbered principle shown as 2 after 6,7,source_numbering,"English restores sequential numbering for readability while Tamil preserves the printed or OCR numbering error."
sorpozhivugal/seermigu_seerani.md,வகுப்புகளே வேண்டாம்,people who want no classes at all,contextual,"வகுப்பு denotes social class or division in the list of people joining Seerani."
sorpozhivugal/seermigu_seerani.md,அறிவட்டுவதிலும்,அறிவூட்டுவதிலும் / imparting education,probable,"A clear contextual OCR error; resolved only in English."
sorpozhivugal/seermigu_seerani.md,Social administrative environmental numerical and historical assertions,Translated in source voice,source_claim,"Claims about Seerani membership, government capacity, poverty, sanitation, adult education, the Cooum, and public works were not independently verified."
sorpozhivugal/samadarmam.md,சமதர்மம்,Samadharma or egalitarian social order,key_term,"The term overlaps equality equal justice egalitarianism and socialism; retained where it names the central ideal and translated contextually elsewhere."
sorpozhivugal/samadarmam.md,தோழமை,comradeship,key_term,"The source explicitly ranks it beyond unity cooperation agreement friendship and affection; translated consistently as comradeship."
sorpozhivugal/samadarmam.md,ஊராரும் முறையாக,ஊர்ஜித முறையாக / in a ratifying manner,probable,"Context contrasts speech that ratifies existing arrangements with moral instruction; resolution appears only in English."
sorpozhivugal/samadarmam.md,சாகுதன்,salvation,unresolved,"The OCR form is uncertain within a list of religious destinations objects and practices; English conveys the secure contextual category without altering Tamil."
sorpozhivugal/samadarmam.md,சங்கதம்,classical music,cultural_term,"In context the term refers to Carnatic or classical music and the difficulty of singing with voice pitch and rhythm aligned."
sorpozhivugal/samadarmam.md,Concluding Bharathidasan verse,Sense-based line translation,poetry_translation,"English preserves eight-line structure and argument; Tamil verse remains authoritative."
sorpozhivugal/samadarmam.md,Religious caste economic scientific labour and historical assertions,Translated in source voice,source_claim,"Claims about caste religion resources labour productivity history intellectual movements and social revolution were not independently verified."
sorpozhivugal/standly.md,ஸ்டான்லி (6181) மருத்துவமனை மருத்துவக் கல்லூரி,Stanley Medical College,verified_context,"The parenthetical OCR is damaged, but the repeated institution name and source folder securely identify Stanley."
sorpozhivugal/standly.md,ஓயப்பாடுகள்,ஐயப்பாடுகள் / doubts,probable,"The surrounding passage concerns suspicion and doubt about Tamil attachment; resolved only in English."
sorpozhivugal/standly.md,சூறிய வெளிச்சம்,சூரிய வெளிச்சம் / sunlight,probable,"Clear contextual OCR error in the sugarcane analogy; Tamil source remains verbatim."
sorpozhivugal/standly.md,தாபய்மொழிப்பற்று,தாய்மொழிப்பற்று / attachment to the mother tongue,probable,"Clear OCR corruption in the closing sentence; resolved only in translation."
sorpozhivugal/standly.md,கண்ணிரண்டையும் விற்றுச் சித்திரம் வாங்குதல்,selling both eyes to buy a painting,source_allusion,"Bharati-derived metaphor retained compactly and explained in Translator Notes."
sorpozhivugal/standly.md,Political cultural agricultural demographic geographic and historical assertions,Translated in source voice,source_claim,"Claims about life unity language sugarcane migration Parliament regional culture and the Dravida Nadu decision were not independently verified."
sorpozhivugal/tharugiraen50.md,தருகிறேன் 50 லட்சம்,I Will Raise Fifty Lakh Rupees,title_translation,"The speech explicitly promises to collect the amount if government admits inability; English follows that contextual action."
sorpozhivugal/tharugiraen50.md,Garbled English administrative lines on Image 3,Translated from immediate Tamil paraphrase,unresolved,"Unreadable OCR is not reconstructed; English uses only the secure Tamil explanation that follows."
sorpozhivugal/tharugiraen50.md,சேரி,slum,historical_term,"The period urban term is translated by the settlement conditions described throughout the speech."
sorpozhivugal/tharugiraen50.md,உலுத்தர்கள் பறையர்கள்,Uluthars and Paraiyars,historical_term,"Period caste labels are retained in quotation marks within the source's condemnation of exclusion; not presented as neutral contemporary usage."
sorpozhivugal/tharugiraen50.md,வீடு நமக்குத் திருவாலங்காடு கையிலுண்டு நமக்குத் திருவோடு,Thiruvalangadu is our home and the begging bowl is in our hand,cultural_term,"A cultural expression of homelessness and destitution; precise source is not identified in the document."
sorpozhivugal/tharugiraen50.md,Political financial municipal land housing religious caste numerical and historical assertions,Translated in source voice,source_claim,"Claims about government expenditure land ownership prices temples bungalows London occupations aircraft and slum policy were not independently verified."
sorpozhivugal/thiruppathur.md,74-77-1937,14-11-1937,verified_image,"The first source scan clearly prints 14-11-1937; the date is corrected only in English metadata."
sorpozhivugal/thiruppathur.md,ச. ம. இயக்கம்,Self-Respect Movement,abbreviation,"Expanded contextually from the conference title and movement references."
sorpozhivugal/thiruppathur.md,வெடிகுண்டுக்கும் தக்ளிக்கும் போட்டி,bomb against the spinning spindle,cultural_term,"The political image contrasts colonial force and nationalist spinning; source rhetoric is retained."
sorpozhivugal/thiruppathur.md,கிளர்ச்சிக்காரர்களுக்கும் கீரைக்கும்,agitators and edible greens,wordplay,"Both are described as undervalued until needed to cure political or bodily harm."
sorpozhivugal/thiruppathur.md,மஞ்சள் பெட்டி,yellow ballot box,historical_term,"Colour-coded election reference associated with Congress in the source context."
sorpozhivugal/thiruppathur.md,மனுதர்மம்,Manu's justice,historical_term,"Rendered as a caste-law critique rather than the neutral phrase justice or morality."
sorpozhivugal/thiruppathur.md,Political party caste religious educational linguistic electoral biographical and historical assertions,Translated in source voice,source_claim,"Claims concerning the Self-Respect Movement Congress Justice Party ministries leaders prohibition education Hindi and elections were not independently verified."
sorpozhivugal/thoazhamaya.md,Image 5 duplicates Image 4 and intervening source text is missing,Complete source page required,missing_scan_text,"The source jumps from an unfinished famine sentence at the end of the duplicated passage to Maraimalai Adigal on Image 6. A missing page cannot be reconstructed faithfully; work is not counted complete."
sorpozhivugal/vithikku_adimai.md,[948,1948,verified_context,"The opening heading's year has lost its first digit in OCR; source format and surrounding text identify 1948."
sorpozhivugal/vithikku_adimai.md,கூட்டுச்சரக்கு,composite affliction,key_term,"The fever analogy treats slavery as a bundle of connected symptoms rather than one removable condition."
sorpozhivugal/vithikku_adimai.md,விதி காமம் வினை தலையெழுத்து,fate karma deed and writing upon the head,probable,"காமம் likely reflects OCR damage to கர்மம்; English conveys the contextual list without altering Tamil."
sorpozhivugal/vithikku_adimai.md,தாலி,marriage pendant,cultural_term,"Explained through the action of tying it rather than replaced by a Western marriage object."
sorpozhivugal/vithikku_adimai.md,பஞ்சாங்கத்துக்குப் பக்கத்திலே அட்லாஸ்,the atlas beside the almanac,cultural_term,"The source contrasts inherited cosmology with geographic knowledge; compact image retained."
sorpozhivugal/vithikku_adimai.md,Scientific religious social medical political and historical assertions,Translated in source voice,source_claim,"Claims about fate medicine empire mythology science geography media and intellectual reform were not independently verified."
sorpozhivugal/suthanthira_indiavil.md,படிப்பற்று,illiteracy,verified_context,"The printed/OCR form is contextually read as படிப்பறிவு இல்லாமை; Tamil source remains unchanged."
sorpozhivugal/suthanthira_indiavil.md,ஐளராருக்கும்,everyone,probable,"OCR-corrupted word in the passage about telling others of freedom's benefits; translated from context."
sorpozhivugal/suthanthira_indiavil.md,அதனைத் இதீட்ட,create or attain it,probable,"The damaged verb refers to making the pictured independent India a reality."
sorpozhivugal/suthanthira_indiavil.md,உலகத்தைக் திராமத்தாருக்கு,show the world to villagers,probable,"திராமத்தாருக்கு is read contextually as கிராமத்தாருக்கு without changing the preserved source."
sorpozhivugal/suthanthira_indiavil.md,தீட்டியான பிறகு,after they have painted it,probable,"OCR appears to have joined or damaged the verbal form; meaning follows the surrounding painting metaphor."
sorpozhivugal/suthanthira_indiavil.md,ப்ளூஜாகர் வைரம்,Blue Jager diamond,uncertain_term,"Conservative transliteration; the exact historical diamond or trade name has not been established."
sorpozhivugal/suthanthira_indiavil.md,சதவை இழுத்துச் சாத்தடா,pull the door shut,probable,"சதவை is read as கதவை from syntax; source text remains verbatim."
sorpozhivugal/suthanthira_indiavil.md,என் முலம் என்ன,my lineage,probable,"OCR likely damaged குலம்; translated contextually alongside gotra caste and status."
sorpozhivugal/suthanthira_indiavil.md,Social political religious economic and historical assertions,Translated in source voice,source_claim,"Claims about independence caste labour religion education industry and social reform were not independently verified."
sorpozhivugal/tamil_azhikum.md,29-56-1960,29-6-1960,verified_image,"Image 1 clearly prints 29-6-1960; OCR inserted an extra digit. Preserved Tamil OCR remains unchanged."
sorpozhivugal/tamil_azhikum.md,அளுபவர்களாக,rulers,probable,"Context indicates ஆளுபவர்களாக in a list with merchants and officials."
sorpozhivugal/tamil_azhikum.md,கட்டுக்கழுத்தி,married woman,cultural_term,"Rendered by its contextual meaning; the source itself explains the marriage pendant and forehead mark."
sorpozhivugal/tamil_azhikum.md,சூடு சொரணை,pride and feeling,cultural_term,"Idiomatic pair denotes honour self-respect and sensitivity rather than literal heat."
sorpozhivugal/tamil_azhikum.md,அண்டார்கள்,ruled or came to rule,probable,"OCR likely damaged ஆண்டார்கள்; translated from the political context."
sorpozhivugal/tamil_azhikum.md,அரிதி / நபாய், rice / rupee,probable,"OCR damage in the historical price comparison is resolved contextually in English only."
sorpozhivugal/tamil_azhikum.md,பூசணிக்காய் புடலங்காய் வெண்டைக்காய் காம்பு,pumpkin snake gourd okra stalk,cultural_metaphor,"The shrinking-vegetable sequence illustrating tax loss is retained rather than normalised."
sorpozhivugal/tamil_azhikum.md,சிந்திரி,Sindri,verified_context,"Place associated in the source with manufacture of fertiliser for southern fields."
sorpozhivugal/tamil_azhikum.md,எண்ணெய் அற்றுக்கள்,oil-bearing rivers,probable,"அற்றுக்கள் likely represents ஆறுகள்; translated conservatively without altering Tamil."
sorpozhivugal/tamil_azhikum.md,Political linguistic economic biographical and historical assertions,Translated in source voice,source_claim,"Claims about Hindi policy prices taxation industry migration leaders governments and protests were not independently verified."
sorpozhivugal/thanjai_manattil.md,வன்சணாளர்கள்,deceivers or agents of domination,probable,"OCR-damaged political descriptor translated from the surrounding discussion of coercive linguistic power."
sorpozhivugal/thanjai_manattil.md,சனர் படையெடுப்பு,Chinese invasion,verified_context,"சனர் is read as சீனர் in the 1963 national-emergency context; Tamil source remains unchanged."
sorpozhivugal/thanjai_manattil.md,தி. மு. ௧.,DMK,verified_context,"Tamil numeral-like OCR glyph represents the final கழகம் abbreviation."
sorpozhivugal/thanjai_manattil.md,இறந்த நிபுணர்கள்,distinguished experts,probable,"Context calls for சிறந்த rather than the OCR reading இறந்த."
sorpozhivugal/thanjai_manattil.md,ஓம்பத்தொரு சட்டமன்ற உறுப்பினர்கள்,fifty-one members of the Legislative Assembly,uncertain_number,"OCR number is interpreted as ஐம்பத்தொரு; scan or independent historical source should be checked before treating the count as definitive."
sorpozhivugal/thanjai_manattil.md,ழே / ழே,below / below,verified_context,"Both squirrel-anecdote occurrences have lost the initial கீ of கீழே in OCR."
sorpozhivugal/thanjai_manattil.md,பல மூலிகைகளைக் கொண்ட ஓர் மலை,a mountain containing many medicinal herbs,cultural_allusion,"Likely evokes the Sanjeevani-bearing mountain; image retained without adding an identification to the speech."
sorpozhivugal/thanjai_manattil.md,Political linguistic electoral institutional biographical and historical assertions,Translated in source voice,source_claim,"Claims about Hindi policy parties elections legislators leaders China and constitutional action were not independently verified."
sorpozhivugal/viduthalai_thirunalil.md,அணவபுரியினர்,the arrogant or imperial rulers,probable,"OCR-damaged noun translated from the surrounding confrontation with imperial authority."
sorpozhivugal/viduthalai_thirunalil.md,மீரங்கிச் சத்தம்,cannon fire,probable,"OCR likely lost the initial பி of பீரங்கி; English follows the military context."
sorpozhivugal/viduthalai_thirunalil.md,கரண்டப்படாமல்,without being exploited,probable,"Read contextually as சுரண்டப்படாமல் in parallel with சுரண்டாமல்; Tamil source is unchanged."
sorpozhivugal/viduthalai_thirunalil.md,ழு அ / [௦றப்பதற்கில்லை,மறைப்பதற்கில்லை / it cannot be concealed,probable,"Severe OCR damage across the page break; syntax and the parallel sentence that follows support this reading."
sorpozhivugal/viduthalai_thirunalil.md,உறு பசியும் ஓவாப் பிணியும் செறுபகையும் அற்றது நாடு,a country free from devastating hunger unceasing disease and destructive enmity,literary_quote,"Translated from the wording retained in the speech without replacing it from an external Tirukkural edition."
sorpozhivugal/viduthalai_thirunalil.md,கணக்குத் தீர்த்த நாள் / புதுக்கணக்குப் போட்ட நாள்,the day an account was settled / a new account was opened,key_metaphor,"The accounting metaphor for 1947 and the twenty-year review is retained throughout the closing argument."
sorpozhivugal/viduthalai_thirunalil.md,Political economic social biographical literary and historical assertions,Translated in source voice,source_claim,"Claims about independence Gandhi national development labour governance and social conditions were not independently verified."
sorpozhivugal/velanmai180948.md,Substantial OCR loss across Images 1 2 4 5 6 and 8,Scan-assisted re-OCR required,missing_ocr_text,"Legislative clauses and an English quotation are too damaged for a complete faithful translation; work deferred and not counted complete."
sorpozhivugal/vetri_veerargalukku.md,37-03-1957 / 75 winners,31-03-1957 / 15 winners,verified_image,"Image 1 clearly prints the date and count; Tamil OCR remains unchanged."
sorpozhivugal/vetri_veerargalukku.md,Images 6 and 7 duplicate Images 4 and 5,Repeated source scans,duplicate_scan,"All duplicated Tamil OCR is preserved but the repeated speech passage is translated once."
sorpozhivugal/vetri_veerargalukku.md,12 இலட்சம் / 17 இலட்சம்,17 lakh,source_discrepancy,"One line reads 12 lakh while surrounding and duplicated passages repeatedly state 17 lakh; English follows the dominant contextual count."
sorpozhivugal/vetri_veerargalukku.md,அடுக்குமொழி / தடுக்குமொழி,ornamented rhetoric / obstructive language,wordplay,"The contrast and sound-play are retained through explanatory English terms."
sorpozhivugal/vetri_veerargalukku.md,தீவட்டி டார்ச் விளக்கு அரிவாள் ஆப்பரேஷன் கத்தி,firebrand torch sickle surgeon's knife,key_metaphor,"Contrasts destructive or crude tools with illuminating and precise use of political power."
sorpozhivugal/vetri_veerargalukku.md,Political electoral cultural legal biographical and historical assertions,Translated in source voice,source_claim,"Claims about parties elections vote counts leaders newspapers courts culture and legislative conduct were not independently verified."
sorpozhivugal/malarum_maanavar.md,கேட்கக் சதமாய்,sweet to hear,probable,"OCR-damaged phrase translated through its parallel with காணக் காட்சியாய்."
sorpozhivugal/malarum_maanavar.md,ஓரஈ௩யிரம் எண்ணங்கள்,a thousand thoughts,probable,"Mixed-script OCR damage is read contextually as ஓராயிரம்."
sorpozhivugal/malarum_maanavar.md,சுரங்கவெடிகள் சப்மெரைன் டார்ப்பிடோக்கள் டாங்கிப்படை,mines submarine torpedoes armoured force,historical_metaphor,"The extended military imagery for student activism is retained."
sorpozhivugal/malarum_maanavar.md,அடுத்துக்கெடுப்போருக்கு அசாபாசமறிந்து அகுதி தரவும்,discern schemers' wishes and make offerings,uncertain_phrase,"Substantial character damage; English conservatively follows the surrounding satire of office-seekers serving superiors."
sorpozhivugal/malarum_maanavar.md,பணியாக்களின் பணியாள்,servant of the baniyas,probable,"பணியாக்கள் is read as the historical community/economic term baniyas rather than generic workers."
sorpozhivugal/malarum_maanavar.md,புது உலகச் அற்பம்,the sculpture of a new world,probable,"OCR likely lost the initial சி of சிற்பம்; translated from the familiar sculpting metaphor."
sorpozhivugal/malarum_maanavar.md,Political social religious cultural and historical assertions,Translated in source voice,source_claim,"Claims about Aryanism Dravidian history caste religion colonialism trade and separatism were not independently verified."
sorpozhivugal/kovai_thaerthal.md,16-12-1967,16-12-1961,verified_image,"Image 1 clearly prints 1961; repeated references to the forthcoming 1962 election corroborate it. Tamil OCR remains unchanged."
sorpozhivugal/kovai_thaerthal.md,பிப்ரவரித் தங்களில்,the election in February,probable,"OCR-damaged plural or month phrase translated from the immediate election context."
sorpozhivugal/kovai_thaerthal.md,புடம் போட்டு எடுக்கப்பட்ட,tested in the furnace,cultural_metaphor,"Traditional refining image used to describe seasoned DMK candidates."
sorpozhivugal/kovai_thaerthal.md,ஓட்டிவைக்கப்பட்டவர்கள்,people pasted or placed into candidacy,wordplay,"Contrasted with candidates refined in a furnace; rendered conservatively as political placement."
sorpozhivugal/kovai_thaerthal.md,பேய் ஓட்டிய பூசாரி,the priest who drove out a spirit,key_metaphor,"Extended analogy for Congress expelling British rule and then retaining power."
sorpozhivugal/kovai_thaerthal.md,ஊளர்க்குடி கெடுப்பவர்கள்,those who ruin the village community,probable,"OCR likely damages ஊர்க்குடி; translated from its contrast with people who labour for the town."
sorpozhivugal/kovai_thaerthal.md,Political electoral institutional biographical and historical assertions,Translated in source voice,source_claim,"Claims about parties candidates leaders elections independence protests business interests and legislative conduct were not independently verified."
sorpozhivugal/kulayum.md,28.11.21,28-10-1961,verified_context,"Image 1's faint middle digits are best read as 10; the article is dated 9.11.61 so an event on 28.11.61 would be impossible. Tamil OCR remains unchanged."
sorpozhivugal/kulayum.md,குலையும் தண்டும் வடக்கே எஞ்சிய மட்டை இங்கே,the bunch and stem go North the remaining sheath is here,key_metaphor,"Title and closing banana-plant analogy describe fiscal resources going north while a remnant stays in Tamil Nadu."
sorpozhivugal/kulayum.md,ரூ.(01/॥,election-fund contribution of unreadable amount,uncertain_number,"OCR and visible scan do not support a reliable numeric reconstruction; no amount is invented in English."
sorpozhivugal/kulayum.md,ரங்கராட்டின ஆட்சி,merry-go-round government,cultural_metaphor,"State ministers are compared to children on toy animals controlled by the central operator."
sorpozhivugal/kulayum.md,ஊளர்வலம் / சஊளர்வலம் / சளர்வலம்,procession,probable,"Repeated OCR damage to ஊர்வலம் is resolved contextually in English only."
sorpozhivugal/kulayum.md,களராட்சி / சளராட்சி,local council,probable,"Repeated OCR damage to ஊராட்சி is resolved contextually."
sorpozhivugal/kulayum.md,Political economic biographical institutional and historical assertions,Translated in source voice,source_claim,"Claims about Congress debt federal power ministers taxation leaders and elections were not independently verified."
sorpozhivugal/nithi_othukka260757.md,Substantial OCR loss across Images 1 and 3,Scan-assisted re-OCR required,missing_ocr_text,"Legislative sentences and policy clauses are missing or heavily scrambled; work deferred and not counted complete."
sorpozhivugal/poar_murasu_kotti.md,Missing source page between Images 5 and 6,Complete source page required,missing_scan_text,"Image 5 ends mid-sentence on Nehru and non-Hindi speakers; Image 6 begins later in the repression discussion. Work deferred and not counted complete."
sorpozhivugal/hindi_ethirpu_mana.md,[-8-1960,1-8-1960,verified_image,"Image 1 clearly prints 1-8-1960; Tamil OCR remains unchanged."
sorpozhivugal/hindi_ethirpu_mana.md,பத்தோடு பதினொன்று அத்தோடு இது ஒன்று,an eleventh item added to ten others,cultural_idiom,"Expresses refusal to let the movement become one inconsequential organisation among many."
sorpozhivugal/hindi_ethirpu_mana.md,சைக்கிள் சக்கரத்தில் ஓலை,palm strip tied to a bicycle wheel,key_metaphor,"Anna uses childish added noise as a warning against disorder in a nonviolent protest."
sorpozhivugal/hindi_ethirpu_mana.md,அண்மையுள்ள தன்மையில்,an honourable manner,probable,"OCR-damaged phrase translated from its contrast with repression and political meanness."
sorpozhivugal/hindi_ethirpu_mana.md,தி. மு. ௧.,DMK,verified_context,"Tamil numeral-like OCR glyph represents the final abbreviation for Kazhagam."
sorpozhivugal/hindi_ethirpu_mana.md,Political linguistic biographical institutional and historical assertions,Translated in source voice,source_claim,"Claims about Hindi policy leaders government assurances press support protests and party decisions were not independently verified."
sorpozhivugal/theendamai.md,Image 1 bibliographic footnote title,Do not reconstruct,unreadable_citation,"The year and C. Chidambaram Pillai attribution are partly readable but the English title is heavily corrupted; Tamil source remains preserved."
sorpozhivugal/theendamai.md,ஆதிதிராவிடர்,Adi-Dravidas,historical_term,"Period community term retained rather than replaced with a modern identity label."
sorpozhivugal/theendamai.md,தண்டாதார் / தீண்டாமை,people treated as untouchable / untouchability,historical_term,"English describes an imposed discriminatory status and practice rather than adopting it as an identity."
sorpozhivugal/theendamai.md,அவுரித்துத் தின்று உழலும் புலையரேனும்...,Even if they are outcastes who wander eating carrion...,literary_quote,"Translated conservatively from the wording present in the speech; duplicated source occurrence translated once."
sorpozhivugal/theendamai.md,உபகாரம் / உரிமை,charity / right,key_contrast,"The speech's central distinction between hierarchical assistance and equal legal status is retained."
sorpozhivugal/theendamai.md,Religious demographic social literary and historical assertions,Translated in source voice,source_claim,"Claims about temples communities population conversion reformers texts and temple-entry movements were not independently verified."
sorpozhivugal/mahatma_gandhi_marai.md,ஒரு நாட்டுக் காதையிலே பொன் ஏடு,a golden page in a country's story,probable,"OCR may damage வரலாற்றிலே or கதையிலே; English preserves the page-in-history metaphor."
sorpozhivugal/mahatma_gandhi_marai.md,சிட்டுக்குருவிகளுக்கு வல்லூறை எதிர்த்திடும் ஆற்றல்,giving sparrows power to confront the vulture,key_metaphor,"Metaphor for Gandhi enabling unarmed ordinary people to confront empire."
sorpozhivugal/mahatma_gandhi_marai.md,கலாம் நெளியும் நகரங்கள்,cities where disorder writhes,probable,"கலாம் is read contextually as கலகம் or disorder without altering Tamil."
sorpozhivugal/mahatma_gandhi_marai.md,ர் அது தடக்கிறது - மொழி அதிக்க சண்டைகூட ஓயவில்லை,Conflict continues and even the struggle over linguistic domination has not ceased,uncertain_phrase,"First clause is severely OCR-damaged; only recoverable general sense is translated and uncertainty retained."
sorpozhivugal/mahatma_gandhi_marai.md,Closing Nehru attribution,Translated from source wording,unverified_quote,"The passage is translated as printed/OCRed in the speech and not matched to an external transcript."
sorpozhivugal/mahatma_gandhi_marai.md,Political religious social biographical economic and historical assertions,Translated in source voice,source_claim,"Claims about Gandhi India empire Europe social conditions prohibition leaders and national movements were not independently verified."
sorpozhivugal/kaveri_thayin.md,சிறவை பறவை,siravai bird,uncertain_term,"Local crop-damaging bird name retained in transliteration because the precise species cannot be established from OCR context."
sorpozhivugal/kaveri_thayin.md,வேலமுள்,thorny acacia,probable,"Agricultural thorn name translated contextually; exact botanical identification remains unverified."
sorpozhivugal/kaveri_thayin.md,குலைதள்ளிய வாழை / விவசாயியின் வியர்வை,yielding banana / farmer's sweat,cultural_agricultural_metaphor,"Agricultural images are retained in the speech's argument for valuing labour."
sorpozhivugal/kaveri_thayin.md,ஆணை மலையாறு,Anamalai river,probable,"OCR spacing is resolved as ஆனைமலையாறு from the Kerala-Tamil Nadu water discussion."
sorpozhivugal/kaveri_thayin.md,மார்ச் 6-ந் தேதிக்குப் பிறகு,after 6 March,historical_reference,"Reference retained without adding an event identification not stated in the source."
sorpozhivugal/kaveri_thayin.md,Monetary agricultural water-sharing demographic political and historical assertions,Translated in source voice,source_claim,"Claims about food imports farming wages wartime Britain pesticides states rivers projects populations and leaders were not independently verified."
sorpozhivugal/ennai_kavarntha.md,அலாவுதீன் அற்புத தபம்,Aladdin's Wonderful Lamp,probable,"OCR likely damages தீபம்; established story title used in English while Tamil remains unchanged."
sorpozhivugal/ennai_kavarntha.md,சைமன் போரூவர்,Simón Bolívar,verified_context,"OCR/transliteration identified from the sequence of international liberation heroes with Garibaldi."
sorpozhivugal/ennai_kavarntha.md,ஆபட் எழுதிய நெப்போலியன் வரலாறு,Abbott's life of Napoleon,verified_context,"Author identified contextually as John S. C. Abbott; exact edition not established."
sorpozhivugal/ennai_kavarntha.md,கிப்பன் எழுதிய ரோம் சாம்ராஜ்யத்தின் எழுச்சியும் வீழ்ச்சியும்,Gibbon's The History of the Decline and Fall of the Roman Empire,verified_context,"Established English title restored from Tamil transliteration."
sorpozhivugal/ennai_kavarntha.md,Émile Zola proclamation,Translated from source wording,unverified_quote,"Quotation is rendered as present in Anna's speech and not matched to an external Zola text."
sorpozhivugal/ennai_kavarntha.md,நைடதம் புலவர்க்கு ஒளடதம் / கல்லாடம் படித்தவருடன் சொல்லாடாதே,Naidatham is medicine for poets / do not debate with one who studied Kalladam,literary_proverb,"Compact traditional praise sayings translated conservatively without textual emendation."
sorpozhivugal/ennai_kavarntha.md,Literary biographical political scientific and historical assertions,Translated in source voice,source_claim,"Claims about books authors heroes empires Tamil history reformers science and literary value were not independently verified."
sorpozhivugal/240868.md,Image 8 English text OCRed with Tamil model plus truncated exchanges,Mixed-language re-OCR required,wrong_ocr_language,"An entire English legislative passage is unreadable and earlier Tamil exchanges have missing clauses; work deferred and not counted complete."
sorpozhivugal/amaichar160361.md,Substantial OCR loss across Images 2 through 8,Scan-assisted re-OCR required,missing_ocr_text,"Large portions of the legislative speech are scrambled or absent; work deferred and not counted complete."
sirukathaigal/valli_nayakiyin.md,All four images have no OCR text,Re-OCR required,no_ocr_text,"No body text is available for translation; work not counted complete."
sirukathaigal/palapalan.md,All six images have no OCR text,Re-OCR required,no_ocr_text,"No body text is available for translation; work not counted complete."
sirukathaigal/moolakaranam.md,Images 1 through 5 have no OCR and Image 6 contains only the ending,Re-OCR required,missing_ocr_text,"Only the final page is available; work not counted complete."
sirukathaigal/kutravaali_yar.md,Images 2 through 6 have no OCR and Image 1 ends mid-sentence,Re-OCR required,missing_ocr_text,"Only the opening page is available; work not counted complete."
sirukathaigal/police_ponnusamy.md,மாலில் இலாகா,police department,probable,"OCR-damaged institutional phrase resolved from the received-information context."
sirukathaigal/police_ponnusamy.md,டூட்டி / கேஸ் / அரெஸ்ட்,duty / case / arrest,code_switching,"English loanwords represented in Tamil colloquial police speech are rendered directly while preserving tone."
sirukathaigal/police_ponnusamy.md,பாமா இருக்கப்ப இந்தக் கிருஷ்ணன் இன்னொரு பெண்ணைக் கட்டிக்கலாமா,while Bhama lives may Krishna marry another woman,key_satire,"The story applies the bigamy prohibition to a recurring divine-marriage festival as its central satirical turn."
sirukathaigal/police_ponnusamy.md,Legal and religious implications,Fictional satire,source_context,"The story's references are translated as fictional satire and not independently verified as legal or theological claims."
sirukathaigal/kadavulin_kavalai.md,டார்களே சுயமரியாதைக்காரர்கள்,இந்த நேரத்தில் அதைப் பற்றியெல்லாம் கேட்க மாட்டார்களே சுயமரியாதைக்காரர்கள் / the Self-Respecters will not ask about all that at this time,verified_image,"Image 4 supplies the beginning lost by OCR; English uses the image-verified complete sentence while Tamil OCR remains unchanged."
sirukathaigal/kadavulin_kavalai.md,தேள் ரூபத்தில்,in the form of a scorpion,probable,"OCR reads தேன் in one place; story logic and the prior scorpion sting support தேள்."
sirukathaigal/kadavulin_kavalai.md,காக்கை ஓட பனம்பழம் விழுந்த கதை,crow flies and palmyra fruit falls,cultural_idiom,"Traditional coincidence proverb retained as the characters' sceptical comparison."
sirukathaigal/kadavulin_kavalai.md,மகேசனைவிட மக்கள்தானே முக்கியம்,people matter more than Mahesan,key_satire,"Closing contrast defines the Self-Respecters as the story's true devotees through humanitarian action."
sirukathaigal/kadavulin_kavalai.md,Religious social geographical and historical references,Fictional satire,source_context,"Cyclone incidents temples public figures and devotional claims are translated from the story and not independently verified."
sirukathaigal/aval_mudivu.md,Image 1 has no OCR text,Opening recovered from original scan,verified_image,"The title and opening six paragraphs were read directly from image 1; the verbatim Tamil block retains the OCR file unchanged."
sirukathaigal/aval_mudivu.md,அமிர்தம் / விஷம்,Amirtham / poison,wordplay,"The heroine's name means nectar; the source contrasts it with poison dissolved into her life."
sirukathaigal/aval_mudivu.md,சீமானின் செல்வப் புதல்வி,beloved of a wealthy man,uncertain_reading,"The scan appears to read செல்வப் புதல்வி although the following sentence introduces the wealthy man's only son; English follows the narrative relationship conservatively."
sirukathaigal/aval_mudivu.md,மாதவனுக்கு மறுமணம்,Madhavan's remarriage,probable_ocr,"Context indicates the sentence imagines remarriage for the deceased Madhavan and then contrasts it with his widow's prohibition; wording is retained in source and translated contextually."
sirukathaigal/aval_mudivu.md,சூதுரை,deceitful speech,literary_term,"Rendered by sense in the young man's false declarations of love."
sirukathaigal/aval_mudivu.md,கெண்டை,kendai fish,cultural_term,"Tamil fish name retained in transliteration in the hook simile."
sirukathaigal/aval_mudivu.md,Social and religious claims,Source argument,source_context,"The critique of Hindu widowhood and the story's social claims are translated in the author's voice and not independently verified."
sirukathaigal/alladum_andavan.md,அல்லாடும் ஆண்டவன்,The Helpless God,title_choice,"அல்லாடும் conveys distress and inability to act; the title anticipates the closing image of God remaining stone."
sirukathaigal/alladum_andavan.md,அபாக்கியவஇி / அபாக்கியவள்,unfortunate woman,probable_ocr,"The malformed OCR token in Kamala's letter is resolved by grammar and context in English; Tamil source remains unchanged."
sirukathaigal/alladum_andavan.md,எட்டாத தாரம் / தூரம்,distances beyond reach,probable_ocr,"OCR appears to confuse தூரம்; translation follows the idiomatic sense of barriers beyond the reach of poverty and love."
sirukathaigal/alladum_andavan.md,காதகி,betrayer,literary_term,"Rendered by contextual sense in the prosecutor's rhetorical contrast காதலி / காதகி."
sirukathaigal/alladum_andavan.md,காவடிச் இந்து / காவடிச் சிந்து,Kavadi Chindu,probable_ocr,"The devotional musical work and printed songbook fit the temple-selling context; the source OCR has dropped the initial ச in சிந்து."
sirukathaigal/alladum_andavan.md,கோகிலம்,Kokilam,character_name,"Bhagyanathan travels with another woman obtained in Kamalam's place; the proper name is transliterated conservatively."
sirukathaigal/alladum_andavan.md,Legal and social claims,Fictional courtroom satire,source_context,"Court procedure caste violence and the murder case are translated as elements of the story and not independently verified."
sirukathaigal/kuralappar.md,குரலப்பர் மாறிவிட்டார்,Kuralappar Has Changed,title_wordplay,"The invented name evokes குரல் or voice and is retained rather than normalized into a personal name."
sirukathaigal/kuralappar.md,கூவம் குரலப்பன்,Koovam Kuralappan,character_wordplay,"Alliterative allegorical name retained in transliteration."
sirukathaigal/kuralappar.md,களத்தாரான் / களத்தூரான் / களததாரான்,Kalathuran,probable_ocr,"OCR varies the allegorical character's name; English standardizes it for narrative continuity while Tamil remains verbatim."
sirukathaigal/kuralappar.md,ஆசரமியு மல்லவா,that man,uncertain_reading,"The OCR-damaged expression in Seth's muttering cannot be recovered confidently; English preserves the immediate sense without inventing a descriptor."
sirukathaigal/kuralappar.md,குரலாம் / குரலாய்,with one voice,probable_ocr,"Grammar and the surrounding list indicate a shared voice or line; translated conservatively."
sirukathaigal/kuralappar.md,குப்புறப்படுத்தும் கூறுவேன்,I will say it plainly even if it turns everything upside down,uncertain_reading,"OCR syntax is damaged; English retains the emphatic reversal indicated by context."
sirukathaigal/kuralappar.md,கொல்லைக் காவல் / எல்லைக் காவல்,field guard / border protection,key_wordplay,"The satire turns a paid field-guard role into a grand claim of guarding a border."
sirukathaigal/kuralappar.md,Historical and political claims,Source satire,source_context,"The attributed Tamil Murasu passage and characterization of M. P. Sivagnanam's positions are translated from the source and not independently verified."
sirukathaigal/brammanayakam.md,பண வீக்கம்,Inflation,nickname_wordplay,"The economic phrase is used as Brahmanayagam Pillai's nickname to suggest swollen wealth."
sirukathaigal/brammanayakam.md,தூலாலை / நூலாலை,textile mill,probable_ocr,"Context and Parvatham Mills indicate a spinning or textile mill; English uses the broader textile mill."
sirukathaigal/brammanayakam.md,தொழிலாளிகளின் கோரிக்கையிலிருந்து தப்புவிக்க வழி,way to escape the workers' demands,damaged_line,"The left edge and OCR damage the sentence ending; English follows the clearly established wage-and-bonus predicament."
sirukathaigal/brammanayakam.md,துளிர்,tender shoot,metaphor,"The child is contrasted with Brahmanayagam through this figurative term."
sirukathaigal/brammanayakam.md,மங்களம் / கோமளம்,Komalam,probable_ocr,"One occurrence reads மங்களம் although the daughter is introduced as கோமளம்; English standardizes the character name while source remains unchanged."
sirukathaigal/brammanayakam.md,கொசு செய்கிற வேலை,what a mosquito can do,uncertain_idiom,"The comparison is preserved literally because the OCR/source context does not establish the intended political idiom with certainty."
sirukathaigal/brammanayakam.md,ஊருக்கு உபதேசம் உனக்கல்லடி கண்ணே,advice for the town but not for you my dear,cultural_idiom,"Tamil proverb retained by sense as the story's closing exposure of hypocrisy."
sirukathaigal/brammanayakam.md,Political labour and historical claims,Source satire,source_context,"Claims about Congress elections voting rights mill labour and Communists are translated from the story and not independently verified."
sirukathaigal/iruvar.md,Opening lines,Kamatchi's beauty and expected marriage,damaged_ocr,"Several initial characters and line edges are lost; English follows the recoverable praise and marriage context without adding factual detail."
sirukathaigal/iruvar.md,அலிஷ்டம் / அதிர்ஷ்டம்,good fortune,probable_ocr,"The scan-derived OCR corrupts the word in the friends' praise; English uses the clear contextual meaning."
sirukathaigal/iruvar.md,சந்தப்பேட்டை / சதப்பேட்டை,Sandhapettai,place_name,"The story's village name is transliterated from its clearest occurrence; geographic identity was not independently verified."
sirukathaigal/iruvar.md,பவழவேற்காடு / பழவேற்காடு,Pulicat,probable_ocr,"The route and later arrival identify பழவேற்காடு; English uses the established English place name Pulicat while Tamil remains verbatim."
sirukathaigal/iruvar.md,ரவடமியனை,grotesque procession,uncertain_reading,"OCR is severely malformed; the translation preserves only the surrounding sense of painful scenes repeatedly appearing before Rathinam."
sirukathaigal/iruvar.md,சண்டாளர்கள்,degraded people,historical_social_term,"Rendered in the source's condemnatory social sense; the historically caste-loaded term is not reproduced as a modern community label."
sirukathaigal/iruvar.md,முய 57-1953,5 July 1953,probable_ocr,"The final scan-derived date is damaged; English reads it as 5-7-1953 based on the visible numeric sequence and standard source dating format."
sirukathaigal/iruvar.md,Caste social and religious claims,Source argument,source_context,"The story's caste critique deaths and questions addressed to God are translated in the narrators' voices and not independently verified."
sirukathaigal/pongal_parisu.md,பொங்கல் பரிசு,The Pongal Gift,title_choice,"பரிசு can mean gift or reward; the ironic promised bonus and disciplinary memo support Gift."
sirukathaigal/pongal_parisu.md,பொங்கல் இனாம்,Pongal bonus,cultural_employment_term,"இனாம் is rendered as the customary festival bonus promised by the proprietor."
sirukathaigal/pongal_parisu.md,எட்-மாஸ்டர்,headmistress,probable_source_form,"The child is referred to with feminine pronouns and அந்த அம்மாள்; English resolves the clipped English loanword accordingly."
sirukathaigal/pongal_parisu.md,சரிகை புட்டா,zari and embroidered dots,clothing_term,"Traditional garment decoration is rendered descriptively."
sirukathaigal/pongal_parisu.md,படம் (னிமா),film,probable_ocr,"Parenthetical சினிமா is damaged in OCR; English uses film from the repeated context of recording and sending footage abroad."
sirukathaigal/pongal_parisu.md,எலக்ட்ரிக் குத்து விளக்குகள்,electric ceremonial lamps,uncertain_term,"Literal technical phrase retained conservatively; the exact proposed product is not independently verified."
sirukathaigal/pongal_parisu.md,எங்க நார்ப்பட்டு / artificial silk,imitation-silk sari,probable_ocr,"OCR damages the modifier before நார்ப்பட்டு; English uses the established textile sense without inventing a brand."
sirukathaigal/pongal_parisu.md,£ஸ்லாக் / slacks,slacks,probable_ocr,"Currency-like OCR symbol is noise before the English clothing loanword."
sirukathaigal/pongal_parisu.md,இ. சுந்தரி (இன்ட்டர்),E. Sundari,damaged_telegram,"Recipient notation after the name is unclear and omitted from the prose translation; the verbatim Tamil block preserves it."
sirukathaigal/pongal_parisu.md,Political commercial and institutional claims,Source satire,source_context,"References to legislators ministries Soviet and American interests named companies and publications are translated from the satire and not independently verified."
sirukathaigal/thunai_nadigai.md,துணை நடிகை,The Supporting Actress,title_choice,"துணை நடிகை denotes an actress in minor or supporting roles; Supporting Actress preserves both the profession and the story's theme."
sirukathaigal/thunai_nadigai.md,சோபியா,Sofia,place_name,"Rendered as the city named in the source; country and delegation identity are not added."
sirukathaigal/thunai_nadigai.md,தோர்ஸ்தோயன் தோப் ரோவ்,Torstoyan Dobrov,uncertain_name,"OCR spacing and transliteration are uncertain; English retains a conservative romanization rather than identifying a historical person."
sirukathaigal/thunai_nadigai.md,மப்டி / மஃப்டி,plain clothes,loanword,"The colloquial loanword is translated by its police-context meaning."
sirukathaigal/thunai_nadigai.md,ஏலெண்டுகள் / ஏஜெண்டுகள்,agents,probable_ocr,"Malformed OCR is resolved from the repeated secret-police context."
sirukathaigal/thunai_nadigai.md,பொன்னாடை,golden ceremonial shawl,cultural_term,"Rendered descriptively as the shawl conferred at a public felicitation."
sirukathaigal/thunai_nadigai.md,Historical wartime account,Source narrative,source_context,"The Nazi occupation escape story and identities are translated from the source and not independently verified."
sirukathaigal/kutravaali_koondilae.md,குற்றவாளிக் கூண்டிலே,In the Prisoner's Dock,title_term,"கூண்டு denotes the enclosed dock in which an accused person stood; translated by the conventional legal term."
sirukathaigal/kutravaali_koondilae.md,கருமகவுண்டன் பாளையம்,Karuma Goundan Palayam,place_name,"Place name transliterated from the source and not independently geolocated."
sirukathaigal/kutravaali_koondilae.md,மூன்று பிணங்களும் ஒன்று குற்றுயிராகவும்,three corpses and one child barely alive,factual_detail,"This surviving line qualifies the opening's broad statement that four children were killed; English preserves both source assertions in their respective places."
sirukathaigal/kutravaali_koondilae.md,Image 4 clipped clauses,Judge's reasoning and author's rebuttal,damaged_ocr,"Several left-edge clauses are missing; English translates only arguments recoverable from adjacent complete sentences and does not reconstruct lost wording."
sirukathaigal/kutravaali_koondilae.md,எரிச்சல் / கடமையுணர்ச்சி,irritation / sense of duty,key_contrast,"The author rejects the judge's motive and frames the father's act as distorted parental duty; both positions remain attributed."
sirukathaigal/kutravaali_koondilae.md,Historical legal and social claims,Source argument,source_context,"The Erode incident sentence judicial reasoning and social analysis are translated from the article and not independently verified."
sirukathaigal/kutravali_koondukku.md,குற்றவாளி கூண்டுக்கு வெளியே,The Criminal Is Outside the Dock,title_punctuation,"The English title makes explicit the source's concluding contrast between the accused inside and the real social culprit outside."
sirukathaigal/kutravali_koondukku.md,நீக்ரோ,Black man,historical_term,"The period source uses a now-obsolete racial label; English uses Black man without altering the verbatim Tamil block."
sirukathaigal/kutravali_koondukku.md,ஜோஹான்ஸ்பர்க் Johannesburg,Johannesburg South Africa,place_name,"Standard English place name used for the transliterated source form."
sirukathaigal/kutravali_koondukku.md,பசி வந்திடப் பத்தும் பறந்து போம்,when hunger arrives the ten virtues fly away,cultural_proverb,"Rendered literally enough to retain the traditional reference to ten virtues displaced by hunger."
sirukathaigal/kutravali_koondukku.md,தனியொருவனுக்கு உணவு இல்லை எனில் ஜெகத்தினை அழித்திடுவோம்,If even one person has no food we shall destroy the world,literary_quote,"Bharathi line translated from the source without expanding or modernizing it."
sirukathaigal/kutravali_koondukku.md,இரந்தும் உயிர்வாழ்தல்... உலகியற்றியான்,Valluvar's warning to the world's creator,literary_reference,"OCR gives a prose paraphrase of the Tirukkural rather than a complete couplet; English translates that paraphrase and does not silently restore a canonical Tamil quotation."
sirukathaigal/kutravali_koondukku.md,ராஜாகுட்டி / first-class thief,expert thief's boast,uncertain_name,"Name is transliterated; train-class terms are restored from clipped OCR and the surviving contrast with third class."
sirukathaigal/kutravali_koondukku.md,Legal racial and historical claims,Source argument,source_context,"The Johannesburg case appeal donation and broader claims about law poverty and government are translated from the source and not independently verified."
sirukathaigal/manitha_manthai.md,மனித மந்தை,The Human Herd,title_wordplay,"The story contrasts an unthinking human herd with the final மக்கள் மன்றம் or people's assembly."
sirukathaigal/manitha_manthai.md,மந்தவெளி / மந்தைவெளி,Mandaveli,place_name_wordplay,"OCR varies the Chennai locality name; English standardizes Mandaveli while retaining the herd pun in the title."
sirukathaigal/manitha_manthai.md,காவு,sacrificial offering,cultural_term,"Rendered as sacrifice in the ritual context while the goddess reframes it as murder."
sirukathaigal/manitha_manthai.md,தார் / தோர்,Thor,probable_ocr,"Foreign deity named alongside Odin; English uses the conventional form Thor."
sirukathaigal/manitha_manthai.md,முத்தாலு ராவுத்தன்,Muthalu Ravuthan,uncertain_deity_name,"Regional deity name transliterated conservatively from OCR and not normalized."
sirukathaigal/manitha_manthai.md,கோணங்கிப் பிள்ளை,Konangi Pillai,name_wordplay,"Proper name also evokes foolishness or clowning; retained in transliteration rather than translated."
sirukathaigal/manitha_manthai.md,தலையைத் தாக்கிப் போன பண்ணையாள்,farmhand overwhelmed by the deceit,uncertain_idiom,"OCR/source phrase is unclear; English preserves the established action that he disclosed the truth before dawn."
sirukathaigal/manitha_manthai.md,18$-3-1951,18 March 1951,probable_ocr,"Extraneous OCR symbol removed in the English date; Tamil source remains unchanged."
sirukathaigal/manitha_manthai.md,Religious social and historical claims,Source satire,source_context,"Deity worship vaccination rationalist activity and the alleged false case are translated from the story and not independently verified."
sirukathaigal/oruvanthan.md,ஒருவன்தான் பிடிபட்டான்,Only One Was Caught,title_argument,"The title implies that Nachimuthu alone was arrested while the social order implicated by the essay escaped the dock."
sirukathaigal/oruvanthan.md,காவாலி,habitual brute,uncertain_term,"Colloquial condemnatory term is rendered by contextual sense rather than as a fixed caste or occupational label."
sirukathaigal/oruvanthan.md,காதோலை,ear ornament,cultural_term,"Traditional ornament named in the hypothetical account; translated generically."
sirukathaigal/oruvanthan.md,க்ஷவரக் கத்தி,razor,loanword,"The Sanskrit-derived phrase denotes a shaving knife or razor used in the reported killing."
sirukathaigal/oruvanthan.md,நாகம்மா நாயக்கன் பாளையம்,Nagamma Naicken Palayam,place_name,"Place name transliterated from the source and not independently geolocated."
sirukathaigal/oruvanthan.md,மாக்கும் / Mack,Justice Mack,probable_name,"English judicial surname restored from the Tamil transliteration; identity and case record were not independently verified."
sirukathaigal/oruvanthan.md,வேப்பிலைக் கொத்து / knife,knife and neem-leaf pretence,uncertain_ocr,"The scan visibly includes கத்தி before வேப்பிலைக் கொத்து though OCR weakens it; English retains both objects without specifying the exact fraudulent practice."
sirukathaigal/oruvanthan.md,Image 6 closing,Only I can recognize that duty,verified_image,"The unusually short final page and final sentence were checked directly against the original scan; no additional closing text is missing."
sirukathaigal/oruvanthan.md,Historical legal and social claims,Source argument,source_context,"The murder report appellate reasoning judges and poverty analysis are translated from the source and not independently verified."
sirukathaigal/valiba_virunthu.md,வாலிப விருந்து,A Feast of Youth,title_metaphor,"The closing phrase describes Mohana's recurring affair as a feast of youth; the metaphor is retained."
sirukathaigal/valiba_virunthu.md,சந்தான கிருஷ்ண ஐயர்,Santhana Krishna Iyer,name_wordplay,"The narrator notes the irony that a man whose name evokes progeny has no child; personal name is transliterated."
sirukathaigal/valiba_virunthu.md,உரிமையாளர்,proprietor,ironic_diction,"The husband is described as Mohana's owner or proprietor; English preserves the narrator's possessive irony."
sirukathaigal/valiba_virunthu.md,அறுபது வேலி,sixty veli,cultural_measure,"Historical Tamil land unit retained in transliteration because conversion depends on locality and period."
sirukathaigal/valiba_virunthu.md,ரொக்க லேவாதேவி,liquid capital,financial_term,"The phrase refers to ready money or money-lending capital; rendered broadly without inventing an exact balance-sheet category."
sirukathaigal/valiba_virunthu.md,டைபாயிட்,typhoid,loanword,"English disease name restored from Tamil transliteration."
sirukathaigal/valiba_virunthu.md,சந்தான விருத்திச் சூரணம்,fertility medicinal powder,medical_cultural_term,"Siddha preparation translated descriptively; efficacy is presented only as source narrative."
sirukathaigal/valiba_virunthu.md,ஊமத்தை,datura,toxic_plant,"Plant identification is contextually clear; the doctor's poisoning claim is retained as dialogue and not medical verification."
sirukathaigal/valiba_virunthu.md,Gender sexual and medical claims,Source narrative,source_context,"Period attitudes and the doctor's conduct and claims are translated as elements of the 1939 story and not endorsed or independently verified."
sirukathaigal/kokarko.md,கொக்கரகோ,Cock-a-Doodle-Doo,title_sound,"The invented newspaper name imitates a rooster's cry; English title renders the sound while the Tamil name is retained throughout as Kokkarako."
sirukathaigal/kokarko.md,வீரர் வில்லிங்டன்,Willingdon the Hero,historical_reference,"Likely refers to Viceroy Lord Willingdon; title is translated without independently verifying the imagined editorial."
sirukathaigal/kokarko.md,ரெவரண்டு ராம்சிமித்,Reverend Ramsmith,fabricated_name,"The context suggests a comic invented authority; transliterated without asserting a real identity."
sirukathaigal/kokarko.md,ஹிட்லர் பட்லரானால்,What If Hitler Became a Butler,headline_wordplay,"Tamil sound-play between Hitler and butler is preserved in the English headline."
sirukathaigal/kokarko.md,ஐரேரப்பா / ஐரோப்பா,Europe,probable_ocr,"Malformed OCR in the illustration description is resolved by context."
sirukathaigal/kokarko.md,காலணா,quarter anna,historical_currency,"Historical sale price rendered using the period coin denomination."
sirukathaigal/kokarko.md,கழ்ப்பாக்கம் / கீழ்ப்பாக்கம்,Kilpauk,probable_ocr,"The closing reference is to the Kilpauk mental hospital locality; standard English place name used."
sirukathaigal/kokarko.md,இரண்டு தரம் வார மும்முறைப் பத்திரிகை,twice failed running a thrice-weekly,uncertain_frequency,"Closing syntax is compressed and potentially OCR-damaged; English follows the most direct grammatical reading and records the uncertainty."
sirukathaigal/kokarko.md,Historical press and political references,Source satire,source_context,"Viceroy banking imperial policy Hitler and publication claims belong to the narrator's comic fiction and were not independently verified."
sirukathaigal/engum_avan.md,எங்கும் அவன்,Everywhere He Was There,title_choice,"The title culminates in Sornam seeing Sokkan's form everywhere; English preserves that final emotional image."
sirukathaigal/engum_avan.md,வரப்... அதிர்ஷ்டம்,good fortune brought by the bride,damaged_ocr,"The colloquial line is malformed; wedding-loan and horoscope context support the conservative rendering."
sirukathaigal/engum_avan.md,பட்டாளம்,Pattalam,character_name_wordplay,"The rival's nickname literally evokes the military; retained as a proper name to avoid confusing him with Sokkan's later army service."
sirukathaigal/engum_avan.md,தொடுசு,another woman or liaison,uncertain_colloquialism,"Rendered broadly from the elder's warning about Pattalam's conduct; exact dialect term remains uncertain."
sirukathaigal/engum_avan.md,ஏலகிரி,Elagiri,character_name,"Source uses the form as the creditor and landowner's name; transliterated without treating it as the hill locality."
sirukathaigal/engum_avan.md,பாய்-பாய் / பஞ்சசீலம்,Hindi-Chini Bhai-Bhai / Panchsheel,historical_terms,"Conventional historical forms used for the source's transliterations."
sirukathaigal/engum_avan.md,ஒரு தத்தி / தந்தி,a telegram,probable_ocr,"Context of the husband's death notice clearly indicates தந்தி; English corrects the reading while Tamil remains unchanged."
sirukathaigal/engum_avan.md,Chinese army withdrew and war ended,Source patriotic narration,historical_claim,"Translated as the story's compressed account of the 1962 conflict and not independently verified as a complete military history."
sirukathaigal/engum_avan.md,Pakistan entered Kashmir and Sokkan's death,Source patriotic narration,historical_claim,"1965 conflict details and fictional character events are translated from the source without independent verification."
sirukathaigal/valli_thirumanam.md,வள்ளி திருமணம்,Valli's Marriage,title_source,"The OCR text lacks a separate heading but the canonical filename and repeated framing identify the title."
sirukathaigal/valli_thirumanam.md,ஆலோலம்,Alolam,cultural_song_call,"Traditional call used by Valli while guarding millet is retained in transliteration and described contextually."
sirukathaigal/valli_thirumanam.md,வள்ளி கலியாண காலட்சேபம்,Valli Kalyanam musical discourse,performance_term,"Religious-story performance form is retained descriptively rather than reduced to a lecture."
sirukathaigal/valli_thirumanam.md,தாகவிடாய் / மோகவிடாய்,thirst for water / thirst for love,wordplay,"The old hunter's pun is translated by parallel phrases."
sirukathaigal/valli_thirumanam.md,மூன்றாவது கட்டு,third section of the house,architectural_social_term,"Historical domestic spatial term retained descriptively; it also marks Valli's poorer status in the household."
sirukathaigal/valli_thirumanam.md,விலையாகிற பண்டம்,commodity awaiting sale,period_social_diction,"The aunt's coercive description of an unmarried woman is translated as source dialogue without endorsement."
sirukathaigal/valli_thirumanam.md,ஆணையைக் காட்டி அவன் கலியாணத்தை முடித்துக் கொண்டான்,by invoking the oath he secured his marriage,verified_image,"OCR reads அணையைக் கரட்டி; original image 6 clearly supplies ஆணையைக் காட்டி. English uses the scan-verified reading while Tamil OCR remains unchanged."
sirukathaigal/valli_thirumanam.md,ஸ்திரி பார்ட்,women's theatrical roles,performance_term,"Period English-Tamil theatre term describes Palani's female impersonation and the central disguise."
sirukathaigal/valli_thirumanam.md,Gender marriage and honour conventions,Source comedy,source_context,"Coercive oath marriage economics and honour norms are translated as features of the 1943 comic story and not endorsed or independently verified."
sirukathaigal/moondru_kadithangal.md,வேம்பு அரசு கலியாணம்,Neem–Peepal wedding,cultural_ritual,"The ritual marriage of neem and sacred fig saplings is translated descriptively; source criticism remains in the narrator's voice."
sirukathaigal/moondru_kadithangal.md,கிள்ளி,Killi,place_name,"Village name transliterated from source and not independently geolocated."
sirukathaigal/moondru_kadithangal.md,சர்வஜன சகாயநிதி,Universal Relief Fund,institution_name,"Rendered literally because the source does not establish whether it is a historical formal organization."
sirukathaigal/moondru_kadithangal.md,பலகணி,Palakani,publication_name,"Tamil newspaper title retained in transliteration."
sirukathaigal/moondru_kadithangal.md,இரிசடையும் விரிசடையும்,Matted Locks and Flowing Locks,uncertain_title,"OCR may damage the first word; English follows the visible parallel phrase and religious-performance context."
sirukathaigal/moondru_kadithangal.md,சுருள் கத்தி,coiled sword,martial_term,"Vathiyar's epithet derives from his skill with this weapon; translated descriptively."
sirukathaigal/moondru_kadithangal.md,ராஜ பார்வை,ruler's gaze,astrological_term,"Astrologer's promise is translated literally and then explained by the letter itself as government reward."
sirukathaigal/moondru_kadithangal.md,ஆறு ரூபாய் / மூன்று ரூபாய்,six rupees / three rupees,source_inconsistency,"The astrologer's letter requests six rupees but Vathiyar later says he sent three; both readings are preserved without silent harmonization."
sirukathaigal/moondru_kadithangal.md,பால்காவடி வேல் சாமியார்,Pal-Kavadi Vel Swami,uncertain_name,"Religious fraudster's title transliterated conservatively."
sirukathaigal/moondru_kadithangal.md,கிணற்றுத்தவளை,frog in a well,cultural_idiom,"Guru says Vathiyar is not isolated or ignorant of local affairs; standard idiomatic rendering used."
sirukathaigal/moondru_kadithangal.md,Religious criminal and political claims,Source satire,source_context,"Astrology child sacrifice coercion and named institutional claims are translated from the fictional narrative and not independently verified."
sirukathaigal/devathayin_thuyaram.md,தேவதையின் துயரம்,The Goddess's Sorrow,title_choice,"The visiting Kannika Parameswari laments her inability to protect even her own temple property; title rendered directly."
sirukathaigal/devathayin_thuyaram.md,Opening invocation,Devotional song to multiple goddess forms,literary_passage,"OCR lineation is damaged; English preserves the invocatory sense and named forms without claiming a canonical hymn text."
sirukathaigal/devathayin_thuyaram.md,உலகம்மை / உலகாத்தா,Ulagammai / Ulagatha,deity_name,"Formal and colloquial forms of the village goddess's name are retained according to speaker."
sirukathaigal/devathayin_thuyaram.md,மஞ்சள் குங்குமம் நிலைச்சுது,my turmeric and vermilion endured,cultural_idiom,"Pechi means that her married state and husband's life were preserved; ritual symbols retained in translation."
sirukathaigal/devathayin_thuyaram.md,கல்லாட்டமா / கல்லாத்தான்,like stone / indeed stone,key_wordplay,"Pechi's accusation and the idol's reply form the central stone-deity pun; English makes the exchange explicit."
sirukathaigal/devathayin_thuyaram.md,First newspaper report,Recovered names and assault details,verified_image,"Image 7 restores Mundak Kudumban Senthilan Farm settlement Pottaloorani and Shanmuga Velalar details lost or mangled in OCR; English uses the scan-verified report while Tamil OCR remains unchanged."
sirukathaigal/devathayin_thuyaram.md,முண்டக்குடும்பன்,Mundak Kudumban,uncertain_name,"Personal name or title transliterated conservatively from the scan."
sirukathaigal/devathayin_thuyaram.md,பிடரி,back of the neck,anatomical_term,"Rendered from the image-verified newspaper report."
sirukathaigal/devathayin_thuyaram.md,Religious criminal and geographical claims,Truth-infused fiction,source_context,"The temple theft assault villages and police response are reproduced from the story's cited reports and not independently verified."
sirukathaigal/udai_poattathum.md,உடை போட்டதும்,Once the Uniform Was Put On,title_choice,"உடை covers both the advocate's court dress and the constable's police uniform; English title uses uniform to foreground institutional role."
sirukathaigal/udai_poattathum.md,வாங்கின கடனை அறுக்கவில்லை / மறுக்கவில்லை,did not deny the borrowed debt,probable_ocr,"OCR reads அறுக்கவில்லை; legal and grammatical context clearly support மறுக்கவில்லை."
sirukathaigal/udai_poattathum.md,விடுதலை எழுதிக் கொடுத்து,deed of release,legal_term,"Rendered as a property release rather than assuming a modern emancipation meaning."
sirukathaigal/udai_poattathum.md,உடை போட்டதும் உரைமாதி விட்டது,once the clothes were put on the speech changed,probable_ocr,"OCR compresses or damages மாறிவிட்டது; repeated title contrast establishes the intended wording."
sirukathaigal/udai_poattathum.md,வெட்டு ஒன்று துண்டு இரண்டு,cutting finality,cultural_idiom,"Advocate's decisive style rendered by sense rather than literally as one cut and two pieces."
sirukathaigal/udai_poattathum.md,84 / 88,police badge identities,structural_reading,"Dialogue in the lock-up addresses constables by badge numbers; 84 is identified as Ponnurangam while 88 remains unnamed."
sirukathaigal/udai_poattathum.md,பூண்போட்ட தடி,metal-ringed baton,police_term,"Rendered descriptively from the constable's equipment."
sirukathaigal/udai_poattathum.md,ஏட்டு,head constable,police_rank,"Period colloquial rank rendered by function."
sirukathaigal/udai_poattathum.md,Legal policing and corporal punishment claims,Source satire,source_context,"Court procedure debt enforcement police violence and child punishment are translated as elements of the story and not independently verified or endorsed."
sirukathaigal/vaelai_kidaithathu.md,வேலை கிடைத்தது,He Got a Job,title_choice,"The exclamation reflects the satirical triumph achieved through partisan rewriting rather than reporting ability."
sirukathaigal/vaelai_kidaithathu.md,Application fee line,enclose five rupees,damaged_ocr,"The advertisement is clipped after ஐந்து ரூபாய் கட்; English gives the evident application-fee instruction without inventing further terms."
sirukathaigal/vaelai_kidaithathu.md,சுக்கிரன் / மாருதி,Sukkiran / Maruthi,publication_names,"Newspaper names retained in transliteration; Sukkiran also evokes Venus."
sirukathaigal/vaelai_kidaithathu.md,பிரம்மஹத்தி,Brahmahatthi,cultural_insult,"Komalam uses the mythic sin/demon term as a contemptuous description of her husband; retained in transliteration."
sirukathaigal/vaelai_kidaithathu.md,ஜலதோஷம் / water trouble,crossing-sea danger,wordplay,"Komalam interprets the ordinary word as a cold while Sadanandam means ritual or social danger in crossing the sea."
sirukathaigal/vaelai_kidaithathu.md,எச்சூரா வீட்டு ஹேமலதா,Hemalatha from Echur,uncertain_name_place,"OCR is colloquial and potentially damaged; transliterated conservatively."
sirukathaigal/vaelai_kidaithathu.md,மேனவானா,Menavana,uncertain_name,"Proprietor's name or descriptor is unclear in OCR; retained as a proper name without normalization."
sirukathaigal/vaelai_kidaithathu.md,திருஷ்டிபரிகாரம் போல,like a ward against the evil eye,cultural_idiom,"Hostile rewritten report compares Pethanna's presence to an object used to avert an evil gaze."
sirukathaigal/vaelai_kidaithathu.md,சாப்பாட்டு ராமன்,glutton,cultural_idiom,"Comic epithet rendered by sense."
sirukathaigal/vaelai_kidaithathu.md,Media patronage gender and historical claims,Source satire,source_context,"Radio access newspaper feuds named singers and employment practices are translated as fictional satire and not independently verified or endorsed."
sirukathaigal/baktha_bakthath.md,பக்த பக்காத் திருடன்,A Devotee A Thoroughgoing Thief,title_wordplay,"பக்காத் is the colloquial English loan pakka meaning complete or thorough; title contrasts advertised devotion with alleged fraud."
sirukathaigal/baktha_bakthath.md,திருவாரூர்,Tiruvarur,place_name,"Standard English transliteration used for the town and Thyagaraja temple setting."
sirukathaigal/baktha_bakthath.md,ராஜகுமாரி பார்டர் / மும்தாஸ் மகால் முந்தி / மங்கம்மா சபத ஓரம்,Fashion-themed textile designs,advertising_terms,"Period cinema and royal design labels are retained rather than normalized into modern textile categories."
sirukathaigal/baktha_bakthath.md,பந்துவராளிப் பார்வை,Pantuvarali gaze,musical_wordplay,"Carnatic raga name is retained in the narrator's comic description of sidelong glances."
sirukathaigal/baktha_bakthath.md,முட்டுக்கட்டைகள் / உலுக்கு மரங்கள்,chariot wedges supports and lever beams,probable_ocr,"OCR is noisy; English renders the mechanical chariot-control items broadly from context."
sirukathaigal/baktha_bakthath.md,செளந்தர்ய மஹால்,Soundarya Mahal,shop_name,"Textile establishment name transliterated; literally Palace of Beauty."
sirukathaigal/baktha_bakthath.md,காதோர ரேடியோ,ear-to-ear radio,comic_idiom,"Narrator's phrase for rumour transmitted through whispers is preserved descriptively."
sirukathaigal/baktha_bakthath.md,மலையாள பகவதி,Malayala Bhagavati,cultural_comparison,"Young man's colloquial comparison is retained without treating it as a verified religious identity."
sirukathaigal/baktha_bakthath.md,விளக்குமாற்றுக்குப் பட்டாலே குஞ்சம்,A broom becomes a ceremonial tassel when tied to a handle,uncertain_proverb,"OCR and idiom are difficult; English preserves the contrast between an ordinary object and an inflated display."
sirukathaigal/baktha_bakthath.md,Tax burglary religious and commercial claims,Attributed satire,source_context,"Alleged staged burglary tax evasion black-market case and chariot manipulation are translated as claims by story characters and not independently verified."
sirukathaigal/vazhuki_vizhunthavargal.md,வழுக்கி விழுந்தவர்கள்,Those Who Slipped and Fell,title_structure,"Three falls lead respectively to arrest dismissal and public praise; plural title and parallel structure retained."
sirukathaigal/vazhuki_vizhunthavargal.md,கன்னக்கோல் குப்பன்,burglar Kuppan,criminal_epithet,"கன்னக்கோல் refers to a burglar's wall-piercing tool and functions as an epithet; translated by role."
sirukathaigal/vazhuki_vizhunthavargal.md,ஷூட்டுக்காரி,my woman or partner,uncertain_colloquialism,"The first speaker's term for the mother of his children is OCR/colloquially uncertain; English avoids specifying legal marital status."
sirukathaigal/vazhuki_vizhunthavargal.md,மாலைக்கண்,night blindness,cultural_medical_term,"Rumour used to obstruct Chinnan's marriage; translated by established meaning."
sirukathaigal/vazhuki_vizhunthavargal.md,சிலோன் சரக்கு,Ceylon goods,smuggling_term,"Goods concealed beneath barrels are rendered as source's Ceylon contraband without identifying their exact type."
sirukathaigal/vazhuki_vizhunthavargal.md,அனுமார் கோயில் அபிஷேக எண்ணெய்,oil for Hanuman temple anointing,religious_cover_story,"Warehouse worker's explanation to the inspector is translated as an invented cover."
sirukathaigal/vazhuki_vizhunthavargal.md,இலட்ச தீபம்,festival of one hundred thousand lamps,cultural_term,"Rendered descriptively; merchant intends to donate recovered floor oil in his firm's name."
sirukathaigal/vazhuki_vizhunthavargal.md,கேடி கண்ணன் / கன்னக்கோல் குப்பன்,habitual offender Kannan / burglar Kuppan,police_terms,"Period labels are translated by role rather than retained as demeaning official categories."
sirukathaigal/vazhuki_vizhunthavargal.md,Thirukkoil and Dharmadhatha reports,paid publicity,media_satire,"The same reporter supplies devotional publicity and a paid exclusive; publication names retained in transliteration."
sirukathaigal/vazhuki_vizhunthavargal.md,Smuggling policing labour and media claims,Source satire,source_context,"Ceylon goods police search dismissal and press praise are translated as story events and not independently verified or endorsed."
sirukathaigal/thangathin_kathalan.md,தங்கத்தின் காதலன்,Thangam's Lover,title_wordplay,"Thangam is the woman's name and means gold; the story repeatedly contrasts her with material wealth."
sirukathaigal/thangathin_kathalan.md,கோவைக்கனி,ivy-gourd fruit,literary_image,"Traditional red-lip comparison rendered descriptively."
sirukathaigal/thangathin_kathalan.md,தங்கமும் பொன்னும் ஒன்றுதானே,Thangam and gold are one,wordplay,"Name and material-gold pun is retained explicitly."
sirukathaigal/thangathin_kathalan.md,வைடூரியம்,cat's-eye jewel,literary_image,"The newborn girl is compared to a jewel arising from Thangam's womb."
sirukathaigal/thangathin_kathalan.md,ஜரிகைத் தலைப்பாகைகள்,zari-bordered turbans,social_image,"Represents assembled male dignitaries prepared to flatter the Collector."
sirukathaigal/thangathin_kathalan.md,விபச்சாரம்,prostitution,historical_legal_term,"Rendered using the direct period legal/social term; speakers' moral framing remains attributed."
sirukathaigal/thangathin_kathalan.md,காலணா,quarter anna,historical_currency,"Will threatens loss of all family property down to the smallest stated coin."
sirukathaigal/thangathin_kathalan.md,ஜாதியோ தியோ,caste religion or another barrier,probable_ocr,"OCR drops part of மதமோ or equivalent parallel term; English follows the explicit argument without inventing a specific sect."
sirukathaigal/thangathin_kathalan.md,Self-Respect marriage,சுயமரியாதைத் திருமணம்,movement_term,"Final marriage is identified by the source as a Self-Respect marriage and retained by its established English name."
sirukathaigal/thangathin_kathalan.md,Gender caste religion legal and historical claims,Source social fiction,source_context,"Suicide prostitution law I.C.S. service and committee conduct are translated as story events and arguments and not independently verified or endorsed."
sirukathaigal/nenjil_neruppu.md,நெஞ்சில் நெருப்பு,Fire in the Heart,title_metaphor,"The title's fire is the murderer's inescapable burden of guilt rather than a literal external fire."
sirukathaigal/nenjil_neruppu.md,ஊளர்ந்திடுவனவும் / இழநதனன் / நடந்திடுவதன்'ஜி,ஊர்ந்திடுவனவும் / இழந்தனன் / நடந்திடுவதன்றி,verified_image,"Clear OCR recognition errors on image 1 are resolved contextually in English; preserved Tamil OCR remains unchanged."
sirukathaigal/nenjil_neruppu.md,பேழையில்லை; ஏமை அவன்,He has no chest or bundle; he is poor,verified_image,"Image 2 and sentence context distinguish பேழை (box/chest) from the OCR-damaged surrounding text."
sirukathaigal/nenjil_neruppu.md,வட்டமிடும் புள்ளினமும்... பொந்திலுள்ள மற்றதற்கும்,Even birds and snakes seek food and carry it to those in nest or hole,uncertain_passage,"Image 2 is faint and OCR-damaged; English conservatively retains the contrast that every creature has purpose and recipients whereas the wanderer has none."
sirukathaigal/nenjil_neruppu.md,மொட்டு / ஈராண்டுகளுக்கு முன்பு,a bud in the cradle / two years earlier,literary_image,"The mother-and-child vignette is retained as a contrast with the solitary wanderer; the source's poetic compressed syntax is expanded cautiously."
sirukathaigal/nenjil_neruppu.md,இதனை பெரும் பாரம் ஏனோ,Why carry such a great load,verified_image,"Image 4 confirms the page opens with a bystander's question about a market-bound labourer's burden."
sirukathaigal/nenjil_neruppu.md,கோல் உண்டு ஊன்ற அல்ல,There is a staff but not one he can lean upon,literary_paradox,"The failing arm carries the otherwise useful staff, illustrating utility without the capacity to use it."
sirukathaigal/nenjil_neruppu.md,எட்டே வயதுதான்,only eight years old,literary_personification,"The growing crop is personified as a young girl approaching the age of exchanging a little skirt for a sari; the historical age image is translated as written."
sirukathaigal/nenjil_neruppu.md,தாள் பற்றியதை / தாள் பணிந்து,clung to his feet / bowed at his feet,verified_image,"Images 5-7 confirm தாள் means feet in the old man's plea and recurring apparition; OCR spacing is damaged."
sirukathaigal/nenjil_neruppu.md,சடுக்கோயத்தால்,கொலைவெறியால் / murderous rage,verified_image,"Image 6 reads கொலைவெறியால்; the OCR token is corrupt. English uses the scan-confirmed reading without modifying the preserved source."
sirukathaigal/nenjil_neruppu.md,தெந்தினம்,thenthinam refrain,performance_term,"A rhythmic vocable sung by the blind traveller is transliterated because it carries cadence rather than a stable lexical meaning."
sirukathaigal/nenjil_neruppu.md,அச்சம் அவனைக் குருடாக்கிற்று,fear blinded him,central_wordplay,"Physical blindness of the singer is contrasted with the fugitive's moral and psychological blindness under fear and earlier murderous rage."
sirukathaigal/nenjil_neruppu.md,கலம் / கலமுள்ள தோழர்,ship / companions aboard the ship,verified_image,"Image 7 and travel to unseen foreign lands establish கலம் as a vessel rather than a pen or container."
sirukathaigal/nenjil_neruppu.md,நல்லவனாம் நான் நல்லவனாம்,A good man am I? I am a good man!,ironic_exclamation,"The final cry rejects the women's judgment because the hidden murderer alone knows the source of his madness."
sirukathaigal/nenjil_neruppu.md,Murder theft guilt and madness,Source social fiction,source_context,"Violence criminal conduct mental distress and moral judgments are translated as the story's events and voices and not independently verified or endorsed."
sirukathaigal/moolakaranam.md,மூலகாரணம்,The Root Cause,title_concept,"The immediate incident is presented as a spark while accumulated displaced anger is the underlying cause."
sirukathaigal/moolakaranam.md,Images 1-5 initially marked No OCR text,Recovered all five text pages,source_recovery,"Original PNG encoding was unreadable to Tesseract despite visible text; temporary pixel-identical PNG re-encoding and PSM 6 recovered the complete six-page source before translation."
sirukathaigal/moolakaranam.md,கோடியாத்து கோமளம்,Kodi House Komalam,uncertain_name,"The scan appears to name an elder associated with a house or family; transliterated conservatively because the exact proper-name segmentation is uncertain."
sirukathaigal/moolakaranam.md,தாழம்பூச் சேலை,screw-pine-flower sari,cultural_clothing,"A sari patterned or styled after fragrant thazhampoo is rendered descriptively."
sirukathaigal/moolakaranam.md,அறுபது ரூபா அபிஷேகம்,sixty rupees poured out in ritual offering,satirical_metaphor,"Ganapathi mocks the purchase by comparing expenditure on the sari to an abhishekam that quieted a possession."
sirukathaigal/moolakaranam.md,ஆறாயிரத்திலே வைரமாலை / ஆனைக்குட்டி இரண்டு,diamond necklace for six thousand / two elephant calves,probable_sarcasm,"Kamala's reply is plainly sarcastic; extravagant examples are retained literally rather than normalized into realistic purchases."
sirukathaigal/moolakaranam.md,டைரக்டர் ஆசனம்,director's chair,workplace_fantasy,"Ganapathi reverses his humiliation in imagination and rebukes his manager from the director's position."
sirukathaigal/moolakaranam.md,வெடிமருந்துக் குழாய்,explosive powder packed into a tube,central_metaphor,"Accumulated grievance is the packed charge and the visible quarrel-trigger is only the spark."
sirukathaigal/moolakaranam.md,குதிரைச் சவுக்காலே தந்த அடி,stroke from a horsewhip,domestic_violence,"Kanaka's statement is retained as the source's grim normalization of abuse and not endorsed."
sirukathaigal/moolakaranam.md,காப்பியா டீயா,coffee or tea,recurring_trigger,"The same question can trigger anger whether asked or omitted because it is not the root cause."
sirukathaigal/moolakaranam.md,Domestic violence workplace humiliation and social conflict,Source social argument,source_context,"Violence and claims about family society and nations are translated as the author's fictional argument and not independently verified or endorsed."
sirukathaigal/palapalan.md,பலாபலன்,Effects,title_wordplay,"Astrological பலாபலன் means resulting good and bad effects; the ending relocates those effects from planetary gazes to the creditor's and buyer's attention."
sirukathaigal/palapalan.md,All six pages initially marked No OCR text,Recovered complete six-page source,source_recovery,"The original PNG encoding was unreadable to Tesseract despite visible text; temporary pixel-identical PNG re-encoding with PSM 6 recovered the source before translation."
sirukathaigal/palapalan.md,சூரியனுடைய பார்வை,the Sun's gaze,astrological_term,"Astrological aspect is rendered as gaze to preserve the final pun on the Seth's and zamindar's பார்வை."
sirukathaigal/palapalan.md,அஷ்டமத்தில் சனி,Saturn in the eighth house,astrological_term,"A conventional astrological danger is translated literally without validating the prediction."
sirukathaigal/palapalan.md,ஒரு மண்டல விளக்கு,a ceremonial lamp for one mandalam,cultural_ritual,"Mandalam is retained as a traditional fixed ritual period; the source does not specify a day count."
sirukathaigal/palapalan.md,பலகரை / குருவியைக் கேட்பது,fortune board / asking a trained bird,fortune_telling,"The astrologer disparages competing divination practices while presenting his own calculations as exact."
sirukathaigal/palapalan.md,மஞ்சளும் சுண்ணாம்பும், turmeric and lime,cultural_analogy,"Their red colour reaction is the astrologer's familiar analogy for planetary relationships producing effects."
sirukathaigal/palapalan.md,முறைஜுரம்,intermittent fever,medical_term,"Rendered by the symptom pattern described; no modern diagnosis is inferred."
sirukathaigal/palapalan.md,சாத்துக்குடி ஜூஸ்,sweet-lime juice,food_medicine,"The doctor's dietary prescription is translated by the common English name for சாத்துக்குடி."
sirukathaigal/palapalan.md,அயன் நிலம்,ryotwari land,historical_land_term,"The land category is rendered by its historical revenue-tenure sense rather than as generic dry land."
sirukathaigal/palapalan.md,கரண்ட் அக்கவுண்ட் 14000-0-0,"current account 14,000-0-0",historical_currency,"Pre-decimal rupee notation is preserved as printed."
sirukathaigal/palapalan.md,சேட்டின் பார்வை / சுட்டுப்பட்டியார் பார்வை,the Seth's gaze / the Suttuppatti man's gaze,closing_wordplay,"The creditor's scrutiny causes anxiety and the buyer's interest removes it, overturning the astrologer's planetary explanation."
sirukathaigal/palapalan.md,Astrology medicine debt and illness,Source satire,source_context,"Predictions treatment claims debt anxiety and recovery are translated as the story's satirical events and not independently verified or medical advice."
sirukathaigal/valli_nayakiyin.md,வள்ளிநாயகியின் கோபம்,Valli Nayaki's Anger,title_recovery,"The complete title was recovered from image 1; the inventory filename truncates it after the possessive form."
sirukathaigal/valli_nayakiyin.md,All four pages initially marked No OCR text,Recovered complete four-page source,source_recovery,"Original PNG encoding was unreadable to Tesseract despite visible text; temporary pixel-identical PNG re-encoding with PSM 6 recovered all pages before translation."
sirukathaigal/valli_nayakiyin.md,திருப்புகழ்,Tiruppugazh,cultural_literary_term,"The canonical Murugan devotional hymn corpus is retained by name."
sirukathaigal/valli_nayakiyin.md,ஈரோட்டுப் பாசறையினர்,people from the Erode camp,political_allusion,"An allusion to Periyar's rationalist movement is translated literally without inserting a name absent from the source."
sirukathaigal/valli_nayakiyin.md,ஆறுமுகமும் வேண்டாம் மும்முகமும் வேண்டாம்,neither six faces nor three faces,religious_political_wordplay,"Contrasts Murugan and Siva iconography with a conception of divinity residing in loving hearts."
sirukathaigal/valli_nayakiyin.md,காவடி,kavadi,devotional_term,"The ritual burden and dance associated with Murugan worship is retained by its established Tamil name."
sirukathaigal/valli_nayakiyin.md,இருதார மணம்,marriage to two women / two-wife marriage,historical_legal_term,"Rendered descriptively as the story's target is a married man's second concurrent marriage, not generic modern polyamory."
sirukathaigal/valli_nayakiyin.md,தேவயானை / தெய்வயானை,Deivanai,name_variant,"Both OCR spellings refer to Murugan's first consort; normalized only in English while Tamil source remains unchanged."
sirukathaigal/valli_nayakiyin.md,ஒமந்தூர் இராமசாமி ரெட்டியார்,Omandur Ramasamy Reddiar,historical_person,"The source identifies the then Chief Minister in its fictional satire; English transliteration follows the established historical spelling."
sirukathaigal/valli_nayakiyin.md,கிருத்திகை மெளன விரதம்,Krittikai vow of silence,religious_observance,"The ending turns the minister's devotional silence into the reason Murugan cannot challenge the law."
sirukathaigal/valli_nayakiyin.md,Marriage law devotion mythology and political figures,Source political satire,source_context,"Legal and political claims are translated as a story dated 14 January 1949 and are not presented as current law or independently verified history."
sirukathaigal/aarumugam.md,ஆறுமுகம்,Six Faces,title_wordplay,"The familiar name of six-faced Murugan is repurposed for God's six changing facial reactions during the narrated episode."
sirukathaigal/aarumugam.md,Image 2 initially marked No OCR text,Recovered complete middle page,source_recovery,"The original PNG encoding was unreadable to Tesseract despite visible text; temporary pixel-identical re-encoding with PSM 6 recovered the full three-page source."
sirukathaigal/aarumugam.md,66ம் துக்கம்,சுகம் துக்கம் / joy and sorrow,verified_image,"Image 1 makes the paired proverb and following explanation clear; the first word is damaged in preserved OCR and resolved only in English."
sirukathaigal/aarumugam.md,ஆட்டுக்கும் அளவறிந்துதானே ஆண்டவன் வால் வைக்கிறார்,God gives even a goat a tail suited to its size,proverbial_saying,"The oppressor uses the proverb to portray the poor man's suffering as divinely proportioned and deserved."
sirukathaigal/aarumugam.md,ஊர்க்குருவி பருந்தாகுமா,can a village sparrow become a hawk,proverbial_saying,"A belittling comparison voiced by the oppressor and retained as such."
sirukathaigal/aarumugam.md,வேதாந்தி,Vedantist,religious_social_role,"The philosophical adviser functions as God's advocate by encouraging acceptance of joy and sorrow."
sirukathaigal/aarumugam.md,உடந்தையாக இருக்கும் குற்றம்,charge of complicity,ethical_legal_term,"The wife does not call God the direct cause but asks why he permits and assists injustice; translated as moral complicity."
sirukathaigal/aarumugam.md,அவனன்றி ஓர் அணுவும் அசையாதே,not even an atom moves without him,theological_formula,"Repeated divine-agency formula becomes comic when the helpers include their slap within it."
sirukathaigal/aarumugam.md,Property seizure collective violence and divine responsibility,Source satire,source_context,"Theft assault religious claims and moral judgments are translated as the story's satire and not independently verified or endorsed."
sirukathaigal/iru_satchigal.md,இரு காட்சிகள்,Two Scenes,title_filename_mismatch,"Recovered image 1 clearly reads காட்சிகள் (scenes); the canonical filename iru_satchigal misleadingly suggests சாட்சிகள் (witnesses)."
sirukathaigal/iru_satchigal.md,Images 1 and 4 initially marked No OCR text,Recovered complete four-page source,source_recovery,"Original PNG encoding was unreadable to Tesseract despite visible text; temporary pixel-identical re-encoding with PSM 6 recovered the full source before translation."
sirukathaigal/iru_satchigal.md,கொலு வீற்றிருக்கிறார்,sits enthroned in ceremonial splendour,courtly_term,"The Dasara royal display is rendered by its ceremonial function rather than as a household festival doll display."
sirukathaigal/iru_satchigal.md,கர்ணாமிர்தகானம்,music sweet as nectar to the ear,literary_compound,"The Sanskritic-Tamil compound is translated descriptively."
sirukathaigal/iru_satchigal.md,சம்பூரண சாத்துப்படி,complete ceremonial adornment,temple_ritual,"Refers to full decoration or alankaram offered to Chamundeshwari during worship."
sirukathaigal/iru_satchigal.md,பராக்குக் கூறி,crying acclamation,courtly_term,"Ministers are portrayed as preserving office through praise and ceremonial acclamation."
sirukathaigal/iru_satchigal.md,மக்கள் வழி மன்னர்,a king who follows the people,political_phrase,"Retains the source's condition that responsibility lies with a ruler responsive to the people."
sirukathaigal/iru_satchigal.md,யாழ் குழல்,yazh and flute,cultural_instruments,"The historical Tamil harp name is retained alongside flute in the comparison with baby speech."
sirukathaigal/iru_satchigal.md,முடிதாங்கிகள்,bearers of crowns,political_metaphor,"OCR is damaged at the start of the token; context contrasts enthroned rulers with starving people."
sirukathaigal/iru_satchigal.md,அனுமதிச் சீட்டுக் கொடுத்தனுப்புவது,issue a permit to pursue other work and send them away,political_irony,"A euphemistic description of voters peacefully removing rulers from office."
sirukathaigal/iru_satchigal.md,Mysore court poverty deaths and political responsibility,Source political text,source_context,"The reported deaths and claims about monarchy government and voting are translated as a text dated 17 October 1948 and are not independently verified current facts."
sirukathaigal/ivargal_kutravaligala.md,இவர்கள் குற்றவாளிகளா?,Are These People Criminals?,title_question,"The title asks whether the widow and her lover are criminals for rejecting widowhood caste and social restrictions."
sirukathaigal/ivargal_kutravaligala.md,Images 2-5 initially marked No OCR text,Recovered complete five-page source,source_recovery,"Original PNG encoding was unreadable to Tesseract despite visible text; temporary pixel-identical re-encoding with PSM 6 recovered every page before translation."
sirukathaigal/ivargal_kutravaligala.md,பால் / அதர பானம்,milk / nectar from her lips,romantic_wordplay,"The scene contrasts literal milk with the lovers' kiss through conventional poetic language."
sirukathaigal/ivargal_kutravaligala.md,கொடுவாள்,billhook,weapon_term,"The father's agricultural cutting blade is carried as a weapon and dropped when his intent changes."
sirukathaigal/ivargal_kutravaligala.md,வயது 171,வயது 17 / seventeen years old,verified_image,"Image 3 shows the punctuation after 17 merged into OCR as a final digit 1; English uses the scan-confirmed age while Tamil remains preserved."
sirukathaigal/ivargal_kutravaligala.md,அமங்கலை வேடம்,inauspicious garb of widowhood,historical_social_term,"The source describes externally imposed widow appearance and contrasts it with her restored youth and beauty."
sirukathaigal/ivargal_kutravaligala.md,ஆறறிவு படைத்த மனிதர்கள்,humans endowed with six senses,cultural_concept,"Traditional Tamil classification of human perception is translated literally."
sirukathaigal/ivargal_kutravaligala.md,உள்ளம் ஒன்றாத / ஒன்றிய உள்ளம்,hearts not united / united hearts,central_contrast,"The father's moral reasoning contrasts forced domestic life with a loving union."
sirukathaigal/ivargal_kutravaligala.md,எமன்,Yama,cultural_metaphor,"The father rejects becoming the death-bringer to the couple's pure life."
sirukathaigal/ivargal_kutravaligala.md,சமதர்மன்,Samadharman,pen_name,"Publication note identifies Anna's pen name; transliterated rather than semantically translated."
sirukathaigal/ivargal_kutravaligala.md,Young widowhood caste family honour and threatened killing,Source social fiction,source_context,"Romance violence and social judgments are translated as a 1943 reformist story and not independently verified or endorsed as current conditions."
sirukathaigal/kali_theertha.md,கலி தீர்த்த பெருமாள்,Kali-Theertha Perumal,title_irony,"The deity's name can mean the Lord who ended Kali-age affliction; it closes a story where no one remedies poverty, so an explanatory gloss is added only at the final occurrence."
sirukathaigal/kali_theertha.md,Images 1-5 initially marked No OCR text,Recovered complete six-page source,source_recovery,"Original PNG encoding was unreadable to Tesseract despite visible text; temporary pixel-identical re-encoding with PSM 6 recovered all pages before translation."
sirukathaigal/kali_theertha.md,சாண்டோ,bodybuilder / strongman,historical_popular_term,"Period usage refers to a muscular build associated with strongmen and physical culturists."
sirukathaigal/kali_theertha.md,மகன் M.L.A. ஆகிவிட்டான்,his son has become an M.L.A.,verified_image,"Image 2 clearly shows the Latin abbreviation M.L.A.; OCR rendered it as digits and punctuation."
sirukathaigal/kali_theertha.md,காலணா / ஒரணா,quarter anna / one anna,historical_currency,"The matchbox shortage is expressed in pre-decimal currency and retained."
sirukathaigal/kali_theertha.md,சனியன்கள்,little Saturns / accursed children,abusive_idiom,"Somu uses the planetary name as a curse for his children; literal image and abusive force are both signalled."
sirukathaigal/kali_theertha.md,ஊதுகோல் / ஊதுகுழல்,blowing pipe,uncertain_object,"A cheap toy sold to neighbourhood children; exact physical form is not established by the text, so translated descriptively."
sirukathaigal/kali_theertha.md,வாலில்லாக் குரங்குகள்,tailless monkeys,colloquial_insult,"The mother's frustrated insult for her six hungry children is retained as source voice."
sirukathaigal/kali_theertha.md,ஊரை அழகுபடுத்த ஏழை வாழ்வைச் சீர்படுத்த,beautify the town / improve poor people's lives,central_contrast,"Municipal beautification and temple construction are contrasted with the absence of structural relief for poverty."
sirukathaigal/kali_theertha.md,Rationing poverty child beating municipal policy and temple patronage,Source social satire,source_context,"Economic conditions abuse and civic claims are translated as a story published 19 January 1947 and not independently verified or endorsed as current facts."
sirukathaigal/kanavil_keerathar.md,Final image ends mid-dialogue,Translation not counted,incomplete_source,"All five available scans were recovered, but image 5 ends with an unanswered question and has no date or closing marker; a continuation scan is absent, so the work remains pending."
sirukathaigal/justice_janaki.md,ஜஸ்டிஸ் ஜானகி,Justice Janaki,title_nickname,"Janaki is explicitly short for the male name Janakiraman; Justice identifies his unwavering Justice Party affiliation rather than judicial office."
sirukathaigal/justice_janaki.md,Image 3 initially marked No OCR text,Recovered complete six-page source,source_recovery,"Original PNG encoding was unreadable to Tesseract despite visible text; temporary pixel-identical re-encoding with PSM 6 recovered the full sequence before translation."
sirukathaigal/justice_janaki.md,ஜவ்வாது / அத்தர்,javvadu / attar,perfume_terms,"Two traditional perfumes purchased as gifts are retained by established names."
sirukathaigal/justice_janaki.md,ராவ்சாகிப் / திவான் பகதூர்,Rao Sahib / Diwan Bahadur,colonial_titles,"Colonial honorary titles are retained to preserve the satire of status-seeking."
sirukathaigal/justice_janaki.md,சேலம் மாநாடு,Salem conference,historical_political_event,"The source refers to the 1944 Justice Party conference and its renaming as Dravidar Kazhagam; translated as the story's contemporary context."
sirukathaigal/justice_janaki.md,சண்டே அப்சர்வர்,Sunday Observer,publication_name,"The English newspaper title is restored in conventional spelling from Tamil transliteration."
sirukathaigal/justice_janaki.md,பெரியார் / நாயக்கர்,Periyar / Naicker,historical_name_usage,"Both forms in dialogue refer to E.V. Ramasamy; English follows each source occurrence rather than flattening the speakers' register."
sirukathaigal/justice_janaki.md,திராவிடஸ்தான்,Dravidastan,historical_political_term,"The period political territorial term is transliterated and not modernized."
sirukathaigal/justice_janaki.md,பார்ப்பனரல்லாதார்,non-Brahmins,historical_political_identity,"Retained as the movement's stated constituency and source rhetoric."
sirukathaigal/justice_janaki.md,அர்ச்சனை,liturgy / litany against leaders,satirical_metaphor,"Religious worship vocabulary is used ironically for serial insults directed at party notables."
sirukathaigal/justice_janaki.md,Justice Party factions honours and named political figures,Source political satire,source_context,"Statements and private dialogue are translated as fictional satire dated 17 September 1944 and are not independently verified historical quotations."
sirukathaigal/kutravaali_yar.md,குற்றவாளி யார்?,Who Is the Criminal?,title_question,"The inquiry brands Karuppi while the narrative redirects culpability toward the powerful men who exploited her and the institutions that conceal it."
sirukathaigal/kutravaali_yar.md,Images 2-6 initially marked No OCR text,Recovered complete six-page source,source_recovery,"Original PNG encoding was unreadable to Tesseract despite visible text; temporary pixel-identical re-encoding with PSM 6 recovered all pages before translation."
sirukathaigal/kutravaali_yar.md,விபசாரி,prostitute,historical_social_legal_term,"The source's accusatory label is translated directly; context distinguishes the label from coercion and exploitation that produced her situation."
sirukathaigal/kutravaali_yar.md,வளைந்தான் வீதி குப்பி,Kuppi of Curved Street,uncertain_proper_name,"OCR segmentation of the street name is uncertain; English transliterates its apparent descriptive form conservatively."
sirukathaigal/kutravaali_yar.md,திருவாசகம்,Tiruvachakam,religious_text,"Malleesurar recites the devotional work while remembering locations connected with women he exploited."
sirukathaigal/kutravaali_yar.md,கத்தரித் தோட்டம்,brinjal garden,setting_term,"The garden is the location where Markandan first coerced Karuppi."
sirukathaigal/kutravaali_yar.md,உன் அண்ணியாக இருந்தேன்,I had been your sister-in-law,relational_wordplay,"Karuppi bitterly describes Malleesurar's prior sexual claim before she became his younger brother's kept woman; not a literal recognized marriage."
sirukathaigal/kutravaali_yar.md,காளி கோயில் பாழ் மண்டபம்,ruined hall of the Kali temple,setting_term,"Karuppi identifies the site of Malleesurar's assault and later dies in the temple well."
sirukathaigal/kutravaali_yar.md,காரளி / ஆத்தா,Mother Karali / Mother,uncertain_deity_name,"OCR likely reflects a local Kali epithet in the marriage pledge; transliterated conservatively rather than silently replacing it."
sirukathaigal/kutravaali_yar.md,வேட்டை நாய்கள்,hunting dogs,social_metaphor,"Karuppi's term for the men sent to capture her and Velan is retained as a metaphor."
sirukathaigal/kutravaali_yar.md,பிசாசு அறைந்ததால்,because a ghost struck him,institutional_cover_story,"The panchayat verdict replaces Markandan's killing and Karuppi's suicide with supernatural explanations."
sirukathaigal/kutravaali_yar.md,Sexual coercion prostitution violence suicide and official concealment,Source social fiction,source_context,"Abuse killings and institutional claims are translated as the story's events and accusations dated 2 March 1947 and not independently verified or endorsed."
sirukathaigal/saadhu.md,சாது,The Meek One,title_concept,"சாது denotes docile meek or harmless behaviour here; the story argues that this is situational rather than fixed character."
sirukathaigal/saadhu.md,All six pages initially marked No OCR text,Recovered complete six-page source,source_recovery,"Original PNG encoding was unreadable to Tesseract despite visible text; temporary pixel-identical re-encoding with PSM 6 recovered the complete source before translation."
sirukathaigal/saadhu.md,பொட்டைக்கண்ணி,One-Eyed Woman,descriptive_name,"A demeaning descriptive nickname used throughout the source; translated literally as a character label without endorsing it."
sirukathaigal/saadhu.md,பஜாரி,street brawler,gendered_insult,"Context denotes a loud quarrelsome woman rather than simply a market seller; translated by behaviour."
sirukathaigal/saadhu.md,நின்னா உதை குனிந்தா குத்து,kicked when standing punched when bending,formulaic_abuse,"Repeated formula summarizes the husband's arbitrary violence."
sirukathaigal/saadhu.md,ஆடு தாண்டும் காவேரி / அகண்ட காவேரி,goat-leap Kaveri / broad Kaveri,geographical_analogy,"Hogenakkal landscape is used to illustrate how the same current changes with place."
sirukathaigal/saadhu.md,பெண்புலி,tigress,psychological_analogy,"Maternal tenderness and predatory violence in the same animal illustrate situational behaviour."
sirukathaigal/saadhu.md,அகசக்ராதிபதிபத்யம்,absolute dominion,probable_ocr,"OCR appears to duplicate part of a grandiose sovereignty compound; English follows the clear sense of the One-Eyed Woman's rule at the well."
sirukathaigal/saadhu.md,இந்த ராசாயனம்,this chemistry,conceptual_metaphor,"The chain of resistance and behavioural change is described as a social-psychological chemical process."
sirukathaigal/saadhu.md,சர்ரை விட்ட சண்முகம்,Shanmugham after relinquishing his Sir,uncertain_historical_allusion,"Likely refers to a contemporary public figure renouncing a British title; translated conservatively without adding an unprinted full identity."
sirukathaigal/saadhu.md,Sheikh Abdullah Kashmir ruler and Minister Bhaktavatsalam,Historical allusions,source_context,"Closing political examples and all psychological claims are translated as the author's dated 16 November 1947 argument and not independently verified or modern clinical guidance."
sirukathaigal/saadhu.md,Workplace abuse domestic violence and redirected aggression,Source social argument,source_context,"Violence insults and behavioural claims are retained as source events and analysis and not endorsed."
sirukathaigal/nadodi.md,நாடோடி,The Wanderer,title_class_irony,"The same mobility is condemned as vagabondage in a poor job seeker and praised as necessary enterprise in managers and owners."
sirukathaigal/nadodi.md,Previously missing OCR pages,Recovered complete six-page source,source_recovery,"Original PNG encoding was unreadable to Tesseract on missing pages; temporary pixel-identical re-encoding with PSM 6 recovered the full dated source before translation."
sirukathaigal/nadodi.md,பிள்ளைமான் அண்டு கோ / மான் அண்டு கம்பெனி,Pillaiman and Company / Maan and Company,probable_ocr_name,"The company name appears inconsistently in OCR; English follows each preserved occurrence rather than inventing one authoritative legal name."
sirukathaigal/nadodi.md,காலிலே சக்கரம்,wheels upon his feet,colloquial_metaphor,"Used to characterize Marudachalam's repeated travel as innate restlessness."
sirukathaigal/nadodi.md,ஜட்கா,horse carriage,historical_transport,"The manager cites part of his difficult Arcot journey by jatka."
sirukathaigal/nadodi.md,மாசம் முள்ளங்கிப் பத்தை மாதிரி,monthly as regularly as a bundle of radishes,colloquial_comparison,"The employer mocks the manager's regular ninety-rupee salary; image is retained despite compressed idiom."
sirukathaigal/nadodi.md,குண்டு சட்டியிலே குதிரை ஓட்டுகிறவன்,riding a horse inside a clay pot,idiom,"Ridicules a businessman who confines activity to his own town."
sirukathaigal/nadodi.md,உப்பங்கழி காண்ட்ராக்ட்,salt-marsh contract,historical_business_term,"One of Emperuman's many geographically dispersed commercial interests."
sirukathaigal/nadodi.md,மாய உலகு,Illusory World,film_title,"Tamil film title playing inside Chandra Talkies at the close is translated semantically and italicized."
sirukathaigal/nadodi.md,Labour migration employment dismissal and business travel,Source social satire,source_context,"Places firms and economic judgments are translated as fictional satire dated 17 November 1946 and not independently verified historical records."
sirukathaigal/kadvul_thandipar.md,கடவுள தண்டிபபாா!,கடவுள் தண்டிப்பாரா!,title_ocr,"The scan title is visibly damaged; the grammatical question and repeated refrain establish the intended title. Tamil source remains verbatim."
sirukathaigal/kadvul_thandipar.md,ஜோத்தான் வருகிறான்,காத்தான் வருகிறான்,character_name_ocr,"The opening occurrence is damaged; all subsequent references consistently name the thug காத்தான்."
sirukathaigal/kadvul_thandipar.md,ஒரு முடிவு காரண,ஒரு முடிவு காண,word_ocr,"Context requires 'to find an end' to his atrocities; the Tamil OCR source is retained unchanged."
sirukathaigal/kadvul_thandipar.md,அண்டிமாண்டு / பைசல,annual account / settlement,historical_finance_terms,"Period moneylending-account terms are rendered by function; exact specialist terminology may merit archival review."
sirukathaigal/kadvul_thandipar.md,நஞ்சு ஒய்வெடுத்துக் கொள்ளவில்லை,நெஞ்சு ஓய்வெடுத்துக் கொள்ளவில்லை,word_ocr,"The sentence contrasts a silenced mouth with an unresting heart; translation follows the clear contextual reading."
sirukathaigal/kadvul_thandipar.md,சத்தான பண்களரகும்,essential qualities,phrase_ocr,"The OCR phrase is badly damaged; the surrounding list and next sentence support the translated sense without altering Tamil source."
sirukathaigal/kadvul_thandipar.md,பண்டிதர்,Pandit Nehru,historical_reference,"The surrounding 1948 black-market and hanging reference strongly indicates Nehru; this is a contextual identification rather than a silent source edit."
sirukathaigal/kadvul_thandipar.md,சாரதயம் செய்கிறார்களே,ஆதரவு செய்கிறார்களே,word_ocr,"The scan reading is malformed; the political contrast clearly means that the princely rulers support Patel."
sirukathaigal/kadvul_thandipar.md,தயவு தாட்சண்யம்,mercy,idiom,"Conventional expression meaning mercy or consideration; spacing and glyphs are damaged in OCR."
sirukathaigal/kadvul_thandipar.md,Patel black-marketing state violence and named industrialists,Source political argument,source_context,"Historical and political assertions are translated as the author's dated source voice and have not been independently verified."
sirukathaigal/bama_vijayam.md,பாமா விஜயம்,Bama Vijayam,title_term,"Title is retained by transliteration because no character named Bama appears and an interpretive English substitution would be uncertain."
sirukathaigal/bama_vijayam.md,எந்தச் சீ மையிவிருந்து,எந்தச் சீமையிலிருந்து,word_ocr,"Spacing and consonants are damaged; translation follows the clear idiomatic question about where a husband will come from."
sirukathaigal/bama_vijayam.md,அந்ததகனை மணந்த அற்புத வள்ளி,அந்தகனை மணந்த அற்புத வள்ளி,work_reference_ocr,"Likely reference to the popular Valli story; printed/OCR wording is retained in Tamil and rendered conservatively."
sirukathaigal/bama_vijayam.md,வெலாத்தம்மன்,Velaathamman,proper_name_unresolved,"Local goddess or temple name is transliterated from OCR; exact spelling requires checking the printed image."
sirukathaigal/bama_vijayam.md,கமலா கலியாணமான இரண்டாம் மாதம் தாலி அறுப்பாள்,Kamala would be widowed in the second month,period_idiom,"Literally 'have her tali cut'; translated by its social meaning in the widowhood context."
sirukathaigal/bama_vijayam.md,எதுகுல காம்போதி,Ethukula Kambhoji,music_term,"Retained as the source's raga or composition name; spelling may reflect period Tamil usage."
sirukathaigal/bama_vijayam.md,ஜில்லா முன்? ப்,District Munsif,office_ocr,"OCR damages the final characters; the period judicial/administrative title is contextually identifiable."
sirukathaigal/bama_vijayam.md,இற கதவை,திற கதவை,word_ocr,"Initial consonant is omitted in OCR; dialogue clearly commands Sarasa to open the locked door."
sirukathaigal/bama_vijayam.md,விதவைக்கு மணமுடித்து வைக்கிற இறமை,விதவைக்கு மணமுடித்து வைக்கிற திறமை,word_ocr,"Initial consonant is omitted; translation follows the grammatical reading 'ability to arrange a widow's marriage.'"
sirukathaigal/bama_vijayam.md,Devika Rani reform marriage caste and widowhood,Source social satire,source_context,"Named people and social claims are translated as the 1939 story's source voice; no external historical verification is asserted."
sirukathaigal/paeran_bengalooril.md,பேரன் பெங்களுரில்,பேரன் பெங்களூரில்,title_ocr,"Long vowel marker is missing in the OCR title; filename and body confirm Bangalore. Tamil source remains verbatim."
sirukathaigal/paeran_bengalooril.md,இளநீர் ஒரு ஆறும்,six tender coconuts,period_colloquialism,"ஒரு ஆறு is read as the colloquial count 'some six'; translated as six while preserving source."
sirukathaigal/paeran_bengalooril.md,எல்.எம்.பி.,L.M.P.,historical_qualification,"Period Licentiate Medical Practitioner qualification is retained as the source abbreviation."
sirukathaigal/paeran_bengalooril.md,சண சிமிட்டிகள்,கண் சிமிட்டிகள் / eye-winkers,word_ocr,"Initial consonant is likely damaged; translation follows the surrounding list of flirtatious young men."
sirukathaigal/paeran_bengalooril.md,ரல் ஜன்னலும்,பள்ளி ஜன்னலும்,phrase_ocr,"OCR loses the start of 'school window'; translation follows the preceding பள்ளிக்கூடம் and sentence context."
sirukathaigal/paeran_bengalooril.md,பச்சை நிறப் பத்திரிக்கை,green-covered periodical,publication_reference,"Likely a reformist periodical associated with the enclosed Kudi Arasu articles; title is not supplied and is not invented."
sirukathaigal/paeran_bengalooril.md,மச்சகந்தி / பரிமளக்கந்தி,Matsyagandhi / Parimalagandhi,mythological_names,"Names in the Shantanu-Satyavati analogy are transliterated from their Tamil forms."
sirukathaigal/paeran_bengalooril.md,ஐ.மீன் இருக்கு,மைனர் எஸ்டேட் இருக்கு / minor estate,phrase_ocr,"The groom later repeats the false claims; OCR is damaged and English follows the identifiable property claim."
sirukathaigal/paeran_bengalooril.md,இரண்டு ஜீவன்களுக்கும் இருபது ரூபாய் போதும்,twenty rupees is enough for two lives,period_economic_expression,"Salary and livelihood claim is translated as the fictional speaker's 1939 assertion, not a modern valuation."
sirukathaigal/paeran_bengalooril.md,Priestly hypocrisy widow remarriage caste and inheritance,Source social satire,source_context,"Social and religious claims remain the dated story's satirical source voice and are not independently verified facts."
sirukathaigal/kumari_soorya.md,குமாரி சூர்யா,Maiden Surya,title_term,"சூர்யா is retained as Surya in the bilingual title; the essay identifies her as Japan's former sun goddess."
sirukathaigal/kumari_soorya.md,இனத்தந்தி செய்ய,இன்பத் தந்தி செய்ய / dispatch sweet news,phrase_ocr,"Opening phrase is OCR-damaged; translation follows the playful film-gossip context conservatively."
sirukathaigal/kumari_soorya.md,இசனாகி / இசனாமி,Izanagi / Izanami,mythological_names,"Modern standard romanisations are used for the Japanese deities while Tamil source remains unchanged."
sirukathaigal/kumari_soorya.md,சூசான்,Susan,mythological_name_unresolved,"Source's Tamil form for the storm or rain deity is transliterated rather than silently normalised to Susanoo."
sirukathaigal/kumari_soorya.md,மச்சகந்தி / பரிமளக்கந்தி,Matsyagandhi / Parimalagandhi,mythological_names,"Names appear within the essay's comparative mythology and are rendered from their Tamil forms."
sirukathaigal/kumari_soorya.md,அக்னி குதவன்,அக்னி தேவன் / Fire God,word_ocr,"Consonants are damaged; preceding and following sentences explicitly identify the fire deity."
sirukathaigal/kumari_soorya.md,அழுதால் கடவுள்! சிந்தினால் கடவுள்!,Cry and a god appears; blow the nose and a god appears,wordplay,"Translation follows the nose-birth satire; சிந்தினால் may carry bodily-fluid wordplay and remains open to print review."
sirukathaigal/kumari_soorya.md,Japanese mythology imperial descent and religious change,Source argumentative essay,source_context,"Comparative religious and historical claims are translated as the author's 1955 polemical voice and are not independently verified."
sirukathaigal/prarthanai.md,பிரார்த்தனை,Prayer,title_term,"Direct semantic translation; Tamil and English titles are both retained."
sirukathaigal/prarthanai.md,அன்னமும் ஆலாகப் பறக்க,Annam too would have to fly about without refuge,idiom_unresolved,"ஆலாக is unclear in OCR; translation follows the context of a vulnerable woman left without protection."
sirukathaigal/prarthanai.md,கலியாணத்துக்கு ஒரு சன்னி காதலுக்கு வேறோர் கன்னி,one maiden for marriage and another for love,phrase_ocr,"சன்னி is likely a damaged கன்னி or related word; parallel structure determines the translated sense."
sirukathaigal/prarthanai.md,பயல் மகர பேர்வழி,பயல் மகா பேர்வழி / a great deceiver,word_ocr,"Consonant is damaged; the landlord family's exculpatory description is translated contextually."
sirukathaigal/prarthanai.md,௧௬ சிதையவுமில்லை,கரு சிதையவுமில்லை / the foetus did not perish,phrase_ocr,"Mixed numeral-like glyphs obscure கரு; pregnancy context establishes the reading."
sirukathaigal/prarthanai.md,எவனெவனோ நாயகர்கள்,any number of protectors,ironic_term,"நாயகர்கள் is rendered with quotation-mark irony because the following sentence describes exploitative patrons."
sirukathaigal/prarthanai.md,சாட்சாத் சிவபெருமானே சுந்தரருக்கும் பரவைக்கும் தூது,மிதம்,appropriation_reference,"Mythological allusion to Siva as messenger between Sundarar and Paravai is retained as the narrator's satire."
sirukathaigal/prarthanai.md,கண்ணொடு கண்ணிணை தோக்கொக்கின்,கண்ணொடு கண்ணிணை நோக்கொக்கின்,quotation_ocr,"Tirukkural wording is OCR-damaged; English gives the recognised meaning while the source block remains unchanged."
sirukathaigal/prarthanai.md,அன்னம் ௧௬ நோயினால்,அன்னம் கரு நோயினால் / pregnancy condition,phrase_ocr,"Numeral-like OCR damage obscures the pregnancy reference; preceding missed periods and vomiting establish context."
sirukathaigal/prarthanai.md,Sexual coercion prostitution caste and pregnancy,Source social narrative,source_context,"The story's sexual violence and social claims are translated as its 1943 source voice without independent factual verification."
sirukathaigal/thavalayum_manithanum.md,தவளையும் மனிதனும்,The Frog and the Man,title_term,"Direct semantic translation; both titles are retained."
sirukathaigal/thavalayum_manithanum.md,எம். ஏ. ஆக்கி வைத்தவர்,எம்.எல்.ஏ. ஆக்கி வைத்தவர் / made him an M.L.A.,abbreviation_ocr,"Electoral context and following victory celebration support M.L.A.; Tamil OCR source remains unchanged."
sirukathaigal/thavalayum_manithanum.md,காவிலே இரத்தம்,காலிலே இரத்தம் / blood from the leg,word_ocr,"The wound is consistently in the leg; ல் is lost in this occurrence."
sirukathaigal/thavalayum_manithanum.md,ஒரு ௦ருந்து,ஒரு மருந்து / some medicine,word_ocr,"Tamil consonant is recognised as a numeral-like glyph; veterinary-medicine context is explicit."
sirukathaigal/thavalayum_manithanum.md,உன் தாவி பாக்கியம்,உன் தாலி பாக்கியம் / fortune of your marriage pendant,phrase_ocr,"The physician refers euphemistically to whether her husband will survive; translation follows the idiom."
sirukathaigal/thavalayum_manithanum.md,அவைகளை ஒரு கோணி பையில் போட்டு கட்டி ... மற்றவை குற்றுயிராகிக் கிடந்தன,[missing line in quoted newspaper report],incomplete_excerpt,"OCR source jumps between clauses inside the report. English marks the gap with an ellipsis and does not invent the omitted detail."
sirukathaigal/thavalayum_manithanum.md,160 ரூபாய் / 534 தவளைகள்,160 rupees / 534 frogs,numerical_source,"Figures are preserved exactly from OCR; original newspaper report has not been independently checked."
sirukathaigal/thavalayum_manithanum.md,கள்ளக் கடத்தல் அரசியல் செல்வாக்கு மற்றும் காவல்துறை,Smuggling political influence and police,source_context,"Criminal and political claims are translated as fictional source narration; no real-person identification or external verification is asserted."
sirukathaigal/sumar_subbaiah.md,சுமார் சுப்பையா,“Approximately” Subbaiah,title_wordplay,"The adverb is treated as a nickname in quotation marks to preserve the central joke."
sirukathaigal/sumar_subbaiah.md,வேளைக்கு 14 / 18 / 1/8 / 1% படி,[damaged milk-measure fractions],numerical_ocr,"Several fraction glyphs in the cow anecdote conflict or are malformed. English preserves the exact-versus-approximate joke without asserting unrecoverable figures."
sirukathaigal/sumar_subbaiah.md,பத்து ஏக்கர் பூமி,ten acres of land,period_property_term,"Literal landholding is retained as context for the proposed marriage match."
sirukathaigal/sumar_subbaiah.md,தங்கக் கட்டுப்பாடு காலம்,period of gold controls,historical_joke,"Courtroom pun on calling the master 'gold'; translated literally without asserting a precise regulatory date."
sirukathaigal/sumar_subbaiah.md,கத்திரி / Kathiri,scissors and employee name,wordplay,"Cross-examination hinges on the same Tamil sound meaning scissors and naming a shop worker; transliteration preserves the ambiguity."
sirukathaigal/sumar_subbaiah.md,ஒரு ௬ணக்கு,ஒரு கணக்கு / a calculation,word_ocr,"Initial consonant is recognised as a numeral-like glyph; context is the lawyer's question about time."
sirukathaigal/sumar_subbaiah.md,80 ரூபாய் 60 பைசா,eighty rupees and sixty paise,numerical_source,"Debt amount is preserved exactly as OCR source reads."
sirukathaigal/sumar_subbaiah.md,Employment retail deception and courtroom proceedings,Source social satire,source_context,"Events and named characters are translated as fictional satire rather than externally verified legal or commercial history."
sirukathaigal/aruvadai.md,அறுவடை,Harvest,title_term,"Direct semantic translation; the title also refers ironically to the staged harvest dance and political rewards."
sirukathaigal/aruvadai.md,வக€ல் / வக்£ல்,வக்கீல் / lawyer,recurrent_word_ocr,"Currency-like glyphs repeatedly replace letters in lawyer; English follows the unambiguous occupational context."
sirukathaigal/aruvadai.md,ஆரியனூர் கிராம முனி? பு,ஆரியனூர் கிராம முனிசீபு / village munsif,office_ocr,"The title is damaged in one occurrence and clearer later; translation uses village munsif."
sirukathaigal/aruvadai.md,எப்.எல். வக்கீல்,F.L. lawyer,historical_qualification,"Qualification is retained as OCR source supplies it; exact historical expansion is not asserted."
sirukathaigal/aruvadai.md,€ மந்தத்தை கூட காணாமல்,[mourning period phrase],phrase_ocr,"Initial word is damaged; context says the widowed mother moved in without waiting for the customary mourning period."
sirukathaigal/aruvadai.md,63 பொதுக் கூட்டங்களிலே,sixty-three public meetings,numerical_source,"Unusual count is preserved exactly from OCR."
sirukathaigal/aruvadai.md,கமிட்டி நியமித்து ... நம் நாட்டு உழவுத் தொழில் அபிவிருத்திக்கான முறைகளைத் தெரிந்து,[truncated committee/send-off sentences],incomplete_excerpt,"OCR omits sentence endings around committee appointment and travel purpose. English renders only recoverable sense without inventing missing clauses."
sirukathaigal/aruvadai.md,சால் தட்டுதல் / பரம்பு அடித்தல்,forming furrows / levelling a field,agricultural_terms,"Regional farming expressions are translated functionally and may benefit from specialist dialect review."
sirukathaigal/aruvadai.md,Land reform government committee Rajaji and legal profession,Source political satire,source_context,"Named political and institutional references are translated as the author's 1955 satirical argument and not independently verified history."
sirukathaigal/kallum_kannadi.md,கல்லும் கண்ணாடித் துண்டும்,The Stone and the Shard of Mirror,title_term,"Direct translation; துண்டு is rendered as shard to preserve the broken-mirror setting."
sirukathaigal/kallum_kannadi.md,நான் ௨ உடைந்து போன கண்ணாடித் துண்டல்லவா,நீ உடைந்து போன கண்ணாடித் துண்டல்லவா,pronoun_ocr,"Numeral-like glyph replaces நீ; the stone is addressing the mirror shard."
sirukathaigal/kallum_kannadi.md,தேவாலயத்துக்குச் செல்ல வேண்டிய நாண்,தேவாலயத்துக்குச் செல்ல வேண்டிய நான்,word_ocr,"Final consonant is misrecognised; sentence subject is the stone."
sirukathaigal/kallum_kannadi.md,அதற்கு நான் கொடுத்து வைத்திருக்க வேண்ட ஈமா,அதற்கு நான் கொடுத்து வைத்திருக்க வேண்டுமா,phrase_ocr,"Word boundary and vowel signs are damaged; rhetorical question asks whether the stone had such good fortune."
sirukathaigal/kallum_kannadi.md,ஐயோ பரம்பு! பாம்பு,ஐயோ பாம்பு! பாம்பு!,exclamation_ocr,"Stray letters appear in the boy's alarm; translation follows repeated snake warning."
sirukathaigal/kallum_kannadi.md,கட்டுவிரியன்,kattuviriyan,snake_term,"Regional snake name is transliterated because precise modern species identification is uncertain."
sirukathaigal/kallum_kannadi.md,ஒரு அரை மணி நேரத்துக்கு மந்தி,ஒரு அரை மணி நேரத்துக்கு முந்தி,word_ocr,"Vowel is damaged; the elder says he killed the snake half an hour earlier."
sirukathaigal/kallum_kannadi.md,பத்தரைமாற்றுத் தங்கம்,பத்தரை மாற்றுத் தங்கம் / pure gold,idiom,"Traditional gold-purity metaphor is translated idiomatically for the young woman's body and heart."
sirukathaigal/kallum_kannadi.md,பூவிழந்தாள் பொட்டு இழந்தாள்,She lost her flower and forehead mark,widowhood_symbols,"Period markers of widowhood are retained literally, with context explaining their significance."
sirukathaigal/kallum_kannadi.md,Five-Year Plan road works peasant protest policing and widowhood,Source allegorical satire,source_context,"Political, judicial, and social claims remain the fictional allegory's source voice and are not independently verified."
sirukathaigal/sevvazhai.md,செவ்வாழை,The Red Banana Plant,title_term,"செவ்வாழை denotes the red banana variety and the plant central to the story; title adds Plant for natural English clarity."
sirukathaigal/sevvazhai.md,Image 2 and Image 3 repeated passage,[duplicate OCR extraction],source_duplication,"The discussion of children's shares and Sengodan's care is repeated across OCR pages. Tamil source remains verbatim; English presents the story passage once."
sirukathaigal/sevvazhai.md,ஒரு சப்பு / ஒரு சீப்பு,one hand of bananas,agricultural_measure,"OCR alternates spellings; translated as the banana-cluster measure 'hand,' distinct from the full bunch."
sirukathaigal/sevvazhai.md,முக்காலே மூன்று வீசம் பாகம்,three quarters,idiomatic_fraction,"Traditional fractional expression is rendered by its contextual sense: the landlord takes most of the crop."
sirukathaigal/sevvazhai.md,மாட்டுப் பெண்ணுக்கு பிறந்த நாள் பூஜை,daughter-in-law's birthday worship,kinship_term,"மாட்டுப் பெண் is a period or regional term for daughter-in-law; Muthuvijaya is identified earlier as such."
sirukathaigal/sevvazhai.md,திராட்சை கமலா,திராட்சை கமலா / grapes or oranges,fruit_term_ocr,"கமலா likely denotes the Kamala orange; translation uses oranges while retaining OCR source."
sirukathaigal/sevvazhai.md,ஒரு அணா / காலணா,one anna / quarter anna,historical_currency,"Period coin values are retained to preserve the child's inability to buy his family's own fruit."
sirukathaigal/sevvazhai.md,Landlord appropriation agricultural labour hunger and funeral customs,Source social fiction,source_context,"Economic and social claims are translated as the 1949 story's source voice and not independently verified factual reportage."
sirukathaigal/varavu_selavu.md,வரவு - செலவு,Income and Expenditure,title_term,"Accounting terms also frame the satire of interconnected revenue publicity and charitable spending."
sirukathaigal/varavu_selavu.md,முப்பது நாற்பது,thirty or forty thousand,numerical_ellipsis,"Speaker contrasts the amount with ten lakhs; thousand is contextually implied but absent from OCR wording."
sirukathaigal/varavu_selavu.md,தொரைசாமி இந்த ஆபீசருக்குச் சின்ன மாமனாரு,Duraisamy is the officer's younger father-in-law,kinship_term,"Regional kinship expression is translated literally; precise modern relationship may require contextual review."
sirukathaigal/varavu_selavu.md,கால் ரூபா / ஒரணா / ஆறணா,quarter rupee / one anna / six annas,historical_currency,"Commission negotiation uses pre-decimal currency; values are retained rather than modernised."
sirukathaigal/varavu_selavu.md,வித்வனரவிலே போதும்,[sales through practitioners],phrase_ocr,"The OCR word is malformed; medicine-distribution context suggests practitioners or professional channels. Translation is conservative."
sirukathaigal/varavu_selavu.md,இறப்பு விழா / நிறப்பு விழா,திறப்பு விழா / opening ceremony,recurrent_word_ocr,"Initial consonant is repeatedly omitted or substituted; warehouse and shop context makes opening ceremony unambiguous."
sirukathaigal/varavu_selavu.md,கலப்பட எண்ணெயால் கடுப்பு வியாதி,dysentery caused by adulterated oil,advertising_claim,"The claim is the fictional merchant's proposed advertisement and is not presented as medical fact."
sirukathaigal/varavu_selavu.md,கருந்தங்கச் சூரணம்,Karunthanga Chooranam,product_name,"Proprietary medicine name is transliterated; no efficacy is endorsed."
sirukathaigal/varavu_selavu.md,Rice contracting official influence medicine sales and charity publicity,Source satirical monologue,source_context,"Commercial political and medical claims are translated as the fictional speaker's self-exposing monologues and are not independently verified."
sirukathaigal/thirappu_vizha.md,திறப்பு விழா,The Unveiling Ceremony,title_wordplay,"திறப்பு refers both to unveiling the statue and the king's moral eye-opening at the conclusion."
sirukathaigal/thirappu_vizha.md,வெற்றிபுரம் வேந்தர் வேழமுகத்தார்,Vezhamugathar king of Vetripuram,fictional_names,"Names are transliterated as fictional royal names; the OCR title line contains severe surrounding noise."
sirukathaigal/thirappu_vizha.md,தேவ இற்பியின் சிலை,தேவ சிற்பியின் சிலை / divine sculptor's statue,word_ocr,"Initial consonant is lost; extended metaphor identifies the human body as the divine sculptor's statue."
sirukathaigal/thirappu_vizha.md,கலைச் செல்வத்தைப் பெற்றெடுத்தான்,gave birth to a treasure of art,extended_metaphor,"Translation retains the preceding childbirth analogy for artistic creation."
sirukathaigal/thirappu_vizha.md,அஞ்சும் மூணும்,abundant wages,idiom_unresolved,"Cook-payment expression is regionally compressed and not reliably quantifiable; translated by contextual sense."
sirukathaigal/thirappu_vizha.md,கதிரவன்,Kathiravan,character_name,"Name means Sun but is retained as the warrior's proper name."
sirukathaigal/thirappu_vizha.md,கண் இறந்தது,கண் திறந்தது / my eyes have opened,final_word_ocr,"OCR omits initial த; the king's repentance and final phrase உண்மையான திறப்புவிழா establish the intended reading. Tamil source remains verbatim."
sirukathaigal/thirappu_vizha.md,Royal marriage widow remarriage pregnancy imprisonment and punishment,Source dramatic fiction,source_context,"Political and social events are translated as fictional drama and are not independently verified historical claims."
sirukathaigal/karuppannasamy.md,கருப் பண்ணசாமி யோசிக்கிறார்,கருப்பண்ணசாமி யோசிக்கிறார் / Karuppannasamy Reflects,title_ocr,"OCR inserts a word break in the deity's name; filename and repeated body usage establish Karuppannasamy."
sirukathaigal/karuppannasamy.md,சோடச உபசாரம்,sixteen forms of homage,religious_term,"Traditional ritual term is translated by meaning rather than retained in Sanskritised transliteration."
sirukathaigal/karuppannasamy.md,அரை பலம் கற்பூரம்,half a palam of camphor,historical_measure,"Traditional weight measure is retained functionally; exact modern conversion is unnecessary to the satire."
sirukathaigal/karuppannasamy.md,அலிகார் பூட்டு,Aligarh lock,object_term,"Period reference to a strong lock associated with Aligarh is retained."
sirukathaigal/karuppannasamy.md,கருப்ப உடையார் / பிச்ச உடையார்,Karuppa Udaiyar / Picha Udaiyar,faction_leaders,"Faction leaders' names are transliterated consistently despite OCR variations such as Karuppaiah and Pichai."
sirukathaigal/karuppannasamy.md,சாமி ஆம்மிட்டுக்கிச்சி,சாமி அகப்பட்டுக்கிச்சி / the god has been caught,phrase_ocr,"Children's colloquial cry is damaged; surrounding village dialogue establishes the meaning."
sirukathaigal/karuppannasamy.md,போடுங்கடா பூஜை,Give them their worship,ironic_command,"Police command is a satirical euphemism for baton action; translation retains the irony."
sirukathaigal/karuppannasamy.md,Lalgudi Police Sub-Inspector temple-board dispute and devotee factions,Source satirical fiction,source_context,"Institutional references are translated as the 1951 story's source narrative and are not independently verified reportage."
sirukathaigal/udayar_ullam.md,உடையார் உள்ளம்,The Landowner’s Heart,title_term,"உடையார் is rendered as landowner in light of the estate rivalry and agrarian hierarchy."
sirukathaigal/udayar_ullam.md,ஒண்டிக்கட்டை உலகப்பன்,bachelor Ulagappan,character_epithet,"ஒண்டிக்கட்டை is a colloquial epithet for an unattached unmarried man; repeated epithet is translated functionally."
sirukathaigal/udayar_ullam.md,ஆறு ஏக்கர் அயன் நஞ்சை / எட்டு ஏக்கர் புஞ்சை,six acres wet ryotwari land / eight acres dry land,land_terms,"Historical land classifications are rendered functionally; specialist revenue terminology may merit review."
sirukathaigal/udayar_ullam.md,முப்போனூர்,Mupponur,place_name_wordplay,"Narrator explains the name as a village yielding three harvests; transliteration preserves the fictional place name."
sirukathaigal/udayar_ullam.md,நாற்பது கல்தொலைவு,forty stone-measures away,historical_distance,"கல் is retained descriptively as an older distance unit because exact modern conversion is not required."
sirukathaigal/udayar_ullam.md,காப்பித்தாள் கால் மரத்தூள் முக்கால்,one quarter coffee husk and three quarters sawdust,commercial_accusation,"Translated as the fictional rival's defamatory claim, not a verified statement about an actual business."
sirukathaigal/udayar_ullam.md,அக்கரை பக்கிரியப்பன்,Akkarai Pakkiriyappan,character_epithet,"அக்கரை refers to his period working overseas in a Ceylon tea estate."
sirukathaigal/udayar_ullam.md,கிச்சில்ச சம்பா,kichili samba,rice_variety_ocr,"OCR includes an extra consonant; translation uses the identifiable rice-variety name without changing Tamil source."
sirukathaigal/udayar_ullam.md,பக்கிரி என்பத முப்போனூர் விவசாயத் தொழிலாளி கன்னி என்பவளை,பக்கிரி ... கன்னி என்பவனை / Pakkiri killed Kanni,final_gender_ocr,"The report uses feminine object ending despite Kanni being consistently male. English follows established character identity; source remains verbatim."
sirukathaigal/udayar_ullam.md,Land acquisition arson conspiracy labour feud and murder,Source social satire,source_context,"Criminal commercial and social events are translated as fictional narrative and are not independently verified reportage."
sirukathaigal/kaikku_ettiyathu.md,கைக்கு எட்டியது,Within Reach,title_idiom,"Title invokes the repeated saying கைக்கு எட்டியது வாய்க்கு எட்டவில்லை: within reach of the hand but not the mouth."
sirukathaigal/kaikku_ettiyathu.md,6 [ரழமாய்ப்போன பூனை,பாழாய்ப்போன பூனை / wretched cat,opening_ocr,"Opening word contains numeral and bracket noise; domestic cat context is clear."
sirukathaigal/kaikku_ettiyathu.md,மங்களாபிஷேகம்,ceremonial abuse from his wife,ironic_term,"Literally a mangala anointing; narration uses it ironically for the wife's scolding."
sirukathaigal/kaikku_ettiyathu.md,ஆறணாவுக்கு ஐந்தணா,five annas where six are due,historical_currency,"Wage example is retained in pre-decimal currency."
sirukathaigal/kaikku_ettiyathu.md,குச்சக்காரி,sex worker,period_term,"Derogatory period term is translated neutrally in narration while preserving social context."
sirukathaigal/kaikku_ettiyathu.md,மூன்று ரூபாய் எட்டணா,three rupees and eight annas,historical_currency,"Temple priest's daily receipts are preserved exactly."
sirukathaigal/kaikku_ettiyathu.md,திருமங்கையாழ்வாரோ,another Thirumangai Alvar,religious_allusion,"Priest's suspicious thought alludes ironically to the saint's theft narratives; name is retained."
sirukathaigal/kaikku_ettiyathu.md,அம்பிகை உபவாசி அமிர்தலிங்கேஸ்வர ஜயர்,Amirthalingeswara Iyer who fasted for Ambika,name_title_ocr,"OCR reads ஜயர் for ஐயர்; translation follows the identifiable honorific and satirical description."
sirukathaigal/kaikku_ettiyathu.md,Temple theft sex work criminal trial and devotional claims,Source satirical fiction,source_context,"Legal religious and social events are translated as fictional narrative and not independently verified reportage."
sirukathaigal/nagaithal_nangai.md,நகைத்தாள் நங்கை,The Maiden Laughed,title_syntax,"The compact literary title is rendered as a complete English clause; both Tamil and English titles are retained."
sirukathaigal/nagaithal_nangai.md,ஈடதும் ... துடியாய்த் கிறார்,கண்டதும் ... துடியாய்த் துடிக்கிறார் / upon seeing her he throbbed with desire,page_edge_ocr,"The beginning of image 2 loses several characters at the left edge. English follows the continuous sentence established at the end of image 1; Tamil source remains verbatim."
sirukathaigal/nagaithal_nangai.md,நாடகத்தால் உன் அடியார் போல் நடித்து,Through play-acting you behave like one of His servants,literary_quotation,"Quotation is visibly damaged in the scan/OCR and is translated conservatively from the surviving wording."
sirukathaigal/nagaithal_nangai.md,பதஇியிலார்,பதியிலார் / woman of the courtesan community,period_term_ocr,"OCR inserts an extra vowel mark. Translation uses the historically contextual meaning without altering the Tamil source."
sirukathaigal/nagaithal_nangai.md,மான் இளம்பிணையோ ... தனிஇளம் தனுவோ,Periyapuranam verse describing Paravaiyar,literary_verse,"Verse is rendered for meaning rather than metre; compounds and lineation are partially affected by OCR."
sirukathaigal/nagaithal_nangai.md,கற்பகத்தின் பூங்கொம்போ ... அறியேன்என்று அகுசயித்தார்,Periyapuranam verse describing Paravaiyar,literary_verse_ocr,"Final verb appears OCR-corrupted; context supports 'he marvelled/wondered.' Tamil is preserved verbatim."
sirukathaigal/nagaithal_nangai.md,எல்லாம் சொல்லுமாம் பல்லி காடிப் பானையில் விழுமாம் தள்ளி,the lizard which foretells everything falls into the gruel pot,proverb,"Period proverb is translated literally enough to retain its satirical function."
sirukathaigal/nagaithal_nangai.md,மறுகில் சிந்தைவன் தொண்டர் ... முகிழ்த்தது வெண்ணிலா,Periyapuranam verse likening moonrise to Night's smile,literary_verse_ocr,"The first line is scan-damaged. English follows the explanation immediately supplied by the author and does not silently repair the Tamil."
sirukathaigal/nagaithal_nangai.md,சிவனருள் / சவத்தொண்டு / பக்தி,quoted devotional terms,authorial_irony,"Quotation marks and context signal the author's satire; English retains this distancing rather than treating the labels as neutral narration."
sirukathaigal/nagaithal_nangai.md,பஞ்சைகள்,poor wretches / destitute labourers,period_term,"A socially marked period word is translated by context rather than transliterated."
sirukathaigal/nagaithal_nangai.md,காவில் வெள்ளெலும்பு முளைத்த நாள் முதலாய்,from the day the white bones first sprouted in his legs,damaged_idiom_ocr,"The first word is unclear and may be page-edge corruption. The surviving bodily idiom is retained conservatively."
sirukathaigal/nagaithal_nangai.md,ஜம்பது ரூபாய்,ஐம்பது ரூபாய் / fifty rupees,numeral_ocr,"OCR confuses initial ஐ with ஜ; English uses the clear numeric value supported by context."
sirukathaigal/nagaithal_nangai.md,வாளன கண்மடவாள் ... அவை அட்டித் தரப் பணியே,Sundarar's Kundaiyur hymn,literary_quotation_ocr,"Several characters and line breaks are damaged. Translation follows the recognizable canonical sense and the author's prose explanation; source remains unchanged."
sirukathaigal/nagaithal_nangai.md,இளையன் குடிமாறன் / இளையான் குடிமாறனார்,Ilayankudi Maranar,name_ocr,"OCR varies the saint's name; English consistently uses the identifiable conventional name."
sirukathaigal/nagaithal_nangai.md,பார்ப்பானர் / அந்தணர்,Brahmin,caste_term,"Caste terminology is translated directly because the distinction is central to the author's argument."
sirukathaigal/nagaithal_nangai.md,Sundarar Paravaiyar Kundaiyur and Ilayankudi narratives,Source polemical interpretation,source_context,"Religious caste and historical claims are translated as the author's satirical argument and are not presented as independently verified history."
sirukathaigal/naakizhanthar.md,நாக்கிழந்தார்,The Tongueless,title_wordplay,"Title denotes the man who literally loses his tongue and figuratively those silent against superstition; English retains the double use."
sirukathaigal/naakizhanthar.md,துர்மப் பிரபுவே,தர்மப் பிரபுவே / lord of charity,initial_ocr,"OCR corrupts the opening honorific; its repeated clear form and context establish the reading. Tamil source remains verbatim."
sirukathaigal/naakizhanthar.md,ஒரு தவளம்,ஒரு கவளம் / a mouthful,word_ocr,"OCR substitutes த for க in a standard hunger context; English resolves the obvious error without modifying source Tamil."
sirukathaigal/naakizhanthar.md,பிச்சைக் கிண்ணி,beggar's bowl / begging vessel,period_expression,"The phrase is translated by its narrative function; the final vowel may itself be OCR-corrupted."
sirukathaigal/naakizhanthar.md,சோணகிரி,Sonagiri,personal_name,"Name is transliterated conservatively because no independent identity is established."
sirukathaigal/naakizhanthar.md,ஒரு வேளைச் சோத்துக்கு ஒன்பது காதம்,nine leagues for one meal,historical_measure,"காதம் is retained by its conventional English equivalent league; the statement is rhetorical."
sirukathaigal/naakizhanthar.md,ஜே சதாராம்,Victory to Sitaram,devotional_cry_ocr,"Likely OCR/print rendering of Jai Sitaram; English gives the recognizable devotional cry."
sirukathaigal/naakizhanthar.md,அஷ்டஜஸ்வரியம்,அஷ்ட ஐஸ்வரியம் / eight forms of wealth,compound_ocr,"OCR fuses and corrupts the Sanskrit-derived expression; English follows the clear devotional context."
sirukathaigal/naakizhanthar.md,கீதம் பாடுகிறேனா களிப்பு இருந்தால்தானே கானம்,Do I sing music? Song requires joy,rhetorical_wordplay,"Alliterative Tamil wording is translated for sense; exact sound play cannot be reproduced."
sirukathaigal/naakizhanthar.md,கவியுக அதிசயம்,கலியுக அதிசயம் / wonder of the Kali age,word_ocr,"OCR reads கவி where the handbill formula and context indicate கலி. Source remains unchanged."
sirukathaigal/naakizhanthar.md,ஆத்த கருக்கு / ஆத்தீகர்கள்,ஆத்திகருக்கு / believers,word_ocr,"Multiple OCR spellings refer to theists/believers; English normalizes the meaning only."
sirukathaigal/naakizhanthar.md,பஞ்ச பக்தர்,Pancha Bhaktar,invented_sacred_name,"The story's bestowed religious name is transliterated and not translated as a historical title."
sirukathaigal/naakizhanthar.md,கொடை கோவிந்தசாமி,Kodai Govindasami,name_epithet,"கொடை may be an epithet suggesting generosity; it is retained as part of the printed issuer's name to avoid over-interpreting."
sirukathaigal/naakizhanthar.md,கூடம் கோயில் வாயில் ஆண்டவன்,new satirical dictionary,authorial_wordplay,"The compact definitions rely on Tamil sound and semantic play; English preserves their parallel definition structure."
sirukathaigal/naakizhanthar.md,ப...ம் பிரதிஷ்டை செய்யப்பட்டு,an image was installed,scan_gap,"The installed object's name is illegible in the OCR. English uses the minimally supported generic 'image'; Tamil remains verbatim."
sirukathaigal/naakizhanthar.md,பரோபகார சம்ரட்சணார்த்தம்,ostensibly for public edification,ironic_sanskritism,"The ornate expression is used satirically; translation conveys the stated benevolent/public-purpose claim."
sirukathaigal/naakizhanthar.md,ததுகளுக்கும்,holy men,word_ocr_uncertain,"The printed/OCR word is unclear and appears to denote miracle-working religious figures. English translates conservatively from the list context."
sirukathaigal/naakizhanthar.md,வடலூர் இராமலிங்கர்,Ramalingar of Vadalur,historical_reference,"Reference is retained as the author's contemporary example; the asserted fraudulent campaign is not independently verified."
sirukathaigal/naakizhanthar.md,மந்திரித்துக் கொடுக்கும் எலுமிச்சையால் ௧௫௬ உண்டாகும்,miracle produced by a blessed lemon,numeric_ocr_gap,"Tamil contains an intrusive number and a missing/corrupted effect word. English avoids inventing the specific claimed result."
sirukathaigal/naakizhanthar.md,நாக்கிழந்தார் வாக்கிழந்தார் நோக்கிழந்தார் பெருவழியார் சிறுவிழியார்,Tongueless Speechless Sightless Great-Way One Small-Eyed One,satirical_names,"Coined mock honorifics are translated to preserve their escalating satire."
sirukathaigal/naakizhanthar.md,Suicide poverty religious exploitation and newspaper claims,Source satirical fiction and polemic,source_context,"The narrative and historical allegations are translated as the author's argument and are not independently verified reportage."
sirukathaigal/ubakari_ulaga.md,உபகாரி உலகநாதன்,The Benefactor Ulaganathan,title_irony,"உபகாரி is both an inherited honorific and the story's central irony because every attempted benefit produces harm."
sirukathaigal/ubakari_ulaga.md,ஜு ஐ பகாரி உலகநாதம் பிள்ளை,உபகாரி உலகநாதம் பிள்ளை / Benefactor Ulaganatham Pillai,opening_ocr,"The first title/name line contains intrusive OCR characters. English follows the title and repeated clear name; Tamil remains verbatim."
sirukathaigal/ubakari_ulaga.md,சின்னக் குழந்தை,Chinnakulanthai / Little Child,name_wordplay,"The birth name is transliterated where treated as a name and translated where its embarrassing literal sense drives the joke."
sirukathaigal/ubakari_ulaga.md,இரண்டாவது உபகாரி உலகநாதர்,Benefactor Ulaganathar the Second,naming_allusion,"The Edward/George/Henry comparison is retained as the character's comic model for dynastic numbering."
sirukathaigal/ubakari_ulaga.md,மகக்கூட்டம்,மேகக்கூட்டம் / clouds,word_ocr,"Rain context establishes மேகக்கூட்டம். English resolves the obvious missing vowel without altering Tamil."
sirukathaigal/ubakari_ulaga.md,தேவர்களும் மூவர்களும்,தேவர்களும் மூவர்களும் / gods and the divine trinity,religious_expression,"மூவர் is rendered contextually as the Hindu trinity in the theatrical setting."
sirukathaigal/ubakari_ulaga.md,காவி செய்துவிட,காலி செய்துவிட / evict or make vacate,word_ocr,"OCR drops ல; the rental and eviction context is unambiguous."
sirukathaigal/ubakari_ulaga.md,ராஜபார்ட்,Rajapart / royal lead,period_theatre_term,"The established Tamil-company theatre term is retained and glossed on first use rather than replaced by a modern role label."
sirukathaigal/ubakari_ulaga.md,குறத்தி,Kurathi role,period_theatre_term,"Refers to a conventional fortune-telling woman role in period theatre. Transliteration preserves the role while context explains it."
sirukathaigal/ubakari_ulaga.md,சொத்தை சோடை,rubbish / worthless performers,colloquial_expression,"Alliterative colloquial dismissal is translated for force rather than sound."
sirukathaigal/ubakari_ulaga.md,ஒன்பது முதல் வகுப்பு இலவசம்,nine complimentary first-class tickets,theatre_practice,"Period complimentary-ticket practice is stated explicitly in English."
sirukathaigal/ubakari_ulaga.md,தளுக்கு குலுக்கு ஒயில்,sway shake and grace,performance_vocabulary,"Rhythmic Tamil performance terms are translated semantically; their sound play is not reproducible."
sirukathaigal/ubakari_ulaga.md,கால்படி அரிசிக்கு ராஜ நடை,royal strut for a quarter measure of rice,historical_measure_idiom,"The editorial's contemptuous period expression retains the traditional volume measure and theatrical contrast."
sirukathaigal/ubakari_ulaga.md,ஒருகை கூழுக்கு,for one handful of gruel,poverty_idiom,"Literal rendering preserves the editorial's contrast between performers' poverty and paid entertainment."
sirukathaigal/ubakari_ulaga.md,தங்கமெடலா போட்டாரு,did they give me a gold medal,colloquial_rhetoric,"The actress's question is sarcastic; English preserves it as a rhetorical question."
sirukathaigal/ubakari_ulaga.md,மெடலும் வேண்டாம் தோடாவும் வேண்டாம்,I want neither medal nor ornament,word_uncertain,"தோடா may denote an ornament or be colloquial wordplay paired with medal; translation remains conservative."
sirukathaigal/ubakari_ulaga.md,கயிறு கட்டிவிட்டிருக்காங்க,they have tied a rope between us / alleged a liaison,colloquial_idiom,"The story immediately explains the idiom as gossip alleging a relationship; both image and meaning are retained."
sirukathaigal/ubakari_ulaga.md,Drama-company eviction press report and employment consequences,Source satirical fiction,source_context,"People and events are translated as fictional narrative and not independently verified history or reportage."
sirukathaigal/bali.md,பலி,The Sacrifice,title_meaning,"Title refers to Josephine being sacrificed to Napoleon's dynastic ambition; the concise Tamil title is retained alongside English."
sirukathaigal/bali.md,குங்கள் மனமாளிகையிலிருந்து,உங்கள் மனமாளிகையிலிருந்து / from the palace of your heart,opening_ocr,"The first character is scan/OCR corruption; grammar and context establish உங்கள். Tamil source remains verbatim."
sirukathaigal/bali.md,தாஸ் மணாளனாக,தங்களை மணாளனாக / accepted you as husband,line_ocr,"The pronoun phrase is visibly corrupted. English follows the continuous appeal and does not alter source Tamil."
sirukathaigal/bali.md,மண்டிலங்கள் அவனுக்குப் பூப்பந்து,kingdoms are flower-balls in his hand,poetic_image,"The source's hyperbolic image is retained rather than replaced with a historical paraphrase."
sirukathaigal/bali.md,சுக்குநூறாக்கி,smash into fragments,idiom,"Tamil idiom literally evokes reduction to tiny pieces/powder; English follows its emotional force."
sirukathaigal/bali.md,நான் பிள்ளைக் கனி அமுது பெற்றுத் தங்கட்குத் தர முடியாத பாவி,I cannot give you the nectar-fruit of a child,poetic_expression,"The elaborate child-as-fruit metaphor is retained in Josephine's imagined appeal."
sirukathaigal/bali.md,சளராளும் உயர்நிலை,நாடாளும் உயர்நிலை / high station of ruling the land,page_edge_ocr,"Initial characters are corrupted; earlier wording and political context support நாடாளும்."
sirukathaigal/bali.md,வெத்தழிலில் என்னைத் தள்ளிவிட்டு,வெப்ப அழலில் / burning desert or fire,word_ocr_uncertain,"The printed phrase is damaged. English conveys the clear contrast with cooling fragrant sandalwood without claiming an exact restoration."
sirukathaigal/bali.md,ர! ஈஜநடை,ராஜநடை / royal gait,word_ocr,"Intrusive punctuation and spacing split the recognizable word. English resolves it contextually."
sirukathaigal/bali.md,கண்ணீர் படைக்கலம்,tears as a weapon,extended_metaphor,"Josephine's imagined monologue treats tears as a weapon capable of burning deceit; imagery is preserved."
sirukathaigal/bali.md,சிறு மதலை,small child,period_word,"மதலை is a literary/older Tamil word for child, not the modern crocodile sense."
sirukathaigal/bali.md,ரணகளச தூரன்,battlefield warrior,compound_ocr,"The Sanskrit-derived compound is damaged or fused; English uses the contextually secure general sense."
sirukathaigal/bali.md,அரசன் மகன் அரசனாக வேண்டும் sacred tradition,a king's son must become king / dynastic tradition,authorial_irony,"Quotation marks around ஐதீகம் signal criticism of hereditary rule; English preserves the distancing."
sirukathaigal/bali.md,முகமன் கூறி ... மண்டியிட்டு,paid court and knelt in supplication,period_expression,"முகமன் refers to flattering or courteous address; translated according to the courtship context."
sirukathaigal/bali.md,அமகுள் கூர்ந்து,ஆராய்ந்து / examine the matter,word_ocr_uncertain,"The petition sentence is damaged. English uses the administrative meaning required before ordering return of the sword."
sirukathaigal/bali.md,இரு புல்லர்களுடன்,இரு புதல்வர்களுடன் / with two sons,word_ocr,"Repeated context establishes that Josephine had two sons/children; OCR produces a derogatory unrelated word."
sirukathaigal/bali.md,மேரி லூசியா,Marie Louise,historical_name_ocr,"Tamil source gives a form resembling Marie Lucia; English uses the identifiable Austrian princess Marie Louise while preserving source verbatim."
sirukathaigal/bali.md,நெப்பே ரலியன்,நெப்போலியன் / Napoleon,final_ocr,"The dying utterance splits/corrupts the name. English restores the repeatedly established name."
sirukathaigal/bali.md,Napoleon Josephine Marie Louise and Elba,Source historical-literary retelling,source_context,"Chronology motives quotations and character judgments are translated as the author's 1956 presentation and are not silently corrected to modern historical scholarship."
sirukathaigal/boobathiyin.md,பூபதியின் ஒருநாள் அலுவல்,A Day's Business for Boopathi,title_nuance,"அலுவல் denotes the affairs or business occupying one day rather than formal salaried employment; title irony is retained."
sirukathaigal/boobathiyin.md,Images 1 5 6 7 10 11 12,Recovered through re-OCR at PSM 6,source_recovery,"Seven pages previously marked No OCR text detected were re-encoded and re-OCRed before translation; all 13 page blocks now contain Tamil text."
sirukathaigal/boobathiyin.md,ஒய்வூர் மிட்டாதார் ஒயிலானந்த பூபதி,Oyvur estate-holder Oyilananda Boopathi,name_title,"மிட்டாதார் is a period revenue-estate title; translated functionally while the personal and place names are transliterated."
sirukathaigal/boobathiyin.md,கவானர் பெருமான்,His Excellency the Governor,word_ocr,"OCR drops the initial க sound sequence of கவர்னர்; wartime administrative context is clear."
sirukathaigal/boobathiyin.md,ராவ்சாகிபு / ராவ்பகதூர்,Rao Sahib / Rao Bahadur,colonial_honorific,"British Indian honorifics are retained rather than converted to generic titles because status-seeking drives the satire."
sirukathaigal/boobathiyin.md,வித்து விசனம்,வீட்டு விசனம் / domestic worry,word_ocr_uncertain,"The phrase is scan-damaged; English renders the broader secure sequence anxiety worry or hardship without asserting an exact repair."
sirukathaigal/boobathiyin.md,சிரிப்புக் காட்டிகள்,painted smilers / female performers,period_derogatory_term,"Ponnuramar's contemptuous label is translated in his voice and not adopted as neutral narration."
sirukathaigal/boobathiyin.md,அம்சதூளிகா மஞ்சம்,swan-down bed,literary_sanskritism,"Ornate expression for an exceptionally soft luxurious couch is rendered by its conventional image."
sirukathaigal/boobathiyin.md,கோடீஸ்வரன்,Kodeeswaran / millionaire,name_wordplay,"The impoverished flatterer's name literally means millionaire; transliteration and explanatory context preserve the irony."
sirukathaigal/boobathiyin.md,ரோஷ உணர்ச்சி,wounded pride / status-conscious indignation,period_expression,"Repeated term denotes pride deliberately provoked into conspicuous consumption."
sirukathaigal/boobathiyin.md,ஷெவர்லே ரோல்ஸ்ராயில் ட்வீட் 555,Chevrolet Rolls-Royce tweed and 555 cigarettes,brand_period_terms,"Period status symbols are retained as printed rather than generalized."
sirukathaigal/boobathiyin.md,ரமாமணி கோகிலா,Ramamani and Kokila,personal_names,"Names are transliterated; the source's implications about their relationship to the men remain narrative rather than editorial additions."
sirukathaigal/boobathiyin.md,ஜே ஈஸ் / ஜெக சாச்சார்,J. Es / Jagadeesa Sastri,name_ocr_wordplay,"The recovered OCR damages the expanded name. English uses the contextually identifiable caste-marked explanation while retaining the abbreviated form J. Es."
sirukathaigal/boobathiyin.md,விவிங்டன்,Willingdon,historical_name_ocr,"OCR omits/changes consonants in the former Viceroy's name; English uses the identifiable historical name."
sirukathaigal/boobathiyin.md,சப் இன்ஸ்பெக்டர் சாப்ஜான்,Sub-Inspector Sahibjan,name_title,"The officer's name is transliterated conservatively; his claimed relation to the Aga Khan is source characterization."
sirukathaigal/boobathiyin.md,அக்பர்ஷா சிகரெட்,Akbar Shah cigarette,period_brand,"Likely a period cigarette name; retained without attempting modern identification."
sirukathaigal/boobathiyin.md,சக்திக்கேற்ற உழைப்பு தேவைக்கேற்ற வசதி,Work according to ability provision according to need,political_slogan,"The source's socialist slogan is translated directly and kept within the radio broadcast."
sirukathaigal/boobathiyin.md,டாக்டர் இனகர்,Doctor Inagar,name_ocr_uncertain,"Name is transliterated from recovered OCR; exact spelling cannot be independently established from the text."
sirukathaigal/boobathiyin.md,Wartime fundraising policing labour exploitation and official conduct,Source satirical fiction,source_context,"Characters events and institutional claims are translated as the author's 1946 fictional satire and are not independently verified reportage."
sirukathaigal/saroja_aarana.md,சரோஜா ஆறணா,Saroja Six Annas,title_wordplay,"Phrase first denotes Saroja Mill yarn at Rs. 44-6-0 and finally an infant named Saroja sold for six annas; English preserves the delayed double meaning."
sirukathaigal/saroja_aarana.md,Images 2 through 7,Recovered through re-OCR at PSM 6,source_recovery,"Six pages previously marked No OCR text detected were re-encoded and re-OCRed before translation; all seven page blocks now contain Tamil text."
sirukathaigal/saroja_aarana.md,புன் பறறுவல்,புன்முறுவல் / faint smile,word_ocr,"OCR splits and corrupts the standard word; English follows the clear reaction context. Tamil remains verbatim."
sirukathaigal/saroja_aarana.md,சரோஜா ஆறணா பங்கஜா பத்தணா,Saroja six annas Pankaja ten annas,market_shorthand,"Broker shorthand states the annas above the forty-four-rupee base quotation rather than a total commodity price."
sirukathaigal/saroja_aarana.md,ரூ 44-6-0 / ரூ 44-10-0,Rupees annas pies,historical_currency,"Pre-decimal Indian notation is preserved exactly; the three fields denote rupees annas and pies."
sirukathaigal/saroja_aarana.md,ரூபாய்க்குக் காலணா கமிஷன்,quarter-anna commission per rupee,historical_currency,"Period brokerage rate is translated directly without decimal conversion."
sirukathaigal/saroja_aarana.md,சம் [ரதிக்கின்றனர்,சம்பாதிக்கின்றனர் / earn,word_ocr,"Intrusive bracket and lost letters corrupt the verb; commercial context is unambiguous."
sirukathaigal/saroja_aarana.md,ஒன்றுக்கு ஒன்பது பத்து இருபது,risen nine ten and twenty-fold,price_expression_uncertain,"OCR/punctuation leaves the exact unit ambiguous. English retains the source's escalating numerical claim conservatively."
sirukathaigal/saroja_aarana.md,நிர்வாணச் சங்கங்கள்,nudist societies,satirical_expression,"The narrator's hyperbole about unaffordable cloth is translated directly."
sirukathaigal/saroja_aarana.md,அரை டசன்,sixth child / half a dozen,code_switching,"Colloquial English-derived expression indicates the newborn brings the child count to six."
sirukathaigal/saroja_aarana.md,ஒரு மாந்தம்,stomach trouble,word_ocr_uncertain,"The infant ailment term is unclear in OCR. English uses a conservative contextual rendering alongside fever."
sirukathaigal/saroja_aarana.md,உறியடி உற்சவம்,pot-breaking climbing festival,cultural_reference,"The author explains the slippery-pole event in full; English identifies and then follows that explanation."
sirukathaigal/saroja_aarana.md,Yarn speculation infant sale and weaver poverty,Source social satire,source_context,"Market practices and family events are translated as the author's 1943 fictional-social argument and not independently verified reportage."
sirukathaigal/unnaviratham_oru_thandanai.md,உண்ணாவிரதம்,The Fast,title_inventory_mismatch,"Canonical source title is simply உண்ணாவிரதம் although filename adds ஒரு தண்டனை; English follows the printed title and retains Tamil."
sirukathaigal/unnaviratham_oru_thandanai.md,Images 1 2 and 4 through 7,Recovered through re-OCR at PSM 6,source_recovery,"Six pages previously marked No OCR text detected were re-encoded and re-OCRed; all seven page blocks now contain Tamil text."
sirukathaigal/unnaviratham_oru_thandanai.md,சம்மன் சார்வு,served a summons / summoned him to dinner,legal_wordplay_ocr,"Phrase appears to parody legal summons language and is scan-damaged; English preserves the comic legal image."
sirukathaigal/unnaviratham_oru_thandanai.md,விளாங்காயளவு சாப்பிட்டு,eat a wood-apple-sized ball,food_measure_ocr,"OCR corrupts the verb after the measure; domestic meal context establishes the request."
sirukathaigal/unnaviratham_oru_thandanai.md,சர்வபரித்தியாகம்,சர்வபரித்தியாகம் / total renunciation,sanskritism,"Sarma's grand Sanskrit-derived claim is translated in an intentionally elevated register."
sirukathaigal/unnaviratham_oru_thandanai.md,இஷவாகு பரம்பரை,Ikshvaku lineage,name_ocr,"OCR damages the dynastic name; the following Raghu reference establishes Ikshvaku."
sirukathaigal/unnaviratham_oru_thandanai.md,சாம்சாத் அவதாரம்,சாட்சாத் அவதாரம் / very incarnation,word_ocr,"OCR substitutes consonants in a familiar Sanskrit-derived expression; English follows context."
sirukathaigal/unnaviratham_oru_thandanai.md,தூர்ப்பபவகை,சூர்ப்பனகை / Surpanakha,name_ocr,"OCR heavily corrupts the Ramayana character's name; dialogue context is unambiguous."
sirukathaigal/unnaviratham_oru_thandanai.md,தசரதனுக்கு அறுபதாயிரம்,Dasaratha had sixty thousand wives,epic_claim,"The number is retained as the speaker's polemical Ramayana claim and not independently adjudicated."
sirukathaigal/unnaviratham_oru_thandanai.md,தமயந்தி சாவித்திரி நளாயினி,Damayanti Savitri Nalayini,legendary_names,"Names are transliterated as exemplars invoked by the orthodox husband."
sirukathaigal/unnaviratham_oru_thandanai.md,கேதுராகுக்கள்,Ketu-Rahus,astrological_insult,"Author's metaphor likens orthodox opponents to malefic lunar nodes; English retains the pluralized image."
sirukathaigal/unnaviratham_oru_thandanai.md,லட்சுமணபுரி,Lucknow,place_name_period_form,"Tamil's Sanskritized name denotes Lucknow in the cited contemporary report."
sirukathaigal/unnaviratham_oru_thandanai.md,15-10-43 சுதேசமித்திரன்,Swadesamitran report dated 15 October 1943,press_reference,"Newspaper claim is retained as source framing and not independently verified."
sirukathaigal/unnaviratham_oru_thandanai.md,அக்காரவடிசல்,sweet sakkarai pongal / sweet rice pudding,food_term,"Traditional sweet dish is identified contextually; transliteration alone would obscure the comic reveal."
sirukathaigal/unnaviratham_oru_thandanai.md,திராவிட நாடு 24-10-1943,Dravida Nadu 24 October 1943,publication_date,"Publication attribution and date are preserved at the end."
sirukathaigal/unnaviratham_oru_thandanai.md,Women's property-rights bill fast and domestic dispute,Source satire with contemporary political framing,source_context,"Legislative positions newspaper claims and characters are translated as the author's 1943 presentation and not independently verified reportage."
sirukathaigal/theetuthuni.md,தீட்டுத்துணி,The Defiled Cloth,title_double_meaning,"Title denotes garments sent to have ritual impurity removed and implicitly indicts caste prejudice; both titles are retained."
sirukathaigal/theetuthuni.md,Images 2 through 9,Recovered through re-OCR at PSM 6,source_recovery,"Eight pages previously marked No OCR text detected were re-encoded and re-OCRed; all nine page blocks now contain Tamil text."
sirukathaigal/theetuthuni.md,மேடை வெயில்,கோடை வெயில் / summer sun,opening_ocr,"Opening character is damaged; the extended heat description establishes கோடை. Tamil remains verbatim."
sirukathaigal/theetuthuni.md,நீக்கிரோவும் மலைக்கும்,மனிதனையும் மலையையும் / man and mountain,phrase_ocr_uncertain,"Phrase is heavily corrupted. English conservatively conveys that the same heat scorches people and landscape."
sirukathaigal/theetuthuni.md,பள்ளு பறை பதினெட்டு ஜாதி,eighteen oppressed castes,caste_vocabulary,"Period caste labels are not repeated as neutral modern classifications; contextual translation preserves the author's collective framing."
sirukathaigal/theetuthuni.md,ஆதி திராவிடன்,Adi-Dravidian,period_identity_term,"Historical identity/administrative term is retained where the author uses it explicitly."
sirukathaigal/theetuthuni.md,பள்ளன் பறையன் தோட்டி தொம்பன்,Pallan Paraiyan Thotti Thomban,caste_occupational_terms,"Source's enumerated caste names are transliterated because the social hierarchy is central; derogatory master speech is marked as character voice."
sirukathaigal/theetuthuni.md,க்ரெட் வெப்பன்,great weapon,english_ocr,"Tamil print transliterates an English phrase; English restores its straightforward form."
sirukathaigal/theetuthuni.md,ஒன்பது கலம் நெல்லும் இரண்டு மரக்கால் படியும்,nine kalams and two marakkals of grain,historical_measure,"Traditional grain measures are retained by transliteration rather than converted without a secure regional standard."
sirukathaigal/theetuthuni.md,கொட முறுட்டி,Kodamurutti river/place,cultural_geography_ocr,"OCR splits the local name; the summer-breach comparison is translated conservatively."
sirukathaigal/theetuthuni.md,அதிக பெட்ரோல் விரும்பாத போர்ட்,Ford requiring little petrol,technology_metaphor,"Author's dehumanizing efficiency metaphor is retained as part of the satire."
sirukathaigal/theetuthuni.md,அந்தினி,Anthoni,name_truncation,"Master deliberately omits சாமி from Anthonisami because it means lord; translation explains this caste-coded truncation."
sirukathaigal/theetuthuni.md,பறப்பய புத்தி,Paraiyan's cunning,caste_slur,"Derogatory slur is translated only within the abusive master's direct speech and documented here."
sirukathaigal/theetuthuni.md,முப்பது நாழிகை,thirty nazhigais / next day at noon,historical_time_measure,"The source parenthetically clarifies the deadline; both traditional measure and practical meaning are retained."
sirukathaigal/theetuthuni.md,தீட்டுப் போக்கிக் கொண்டு,removed ritual impurity / washed,ritual_term,"Translation retains ritual meaning while the surrounding action makes the laundering clear."
sirukathaigal/theetuthuni.md,Land bondage caste violence false theft accusation and ritual impurity,Source social-realist fiction,source_context,"Characters events and caste practices are translated as the author's 1947 narrative and not independently verified reportage."
sirukathaigal/kolaikari.md,கொலைகாரி,Murderess,title_register,"Feminine legal/social label is translated directly because the essay interrogates that label throughout; Tamil title is retained."
sirukathaigal/kolaikari.md,Images 1 through 4 and 6 through 8,Recovered through re-OCR at PSM 6,source_recovery,"Seven pages previously marked No OCR text detected were re-encoded and re-OCRed; all eight page blocks now contain Tamil text."
sirukathaigal/kolaikari.md,ர டுகாலைகாரி,கொலைகாரி / murderess,opening_ocr,"Intrusive characters corrupt the repeated opening accusation. English follows the title and immediate repetition; Tamil remains verbatim."
sirukathaigal/kolaikari.md,மந்தந் தட்டினால் கற்ற உண்டை,மாந்தம் கண்டால் மருந்துண்டை / medicine for digestive illness,phrase_ocr,"Infant-care phrase is damaged. English gives the secure general meaning established by the following doctor reference."
sirukathaigal/kolaikari.md,தென்காசி,Tenkasi,place_name,"Location is transliterated as stated in the source; no external case verification is implied."
sirukathaigal/kolaikari.md,வீடு வேம்பாயிற்று மனைவி எட்டியானாள்,home became bitter as neem wife became poison,idiomatic_metaphor,"The husband's alienation is expressed through compact bitter/poison imagery; English retains the metaphor."
sirukathaigal/kolaikari.md,தும்பி,dragonfly / small winged insect,insect_image,"The precise insect sense can vary regionally; English uses dragonfly for the child-cruelty analogy without changing source."
sirukathaigal/kolaikari.md,இ பி கோ 302-393,IPC sections 302 and 393,legal_reference_ocr,"Source prints sections 302-393; English preserves those numbers though the second section may be OCR or report error and is not silently corrected."
sirukathaigal/kolaikari.md,உயிருள்ளவரை கடினகாவல்,rigorous imprisonment for life,legal_term,"Period legal phrase is rendered by its standard functional equivalent."
sirukathaigal/kolaikari.md,ஒவ்வொரு குற்றத்திற்கும் ஒவ்வொரு ஆண்டு வெறுங்காவல்,one year simple imprisonment for each offence,legal_recommendation,"வெறுங்காவல் is translated as simple imprisonment; recommendation is attributed to the judges."
sirukathaigal/kolaikari.md,மந்திரி மாதவமேனன்,Minister Madhava Menon,historical_person_reference,"Name and reported legislative response are retained as source claims and not independently verified."
sirukathaigal/kolaikari.md,மாத முடிவை எதிர்நோக்கி,watching for the end of the month,political_sarcasm,"Author's implication about legislators awaiting remuneration is preserved without expanding beyond the text."
sirukathaigal/kolaikari.md,மெயில் 19-12-1948,The Mail 19 December 1948,press_reference,"Case details are explicitly attributed by the source to The Mail; translation does not claim independent access to that report."
sirukathaigal/kolaikari.md,Child killing attempted suicide poverty court proceedings and legislative response,Source case-based political essay,source_context,"All factual legal and political assertions are translated as the author's 1948 account and have not been independently verified."
sirukathaigal/marathundu.md,மரத்துண்டு,The Piece of Timber,title_term,"Title can mean piece of timber or wooden log; English uses the former while narration later exploits the dehumanizing latter sense."
sirukathaigal/marathundu.md,Images 3 through 5,Recovered through re-OCR at PSM 6,source_recovery,"Three pages previously marked No OCR text detected were re-encoded and re-OCRed; all five page blocks now contain Tamil text."
sirukathaigal/marathundu.md,கலனாகிக் கிடந்த,ruined / dilapidated,word_ocr_uncertain,"Opening adjective appears OCR-damaged; house condition and following repairs establish the general meaning."
sirukathaigal/marathundu.md,பரம்புப் புற்று,anthill in the backyard,compound_ocr_uncertain,"OCR may conflate location and object; English retains the clearly described backyard anthill."
sirukathaigal/marathundu.md,கத்தி வெண்டை,கத்திரி வெண்டை / brinjal and okra,plant_name_ocr,"OCR drops characters in கத்திரி; garden context is unambiguous."
sirukathaigal/marathundu.md,செம்மரம் / தேக்கு,redwood / teak,timber_terms,"Wood types are rendered by common English names; the visitor's correction is preserved."
sirukathaigal/marathundu.md,சரம்,frame / structural frame,building_term_uncertain,"Exact carpentry object can vary by context; English uses frame, supported by later pillar and loft suggestions."
sirukathaigal/marathundu.md,ஒரு பக்கமாக இருக்கிறது,it lies to one side,spatial_expression,"Household dispute is translated literally enough to preserve Dharmalingam's dismissive reasoning."
sirukathaigal/marathundu.md,முட்டுக் கொடுங்கள் / முட்டு,prop it / structural prop,building_term,"Repeated term denotes temporary support beneath the cracked wall and is translated consistently."
sirukathaigal/marathundu.md,செல் பிடிக்கலாயிற்று / கரையான்,termite infestation / termites,word_ocr_period_term,"செல் is a regional/period expression for internal insect damage; following கரையான் confirms termites."
sirukathaigal/marathundu.md,Unused timber and collapsing wall,Source allegorical fiction,source_context,"Translation preserves the allegory without assigning a specific political or personal referent not named by the author."
sirukathaigal/soothadi.md,சூதாடி,The Gambler,title_term,"Title applies ironically to both the servant playing cards and the master manipulating share prices; Tamil title is retained."
sirukathaigal/soothadi.md,Images 2 through 7,Recovered through re-OCR at PSM 6,source_recovery,"Six pages previously marked No OCR text detected were re-encoded and re-OCRed; all eight page blocks now contain Tamil text."
sirukathaigal/soothadi.md,சூதாட.,சூதாடி / gambler,title_ocr,"Recovered title loses its final vowel marker; filename earlier OCR and story refrain establish சூதாடி. Tamil remains verbatim."
sirukathaigal/soothadi.md,304,three hundred and four card game,game_reference,"Period trick-taking game is retained by its numeric name; rules are not reconstructed beyond the source dialogue."
sirukathaigal/soothadi.md,மணிலா ஷேக் தழை பந்து,manila shake leaf card and hand/trick,card_jargon_uncertain,"Specialized regional 304 vocabulary lacks secure one-to-one modern equivalents. Key terms are transliterated or rendered conservatively without inventing rules."
sirukathaigal/soothadi.md,இஸ்பேட் கிளாவர்,spades clubs,card_suit_terms,"Tamilized English suit names are restored to ordinary English."
sirukathaigal/soothadi.md,220 கேட்டேன்,bid 220,game_bid,"Numeric bid is retained exactly rather than normalized to another card-game scoring system."
sirukathaigal/soothadi.md,காலணா அரையணா ஓரணா,quarter half and one anna,historical_currency,"Pre-decimal stakes are preserved rather than converted."
sirukathaigal/soothadi.md,இரண்டு கத்தரிக்கோல்,two cigarettes,word_ocr_uncertain,"Phrase literally reads two scissors but surrounding smoking-money metaphor suggests cigarettes or smoking items; English follows context conservatively."
sirukathaigal/soothadi.md,அம்சா மார்க் சோப்,Hamsa Mark soap,period_brand,"Brand name is transliterated; wartime price rise is preserved as source satire."
sirukathaigal/soothadi.md,டாட்டா லட்சுமிராஜ் காமதேனு காந்தா,Tata Lakshmiraj Kamadhenu Kantha,share_names,"Share/company names are retained; only Tata is readily identifiable and the others are not independently verified."
sirukathaigal/soothadi.md,Lakshmiraj sinking,Lakshmiraj is sinking / mother-in-law's life is failing,telegram_pun,"The fraud depends on the same name denoting the relative and the share; English preserves the ambiguous telegram wording and then explains it."
sirukathaigal/soothadi.md,மாமியாள் / அம்பி,mother-in-law / nephew,kinship_terms,"Kinship roles follow the speaker's explanation; exact sender relationship may be affected by colloquial usage."
sirukathaigal/soothadi.md,Card gambling fraudulent share sale and wartime profiteering,Source satirical fiction,source_context,"Commercial schemes brands and people are translated as the author's 1947 fiction and not independently verified reportage."
sirukathaigal/velli_ratham.md,வெள்ளி ரதம்,The Silver Chariot,title_format,"Recovered title contains stray punctuation between words; English follows the continuous compound and retains Tamil title."
sirukathaigal/velli_ratham.md,Images 1 3 4 5 7 8 9,Recovered through re-OCR at PSM 6,source_recovery,"Seven pages previously marked No OCR text detected were re-encoded and re-OCRed; all nine page blocks now contain Tamil text."
sirukathaigal/velli_ratham.md,உமாதேவியார் ஏகாம்பரேஸ்வரர்,Goddess Uma and Ekambareswarar,divine_speakers,"Dialogue speakers are identified by expanded conventional names while abbreviated ஏகா is retained only structurally."
sirukathaigal/velli_ratham.md,நிந்தாஸ்துதி,praise through apparent abuse,religious_rhetoric,"Technical devotional-rhetorical term is translated descriptively for clarity."
sirukathaigal/velli_ratham.md,முக்தி தரும் நகரேழில் முக்கியமாம் காஞ்சி,Kanchi among seven cities granting liberation,religious_geography,"Claim is retained as Uma's devotional description and not presented as an independently verified fact."
sirukathaigal/velli_ratham.md,நால்வர்,the Four Saivite saints,religious_reference,"English retains the compact title the Four because the source does not enumerate names."
sirukathaigal/velli_ratham.md,கைலைவா திரிபுராந்தகன் கபாலி பிறைசூடி,Lord of Kailasa Destroyer of Tripura Kapali Wearer of the Crescent,divine_epithets,"Epithets are translated by conventional meanings while retaining Kapali as a proper title."
sirukathaigal/velli_ratham.md,பாண்டியாக் பர்மாஷெல் 5.0.0. கம்பெனி,Pontiac Burma-Shell and S.O.O. Company,period_names_ocr,"The first two period brands are identifiable; 5.0.0. is uncertain OCR and English transliterates it conservatively."
sirukathaigal/velli_ratham.md,வினாயகர் விஷ்ணு நாரதர் நந்தி பூதகணம் சித்ரபுத்ரன் ஊர்வசி ஏசு புத்தர்,diverse sacred figures,religious_list,"Names are retained to preserve the argument that spectacle would draw the same crowd regardless of the figure displayed."
sirukathaigal/velli_ratham.md,பூசுணைக்காய் அளவு / உருத்திராட்ச அளவு,pumpkin-sized / smaller than a rudraksha bead,advertising_metaphor,"Size contrast in the handbill is retained as the author's visual satire."
sirukathaigal/velli_ratham.md,உமா நெசவுத் தொழிற்சாலை ஏகாம்பரர் காலேஜ்,Uma Weaving Mill / Ekambara College,alternative_institutions,"Proposed names are translated as hypothetical alternatives to the chariot expenditure."
sirukathaigal/velli_ratham.md,தன்மான இயக்கத்தினர்,Self-Respect Movement,political_movement,"Established movement name is translated conventionally and retained explicitly at the conclusion."
sirukathaigal/velli_ratham.md,Kanchi silver-chariot expenditure crowds and social institutions,Source religious-political satire,source_context,"Festival costs motives and public behaviour are translated as the author's 1949 satirical argument and not independently verified reportage."
sirukathaigal/kathiravan_kanneer.md,இத,இது,clear_ocr,"Opening sentence requires the demonstrative 'இது'; the source OCR is preserved verbatim."
sirukathaigal/kathiravan_kanneer.md,தாத்தாயி / தாத்தாயிக்கு,காத்தாயி / காத்தாயிக்கு,clear_ocr,"Character name is consistently காத்தாயி elsewhere; the anomalous initial letter is resolved only in translation."
sirukathaigal/kathiravan_kanneer.md,வீழ்நத / இருநதனர்,வீழ்ந்த / இருந்தனர்,clear_ocr,"Missing pulli/ligature in common inflected verbs is resolved contextually."
sirukathaigal/kathiravan_kanneer.md,விமமினாள்,விம்மினாள்,clear_ocr,"The context is Kathayi sobbing after suppressing her grief."
sirukathaigal/kathiravan_kanneer.md,மேபோனோம்,போனோம்,clear_ocr,"The sentence asks whether the deities went to Manjapattinam of their own accord."
sirukathaigal/kathiravan_kanneer.md,வதசுல்,வசூல்,clear_ocr,"Context refers to collecting charitable money for temple and festival work."
sirukathaigal/kathiravan_kanneer.md,ஜிடைக்கும்,கிடைக்கும்,clear_ocr,"Initial consonant is a scan/OCR substitution in the sentence about the priest's family receiving food."
sirukathaigal/kathiravan_kanneer.md,புளுசினது,புளுகினது,clear_ocr,"Context explicitly concerns promises invented by the priest."
sirukathaigal/kathiravan_kanneer.md,பஜாரி,பூஜாரி,clear_ocr,"The recurring character is the temple priest."
sirukathaigal/kathiravan_kanneer.md,மக்கைப் பாரடா,மூக்கைப் பாரடா,clear_ocr,"The surrounding caricature lists the idol's eyes nose hand and moustache."
sirukathaigal/kathiravan_kanneer.md,பிரகஸ் பதிகள்,பிரகஸ்பதிகள்,clear_ocr,"The closing sarcastic reference invokes Brihaspatis or supposed men of wisdom."
sirukathaigal/kathiravan_kanneer.md,காசி மற்றும் மஞ்சப்பட்டினம் பற்றிய 1947 செய்தித் துணுக்குகள்,Two attributed 1947 newspaper reports,source_context,"Dates places costs and events are translated as claims printed in the source; they have not been independently verified."
sirukathaigal/solvathai_ezhuthaenda.md,சாட்டாச்சோன்னா,சாப்பிட்டாச்சோன்னா,probable_ocr,"Opening colloquial question is read contextually as asking whether Mandu has finished eating; scan review remains advisable."
sirukathaigal/solvathai_ezhuthaenda.md,அததுக்காரன்,ஆத்துக்காரன்,clear_ocr,"Brahmin colloquial form refers to Rukku's husband."
sirukathaigal/solvathai_ezhuthaenda.md,௨ர்த்தாலியை அறக்கணும்,இரண்டு கோடியை அடைய வேண்டும்,damaged_ocr,"The desire for a two-crore fortune is reconstructed from a severely damaged line and should be checked against the printed scan."
sirukathaigal/solvathai_ezhuthaenda.md,ஜம்பது / ஜந்து,ஐம்பது / ஐந்து,clear_ocr,"Numerals in the money request are repeatedly distorted by OCR but are clear from the surrounding sentences."
sirukathaigal/solvathai_ezhuthaenda.md,ஐ.நூறுக்குச் சமானம்,ஐந்நூறுக்குச் சமானம்,clear_ocr,"Context compares the requested fifty rupees with five hundred."
sirukathaigal/solvathai_ezhuthaenda.md,புரோடஇதர்,புரோகிதர்,clear_ocr,"The comparison is between an old-style local priest and Raghavachariar as a modern-style priest."
sirukathaigal/solvathai_ezhuthaenda.md,ஐடிதததற்காக,நடித்ததற்காக,clear_ocr,"Panchanathan received twenty rupees for acting in a radio play."
sirukathaigal/solvathai_ezhuthaenda.md,திவான் அவசராமாக ஜம்பது ரூபாய் தரும்படி! தருவான்,திவான் பகதூரிடம் அவசரமாக ஐம்பது ரூபாய் தரும்படி கேட்டிருக்கிறேன்; தருவான்,damaged_ocr,"The dictated letter has an apparent dropped phrase; translation restores the meaning established by the preceding letter and following sentence."
sirukathaigal/solvathai_ezhuthaenda.md,அமவயோக்யன்,அயோக்கியன்,clear_ocr,"Mudaliar's insult is a common word distorted by OCR."
sirukathaigal/solvathai_ezhuthaenda.md,பிராமண விதந்து,Brahmin widow,archaic_term,"விதந்து is retained in the Tamil source and interpreted by context as an older word for widow."
sirukathaigal/solvathai_ezhuthaenda.md,தீர்த்தகிரி முதலியார் குறித்த குற்றச்சாட்டுகள்,Fictional allegations about Theerthagiri Mudaliar,source_context,"The accusations and press-note language are translated as story content and are not independently verified claims."
sirukathaigal/imsaikku_aalana.md,இம்சைக்கு அளான இலட்சியவாதி,இம்சைக்கு ஆளான இலட்சியவாதி,clear_ocr,"The title's missing long vowel marker is normalized in the bilingual heading only; source Tamil remains verbatim."
sirukathaigal/imsaikku_aalana.md,மழூமற்பார்வை,மேற்பார்வை,clear_ocr,"Narrator contrasts labour performed by others with his supervisory role."
sirukathaigal/imsaikku_aalana.md,தேறமாட்டஈகன்,தேறமாட்டான்,clear_ocr,"Father reports the astrologer's prediction that the son will not pass the B.A."
sirukathaigal/imsaikku_aalana.md,திடமுடனிடம் கொடுத்தால்கூட,உடனே விற்றால்கூட,damaged_ocr,"Foreman says the cheaply acquired land could immediately be resold for three times its price; scan review is advisable."
sirukathaigal/imsaikku_aalana.md,ஒட்டர்கள்,வோட்டர்கள்,clear_ocr,"Municipal chairman sarcastically cites a rumour that the opposition leader bowed to voters."
sirukathaigal/imsaikku_aalana.md,விகரயம் / கிரயம்,sale / purchase,orthographic_variant,"Sanskrit-derived legal-commercial terms are rendered by their contextual sense."
sirukathaigal/imsaikku_aalana.md,புவியிடம் ஆடுகளை ஒட்டிக் கொண்டு போய் நிறுத்தும்,driving sheep to the butcher,damaged_ocr,"The destination word is OCR-damaged; the surrounding exploitation metaphor clearly concerns delivering victims to destruction."
sirukathaigal/imsaikku_aalana.md,கொடுமைக்குப் பவியாகும்,கொடுமைக்குப் பலியாகும்,clear_ocr,"Narrator would rather become a victim than an accomplice to cruelty."
sirukathaigal/imsaikku_aalana.md,பயங்கரச் கூழ்நிலை,பயங்கரச் சூழ்நிலை,clear_ocr,"Narrator resolves to escape the terrible situation."
sirukathaigal/imsaikku_aalana.md,கூப்பனார் / அத்தி கொடுத்தவர்,தகப்பனார் / ஆதரவு கொடுத்தவர்,damaged_ocr,"The sentence recalls the employer helping the narrator while his father suffered from asthma; translation follows narrative context."
sirukathaigal/imsaikku_aalana.md,டூமல் வரும்படி / மேல் வரும்படி,extra income / bribe,clear_ocr,"Repeated euphemism is explicitly decoded by the narrator as இலஞ்சம்."
sirukathaigal/imsaikku_aalana.md,கவியானம்,கலியாணம்,clear_ocr,"Father intends to arrange the narrator's marriage using the accumulated money."
sirukathaigal/imsaikku_aalana.md,வழுக்க) விழுந்த வனிதையா,வழுக்கி விழுந்த வனிதையாய்,clear_ocr,"Narrator compares selling his conscience with a woman driven into prostitution to survive."
sirukathaigal/imsaikku_aalana.md,சமகத்திலே கரை,சமூகத்திலே கறை,clear_ocr,"Conventional social-stigma phrase is damaged by dropped vowel and consonant marks."
sirukathaigal/imsaikku_aalana.md,மாதுர் பூமி கட்டுமானம் தொழிலாளர் சுரண்டல் இலஞ்சம்,Mathur Bhoomi construction labour exploitation and bribery,source_context,"Named people institutions transactions and political claims are translated as fictional source-period content and are not independently verified."
sirukathaigal/kaithigal.md,84 மேபேச்சை,84-ன் பேச்சை,clear_ocr,"Warder interrupts Prisoner 84 before he can finish speaking."
sirukathaigal/kaithigal.md,பதறு ஜிறிங்க,பதறுகிறீர்கள்,clear_ocr,"Karpagavalli asks why her husband is panicking over the missing necklace."
sirukathaigal/kaithigal.md,அவருக்கு இரவல் முத்து அண்ணனா... வாண்ணேன் தம்பி,Back-to-prison dialogue transition,damaged_ocr,"The end of the domestic scene and return to prisoners' dialogue are badly damaged; speaker flow is reconstructed from the next questions."
sirukathaigal/kaithigal.md,முதவியார்,முதலியார்,clear_ocr,"Recurring name-title Vaitheeswara Mudaliar has a dropped syllable on one scan."
sirukathaigal/kaithigal.md,கோயில் நகையைத தீத்துக் கட்டிக்கிட்டு,stripping and converting temple jewellery,damaged_ocr,"Colloquial verb phrase is damaged; translation follows the preceding detailed account of replacing temple gems and taking originals."
sirukathaigal/kaithigal.md,குட அதிகமாயிடுத்து குடி அதிகமாயிடவே,செலவு அதிகமாயிற்று குடி அதிகமாயிடவே,probable_ocr,"First damaged noun is read as expenses increasing before the clear reference to drinking increasing."
sirukathaigal/kaithigal.md,இமிடேஷன் கெம்பு,imitation ruby,loanword,"English loanword and jewel term are retained by sense in the repair fraud."
sirukathaigal/kaithigal.md,அவனிடமே குரைப்பது,அவனிடமே கறப்பது,probable_ocr,"Context is Kuttiyappan deciding to keep extorting money rather than report the opium trader."
sirukathaigal/kaithigal.md,இந்த ஆசாமி அபின் வியாபாரம் தள்ளப்பட்டேன்,இந்த ஆசாமி அபின் வியாபாரி என்று சொன்னேன் / தள்ளப்பட்டேன்,damaged_ocr,"Temple confrontation line is materially damaged; translation preserves the clear claim that he shouted about the man's opium trade and was expelled."
sirukathaigal/kaithigal.md,கண்ணாசச்சாரி,கண்ணாச்சாரி,clear_ocr,"Closing scene identifies the released goldsmith who is removing stones from the borrowed ruby necklace."
sirukathaigal/kaithigal.md,வைத்தீஸ்வர முதலியார் கோயில் நகை அபின் வழக்குகள்,Vaitheeswara Mudaliar temple jewels opium and criminal cases,source_context,"All named accusations offences and cases are translated as fictional source narrative and are not independently verified."
sirukathaigal/kanavil_keerathar.md,கனவில் கீரதர்,Keerathar in a Dream,uncertain_title,"Visual inspection confirms the printed form கீரதர்; its intended lexical or personal-name sense is not explained, so it is transliterated rather than silently emended."
sirukathaigal/kanavil_keerathar.md,தவப்பயன் பெபற்ற,தவப்பயன் பெற்ற,clear_ocr,"Ganga describes the glory gained by dwelling in Shiva's matted hair."
sirukathaigal/kanavil_keerathar.md,ஆறியாதார்,அறியாதார்,clear_ocr,"Shiva asks who does not know Ganga's greatness."
sirukathaigal/kanavil_keerathar.md,கங்கா தீர்தீதததுக்கு,கங்கா தீர்த்தத்துக்கு,clear_ocr,"Repeated consonants are OCR noise in the discussion of Ganges water."
sirukathaigal/kanavil_keerathar.md,அரோராம் ஜேசங்கர்,Hara Hara Jai Shankar,devotional_phrase,"Damaged Tamil transcription is rendered as the familiar devotional exclamation indicated by context."
sirukathaigal/kanavil_keerathar.md,ராஜகுமாரி அம்ருத்கெளரி,Rajkumari Amrit Kaur,personal_name,"Historical personal name is rendered in its conventional English form while the source spelling remains verbatim."
sirukathaigal/kanavil_keerathar.md,1917-1923 பீகார் சுகாதார இலாக்கா ஆராய்ச்சி டில்லி பார்லிமெண்ட் கூற்று,Attributed Bihar health research and Delhi Parliament statement,source_context,"Scientific and parliamentary claims are translated from the story's cited March 17 Hindu report and are not independently verified."
sirukathaigal/maadiveedu.md,பத்துக் கவியாணம்,பத்துக் கலியாணம்,clear_ocr,"Opening compares the difficulty of building one house with conducting ten weddings."
sirukathaigal/maadiveedu.md,மகாதேவ முதவி / மாடிஹீடு,மகாதேவ முதலி / மாடிவீடு,clear_ocr,"Recurring personal title and story subject have isolated OCR substitutions."
sirukathaigal/maadiveedu.md,சாஜர்தானே,சாமர்த்தியர்தானே / capable man,damaged_ocr,"Context says Mahadevan knew the practical difficulty before undertaking construction; scan review is advisable."
sirukathaigal/maadiveedu.md,இரும்பலியூரார் / இரும்புலியார்,Irumbuliyar,personal_name,"Variant OCR forms are treated as one speaker's name."
sirukathaigal/maadiveedu.md,இருபது ரூபா தாளிக்கையுள்ள,இருபது ரூபாய் மதிப்புள்ள,probable_ocr,"Foreman says he bargained down goods worth twenty rupees."
sirukathaigal/maadiveedu.md,சத்யதுக்குப் பொதுவா பாடுபட்டேன்,சத்தியத்துக்குப் பொதுவாகப் பாடுபட்டேன்,probable_ocr,"Foreman claims he worked honestly rather than taking petty commissions."
sirukathaigal/maadiveedu.md,பச்சென்று எந்தந்த வாழ ஆரம்பித்தாலே,பசுமையாக / செழிப்பாக வாழ ஆரம்பித்தாலே,damaged_ocr,"Rasayi Pillai treats anyone beginning to prosper as an enemy; exact damaged wording should be checked against the scan."
sirukathaigal/maadiveedu.md,ரசாயிப்பின்னை,ரசாயிப் பிள்ளை,clear_ocr,"Petition writer's name-title has a merged consonant."
sirukathaigal/maadiveedu.md,அவருடைய ரொசக்கம்,his remaining accumulated property,damaged_ocr,"Word describing belongings kept at the old residence is unclear; translation follows the contrast with the few valuables in the new house."
sirukathaigal/maadiveedu.md,கொரங்கு / குரங்கு கொண்டுவந்த செயின்,the chain brought by the monkey,orthographic_colloquial,"Colloquial vowel variation is normalized only in English; recovered Tamil remains verbatim."
sirukathaigal/maadiveedu.md,முனிசிபல் நிலம் நூல் பேல் ப்ளாக் மார்க்கட் திருட்டு வழக்கு,Municipal land yarn bale black-market and theft allegations,source_context,"Economic accusations property claims burglary and court events are translated as fictional source narrative and are not independently verified."
sirukathaigal/paei_oadi_poachu.md,பேய் ஒடிப் போச்சு,பேய் ஓடிப் போச்சு,clear_ocr,"Long vowel in the title is normalized in the bilingual heading; recovered source remains verbatim."
sirukathaigal/paei_oadi_poachu.md,மந்தரம்னா பொய்னு சொல்றதுக்கில்லைங்கிற சச்சமம்,மந்திரம்னா பொய்னு சொல்றதுக்கில்லைங்கிற விஷயம்,probable_ocr,"Sengodan says he has learned spells cannot simply be dismissed as false."
sirukathaigal/paei_oadi_poachu.md,குத்தவ / குத்தவை,குத்தகை,clear_ocr,"Velan leases the neighbouring field at an unusually high rent."
sirukathaigal/paei_oadi_poachu.md,செல்லாயிக்குத்தான் பூன்னா ௨௫௬,செல்லாயிக்குத்தான் பூன்னா உயிர்,damaged_ocr,"Context says Sellayi adores flowers; final word is heavily damaged and translated by the surrounding rose-field joke."
sirukathaigal/paei_oadi_poachu.md,ஓரூர் / அந்த இராமம்,Orur / that village,clear_ocr,"Dropped initial consonant in கிராமம் is resolved from repeated village context."
sirukathaigal/paei_oadi_poachu.md,இரண்டெழுத்து படித்தவன்,lightly educated / literate,idiom,"Idiomatic description explains Subbu's rise from a ploughing family to newspaper-office work."
sirukathaigal/paei_oadi_poachu.md,தாவிக்கயத்தைத் தூக்கிகிட்டுத் திரிஞ்சான்,carried a sickle and roamed,damaged_ocr,"Agricultural implement word is damaged; translation follows Velan's farming role and context."
sirukathaigal/paei_oadi_poachu.md,அது வேறே அவ காஇலே விழப்போவுது,அது வேறே அவ காதிலே விழப்போவுது,clear_ocr,"Sivappi warns that criticism of Velan may reach Sellayi's ears."
sirukathaigal/paei_oadi_poachu.md,பழக்கடி விளையாட்டு,apple-biting game / pun on intimacy,wordplay,"Director's phrase plays on பழம் biting and suggestive familiarity; English preserves the visible action and notes its constructed intimacy."
sirukathaigal/paei_oadi_poachu.md,ஆலமரத்துப் பிசாசு,the spirit beneath the banyan tree / film director,wordplay,"Closing satire contrasts the real filmmaker at the banyan-tree scene with the imagined mango-tree spirit."
sirukathaigal/paei_oadi_poachu.md,கிராமக் காதல் டிரிக் ஷாட் ரஷ் காட்சிகள்,Village Love trick-shot rushes,source_context,"Film production political references and personal events are translated as fictional source narrative and are not independently verified."
sirukathaigal/mugam_veluthathu.md,சில்க் சொக்காய்,silk shirt,regional_term,"சொக்காய் is interpreted as a shirt from the child's request and later contrast with his patched garment."
sirukathaigal/mugam_veluthathu.md,முண்டச்சி,widow / derogatory term,offensive_source_term,"Pejorative period word is translated by referent and retained only as prejudiced character speech."
sirukathaigal/mugam_veluthathu.md,ஓசத்தி ஜாதி / மட்ட ஜாதி,high caste / low caste,clear_ocr,"Colloquial caste hierarchy is rendered explicitly because the story critiques the lesson taught at home."
sirukathaigal/mugam_veluthathu.md,மைதர்பாகு / மைதூர் பாகு,மைசூர் பாகு / Mysore pak,clear_ocr,"Recurring sweet's name has consonant substitutions in OCR."
sirukathaigal/mugam_veluthathu.md,சிவப்பு ஜூஞ்சி,சிவப்பு மூஞ்சி / red-faced,probable_ocr,"Mother identifies Singaram by his red or fair face; initial consonant is damaged."
sirukathaigal/mugam_veluthathu.md,தலை காஞ்சது,dried-head fellow / insulting description,damaged_ocr,"Colloquial insult is retained by approximate force; exact printed wording merits scan review."
sirukathaigal/mugam_veluthathu.md,நீலிக் கண்ணீர்,crocodile tears / feigned tears,idiom,"Teacher accuses Singaram of false tears while accepting Velayudham's accusation."
sirukathaigal/mugam_veluthathu.md,எள் என்பதற்குள்ளே எண்ணெயாகி விடுவார்,before he says sesame the headmaster becomes oil,idiom,"Source's compact metaphor for immediate obedience is preserved literally with contextual clarity."
sirukathaigal/mugam_veluthathu.md,சிங்காரம் .&.வானான்,Singaram grew into a young man,damaged_ocr,"Verb is materially damaged; translation follows the subsequent election and prison chronology."
sirukathaigal/mugam_veluthathu.md,நீக்ரோ / Negro,period_racial_term,offensive_source_term,"Historical classroom term is retained only within quoted source-period dialogue and the story's critique of colour prejudice."
sirukathaigal/mugam_veluthathu.md,சமதர்மம்,egalitarian socialist order,political_term,"Rendered in context as the social-economic ideal Velayudham later claims to advocate."
sirukathaigal/mugam_veluthathu.md,வேலாயுதம் தயாரித்த குற்றச்சாட்டு தேர்தல் சிறை,Velayudham's alleged fabricated charge election and prison,source_context,"Political and criminal claims are translated as fictional source narrative and are not independently verified."
sirukathaigal/irumbaram.md,வூரவேற்பு,வரவேற்பு / welcome,probable_ocr,"Initial letters are damaged at the opening; context unambiguously describes the planned welcome."
sirukathaigal/irumbaram.md,ஈமான்யனல்ல,சாதாரணமானவனல்ல / no ordinary man,damaged_ocr,"The printed word is materially damaged; contrast with Columbus's lasting victory determines the sense."
sirukathaigal/irumbaram.md,நல டபெறாத / நல டபெற்ற,நடைபெறாத / நடைபெற்ற,probable_ocr,"Repeated segmentation and character damage in forms of நடைபெறு are normalized only in translation."
sirukathaigal/irumbaram.md,கூரட்சி,காட்சி / scene or vision,probable_ocr,"The surrounding sentence lists remembered scenes appearing before Columbus's mind."
sirukathaigal/irumbaram.md,பொடினாண்டு / பெ்டினாண்டு / பெரர்டினாண்டு / பெபர்டினாண்டு,பெர்டினாண்டு / Ferdinand,proper_name_ocr,"Multiple OCR variants refer to King Ferdinand."
sirukathaigal/irumbaram.md,போவாடில்லா,Bobadilla,proper_name_ocr,"The OCR-rendered official is Francisco de Bobadilla in the Columbus episode."
sirukathaigal/irumbaram.md,தலைகளை எடுத்து விடுகிறேன்,தளைகளை எடுத்து விடுகிறேன் / I shall remove the fetters,probable_ocr,"Captain offers to remove Columbus's chains; தலைகளை would mean heads and is impossible in context."
sirukathaigal/irumbaram.md,காட்டுமிராண்டிகள்,native inhabitants,period_colonial_term,"The source repeatedly uses a dehumanizing colonial description; translation identifies the people contextually while retaining the conquest narrative."
sirukathaigal/irumbaram.md,இரும்பாரம்,iron burden / shackles,title_wordplay,"Literal iron burden refers to the fetters and contrasts rhetorically with the earlier golden canopy."
sirukathaigal/irumbaram.md,கொலம்பஸ் வரலாற்றுக் கூற்றுகள்,source-period historical claims,source_context,"Dates motives offices Indigenous resistance age at death and burial of the irons are translated as the author's claims and are not independently verified."
sirukathaigal/1938-1940.md,Image 1 and Part 2 Image 4,no OCR text detected / manually transcribed from scan,source_recovery,"Two visibly legible scans returned empty Tesseract output; their Tamil was transcribed directly from the archived images before translation."
sirukathaigal/1938-1940.md,வச்சிரம்,vajra / diamond-hard / thunderbolt-like,difficult_title,"Sanskrit-derived title word conveys hardness indestructibility or striking force; English title preserves the diamond image."
sirukathaigal/1938-1940.md,பாயம் நாயுடுவகுப்பு,Naidu community,damaged_ocr,"The subgroup name before Naidu is unclear in OCR; translation conservatively retains only the legible community identification."
sirukathaigal/1938-1940.md,விநாயகரகவலை,விநாயகர் வழிபாடு / worship of Vinayaka,damaged_ocr,"Compound is damaged and semantically irregular; the morning routine clearly indicates completion of worship."
sirukathaigal/1938-1940.md,சோடஇத்தார்,திடுக்கிட்டார் / was shocked,probable_ocr,"Chettiar catches their exchanged gaze and reacts with shock and bewilderment."
sirukathaigal/1938-1940.md,மயரரோ ஆம்பளே,யாரோ ஆம்பிளை / some man,probable_ocr,"Colloquial warning that a man seems to be approaching is damaged at both word boundaries."
sirukathaigal/1938-1940.md,தாவி இழந்தவள்,தாலி இழந்தவள் / woman who lost her thali,probable_ocr,"The next sentence discusses someone available to tie a thali; தாவி is an OCR substitution."
sirukathaigal/1938-1940.md,தவியாணி / கவியாணி / கலவியாணி,கலியாணி / Kalyani,proper_name_ocr,"Several damaged forms refer to the same principal character."
sirukathaigal/1938-1940.md,கண்ணுச்சாமி / கண்ணு சாமி,கண்ணுசாமி / Kannusami,proper_name_ocr,"Spacing and consonant doubling vary in OCR; translation uses the character's consistent name."
sirukathaigal/1938-1940.md,பொரிவிளங்காய் உருண்டை,porivilangai sweet,cultural_term,"Traditional hard pulse-and-jaggery sweet is retained by Tamil name."
sirukathaigal/1938-1940.md,கண்ணொடு கண்ணினை நோக்கொக்கின் வாய்ச்சொற்கள் என்ன பயனுமில,Tirukkural 1100,literary_allusion,"Quoted couplet is translated in context as eye meeting eye making speech unnecessary."
sirukathaigal/1938-1940.md,தாலி,thali / marriage pendant,cultural_term,"The story challenges the convention that loss of the pendant must permanently define a widow."
sirukathaigal/1938-1940.md,ஸ்திரிஹத்தி சிசுஹத்தி,கொலைப்பாவம் / killing a woman and a foetus,difficult_term,"Sanskrit-derived religious terms occur in Kalyani's bitter denunciation of oppressive respectability."
sirukathaigal/aezhai.md,ஏழை,poor man / pitiable man,title_wordplay,"Title describes Ellappan's economic condition and the dismissive disguise that conceals his police rank."
sirukathaigal/aezhai.md,இஞ்சிமுறப்பா,ginger candy,cultural_term,"Commercial sweet and proposed manufacturing process; spelling is colloquial and context-specific."
sirukathaigal/aezhai.md,அமெரிக்க திபுணர்,அமெரிக்க நிபுணர் / American expert,probable_ocr,"Initial consonant is damaged; the same expert is repeatedly called நிபுணர்."
sirukathaigal/aezhai.md,ஆண்டர்சன் முறை,Anderson method,fictional_business_term,"Alleged proprietary American manufacturing method is part of Sellappan's document fraud in the story."
sirukathaigal/aezhai.md,கந்தப்பன் / த்ந்தப்பன் / குந்தப்பன்,Kandappan,proper_name_ocr,"Several OCR variants refer to the impoverished planner whose process Sellappan appropriates."
sirukathaigal/aezhai.md,இரும்புச் சத்துக் கலந்த பண்ணை,iron-rich earth,damaged_ocr,"OCR likely damages மண்; surrounding passages concern extracting and exporting iron-bearing soil."
sirukathaigal/aezhai.md,இரும்பு கலந்த மண்ணைத் தோண்டி... ஆலை எதிர்ப்பு,ironworks labour agitation,damaged_passage,"Several lines on Image 7 are materially corrupted; translation retains only the legible argument that labour conditions intensified opposition."
sirukathaigal/aezhai.md,ஒல்லி உத்தரவு,அரசு/அதிகாரி உத்தரவு / official permission,damaged_ocr,"Paint-company owner cannot begin because the competent authority refuses permission; exact damaged noun merits scan review."
sirukathaigal/aezhai.md,மேங்கா / மேங்கா variants,Menga,proper_name_ocr,"Name of Sellappan's operative and celebrated informer is normalized consistently in English."
sirukathaigal/aezhai.md,சிங்காரம் / கிங்காரம்,Singaram,proper_name_ocr,"The watch courier's name is clear in repeated later occurrences; initial கிங்காரம் is OCR damage."
sirukathaigal/aezhai.md,கழுகுகளுக்கு இறைச்சித் துண்டுகள்,eagles will be fed pieces of meat,metaphor,"Metaphor refers to bribing or compromising enforcement officials."
sirukathaigal/aezhai.md,கருப்பையன் / பெரியசாமியார்,Karuppaiyan / Periyasami,alias_context,"Police-record identity and ochre-robed religious alias of Sellappan's accomplice."
sirukathaigal/aezhai.md,சீவல் பாக்குக் கம்பெனி,prepared areca or chewing-tobacco company,cultural_business_term,"Term can denote sliced areca mixture; translation follows the source's commercial and smuggling context."
sirukathaigal/aezhai.md,அபின்,opium,historical_term,"Older Tamil loanword for opium in the final investigation."
sirukathaigal/aezhai.md,கள்ளக்கடத்தல் திட்டங்கள்,fictional smuggling schemes,source_context,"Fraud bribery police and smuggling descriptions are translated as fictional narrative and not independently verified or operational advice."
sirukathaigal/annadhanam.md,Images 1 and 2 plus final sentence,manually transcribed from scans,source_recovery,"Two opening scans had no OCR text and the last scan stopped mid-sentence; all omitted Tamil was recovered directly from the archived images."
sirukathaigal/annadhanam.md,அன்னதானம்,gift of food / charitable feeding,title_cultural_term,"Religious practice of offering prepared food; title is rendered by meaning rather than transliteration."
sirukathaigal/annadhanam.md,துணாமானா,atheist,period_colloquial_term,"Colloquial period form used mockingly for narrator's rationalist friend Nagarajan."
sirukathaigal/annadhanam.md,ஆஷாடபூதி,sanctimonious hypocrite / impostor,difficult_term,"Traditional allusion used for a fraud wearing the outward appearance of holiness."
sirukathaigal/annadhanam.md,சொர்ணவர்ண லேகியம்,Golden Complexion Tonic,commercial_name,"Mock medicinal product name is translated literally and capitalized as an advertised brand."
sirukathaigal/annadhanam.md,அபினி,opium,historical_term,"Older loanword used in the allegation that the advertised tonic was adulterated."
sirukathaigal/annadhanam.md,சிங்கப்பூர் சொக்கன்,Singapore Sokkan,proper_name_context,"Alias identifies the fugitive whom the narrator recognizes beneath the ascetic disguise."
sirukathaigal/annadhanam.md,ஆயுசு ஓமம் முதலிய சடங்குகள்,longevity and planetary rites,religious_terms,"OCR damages several rite names; translation follows legible ritual categories without endorsing efficacy."
sirukathaigal/annadhanam.md,மருத்துவ மாந்தரீக காவல் குற்றச்சாட்டுகள்,fictional medical magical and criminal claims,source_context,"Claims appear in promotional and warning notices within the story and are not independently verified."
sirukathaigal/danabal_chettiyar.md,Images 1 and 10,manually transcribed from scans,source_recovery,"Opening title and ledger plus the final priest dialogue were blank in OCR and recovered directly from archived scans."
sirukathaigal/danabal_chettiyar.md,தனபால் செட்டியார் கம்பெனி,Dhanapal Chettiar and Company,title_wordplay,"Company denotes both the business and the surrounding network whose labour and dependence sustain Chettiar."
sirukathaigal/danabal_chettiyar.md,ரூபாய் அணா பைசா கணக்குகள்,rupee-anna-paise ledger figures,numeric_ocr,"Several separators and subtotals are damaged; source figures are retained verbatim and English follows clearly legible scan values."
sirukathaigal/danabal_chettiyar.md,தண்டல் செலுத்தியது,collection or debt payment,difficult_term,"Commercial colloquial term in the clerk's expense list is interpreted from debt-collection context."
sirukathaigal/danabal_chettiyar.md,ஈட்டுக்காரன்,debt collector / creditor,difficult_term,"Kandan and Kuppi describe an eight-anna payment to the person pressing the debt."
sirukathaigal/danabal_chettiyar.md,காவிகோ...பைண்டு தோட் புத்தகம்,cloth-bound ledger,damaged_ocr,"Description of Chettiar's formal account book is materially damaged; translation retains the legible physical contrast with scraps used by others."
sirukathaigal/danabal_chettiyar.md,பஞ்சாமிருத அபிஷேகம்,panchamirtha ritual ablution,cultural_term,"Five-ingredient temple mixture and ceremony; transliterated with contextual explanation."
sirukathaigal/danabal_chettiyar.md,நிகா,exacting about money,damaged_colloquial,"Chettiar contrasts Kamala's good nature with a money-related reservation; exact colloquial word is unclear in scan."
sirukathaigal/danabal_chettiyar.md,காஞ்சி கருட சேவை,Kanchi Garuda festival,cultural_allusion,"Priest flatters Chettiar by comparing the rarity of seeing him to the celebrated temple procession."
sirukathaigal/danabal_chettiyar.md,குடும்ப வன்முறை மற்றும் வர்க்கப் பேச்சு,domestic violence and class abuse,source_context,"Violence and insults are translated as the story's depiction and critique of poverty hierarchy and exploitation."
sirukathaigal/ganavaan.md,கனவான்,gentleman / man of standing,title_wordplay,"Respectable social label is successively worn by a smuggler and publicly bestowed upon a receiver of stolen goods."
sirukathaigal/ganavaan.md,கழல் / கைச்சிலம்பு,warrior's anklet / priest's hand-rattle,object_wordplay,"Pandari falsely calls the object Kattabomman's anklet; later narrative identifies it as a priest's jingling hand-rattle concealing diamonds."
sirukathaigal/ganavaan.md,கழலிடம் கழலுவேன்,alleged akaval title,damaged_fabricated_reference,"Title belongs to Pandari's invented palm-leaf provenance and is translated only by narrative function."
sirukathaigal/ganavaan.md,கோஹர்ஜான் / கோஹாஜான்,Gauhar Jaan,proper_name_ocr,"Variants refer to the celebrated historical singer used in Sundaram's fabricated violin provenance."
sirukathaigal/ganavaan.md,தேசிங்கு ராஜா குதிரைச்சவுக்கு,Desingu Raja horsewhip,fictional_provenance,"Visitor recounts an earlier fraudulent antique attribution; historical claim is not independently verified."
sirukathaigal/ganavaan.md,தில்லை,Thillai,proper_name_context,"Name signed by the beggar girl's mother on the staged violin sale deed."
sirukathaigal/ganavaan.md,பட்டை நாமம் சாத்தப்பட்டது,broad religious mark of a dupe was applied,idiom,"Comic idiom means the dealer was thoroughly cheated."
sirukathaigal/ganavaan.md,முத்துமாரி / மாரியம்மன்,Muthumari / Mariamman,religious_term,"Festival goddess and procession context retained by Tamil names."
sirukathaigal/ganavaan.md,கரகம் / சிலம்பு,dancing pot / hand-rattle,cultural_terms,"Distinct ritual objects matter to the customs officer's mistaken suspicion and the diamond handoff."
sirukathaigal/ganavaan.md,அபின்,opium,historical_term,"Older loanword appears in the border-smuggling episode."
sirukathaigal/ganavaan.md,திரிபுரதாஸ் / இரிபுரதாஸ்,Tripuradas,proper_name_ocr,"Damaged initial consonant variants refer to the stolen-goods receiver later honoured as a philanthropist."
sirukathaigal/ganavaan.md,கடத்தல் கைது தர்மசபா கூற்றுகள்,fictional smuggling arrest and charity claims,source_context,"Customs policing diamonds imprisonment and public honours are translated as the story's fictional narrative."
sirukathaigal/iruparambaraigal.md,Images 4 5 10 and 14,manually transcribed from scans,source_recovery,"Four pages omitted entirely by OCR were recovered directly from archived images before translation."
sirukathaigal/iruparambaraigal.md,இரு பரம்பரைகள்,Two Lineages,title_wordplay,"பரம்பரை means generation descent or lineage; ending applies inherited rank to humans and pedigree versus street dogs."
sirukathaigal/iruparambaraigal.md,குச்சு நாய்,lapdog / pedigree pet,difficult_term,"Context contrasts expensive Bangalore-bought pets with locally born street dogs."
sirukathaigal/iruparambaraigal.md,ஜுலியா / ஜாவியா / ஜாலியா,Julia,proper_name_ocr,"OCR variants refer to the same female lapdog."
sirukathaigal/iruparambaraigal.md,அன்னாடிகள்,daily-wage people / hand-to-mouth poor,offensive_class_term,"Deva uses a contemptuous class label that wounds Singaram; translated as character speech within the critique."
sirukathaigal/iruparambaraigal.md,கான மயிலாடக் கண்டிருந்த வான்கோழி,turkey imitating a forest peacock,proverb,"Proverb describes Singaram's futile imitation of elite consumption."
sirukathaigal/iruparambaraigal.md,சமூக சேவா சங்கம்,Social Service Association,satirical_institution,"Story satirizes elite inspection of poverty without examining its structural causes."
sirukathaigal/iruparambaraigal.md,ஜார்ஜ் / வெள்ளை / கருப்பண்ணன்,George / Vellai / Karuppannan,name_symbolism,"English pet name marks elite pedigree aspirations; Tamil names belong to the poor household and local religious world."
sirukathaigal/iruparambaraigal.md,பிளேக் இன்புளூயென்சா காலரா,plague influenza cholera,historical_health_terms,"Diseases appear in Arumainathan's speech about poor quarters and are not a present medical claim."
sirukathaigal/iruparambaraigal.md,வறுமை வர்க்க அவமதிப்பு குடும்ப வன்முறை,poverty class contempt and domestic violence,source_context,"Harsh labels threats and violence are translated as the story's social critique rather than endorsed language."
sirukathaigal/kalizhanthan.md,காலிழந்தான்,காலிழந்தான்,verified_title,"Printed title verified from the first scan; the Romanized filename is irregular."
sirukathaigal/kalizhanthan.md,தொண்டி / தொண்டிக்குப் / தொண்டியாகிவிட்ட,நொண்டி / நொண்டிக்குப் / நொண்டியாகிவிட்ட,probable,"Several occurrences substitute த for ந in the OCR; interpreted from repeated context while canonical Tamil remains unchanged."
sirukathaigal/kalizhanthan.md,கண்ணிகந்தும் குருடன்,கண்ணிருந்தும் குருடன்,probable,"OCR corruption in the story's central statement; translated as blind despite having eyes and source retained verbatim."
sirukathaigal/kalizhanthan.md,காவிழ்ந்த எனக்கு,காலிழந்த எனக்கு,probable,"Likely OCR loss/substitution in the doctor's rehabilitation passage; source retained verbatim."
sirukathaigal/kalizhanthan.md,கண்ணப்பன் / கண்ணப்பா,Kannappa,name_variant,"Both Tamil forms occur in OCR; English consistently uses Kannappa."
sirukathaigal/rottithundu.md,பாரத்பூஷணன் / பாரத் பூஷணன் / பாரதபூஷணன்,Bharathabhooshan,name_variant,"Spacing and vowel variants in OCR refer to the same character; English normalized consistently while Tamil remains verbatim."
sirukathaigal/rottithundu.md,வரகுணநாதப் / வரகுணதநாதப்,Varagunanatha,probable,"The signature contains an apparent duplicated த; interpreted from the earlier full name and source retained verbatim."
sirukathaigal/rottithundu.md,காடியின் செயல்,forest creature's act,uncertain,"OCR/source reading before the honey-hive comparison is unclear; translated conservatively without naming an uncertain animal."
sirukathaigal/rottithundu.md,முதலைப்பிடிக்காரன்,has a crocodile's grip,probable,"OCR compounds the phrase unusually; context means Kathirvelu will hold fast to his claim and not let go."
sirukathaigal/rottithundu.md,கடிதத்தைப் படித்ததும் ... பீரங்கியாகத்தானே,"On reading the letter ... the letter he had written would become a cannon trained upon himself",source_damage,"Final line is heavily fragmented by OCR; restored only in English from narrative logic while canonical Tamil remains unchanged."
sirukathaigal/pallilikkum.md,பாரதவர்ஷம் / பாரத்வர்ஷம் / பாரத்வா்ஷ்,Bharathavarsham,name_variant,"OCR variants refer to the same newspaper; English normalized consistently and Tamil retained verbatim."
sirukathaigal/pallilikkum.md,மேரி சிதரா,Mary Sithara,proper_name_uncertain,"Name may reflect OCR damage but no stronger reading is established from the text; transliterated conservatively."
sirukathaigal/pallilikkum.md,பத்து இலட்சம் பவுன் நோட்,ten-million-pound note,probable,"Tamil numbering literally gives ten lakhs of pounds (one million), while the OCR repeatedly says the phrase; translation follows the recognizable Mark Twain title context as The Million Pound Note and describes the note consistently as ten-lakh/one-million in concept."
sirukathaigal/pallilikkum.md,ஜெனரல் ஜீகலோவ் / ஜிகலோவ்,General Zhigalov,name_variant,"OCR vowel variants refer to the same Chekhov character; transliterated consistently."
sirukathaigal/pallilikkum.md,பிறாண்டி / கடித்தது,scratched or bit,source_inconsistency,"The first action is OCR'd as scratched while the rest of the retelling says bit; English acknowledges the uncertainty at introduction and follows bite thereafter."
sirukathaigal/valliyin_devi.md,வள்ளியின் தேவி.,வள்ளியின் தேவி,verified_title,"Terminal full stop is typography rather than part of the title; Tamil source remains verbatim."
sirukathaigal/valliyin_devi.md,சிந்தி / செளராஷ்டிரப் பசு,Sindhi / Saurashtra cow,breed_terms,"OCR is readable but historical breed terminology is transliterated conservatively."
sirukathaigal/valliyin_devi.md,கோவிந்த டாக்டர் / கோவிந்தன்,Doctor Govindan,name_variant,"Both forms identify the first veterinarian; English normalized to Doctor Govindan."
sirukathaigal/valliyin_devi.md,மிட்டா மாணிக்கம் / மிட்டா,estate-holder Manickam / estate-holder,historical_title,"மிட்டா appears to be a landed-estate title in context rather than part of the personal name; translation remains conservative."
sirukathaigal/valliyin_devi.md,விஷம் இருப்பினும் இருக்கும்,"infection may remain after a rabid-dog bite",historical_health_wording,"Source literally invokes poison; translated in period narrative context without presenting it as modern veterinary guidance."
sirukathaigal/pithalai_alla.md,மூத்து / முதீது / முதது / முத்து,Muthu,name_ocr_variant,"Multiple OCR forms refer to Muthusamy; English normalized to Muthu while Tamil remains unchanged."
sirukathaigal/pithalai_alla.md,எம்பெருமாள் / எம்பெருமான்,Emperumal,name_variant,"Both forms occur for Emperumal Chettiar; English normalized consistently."
sirukathaigal/pithalai_alla.md,மொட்டையன் குட்டி அம்மாள்,Kuttiammal described as shaven-headed,probable,"OCR spacing makes the construction uncertain; context likely marks widowhood through the period practice of shaving the head."
sirukathaigal/pithalai_alla.md,கார்பு,காப்பு,probable,"In the contrast between a promised gold bangle and prison restraint, கார்பு is likely OCR corruption of காப்பு; translated contextually as bangle."
sirukathaigal/pithalai_alla.md,பித்தளை அல்ல பொன்னேதான்,not brass but pure gold,title_symbolism,"Literal metal statement also identifies Muthu's hidden moral worth; no change made to source title."
sirukathaigal/samooga_sevaki.md,இரகுராமன் / ரகுராமன்,Raghuraman,name_variant,"Initial-vowel and segmentation variants refer to the same doctor; English normalized consistently."
sirukathaigal/samooga_sevaki.md,ஆறாவமுதன் / ஆராவமுதன் / ராவமுதன்,Aravamudhan,name_ocr_variant,"OCR variants refer to the doctor who diagnoses paratyphoid; transliterated conservatively."
sirukathaigal/samooga_sevaki.md,பாரடைபாயிட் / பாரடைபாஈயிட்,paratyphoid,probable,"English medical loanword is visibly corrupted in OCR; interpreted from repeated context and Tamil retained verbatim."
sirukathaigal/samooga_sevaki.md,101 / 102,101°F / 102°F,historical_temperature_notation,"Source omits the Fahrenheit symbol but period context strongly indicates Fahrenheit; translation avoids adding the symbol where not necessary."
sirukathaigal/samooga_sevaki.md,சப்-ஜட்ஜ் சபேச ஈ்ஸ்இரிகள்,Sub-Judge Sabesa Iyer,probable,"Honorific/name is damaged by OCR in the wedding passage; normalized only in English."
sirukathaigal/samooga_sevaki.md,சுவர் கலனாகிக் கிடந்தது,சுவர் பழுதாகிக் கிடந்தது,probable,"Likely OCR corruption describing a decayed wall; translated contextually while source remains unchanged."
sirukathaigal/sokki.md,வேளிப்பன் / வேளியப்பன்,Veliyappan,name_variant,"Both forms refer to the rival fruit seller; English normalized consistently."
sirukathaigal/sokki.md,பரமசவம் / பரமசவத்து / பரமசிவம்,Paramasivam,name_ocr_variant,"Missing vowels occur in OCR; English follows the clear full form Paramasivam."
sirukathaigal/sokki.md,கிரிப்பு,சிரிப்பு,probable,"Likely OCR substitution in the sequence பேச்சு பார்வை நடை சிரிப்பு; translated as laughter and source retained."
sirukathaigal/sokki.md,13-6-19 5,13-6-1955,probable_date,"A digit is dropped or separated in OCR; year inferred as 1955 from the visible form and archive context, without changing Tamil source."
sirukathaigal/sokki.md,சொக்கி,Sokki,title_name_wordplay,"Proper name echoes சொக்குதல் becoming enchanted; transliterated to preserve the character name."
sirukathaigal/oru_muttalin_kathai.md,Combined OCR parts 2,one continuous work,multipart,"Part boundary occurs during the fool's explanation about gold and the cow; translated continuously in one bilingual document."
sirukathaigal/oru_muttalin_kathai.md,மட்டாள் / மூட்டாள் / முட்டாள்,முட்டாள்,probable,"OCR variants of the repeated title word; translated as fool while Tamil remains unchanged."
sirukathaigal/oru_muttalin_kathai.md,காதி கல்கத்தா,காசி கல்கத்தா,probable,"Likely OCR substitution in reference to the Kashi and Calcutta associations; interpreted from repeated clear forms."
sirukathaigal/oru_muttalin_kathai.md,டாலஸ்டாய் / டால்ஸ்டாய்,Tolstoy,name_variant,"Both Tamil spellings refer to the Russian author; English normalized consistently."
sirukathaigal/oru_muttalin_kathai.md,ரதகஜதுரக பதாதிகள்,chariots elephants cavalry and infantry,probable,"Sanskrit-derived military compound is legible despite OCR spacing; translated component by component."
sirukathaigal/oru_muttalin_kathai.md,தலையால் வேலை செய்கிறார்,working with his head,title_climax_wordplay,"Phrase shifts from intellectual labour to literally falling headfirst; wordplay retained in English."
sirukathaigal/yaarmeethu_kobithu.md,ஒயூரர் மீது கோபித்துக் கொள்வது,யார் மீது கோபித்துக் கொள்வது,probable_title,"First scan's title is damaged; clear filename and exact closing question establish the reading. Tamil canonical source remains unchanged."
sirukathaigal/yaarmeethu_kobithu.md,Combined OCR parts 2,one continuous work,multipart,"Part boundary falls when Pathiriyappan meets the old woman; translated as a single continuous bilingual document."
sirukathaigal/yaarmeethu_kobithu.md,மணி மார்க்,Mani Mark,uncertain_migrant_name,"Likely a nickname or overseas identity; retained conservatively rather than silently interpreting the final word."
sirukathaigal/yaarmeethu_kobithu.md,காரளியாயி / காளியாத்தா,Kaliayi / Mother Kali,name_ocr_variant,"Forms invoke the local goddess in the dictated letter and blessing; transliterated contextually."
sirukathaigal/yaarmeethu_kobithu.md,தோய் நொடியுடன்,நோய் நொடியுடன்,probable,"OCR initial consonant error in description of returning migrants; translated as afflicted by disease."
sirukathaigal/yaarmeethu_kobithu.md,காவ் காவ் / நொப்பும் நொரையும்,animal cry / froth and foam,probable,"OCR/print wording is unusual but narrative meaning is clear; English remains conservative."
sirukathaigal/yogapiyasam_1.md,பயோகாப்யாசம் / மயோகாப்யாசம் / யோகாப்யாசம்,யோகாப்யாசம்,verified_from_repetition,"Opening and late occurrences contain extra OCR consonants; clear film quotation and repeated closing refrain establish the title. Tamil source retained."
sirukathaigal/yogapiyasam_1.md,யோ£ஸ்வரர் / யோ$%ஸ்வரர் / யோகீஸ்வரர்,Yogeswarar,name_title_ocr,"OCR symbols replace Tamil characters repeatedly; English normalized from clear occurrences."
sirukathaigal/yogapiyasam_1.md,காளிபோதா / காளி போத,Kalibodha,place_name_variant,"Refers to the same monastery near Cuttack; transliterated consistently."
sirukathaigal/yogapiyasam_1.md,பகல பாபா / பகலபாபா,Pagala Baba,name_variant,"Spacing normalized in English; historical factual claims remain attributed to the source narrative."
sirukathaigal/yogapiyasam_1.md,"Image 12 opening lines","unrecoverable testimony fragment",source_damage,"Several lines are character-level OCR noise; translation explicitly marks the loss and resumes at the legible abducted woman's statement."
sirukathaigal/yogapiyasam_1.md,சகானனஜீனா,Sakananajina,uncertain_name,"Government officer's name is heavily OCR-damaged; transliterated conservatively and flagged in translation."
sirukathaigal/yogapiyasam_1.md,ஜூலை 1718,July 17-18,probable_date_range,"Likely missing punctuation between consecutive dates; no year is supplied in the immediate OCR text."
sirukathaigal/puthiya_nayanar.md,வரிக்கழதை / ஒுரிக்கமுதை / வரிக்கழுதை,வரிக்கழுதை,probable,"The recurring satirical title is damaged differently across images; later clear occurrences establish Varikkazhuthai Nayanar (Striped-Donkey Nayanar). Source retained verbatim."
sirukathaigal/puthiya_nayanar.md,அநாமதேய பஸ் சர்வீஸ்,Anonymous Bus Service,deliberate_generic_name,"The apparently generic company name is repeated and functions satirically; translated literally rather than treated as missing OCR text."
sirukathaigal/puthiya_nayanar.md,"Image 4 opening passage","Gopalu recalls losing his lawsuit at the supposedly auspicious hour",source_damage,"Several initial characters and words are clipped at the left edge; the English follows the recoverable surrounding syntax without reconstructing every lost word."
sirukathaigal/puthiya_nayanar.md,"என் தங்கை, தாயாகி விட்டாள்!",My sister had become pregnant,contextual_reading,"The literal wording is 'had become a mother'; the following plan to name Maruthappan as father before the wedding establishes a claimed pregnancy. The Tamil source remains unchanged."
sirukathaigal/puthiya_nayanar.md,"final image clipped lines",Kannappar continued wrestling with death,source_damage,"The subject's name is lost at the left edge, but the preceding and closing context clearly identifies the coughing patient as Kannappar."
katturaigal/aanalum.md,அ_ற்பத்தி,உற்பத்தி,confirmed_from_scan,"The first character was split by OCR; the scan clearly reads 'production'. Source retained verbatim."
katturaigal/aanalum.md,"உணவுப் பொருள் நிலைமை மகிழ்ச்சி தரும் வகையிலே அமைந்து விட்டிருக்கிறது",same as OCR,confirmed_surprising_source,"The positive wording is surprising after 'and yet,' but direct scan inspection confirms it; it was not silently negated in translation."
katturaigal/aanalum.md,"Image 5 OCR text",மாற்றுக் கட்சியிலேயும் தங்கள் சுட்டிக் காட்டுகின்ற கட்சிகளுக்குப் பதில் தரட்டும்...,source_ocr_damage,"Several words are malformed in OCR. The English follows the clear scan: rulers should answer opposition objections and show where those arguments are hollow or wrong."
katturaigal/aanalum.md,"நமது மாநிலத்திலே அமைச்சர்கள், 'எதில்தேவை ' என்று சொல்லாமலேயே...",uncertain final phrase,source_print_or_ocr_uncertainty,"The final quoted expression is difficult to resolve even from the scan. Translation stays close to the recoverable wording and does not infer an unstated political reference."
katturaigal/ahimsavilasam.md,"தலைமறைவாய் இருப்போர், தங்கள் வசம் ரன புபரன்க்ப் ஆத்திரத்தால்",தலைமறைவாய் இருப்போர் தங்கள் வசம் அகப்படவில்லையென்ற ஆத்திரத்தால்,confirmed_from_scan,"Direct inspection resolves the character-level OCR corruption: police acted in anger because underground leaders had not fallen into their hands. Source retained verbatim."
katturaigal/ahimsavilasam.md,த்ரியூனில்குக் கட்சித் தோழர்களால்,கம்யூனிஸ்டுக் கட்சித் தோழர்களால்,confirmed_from_scan,"The scan clearly identifies Communist Party comrades as those who stirred the agrarian upheaval."
katturaigal/ahimsavilasam.md,முக்யஸ்தர்கள்,முக்கியஸ்தர்கள்,probable,"Common OCR loss of vowel marks in 'leading figures'; normalized only in English meaning."
katturaigal/ahimsavilasam.md,"பொச்க்கினர்",நசுக்கினர் / பொசுக்கினர்,uncertain_verb,"The scan and OCR are unclear between closely related verbs meaning crushed or destroyed; translated conservatively as 'crushed us'."
katturaigal/alagarsamy_kudumba.md,துஞ்சையில்,தஞ்சையில்,confirmed_from_scan,"The report is set in Thanjavur; direct scan inspection confirms the place name."
katturaigal/alagarsamy_kudumba.md,என்.எஸ். இருஷ்ணன்,என்.எஸ். கிருஷ்ணன்,confirmed_from_scan,"OCR dropped the initial consonant in N. S. Krishnan's surname."
katturaigal/alagarsamy_kudumba.md,தேர்தல் பேரொளி,தேவலோகப் பேரொளி,confirmed_from_scan,"The scan reads 'celestial splendour'; OCR turned it into the contextually incongruous 'election brilliance'."
katturaigal/alagarsamy_kudumba.md,கஇந்தனார் / கிந்தனார்,கிந்தனார்,confirmed_from_scan,"The programme title is N. S. Krishnan's well-known Kindanar story performance; malformed first occurrence normalized only in English."
katturaigal/alagarsamy_kudumba.md,58.49,5.8.49,confirmed_from_scan,"The publication date at the foot of the page contains punctuation lost by OCR; rendered as 5 August 1949."
katturaigal/alladugirar.md,அால்லாடூகிறாம்,அல்லாடுகிறார்,confirmed_by_context,"The heading is badly distorted; the closing sentence and repeated pun on Alladi's name establish the title."
katturaigal/alladugirar.md,இந்துலா,இந்து லா / Hindu Law,probable,"The phrase describes elementary joint-family partition law known to the Advocate-General; English legal term recovered from context."
katturaigal/alladugirar.md,முல்லிமும்,முஸ்லிமும்,probable,"Common character substitution in the question whether Muslims and Dravidians are co-owners of India."
katturaigal/alladugirar.md,"ஆச்சாரியார்டோல",ஆச்சாரியார்போல,probable,"OCR fused and substituted characters in the comparison with Achariyar; translated as 'unlike Achariyar' from the negative construction that follows."
katturaigal/alladugirar.md,"மன்றமேறினால்... மழுப்பவில்லை...",மன்றமேறினால் மற்றக் கட்சியாரின் வாதங்களை மறுக்க மழுப்பலை ஆயுதமாகக் கொள்வது அழகல்ல,contextual_recovery,"Page break and OCR corruption obscure the syntax; translation follows the recoverable warning against using evasion instead of rebuttal."
katturaigal/aathiramum.md,இராவிடச் சமுதாயம்,திராவிடச் சமுதாயம்,probable,"OCR dropped the initial consonant in the opening reference to Dravidian society."
katturaigal/aathiramum.md,சந்தே௫க்கறார்,சந்தேகிக்கிறார்,probable,"Character substitutions in the statement that the Kazhagam leader might suspect the author."
katturaigal/aathiramum.md,இருணமப்பிரச்னை,திருமணப் பிரச்சினை,confirmed_by_historical_context,"The article concerns the crisis produced by Periyar's marriage; OCR severely damaged the compound."
katturaigal/aathiramum.md,இங்கர்சாலை,இங்கர்சாலை / Ingersoll,probable_name,"Refers to rationalist Robert Ingersoll in contrast with Manikkavasagar and Saivite preaching."
katturaigal/aathiramum.md,கூட்டாட்ட,கூட்டாட்சி,probable,"The proposed consultations with Andhra, Kerala and Karnataka leaders concern a Dravidian federation."
katturaigal/aathiramum.md,பேரக்கு,போக்கு,probable,"Malformed repetition of the phrase 'this course' in the sword-and-banana analogy."
katturaigal/aathiramum.md,"4.9 3",unresolved footer mark,uncertain_date_or_page_mark,"The isolated footer is not confidently readable as a date and is therefore not represented as publication metadata."
katturaigal/aen_azhamattar.md,சவ சொத்தை,சிவ சொத்தை,probable,"OCR dropped the vowel mark in the plea that the infant had not eaten Siva's property."
katturaigal/aen_azhamattar.md,சேக்இிழார்,சேக்கிழார்,probable,"Character segmentation error in the name of the Periyapuranam's author."
katturaigal/aen_azhamattar.md,கழற்கிங்கமன்னன்,கழற்சிங்க மன்னன்,probable,"The Nayanar king's name is fused and one consonant is misrecognized; normalized in English as Kazharsingar."
katturaigal/aen_azhamattar.md,"எமது நண்பர் 14. பாலசுப்ரமணியம் 8.41.",எமது நண்பர் K.M. பாலசுப்ரமணியம் B.A.; B.L.,confirmed_from_scan,"Direct scan inspection restores the Latin initials and both law degrees, which OCR converted to numerals."
katturaigal/aen_azhamattar.md,சக்கி ௮ழும்படி,சிக்கி அழும்படி,confirmed_from_scan,"The closing phrase says his intelligence was caught in the puranic whirlpool and made to weep."
katturaigal/abethavetham.md,காபேதவாதமும்,அபேதவாதமும்,probable,"Extraneous initial character in the printed title; the term recurs clearly throughout the article."
katturaigal/abethavetham.md,லெளக்க பிராமணர்கள்,லெளகீக பிராமணர்கள்,probable,"The secular-versus-orthodox Brahmin distinction is stated clearly in the preceding lines."
katturaigal/abethavetham.md,அறிவைங் பெருக்கவேண்டும்,அறிவைப் பெருக்கவேண்டும்,probable,"OCR substituted the case-ending consonant in the chaturvarna prescription."
katturaigal/abethavetham.md,"ஒரு விடுப்பார் மீற்றொரு வகுப்பார்",ஒரு வகுப்பார் மற்றொரு வகுப்பார்,probable,"Severe character substitutions in the question whether one class oppresses another."
katturaigal/abethavetham.md,பெர்டினண்டு ராஸேல்,Ferdinand Lassalle,confirmed_historical_name,"The described associate of Karl Marx is Ferdinand Lassalle; the Tamil OCR misread the surname."
katturaigal/abethavetham.md,"சதுர்வர்ணீயத்துக்குச் சாவுமணி உ",சதுர்வர்ணீயத்துக்குச் சாவுமணி,heading_trailing_noise,"The isolated final character is OCR noise after the section heading."
katturaigal/adakkumurai_att.md,௮ட்டவணை,அட்டவணை,probable,"OCR substituted a numeral-like Tamil character in the title 'Schedule of Repression'."
katturaigal/adakkumurai_att.md,பாராளும்முறையில்,பாராளுமன்ற முறையில்,probable,"The sentence says rulers trained in fascism entered the parliamentary system."
katturaigal/adakkumurai_att.md,லன்ன்கள் தொண்டன்,மகாத்மா தொண்டன்,confirmed_from_scan,"Direct inspection of the ban list restores the play title 'Devotee of the Mahatma'."
katturaigal/adakkumurai_att.md,"கழக வெளியீடுகள் - பள்ளி நூல் நிலையங்களில்",கழக வெளியீடுகள் - பள்ளி நூல் நிலையங்களில் - தடை,confirmed_from_scan,"The ban marker wrapped to the next line and disappeared from the OCR list structure."
katturaigal/adakkumurai_att.md,"கருத்துக்கள் டட வேறு உருவங்களில் வரத்தான் ட்",கருத்துக்கள் வேறு வேறு உருவங்களில் வரத்தான் செய்யும்,confirmed_from_scan,"The final scan clearly completes the claim that suppressed ideas return in different forms."
katturaigal/adakkumurai_att.md,"திராவிட நாடு - 31749",திராவிட நாடு - 31.7.49,confirmed_from_scan,"Punctuation was lost in the publication date; restored as 31 July 1949."
katturaigal/4-5-7-10.md,4-5-7-101,4-5-7-10!,probable,"The final OCR digit represents the title's exclamation mark; the numerical sequence is intentional."
katturaigal/4-5-7-10.md,ற எழுவர்,சீறி எழுவர்,contextual_recovery,"The opening words are clipped; the following threats and anger support 'leap up in fury'."
katturaigal/4-5-7-10.md,ஆரிய கலாபி விருத்திச் சங்கம்,ஆரிய கலாபிவிருத்திச் சங்கம்,probable,"Line break split the compound name for an Aryan arts-development association."
katturaigal/4-5-7-10.md,பாப்கின்றனர்,பாய்கின்றனர்,probable,"OCR substitution in the sentence saying opponents rage against the rationalist movement."
katturaigal/4-5-7-10.md,இத்தெசேனைதாலி,இந்திரசேனைதான்,probable,"Severe character corruption in the identification 'That Indrasena is Draupadi'."
katturaigal/4-5-7-10.md,அரன் அ௮ருவிய ஐவர்,அரன் அருளிய ஐவர்,probable,"OCR damage in the identification of the five men granted by Hara."
katturaigal/aachariyarin_aarudam.md,சீர்திருத்தப் பிரஃரரம்,சீர்திருத்தப் பிரசாரம்,probable,"Character corruption in the repeated phrase 'reform propaganda'."
katturaigal/aachariyarin_aarudam.md,ஓவதிகக் கருமம்,வைதிகக் கருமம்,probable,"The quoted comparison contrasts Vedic and worldly rites."
katturaigal/aachariyarin_aarudam.md,குதீதிரன் / குத்திரன்,சூத்திரன்,confirmed_by_repetition,"The caste term Shudra is repeatedly distorted in the OCR of Manu's rules; English consistently uses Shudra."
katturaigal/aachariyarin_aarudam.md,"பழுக்கக் கா:ப்ச்சிய இரும்பு",பழுக்கக் காய்ச்சிய இரும்பு,probable,"Punctuation and character noise in the red-hot iron punishment."
katturaigal/aachariyarin_aarudam.md,"வெட்டி எறிந்து வி... வேண்டும்",வெட்டி எறிந்து விட வேண்டும்,source_damage,"A short internal fragment is illegible but the repeated legal formula clearly supplies the missing verb."
katturaigal/aachariyarin_aarudam.md,மா2வமேனன்,மாதவமேனன்,probable,"OCR substituted a numeral in Education Minister Madhava Menon's name."
katturaigal/aal_thaedu.md,முருக்கமரம்,முருங்கை மரம்,probable,"The familiar proverb is 'the phantom climbed the drumstick tree again'; OCR altered the tree name."
katturaigal/aal_thaedu.md,அரசயில் ஆரூடம்,அரசியல் ஆரூடம்,probable,"Dropped vowel mark in 'political prediction'."
katturaigal/aal_thaedu.md,ஞாயிறு நோக்கி,Sunday Observer readership,contextual_reading,"The phrase follows references to the Sunday Observer editor and introduces his four published claims; rendered by publication context."
katturaigal/aal_thaedu.md,ந்ண்பர் பி.பா.,நண்பர் பி.பா.,probable,"OCR corruption in initials retained conservatively as P. P. because the scan does not expand the name."
katturaigal/aal_thaedu.md,"70.9.44 திராவிட நாடு",10.9.44 திராவிட நாடு,confirmed_from_scan,"Direct scan inspection restores the publication date as 10 September 1944."
katturaigal/aasai_vetkam.md,செல்வச் சிற்றாறுகளை,செல்வச் சிற்றரசுகளை,confirmed_from_scan,"The scan reads 'wealthy petty kingdoms', fitting Napoleon's campaign imagery; OCR misread 'arasu' as 'aaru'."
katturaigal/aasai_vetkam.md,பதினேழாம் நூற்றாண்டை,பத்தொன்பதாம் நூற்றாண்டை,confirmed_from_scan,"Direct scan inspection restores the historically correct nineteenth century."
katturaigal/aasai_vetkam.md,வீணாகானம்,வீணா கானம்,probable,"The leaders' freedom calls were valued like music of the veena, not described as useless song."
katturaigal/aasai_vetkam.md,ஆறவுன்சு,ஆறு அவுன்சு,probable,"Refers to a six-ounce ration allowance in the list of government explanations."
katturaigal/aasai_vetkam.md,"நடன ராணிகளின் ழாக்கள்",நடன ராணிகளின் விழாக்கள்,contextual_recovery,"Left-edge OCR loss in the allegation that a minister attends celebrations of dancing queens."
katturaigal/aasai_vetkam.md,"திராவிட நாடு - 16,9.51",திராவிட நாடு - 16.9.51,confirmed_by_format,"Comma substituted for punctuation in the publication date."
katturaigal/aen_intha_acham.md,"த போன்ற மனிதன் மிருகத்திலு.௦ம் கேவலமாக",சக மனிதன் மிருகத்திலும் கேவலமாக,contextual_recovery,"OCR damages the phrase describing a fellow human being treated worse than an animal."
katturaigal/aen_intha_acham.md,"நீக்கப்ட போரிடவேண்டுமென்று",நீக்கப் போரிட வேண்டுமென்று,probable,"Dropped consonant and spacing in the call to fight to remove the harms of foreign rule."
katturaigal/aen_intha_acham.md,"குறிக்கோள் கஇிடையாகி",குறிக்கோள் கிடையாகி,uncertain,"The source accusation is visibly damaged; translated conservatively as abandoning the objective from surrounding syntax."
katturaigal/aen_intha_acham.md,"17-7-29-இல்",17-7-49-இல்,contextual_recovery,"The article is dated January 1949 and discusses the post-independence AICC circular; the OCR year 29 is chronologically impossible and is rendered as 1949."
katturaigal/aen_intha_acham.md,"Image 6: 006-0d7e578e29.png",duplicate of preceding scan page,confirmed_from_source,"Image 6 repeats most of Image 5 verbatim; the canonical Tamil is retained but the English passage is rendered once."
katturaigal/aen_intha_acham.md,"பட்டாபியின் அறிக்கை குற்றம் / சிவில் அல்லது கிரிமினல்",quotation transition damaged,unrecoverable,"OCR loses the predicate and quotation boundary between the report's accusation and its instruction; no missing wording was invented."
katturaigal/aen_intha_acham.md,"நினைஷூட்டி / இறமைவாய்ந்தவர்கள் / இரையால் மறைத்துப் பேசுஇதார்",நினைவூட்டி / திறமைவாய்ந்தவர்கள் / திரையால் மறைத்துப் பேசுகிறார்,probable,"Several glyph substitutions in the final page are clear from grammar and context."
katturaigal/aaduraattey.md,39ஆடூராட்டே! ஆனால் இங்கு!,ஆடு ராட்டே! ஆனால் இங்கு!,contextual_recovery,"Item/page number fused with the title and spacing lost; the opening refrain confirms the restored wording."
katturaigal/aaduraattey.md,ஒருவெளிநாட்டு_ன்,ஒரு வெளிநாட்டு நிறுவனத்துடன்,contextual_recovery,"A noun and case ending are lost in OCR; the following sentence identifies the American-owned company."
katturaigal/aaduraattey.md,ரோட்ஸ் தீவு,ரோட் ஐலண்ட்,probable,"Historical/geographical rendering of Rhode Island in the machinery contract."
katturaigal/aamai_vaegam.md,"1, ஆமை ேேகம்!",ஆமை வேகம்!,confirmed_by_context,"Item number removed and the missing initial consonant in வேகம் restored from the repeated phrase ஆமை வேகத்திலே."
katturaigal/aamai_vaegam.md,"திராவிட நாடு - 12-12-49",body says 1948 is ending,source_conflict,"Publication date and internal chronology conflict; both source readings are retained and the discrepancy is noted."
katturaigal/aaruthal_kooru.md,"paragraphs after தோழர் அண்ணாமலை அவர்களின் repeated",duplicate OCR tail,confirmed_from_source,"The latter portion of the single scan is duplicated in the organized text; canonical Tamil remains verbatim and English renders it once."
katturaigal/nangu_naatkal.md,"கனவோ நினைவோ என ஐயுற்த்தக்க",கனவோ நினைவோ என ஐயுறத்தக்க,probable,"Extraneous consonant in the phrase 'enough to make one wonder whether dream or memory'."
katturaigal/nangu_naatkal.md,"22-12-௮]",22 December [year illegible],unrecoverable,"The publication year is not reliably legible in OCR and is explicitly left unresolved in English."
katturaigal/meenambur.md,"சுமார் வயு பேர்",சுமார் இருபது பேர்,confirmed_from_scan,"Direct inspection of Image 1 clearly reads that about twenty people were injured."
katturaigal/meenambur.md,"காங்கிரஸ் சர்க்காரில் துப்பாக்கிப் பிரயோகங்கள் சர்வசாதாரண நிகழ்ச்சிகள் தானளென்றாலும்",காங்கிரஸ் சர்க்காரில் துப்பாக்கிப் பிரயோகங்கள் சர்வசாதாரண நிகழ்ச்சிகள்தானென்றாலும்,confirmed_from_scan,"Word boundary and vowel corruption corrected from the printed line."
katturaigal/meenambur.md,"அதனால் கலாம் விளைந்ததாக",அதனால் கலகம் விளைந்ததாக,probable,"Context and grammar identify the disturbance said to follow the villagers' resistance."
katturaigal/meenambur.md,"வலியுறுத்தி / இதையே",வலியுறுத்தியிருக்கின்றனர் / இதையே,confirmed_from_scan,"OCR dropped the end of the first sentence on Image 3; direct inspection restores it."
katturaigal/meenambur.md,"திராவிட நாடு - 9-9-50",திராவிட நாடு - 9-9-51,confirmed_from_scan,"The final scan line clearly prints 9-9-51."
katturaigal/paanjalasabai.md,"பாஞ்சாலக்ஜ கொடுமை",பாஞ்சாலக் கொடுமை,probable,"Extraneous OCR glyph in the reference to the Punjab atrocity."
katturaigal/paanjalasabai.md,"சர்தார் ஷெயத் ஹயத்கான்",சர்தார் ஷௌகத் ஹயத்கான்,contextual_recovery,"Historical context identifies Sir Sikandar Hayat Khan's son and Punjab minister as Shaukat Hayat Khan."
katturaigal/paanjalasabai.md,"ஏன் வதிகிறக்கனைல",ஏன் வாய் திறக்கவில்லை,contextual_recovery,"The damaged phrase completes the rhetorical question asking why anti-imperialist nationalist heroes remain silent."
katturaigal/paanjalasabai.md,"பாகிஸ்தான் எனும் பிறப்புரிமைக்காகப் பாடுபடும் ல்குக்குத் தவிர",பாகிஸ்தான் எனும் பிறப்புரிமைக்காகப் பாடுபடும் லீகுக்குத் தவிர,contextual_recovery,"OCR drops the vowel signs in League; the surrounding discussion and syntax are unambiguous."
katturaigal/paanjalasabai.md,"நேர்த்தியே நேர்த்தி / £ீர்த்தியே உர்த்தி",நேர்த்தியே நேர்த்தி / கீர்த்தியே கீர்த்தி,probable,"Glyph substitutions in the sarcastic recollection of praise for the coalition ministry."
katturaigal/vetkama.md,"(௦ஹாநஇக் கரையை",மகாநதிக் கரையை,contextual_recovery,"The Odisha industrial project is described as near the bank of the Mahanadi; OCR corrupts the initial letters."
katturaigal/vetkama.md,"இயற்கைச் சக்தி",இயற்கை வளம்,semantic_rendering,"The period usage literally says natural power; English renders the deposits and resources contextually as natural wealth/resources."
katturaigal/vetkama.md,"இருப்பது ரப் முறையா",இருப்பது நியாய முறையா,contextual_recovery,"Damaged phrase in the rhetorical question asking whether Madras is being treated justly."
katturaigal/vetkama.md,"புதிய தொழிற்சாலைகள் துவக்குவது வட நாட்டு தொல் மூட்டும் அவர்களின் போட்டியை",phrase partially illegible,unrecoverable,"The sentence clearly asks whether fear of northern industrial competition prevents new Madras factories; the precise damaged noun is not invented."
katturaigal/vetkama.md,"திறவாத காரணம் என்ன",திறவாத காரணம் என்ன?,probable,"Punctuation restored in the question asking why the authorities will not open their mouths."
katturaigal/arappor_thodangi.md,"22. அறப்போர் தொடங்கிவிட்டது]",அறப்போர் தொடங்கிவிட்டது!,confirmed_by_format,"Item number removed and closing bracket interpreted as title punctuation."
katturaigal/arappor_thodangi.md,"முதல் சார்வாதிகாரி",முதல் சர்வாதிகாரி,probable,"Period movement terminology for the designated campaign commander; vowel OCR corrected."
katturaigal/arappor_thodangi.md,"ஆயலூர் முத்தட்யா முதலிதெரு",அயலூர் முத்தையா முதலியார் தெரு,probable,"Street name normalized conservatively from OCR spelling."
katturaigal/arappor_thodangi.md,"ஜூ ஷ வே 4",page noise,unrecoverable,"Stray glyph line follows the complete numbered list of ten picketers and is not translated as a person."
katturaigal/arappor_thodangi.md,"டாகீடர் தருமாம்பாளம் மையார் / ளரவலம் / மாலை குட்டி",டாக்டர் தருமாம்பாள் அம்மையார் / ஊர்வலம் / மாலை சூட்டி,probable,"Clear glyph errors in the paragraph describing Dr Dharmambal inaugurating the procession."
katturaigal/panditharukku_vaendu.md,"24. பண்டிதருக்கு வேண்டுகோள்/",பண்டிதருக்கு வேண்டுகோள்,confirmed_by_format,"Catalogue number and stray slash removed from the printed title in English presentation."
katturaigal/panditharukku_vaendu.md,"broken list numbers across Images 1-4",continuous entries 1-35,confirmed_from_scan,"Direct scan inspection establishes a single sequential list of thirty-five signatories."
katturaigal/panditharukku_vaendu.md,"எஸ்.பி. ஆதித்தன் / இனத்தந்தி",எஸ்.பி. ஆதித்தன் / தினத்தந்தி,confirmed_from_scan,"The scan and known newspaper masthead restore Dina Thanthi."
katturaigal/panditharukku_vaendu.md,"திருமதி எல்.ஏ. பிதாவதியன் / ஓய்.டபிள்யூ.சி.எ.",திருமதி எல்.ஏ. பிதாவதியன் / ஒய்.டபிள்யூ.சி.ஏ.,confirmed_from_scan,"Association abbreviation restored from the printed final page."
katturaigal/panditharukku_vaendu.md,"செய்தி - 8-11-27",செய்தி - 3-11-57,confirmed_from_scan,"The printed final line clearly reads 3-11-57."
katturaigal/manavar_thanthai.md,"47. மாணவர் தந்த மறைந்தார்!",மாணவர் தந்தை மறைந்தார்!,contextual_recovery,"The closing paragraph calls Ramasami the student world's father of thought, confirming the missing title vowel."
katturaigal/manavar_thanthai.md,"கடைசி டால சந்தித்து",கடைசி நாள் சந்தித்து,probable,"Glyph corruption in the sentence describing all events meeting their final day."
katturaigal/manavar_thanthai.md,"அவர் மறைந்தார் என்ற ண்ட தகடு",அவர் மறைந்தார் என்ற செய்தியைத்தான்,contextual_recovery,"The newspaper sentence is materially damaged; its syntax and following spear-in-wound simile establish the recovered sense."
katturaigal/manavar_thanthai.md,"இத்மசாமி அவர்கள்",இராமசாமி அவர்கள்,probable,"Name corrupted at the attribution of credit for developing Salem College."
katturaigal/manavar_thanthai.md,"நினைக்க மூடியவில்லை",நினைக்க முடியவில்லை,probable,"Common OCR transposition in the final-page expression of disbelief."
katturaigal/namathu_paathai.md,"அஆனால்",ஆனால்,confirmed_by_context,"Duplicated initial vowel in the repeated rhetorical keyword 'but'."
katturaigal/namathu_paathai.md,"புன்றில்லாவிட்டால் நாளை - நாளையில்லாவிட்டால் மற்றோர் நாள்",இன்றில்லாவிட்டால் நாளை - நாளையில்லாவிட்டால் மற்றோர் நாள்,contextual_recovery,"The parallel sequence clearly reads 'if not today, tomorrow; if not tomorrow, another day'."
katturaigal/namathu_paathai.md,"காங்கிரசில / சேர்ந்துவிட்டார்கள்",காங்கிரசில் சேர்ந்துவிட்டார்கள்,probable,"Line-break OCR drops the final consonant ending."
katturaigal/namathu_paathai.md,"திராவிட நாடு திராவிடருக்காக்கும் பணியில்",திராவிட நாடு திராவிடருக்கே ஆக்கும் பணியில்,contextual_recovery,"Word boundary collapsed in the concluding statement of the movement's objective."
katturaigal/vazhvu_oru.md,"63. வாழ்வு ஒரு திருநாள் ஆகும் / நாள் எந்நாள்?",வாழ்வு ஒரு திருநாள் ஆகும் நாள் எந்நாள்?,confirmed_from_scan,"Catalogue number removed and the two printed title lines joined."
katturaigal/vazhvu_oru.md,"பாம்பு எது பழுதை எது",பாம்பு எது பழுதை எது,confirmed_from_scan,"The scan clearly uses the classical snake-versus-rope contrast; no modernization is made in the Tamil source."
katturaigal/vazhvu_oru.md,"மனநிறைவு / மனைநிறைவு",மனநிறைவு,probable,"Context asks whether one can feel mental contentment from forgetting hardship for one festival day."
katturaigal/vazhvu_oru.md,"மடப் நாளன்று",விழா நாளன்று,contextual_recovery,"The paragraph repeatedly states what resolve should be acquired on the festival day."
katturaigal/vazhvu_oru.md,"அணவ அரசு",ஆணவ அரசு,probable,"Missing long vowel in the description of an arrogant government."
katturaigal/vazhvu_oru.md,"தூய்மை செம்மைப்பட / Image 5",தூய்மை செம்மைப்பட வேண்டும்.,confirmed_from_scan,"Direct inspection shows 'வேண்டும்' at the bottom of Image 4; there is no missing inter-page passage."
katturaigal/ninaivu_nilai.md,"என் ம்கனுக்கு",என் மகனுக்கு,probable,"Dropped vowel in the mother's complaint that her son has grown thin."
katturaigal/ninaivu_nilai.md,"பேப்பர்லே இண்ணக்கி",பேப்பர்லே இன்னைக்கு,confirmed_from_context,"Colloquial form asking what party news appeared in today's paper."
katturaigal/ninaivu_nilai.md,"இயக்கத்தில் ஈடுப்ட்டுள்ளவர்களின்",இயக்கத்தில் ஈடுபட்டுள்ளவர்களின்,probable,"Dropped vowel sign in the description of movement workers' households."
katturaigal/ninaivu_nilai.md,"தீர்மானித்துவிட்ட். நிலையில்",தீர்மானித்துவிட்ட நிலையில்,probable,"Stray punctuation and consonant at a line ending."
katturaigal/ninaivu_nilai.md,"தம்மை எஈடுபடுத்திக்கொண்டு",தம்மை ஈடுபடுத்திக்கொண்டு,probable,"Duplicated initial vowel in the grandchildren's public involvement."
katturaigal/ninaivu_nilai.md,"அஞ்சுகம் அம்மையாரின் :ுகழினை",அஞ்சுகம் அம்மையாரின் புகழினை,contextual_recovery,"Lost initial consonant in the phrase about making her fame shine."
katturaigal/ninaivu_nilai.md,"(02:04:52",page-bleed OCR noise,confirmed_from_scan,"Direct inspection shows only a decorative divider below the 3.2.63 attribution; no second date is printed."
katturaigal/gangai_karayil.md,"சொல்லுந்தரத்தன்று",சொல்லும் தரத்தன்று,probable,"Word boundary collapsed in the opening statement that the scene is beyond words."
katturaigal/gangai_karayil.md,"பாய்ந்து வந்தத கொலைஞர்கள்",பாய்ந்து வந்த கொலைஞர்கள்,probable,"Extraneous consonant in the garden ambush."
katturaigal/gangai_karayil.md,"ஆரியம் தீட்டிபக் கவிதை",ஆரியம் தீட்டிய கவிதை,probable,"Glyph substitution in the phrase about poetry fashioned by Aryanism."
katturaigal/gangai_karayil.md,"பார்ப்பனிபப் புரட்டு",பார்ப்பனியப் புரட்டு,probable,"Consonant substitution in the phrase Brahminical deception."
katturaigal/gangai_karayil.md,"இருப்ப்தாக",இருப்பதாக,probable,"Stray consonant in the sentence about reduced Sanskrit study."
katturaigal/gangai_karayil.md,"படாதவர்கள்",பார்க்கவோ தொடவோ படாதவர்கள்,semantic_context,"The English expands the immediately preceding coordinated phrase to preserve its meaning about enforced untouchability."
katturaigal/gangai_karayil.md,"(/3./..49",13.1.48,confirmed_from_scan,"The final scan clearly prints 13.1.48 as the Dravida Nadu publication date."
katturaigal/muthal_thaakku.md,"புவித்தரமான பிரம்ம குலத்திலே",புனிதமான பிரம்ம குலத்திலே,contextual_recovery,"The denunciation describes the Brahmin caste as sacred; the opening adjective is OCR-corrupted."
katturaigal/muthal_thaakku.md,"கேவலம் கண்டாளனும்",கேவலம் சண்டாளனும்,contextual_recovery,"Period caste insult restored from syntax and the printed consonant shape."
katturaigal/muthal_thaakku.md,"வேதத்தை ஐயந்தஇிரிபற",வேதத்தை ஐயந்திரிபற,probable,"OCR splits the conventional phrase meaning beyond doubt."
katturaigal/muthal_thaakku.md,"இளம் விதவைகளை வெந்தழலில் தள்வி வேகவைக்காகீர்கள்",இளம் விதவைகளை வெந்தழலில் தள்ளி வேகவைக்காதீர்கள்,contextual_recovery,"Clear consonant and negative-ending corruption in the plea against burning widows."
katturaigal/muthal_thaakku.md,"னாய் வெறுக்கவில்லை",மதத்தை வெறுக்கவில்லை,contextual_recovery,"The paired clause reads 'I do not deny God; I do not despise religion'."
katturaigal/muthal_thaakku.md,"அவர் அஞ்சிவாரில்லை",அவர் அஞ்சிவிடவில்லை,probable,"Verb corruption in the statement that he did not fear after being driven from his family."
katturaigal/muthal_thaakku.md,"நாத்தீகன் / நாத்தகர்",நாத்திகன்,probable,"Variant OCR forms normalized in English as the accusation atheist."
katturaigal/ethanum_pithanum.md,"மாடி விடுகள்",மாடி வீடுகள்,probable,"Missing long vowel in the offered two-storeyed houses."
katturaigal/ethanum_pithanum.md,"எத்தனையோ ஏகர்கள்",எத்தனையோ ஏக்கர்கள்,probable,"English-derived land measure loses a consonant in OCR."
katturaigal/ethanum_pithanum.md,"பவதிபிட்சாந்தேகி",பவதி பிக்ஷாம் தேஹி,contextual_recovery,"Sanskrit begging formula used satirically for provinces reduced to petitioners."
katturaigal/ethanum_pithanum.md,"மகாண சர்க்கார்கள்",மாகாண சர்க்கார்கள்,probable,"Dropped long vowel in provincial governments."
katturaigal/ethanum_pithanum.md,"இலட்சியபுரி பபணத்தை",இலட்சியபுரிப் பயணத்தை,contextual_recovery,"Duplicated consonant and lost vowel in the journey toward the ideal city."
katturaigal/ethanum_pithanum.md,"துபரம் போகும்",துயரம் போகும்,probable,"Glyph substitution in the promise that sorrow will depart."
katturaigal/ethanum_pithanum.md,"கோரந்தானளே",கோரம்தானே,probable,"Corrupted closing rhetorical phrase meaning 'is it not horrible?'."
katturaigal/viduthalaiyanar.md,"2/. விடுதலையானார்!",விடுதலையானார்!,confirmed_by_format,"Catalogue number and stray slash removed from the title presentation."
katturaigal/viduthalaiyanar.md,"சிறைக்கனுப்புவதன்",சிறைக்கு அனுப்புவதன்,probable,"Word boundary restored in the rulers' attempt to defeat Periyar's principles by imprisonment."
katturaigal/viduthalaiyanar.md,"சாதி ஓழிப்புப் பிரச்சனை",சாதி ஒழிப்புப் பிரச்சனை,probable,"Incorrect vowel sign in caste abolition."
katturaigal/viduthalaiyanar.md,"இம்மா தல்",இம்மாறுதல்,contextual_recovery,"Broken word in the hope that this change in Periyar's rhetoric will produce good."
katturaigal/viduthalaiyanar.md,"டில்வி",டில்லி,probable,"Consonant substitution in the statement that Delhi incites repression."
katturaigal/viduthalaiyanar.md,"29-6-28",29-6-58,confirmed_from_scan,"The printed final line clearly reads 29-6-58."
katturaigal/prarthanai.md,"2௮. 1ரார்த்தனை",பிரார்த்தனை,probable,"Numeral-like glyphs corrupt the article number and first consonant; the repeated title word establishes the reading."
katturaigal/prarthanai.md,"தங்கள் கறைகள்",தங்கள் குறைகள்,probable,"The surrounding account of petitions to ministers requires grievances rather than stains."
katturaigal/prarthanai.md,"திராவிட தாடு",திராவிட நாடு,probable,"Common publication title with an OCR consonant substitution."
katturaigal/prarthanai.md,ஜகதீசர்,ஜகதீசர்,unverified_name,"Historical personal reference transliterated conservatively; verify against the scan or contemporary records."
katturaigal/pon_vaathu.md,"எழவகமட அன் ட ல் ன்னை",unrecoverable,unresolved,"Entire line at the end of image 4 is garbled and was not invented in translation."
katturaigal/pon_vaathu.md,1370.4,137.4,probable,"Government revenue comparison and units indicate a misplaced OCR zero; scan verification remains desirable."
katturaigal/pon_vaathu.md,சத்தற்வர்களல்ல,சாகாதவர்களல்ல,probable,"The next clause contrasts passive geese with living revolutionary agents."
katturaigal/pon_vaathu.md,29.51,unknown,unresolved,"Publication date cannot be recovered confidently from OCR alone."
katturaigal/mayana_kaandam.md,"மனம் பண்படும்படியான",மனம் புண்படும்படியான,probable,"The legal accusation and its later repetition clearly concern wounded religious sentiment."
katturaigal/mayana_kaandam.md,"எதிரிகளை விடுதலை",தண்டிக்கப்பட்டவர்களை விடுதலை,probable,"Context concerns remission of the remaining prison sentence; OCR gives the semantically anomalous enemies."
katturaigal/mayana_kaandam.md,"கொளுத்த ப இடமளிக்கிறதா",கொளுத்த இடமளிக்கிறதா,probable,"Stray OCR glyph interrupts the infinitive construction."
katturaigal/antha_annakavadi.md,"அந்த அன் பவனின்",அந்த அன்னக்காவடி,confirmed_from_scan,"Direct inspection of image 1 clearly restores the title."
katturaigal/antha_annakavadi.md,"தள்பு்னைனா ஓயாத: அலைச்சல்)",அன்பு மனைவி! ஓயாத அலைச்சல்!,confirmed_from_scan,"Image 1 clearly shows the sentence despite severe OCR corruption."
katturaigal/antha_annakavadi.md,"பராரிக்கு விடுதலை",uncertain,unresolved,"The damaged phrase concerns publishing a newspaper to secure freedom for an oppressed or dispossessed group; exact wording is not reconstructed."
katturaigal/antha_annakavadi.md,"எனவே உருமாருகிறார்கள்",எனவே உருமாறுகிறார்கள் / உடல் தேய்கிறார்கள்,probable,"OCR damages the contrast between exploiters growing fat and labourers wasting away; English follows the paragraph's secure sense."
katturaigal/thuravi.md,"அ _ழவனாக",உழவனாக,confirmed_from_scan,"Visible letter forms and the father's rural characterization establish farmer."
katturaigal/thuravi.md,"அவளைக் கேள்விகள்",அவனைக் கேள்விகள்,probable,"Pronoun OCR error; the monastery questions the male prospective monk."
katturaigal/thuravi.md,"மமதையாளனிடம்",மமதையாளர்களிடம்,probable,"Context describes people trapped by arrogant religious authorities; number ending is damaged."
katturaigal/thuravi.md,34.1.1956,14.1.1956,confirmed_from_scan,"Direct inspection of image 4 clearly shows 14.1.1956."
katturaigal/hindi_aalai.md,"இந்தி\" யாளை",இந்தியாளை,probable,"Spacing and quotation damage obscure the title's personification of Hindi; the same form recurs later in clear context."
katturaigal/hindi_aalai.md,எரரய்யா,Erraiah,unverified_name,"The correspondent's Telugu name is transliterated conservatively from OCR."
katturaigal/hindi_aalai.md,"அமைச்சர் ஒருவர் இந்தியிலேயே பதில் அளித்தாராம் ... repeated",single occurrence,duplicate_ocr,"Image 2 OCR repeats the minister's Hindi answer and the southern member's confusion; English renders the event once while source remains verbatim."
katturaigal/hindi_aalai.md,"தடகீகவே தெரியாது / இணிக்கு.ம் முயற்சி",நடக்கவே தெரியாது / திணிக்கும் முயற்சி,probable,"Summary list is heavily punctured by OCR; readings are established by the verbatim quotations immediately above it."
katturaigal/vazhvin_latchiyam.md,"வரர டபு இலாபந்தான்",வடநாட்டினருக்கும் இலாபந்தான்,confirmed_from_scan,"Direct inspection of image 2 clearly restores the line."
katturaigal/vazhvin_latchiyam.md,"மண்ணைத் தோண்டினால்தங்கம் - ம௨”_ அ காலுக்கடியிலே பொன்",partially_unrecoverable,unresolved,"Image 3 is physically scarred after the first clause; English retains only the secure claim of gold beneath the land or hills."
katturaigal/vazhvin_latchiyam.md,"லகிரித் தேயிலை",நீலகிரித் தேயிலை,probable,"Initial syllable is lost in OCR; the paired regional products tea coffee and Kodaikanal fruit establish Nilgiris."
katturaigal/burmavai_paarungal.md,பாமா,பர்மா,probable,"Repeated missing consonant marker in the country name; title and context establish Burma."
katturaigal/burmavai_paarungal.md,"தாய் - பா",தீபா / Thibaw,probable,"OCR fragments the name of Burma's deposed king; English uses the historically recognizable form Thibaw."
katturaigal/burmavai_paarungal.md,"பெகு சிறைச்சாலை",unidentified prison,unresolved,"The prison name is not secure in OCR and was omitted from English rather than guessed."
katturaigal/burmavai_paarungal.md,தாக்கின்நூ,Thakin Nu,normalized_name,"Historical name is normalized from the clearly recognizable Tamil transliteration."
katturaigal/burmavai_paarungal.md,"யு டின் டட்",U Tin Tut,normalized_name,"Historical name is normalized from Tamil transliteration."
katturaigal/burmavai_paarungal.md,"பர்மியக் குழப்பம் பர்மியரை நீங்கினோரை மட்டும்",பர்மியர் அல்லாதோரை மட்டும்,probable,"OCR damages the contrast; the next clause says the disorder harms Burmese people too."
katturaigal/pallakku_boomi.md,"99. “பல்லக்கு?” பூமியிலே",“பல்லக்கு” பூமியிலே,probable,"Question mark is an OCR substitution inside the quoted title; the article later defines the Mediterranean as a palanquin of empires."
katturaigal/pallakku_boomi.md,குடான்,சூடான்,probable,"Initial consonant is repeatedly lost in the country name Sudan."
katturaigal/pallakku_boomi.md,கூயஸ்,சூயஸ்,probable,"Initial consonant is damaged in the Suez Canal reference."
katturaigal/pallakku_boomi.md,"அரபு தாடுகள்",அரபு நாடுகள்,probable,"Common consonant substitution in the phrase Arab countries."
katturaigal/pallakku_boomi.md,"இந்தக் கட்டணிக்கு",இந்தக் கூட்டணிக்கு,probable,"OCR vowel and consonant damage in reference to the Mediterranean alliance."
katturaigal/iruthaya_geetham.md,"இந்தத் திங்கள் மூடல் நாளன்று",இந்தத் திங்கள் முதல் நாளன்று,probable,"The conclusion repeats the phrase clearly as the first day of this month."
katturaigal/iruthaya_geetham.md,"மாதிலத்திலே",மாநிலத்திலே,probable,"Consonant substitution in the statement that no one in the province can deny the birthright."
katturaigal/iruthaya_geetham.md,"பெரு நெருப்பிலும்",பெருநெருப்பிலும்,word_join,"Line break and spacing only; translated as great fires."
katturaigal/iruthaya_geetham.md,"பெரிய தில்லா போர்டுகளின்",பெரிய ஜில்லா போர்டுகளின்,probable,"Period administrative term district boards is damaged at the initial consonant."
katturaigal/iruthaya_geetham.md,"அமீர் நாடு",uncertain polity,unresolved,"The source's country list is retained broadly; exact historical referent of Amir's land is not reconstructed."
katturaigal/iruthaya_geetham.md,"கைபர் கணவாய் அருகே ...",partially_unrecoverable,unresolved,"OCR punctuation leaves the geographic relation uncertain; English preserves only the secure invasion courage and deceit contrast."
katturaigal/iruthaya_geetham.md,"மும்முடங்கு",மும்மடங்கு,probable,"Vowel OCR error in the prediction that movement work will increase threefold."
katturaigal/thanga_vayalil.md,"முூக்கால்வாசிப்பேர்",முக்கால்வாசிப்பேர்,probable,"Vowel glyph damage in the statement that three-quarters of the workers were Tamils."
katturaigal/thanga_vayalil.md,"5-இலட்ச ரூபாய்",5 இலட்ச ரூபாய்,probable,"Stray hyphen or glyph in the wage-increase cost figure."
katturaigal/thanga_vayalil.md,"திராவிட தாடி",திராவிட நாடு,probable,"Publication name has a common OCR consonant and vowel substitution."
katturaigal/thanga_vayalil.md,"திராவிட தாடு",திராவிட நாடு,probable,"Publication name in the appended announcement has a consonant substitution."
katturaigal/thanga_vayalil.md,"Image 6",separate appended announcement,source_grouping,"The 1948 health announcement is not part of the 1946 Gold Fields article; both remain in the canonical file and are separately translated."
katturaigal/sirantha_nanbar.md,"சிறந்த நண்மர்",சிறந்த நண்பர்,probable,"Title consonant is damaged; the same phrase recurs clearly near the conclusion."
katturaigal/sirantha_nanbar.md,"(1/016 101 305௦6)",Vote for Justice,confirmed_from_scan,"Direct inspection of image 3 clearly shows the English election slogan."
katturaigal/sirantha_nanbar.md,"வாழ்வு வளைந்தே விட்டது",course of life bent,source_metaphor,"The following sentence extends the bend and straightening metaphor; English preserves it rather than treating it as OCR."
katturaigal/sirantha_nanbar.md,"டாக்டர் ஜான்௪.ன்",டாக்டர் ஜான்சன் / Dr Johnson,probable,"Mixed glyph OCR damage in the printed comparison."
katturaigal/sirantha_nanbar.md,"நாற்பது எட்டாம் வயதில்",நாற்பத்தெட்டாம் வயதில்,word_join,"Number is split by OCR; translated as age forty-eight."
katturaigal/vetrikalippu.md,"பெத்து நாயக்சன் பேட்டை",பெத்து நாயக்கன் பேட்டை,probable,"Consonant OCR error in the recurring Madras place name."
katturaigal/vetrikalippu.md,"தாலமுத்து",தாளமுத்து,probable,"Vowel marker damage in the anti-Hindi martyr's name."
katturaigal/vetrikalippu.md,"தாட்டுமக்களும்",நாட்டுமக்களும்,probable,"Initial consonant substitution in scholars poets and people of the country."
katturaigal/vetrikalippu.md,"ஈலநீழு ட... ண்டனர்",ஈடுபட்டனர்,probable,"Severely damaged line at page transition; grammar and following hardships establish that mothers and comrades participated."
katturaigal/vetrikalippu.md,"மாதை",மாதை / mother,probable,"The pregnant female participant is referred to as a mother; English follows movement rhetoric without supplying a personal name."
katturaigal/vetrikalippu.md,"கிளம்புவோட",கிளம்புவோம்,probable,"Final consonant OCR error in the pledge to set out with tar pot and brush."
katturaigal/koattaikullae.md,"கே.டிராஜு",கே.டி. ராஜு,probable,"Missing initial punctuation in the name repeated clearly later."
katturaigal/koattaikullae.md,"இ / திக / சீத / சீடி",page_noise,layout_noise,"Isolated OCR fragments between sections and page numbers have no recoverable prose content."
katturaigal/koattaikullae.md,"Images 4 and 5",duplicate_page,source_grouping,"Both OCR sections contain the same printed page; Tamil source keeps both and English translates the passage once."
katturaigal/koattaikullae.md,"ஜனசக்தி:",ஜனசக்தி,probable,"Colon is OCR substitution for closing punctuation in the journal title."
katturaigal/koattaikullae.md,"கல்தா கொடுக்க",கட்சியிலிருந்து நீக்க,contextual_recovery,"Colloquial phrase means to dismiss or expel in the resolution's party context."
katturaigal/meendum_kama.md,"2. மீண்டும் காமராசர்[",மீண்டும் காமராசர்!,probable,"Trailing bracket is OCR damage to title punctuation."
katturaigal/meendum_kama.md,"சாலம் மாறியிருக்கிறது",காலம் மாறியிருக்கிறது,probable,"Initial consonant error in the warning that times have changed."
katturaigal/meendum_kama.md,"போஷ்தோற்றவர்களை",போட்டுத் தோற்றவர்களை / தோற்றவர்களை,probable,"OCR merges words in reference to those defeated in the contest being incited into a faction."
katturaigal/meendum_kama.md,"சாமராசர்",காமராசர்,probable,"Initial consonant substitution in the recurring name."
katturaigal/meendum_kama.md,"தீரள்....",அழைத்தாள்,probable,"Damaged continuation of Muthammal invited me in the repeated Velappan speech."
katturaigal/meendum_kama.md,"துஷ்ட நித்ரக சிஷ்ட பரிபாலனம்",துஷ்ட நிக்ரஹ சிஷ்ட பரிபாலனம்,contextual_recovery,"Conventional Sanskrit-derived maxim means punishing the wicked and protecting the virtuous."
katturaigal/meendum_kama.md,"10,9.50",10.9.50,probable,"Comma substitutes for date separator in publication line."
katturaigal/puthuppothanai.md,"௮9, புதுப் போதனை/",புதுப் போதனை!,probable,"Article number and punctuation are OCR-damaged; title words are clear."
katturaigal/puthuppothanai.md,"வடதாட்டினர்",வடநாட்டினர்,probable,"Consonant substitution in recurring northerners."
katturaigal/puthuppothanai.md,"காமராஜர்களும்",காமராசர்களும்,probable,"Name spelling normalized to the source archive's predominant form Kamaraj."
katturaigal/puthuppothanai.md,"எவ்வள) தூரம்",எவ்வளவு தூரம்,probable,"Closing parenthesis glyph substitutes for vowel in how far the position has retreated."
katturaigal/puthuppothanai.md,97.50,9.7.50,confirmed_from_scan,"Direct inspection of image 5 clearly shows 9.7.50."
katturaigal/arisiyiyal.md,"26. அரிகிரடரல்",அரிசியியல்,probable,"Title is heavily damaged but filename and repeated coined term throughout establish the reading."
katturaigal/arisiyiyal.md,"இப்பொழுது 6, 74,829","இப்பொழுது 6,74,829",number_spacing,"OCR spacing within procurement figure; value otherwise retained."
katturaigal/arisiyiyal.md,"கனம் ரோச்விக்டோரியா",கனம் ரோச் விக்டோரியா,probable,"Minister's name is joined in OCR and normalized conservatively as Roche Victoria."
katturaigal/arisiyiyal.md,"பக்கா",unidentified superior official,unresolved,"Name or title above civil-supplies officials is insecure; English retains only the role."
katturaigal/arisiyiyal.md,"அரிசிமியல்",அரிசியியல்,probable,"Consonant OCR substitution in the recurring coined term."
katturaigal/arisiyiyal.md,"அரகியியல் ஆனந்த சுந்தரர்கள்",அரசியல் ஆனந்த சுந்தரர்கள்,probable,"Context contrasts carefree political figures with the growing rice crisis."
katturaigal/arisiyiyal.md,"இலட்சியப் பாஸ்தயிலே",இலட்சியப் பாதையிலே,probable,"OCR inserts consonants into path of our ideal."
katturaigal/arisiyiyal.md,"25,851",25.8.51,probable,"Publication date punctuation is lost and digits are joined; day month year pattern supports 25.8.51."
katturaigal/londanile.md,"(6. இலண்டனிலே இராஜகுமாரி1",இலண்டனிலே இராஜகுமாரி!,probable,"Article number and terminal glyph corrupt title punctuation; title words are clear."
katturaigal/londanile.md,"சபர்த்தலா",கபூர்தலா / Kapurthala,normalized_name,"Royal house name is OCR-damaged but the identifiable source figure Rajkumari Amrit Kaur establishes Kapurthala."
katturaigal/londanile.md,"ராஜகுமாரி ௮மிருதகெளரி",ராஜகுமாரி அமிர்த கௌர் / Rajkumari Amrit Kaur,normalized_name,"Mixed glyph and Tamilized spelling normalized to the identifiable minister's name."
katturaigal/londanile.md,"வி.கே.கே. மேனன்",வி.கே. கிருஷ்ண மேனன் / V.K. Krishna Menon,normalized_name,"Source abbreviation is irregular; surrounding High Commissioner reference identifies Krishna Menon."
katturaigal/londanile.md,"இந்தியாவில் பஞ்சம் ஏற்படவில்ளை:பாம்",இந்தியாவில் பஞ்சம் ஏற்படவில்லையாம்,probable,"Multiple glyph substitutions in reported denial of famine."
katturaigal/londanile.md,"அப்பமீ? யெல்லாம்",அப்படியெல்லாம்,probable,"OCR damage in the High Commissioner's reported dismissal."
katturaigal/londanile.md,"உண்மையைக் கூறுமள£",உண்மையைக் கூறுமளவு,probable,"Currency-like glyph replaces final vowel in decency to tell the truth."
katturaigal/delhi_kuttu.md,"50. “டெல்லி: குட்டுகிறது? / “சென்னை: குனிகிறது!",“டெல்லி” குட்டுகிறது; “சென்னை” குனிகிறது!,probable,"Colon and question-mark glyphs corrupt quotation punctuation in the paired title."
katturaigal/delhi_kuttu.md,"தேவ - ஓலமிம்டார்கள்",தேவை - ஓலமிட்டார்கள்,probable,"Line break and consonant OCR damage across the correction from asked to wailed."
katturaigal/delhi_kuttu.md,"கத்தாழையை",கற்றாழையை,probable,"Consonant OCR error in aloe or cactus eaten during shortage."
katturaigal/delhi_kuttu.md,"சுடீட்சம்",சுபீட்சம்,probable,"OCR consonant substitution in the promised prosperity after self-rule."
katturaigal/delhi_kuttu.md,"தனித்தியங் கினால்தான்",தனித்து இயங்கினால்தான்,word_join,"Line break and joining in only if the South functions separately."
katturaigal/delhi_kuttu.md,"முழுஅரிசிகூட அல்லி",முழு அரிசிகூட அல்ல,probable,"Stray vowel in contrast between broken and whole rice."
katturaigal/delhi_kuttu.md,"தெளிவான மூடிவு",தெளிவான முடிவு,probable,"Vowel OCR error in the call for a clear decision."
katturaigal/satta_maruppum.md,"சாஸ்திர மறுர்யும்",சாஸ்திர மறுப்பும்,probable,"Title consonants and vowel signs are corrupted; the repeated contrast throughout establishes மறுப்பும்."
katturaigal/satta_maruppum.md,"மட்ட ஜாதி",மட்ட ஜாதி / மட்டமான ஜாதி,uncertain,"The scan appears to print மட்ட ஜாதி; translated contextually as inferior caste without altering the source."
katturaigal/satta_maruppum.md,"நிலைமை மாநினால்",நிலைமை மாறினால்,probable,"Consonant OCR substitution in if conditions change."
katturaigal/satta_maruppum.md,"நம் நாட்டுச் சட்ட மன்றம். உ,",நம் நாட்டுச் சட்டமன்றம்.,probable,"Stray OCR glyph follows the sentence ending."
katturaigal/satta_maruppum.md,"குறைவ,",குறைவு,probable,"Final vowel OCR error in diminution of caste honour."
katturaigal/satta_maruppum.md,"நீசண்",நீசன்,probable,"Final consonant OCR error in the denunciatory epithet."
katturaigal/satta_maruppum.md,"சட்ட மறுப்பு கலயம்",சட்ட மறுப்பு சுலபம்,probable,"Severe word-level OCR corruption; the earlier explicit sentence and paired line சாஸ்திர மறுப்பு கஷ்டம் establish சுலபம்."
katturaigal/satta_maruppum.md,"சாஸ்திரம் பார்ப்பனரின் தணி உரிமை",சாஸ்திரம் பார்ப்பனரின் தனி உரிமை,probable,"Vowel OCR substitution in exclusive privilege."
katturaigal/satta_maruppum.md,"தரூவதாகும்",தருவதாகும்,probable,"Stray long-vowel mark in causes harm."
katturaigal/satta_maruppum.md,"கொடுமை செய்கின்றனர் ்",கொடுமை செய்கின்றனர்,probable,"Stray Tamil pulli after sentence."
katturaigal/satta_maruppum.md,"இந்துவையே இழிவுபடுத்துகிறாள்",இந்துவையே இழிவுபடுத்துகிறான்,probable,"Gender-ending OCR substitution; the immediately following verbs are masculine singular."
katturaigal/satta_maruppum.md,"யார் மூன் வருகிறார்கள்?",யார் முன் வருகிறார்கள்?,probable,"Missing final consonant in comes forward."
katturaigal/paranthathu.md,"பறந்தது ஓர் பு.றா!/",பறந்தது ஓர் புறா!,verified_scan,"Title punctuation and internal dot are OCR artifacts; scan is clear."
katturaigal/paranthathu.md,"ப/றாவே/ புறாவே/ புதுதீதிற.ப் பாவே!",புறாவே! புறாவே! புதுத்திறப் பாவே!!,verified_scan,"Recovered directly from the clear first scan line."
katturaigal/paranthathu.md,"சரத் தலைவனைக் காணவோ செல்கிறாய்?",பூசுரத் தலைவனைக் காணவோ செல்கிறாய்?,verified_scan,"OCR drops the opening characters of the Brahmin-leader epithet."
katturaigal/paranthathu.md,"செத்த பாம்.பினை ஆ.ட்டிடு வோரை",செத்த பாம்பினை ஆட்டிடுவோரை,verified_scan,"Internal punctuation and spacing are OCR artifacts."
katturaigal/paranthathu.md,"செல்லறிச்சுவடியைத் தாங்.க நிற்போரைச்",செல்லரிச்சுவடியைத் தாங்கி நிற்போரைச்,verified_scan,"The scan clearly reads the worm-eaten manuscript phrase."
katturaigal/paranthathu.md,"இகழ்தீதிடு.ம்",இகழ்ந்திடும்,verified_scan,"Consonant and punctuation corruption in those who scorn Tamil."
katturaigal/paranthathu.md,"எமககவர் பகைவர்",எமக்கவர் பகைவர்,verified_scan,"Missing consonant mark in they are our enemies."
katturaigal/paranthathu.md,"தஇிற.மிகு திராவிடர் தீயன பு.நியார்",திறமிகு திராவிடர் தீயன புரியார்,verified_scan,"Multiple OCR artifacts in capable Dravidians will not commit evil."
katturaigal/paranthathu.md,"உ.மககுரைசக கின்றேன்",உமக்குரைக்கின்றேன்,verified_scan,"Fragmented OCR in I say to you."
katturaigal/paranthathu.md,"அமைய, ஆமைய, உயரத.மிழ் மகீகள்?",அமையார் ஆமையாய் உயர்தமிழ் மக்கள்?,verified_scan,"Recovered from scan; rhetorical comparison asks whether noble Tamils will withdraw like a tortoise."
katturaigal/paranthathu.md,"திராவிடத் தலைவனைச் கிறையிடல்",திராவிடத் தலைவனைச் சிறையிடல்,verified_scan,"OCR consonant substitution in imprison the Dravidian leader."
katturaigal/paranthathu.md,"காணுமிடமெலாம் கறுப்புச் கொடிகள்",காணுமிடமெலாம் கறுப்புக் கொடிகள்,verified_scan,"Case-marker consonant correction visible in scan."
katturaigal/paranthathu.md,"கடலலை ௮லலை/ காளையர் மூழுூககம்/",கடலலை அல்ல! காளையர் முழக்கம்!,verified_scan,"Recovered directly from scan; contrasts ocean waves with the youths' cry."
katturaigal/paranthathu.md,"பாரதோ பறக்குது, பறிபல மூலையும்/",பார்! அதோ பறக்குது பற்பல மூலையும்!,verified_scan,"Word boundaries and several letters are corrupted in look it flies over every corner."
katturaigal/paranthathu.md,"அரச கு.மாரனாம் சாறஐ் கதர னாம்",அரச குமாரனாம் சாரங்கதரனாம்,verified_scan,"Name Sarangadharan and word boundaries recovered from scan."
katturaigal/paranthathu.md,"ஓர்புறம் இருந்தது 'ஓழிக இத்தி",ஓர்புறம் இருந்தது 'ஒழிக இந்தி!',verified_scan,"Closing anti-Hindi slogan recovered from scan."
katturaigal/kalanjiam_kaana.md,"20, களஞ்சியம் காண வாரீர் வாரி4//",50. களஞ்சியம் காண வாரீர்! வாரீர்!!,verified_scan,"Title number letters and punctuation recovered from the clear first scan."
katturaigal/kalanjiam_kaana.md,"தேய்ந்தேன்; செத்தேன் - அனால்",தேய்ந்தேன்; செத்தேன் - ஆனால்,verified_scan,"Missing long vowel in but my ideas did not die."
katturaigal/kalanjiam_kaana.md,"திருஉருவும்",திருவுருவும்,verified_scan,"Joined vowel form in the portrait of Mayavaram C. Natarajan."
katturaigal/kalanjiam_kaana.md,"அவரது இருஉரவழமும்",அவரது திருவுருவமும்,verified_scan,"Severe OCR corruption in his portrait too."
katturaigal/kalanjiam_kaana.md,"மாதாட்டுக்குச் செயலாளர்கள்",மாநாட்டுக்குச் செயலாளர்கள்,verified_scan,"Consonant OCR substitution in conference secretaries."
katturaigal/kalanjiam_kaana.md,"அ.து",அது,verified_scan,"Stray internal punctuation in that is fertile country."
katturaigal/kalanjiam_kaana.md,"கழக மூதல் மாநாடு",கழக முதல் மாநாடு,verified_scan,"Vowel OCR error in first conference."
katturaigal/kalanjiam_kaana.md,"கொண்டி ருக்கிறது",கொண்டிருக்கிறது,word_join,"Line segmentation artifact in the hawk of authority circling overhead."
katturaigal/kalanjiam_kaana.md,"ஓடி.ந்த உழவனின்",ஓடிந்த உழவனின்,verified_scan,"Stray internal punctuation in exhausted or broken farmer."
katturaigal/kalanjiam_kaana.md,"காடாரம்பமாய்க் சிடக்கின்றன",காடாரம்பமாய்க் கிடக்கின்றன,verified_scan,"Initial consonant OCR error in lying as incipient wilderness."
katturaigal/kalanjiam_kaana.md,"நாம் கூடப் போகிழோம்",நாம் கூடப் போகிறோம்,verified_scan,"Consonant OCR substitution in we are going to gather."
katturaigal/kalanjiam_kaana.md,"(22-2-21 - திராவிட நாடு)",(25-2-51 - திராவிட நாடு),verified_scan,"Publication date recovered directly from the final scan."
katturaigal/thudaithukolga.md,"விட்டுவிட . மூடியாது",விட்டுவிட முடியாது,verified_scan,"Line punctuation and vowel OCR error in India cannot abandon English study."
katturaigal/thudaithukolga.md,"ஒவ்வொரு அணக அதிகக் ஆங்கிலம்",ஒவ்வொரு பள்ளிக்கூடத்திலும் ஆங்கிலம்,verified_scan,"Severe OCR corruption recovered from the scan in every school English."
katturaigal/thudaithukolga.md,"ஆங்கில மோகம் கொண்டலைவோரை",ஆங்கில மோகம் கொண்டலைவோரை / ஆங்கில மோகம் கொண்டவரை,uncertain,"The scan appears to carry a printed or degraded form; translated contextually as those possessed by English infatuation."
katturaigal/thudaithukolga.md,"பாடிக் கூடுக/!",பாடிக் கூடுக!,verified_scan,"Stray OCR slash in sing and gather."
katturaigal/thudaithukolga.md,"அம் ' மொழியைப்",அம்மொழியைப்,verified_scan,"Broken word and stray quotation in that language."
katturaigal/thudaithukolga.md,"துவக்கத்திலிருநீதே",துவக்கத்திலிருந்தே,verified_scan,"Consonant OCR error in from the very beginning."
katturaigal/thudaithukolga.md,"ஆடசி புரியும்",ஆட்சி புரியும்,verified_scan,"Missing consonant mark in rule all India."
katturaigal/thudaithukolga.md,"காரசாரமாக - (காரசாரமாக இல்லாததால்)",காரசாரமாக - (கண்டிக்க முடியாததால்),verified_scan,"OCR substitutes the earlier adverb inside the parenthesis; scan reads because they cannot condemn."
katturaigal/thudaithukolga.md,"சந்துமூனைச் சிந்து",சந்துமுனைச் சிந்து,verified_scan,"Vowel OCR error in street-corner chindu."
katturaigal/thudaithukolga.md,"அமிர்த்த கெளரி",அமிர்த கௌர்,probable,"Historical name Rajkumari Amrit Kaur; source Tamil uses a variant or OCR form."
katturaigal/thudaithukolga.md,"அசீசுச கோ.ர்போபய்/",அச்சுக் கோப்போய்!,verified_scan,"Closing verse's address to the typesetter recovered directly from scan."
katturaigal/thudaithukolga.md,"தசீசுச் சொற்கள் நாலவாயிரமு.ம்",நச்சுச் சொற்கள் நாலாயிரமும்,verified_scan,"Closing verse line recovered directly from scan."
katturaigal/thudaithukolga.md,"இச்சைய/ டன் ததீதேன்",இச்சையுடன் தந்தேன்,verified_scan,"Closing verse line recovered directly from scan."
katturaigal/thudaithukolga.md,"இன்றே கோதீதிடுக/",இன்றே கோத்திடுக!,verified_scan,"Closing direction to set the words in type recovered from scan."
katturaigal/thudaithukolga.md,"(திராவிட நாடு- 18,251)",(திராவிட நாடு - 18.2.51),verified_scan,"Publication date punctuation recovered from final scan."
katturaigal/kazhaga_nilai.md,"ஊரெல்லாம் சுற்நினாலும்",ஊரெல்லாம் சுற்றினாலும்,verified_scan,"Consonant OCR corruption in even if one circles the whole town."
katturaigal/kazhaga_nilai.md,"தொண்டாற்றுதலால்",தொண்டாற்றுவதால்,probable,"Printed or OCR verbal form interpreted as by serving under him."
katturaigal/kazhaga_nilai.md,"தனிப்படட ஒரு",தனிப்பட்ட ஒரு,verified_scan,"Missing consonant mark in an individual volunteer."
katturaigal/kazhaga_nilai.md,"தங்கள் தங்கள் தொண்டின் தரத்தைப் சிந்தித்து",தங்கள் தங்கள் தொண்டின் தரத்தைச் சிந்தித்து,verified_scan,"Case-marker OCR error in reflecting on their service."
katturaigal/kazhaga_nilai.md,"அலறல் இ இசான்னத் வீரர்களின் மாபெரும் சக்தி",தன்னலமற்ற கொள்கை வீரர்களின் மாபெரும் சக்தி,verified_scan,"Severely corrupted line recovered directly from scan: immense power of selfless warriors for principle."
katturaigal/kazhaga_nilai.md,"விலககுவோம்",விலக்குவோம்,verified_scan,"Missing consonant mark in let us remove him."
katturaigal/kazhaga_nilai.md,"அள் வளர்ச்சியைப் பற்றி",அதன் வளர்ச்சியைப் பற்றி,verified_scan,"OCR drops characters at the page opening in about its growth."
katturaigal/kazhaga_nilai.md,"நாள் ஒட்டக் கூடாது",நாள் ஓட்டக் கூடாது,verified_scan,"Vowel OCR error in no more days should be allowed to pass."
katturaigal/kazhaga_nilai.md,"நடப்பபோம்",நடப்போம்,verified_scan,"Duplicated consonant in we shall walk."
katturaigal/kazhaga_nilai.md,"(திராவிட நாடு - 27,849)",(திராவிட நாடு - 21.8.49),verified_scan,"Publication date recovered directly from final scan."
katturaigal/enathu_vaendugol.md,"பெரியார் திருமணம் ந்தேதி விட்டது",பெரியார் திருமணம் நடந்தேறிவிட்டது,verified_scan,"Severe OCR corruption in Periyar's marriage took place; first scan is clear."
katturaigal/enathu_vaendugol.md,"இயக்கக் கொள்கைக்கு மூரண்",இயக்கக் கொள்கைக்கு முரண்,verified_scan,"Vowel OCR error in contrary to movement principles."
katturaigal/enathu_vaendugol.md,"நிர்வாகக் கமிட்டித் தலைவர்",நிர்வாகக் கமிட்டி தலைவர்,probable,"Case ending interpreted as the chairman of the Executive Committee from sentence structure."
katturaigal/enathu_vaendugol.md,"வயூகங்களும்",வியூகங்களும்,verified_scan,"Vowel OCR error in plans or strategies."
katturaigal/enathu_vaendugol.md,"என் ஆரூடத்தைக் கணிக்கும்",என் ஆரூடத்தைக் கணிக்கும்,source_wording,"Unusual printed wording literally predicts my prediction or future; translated contextually as predicting my future."
katturaigal/enathu_vaendugol.md,"சிண்டு முடிந்துவிடுவோர்",சிண்டு முடிந்துவிடுவோர் / சிண்டு முடிபவர்,uncertain,"Degraded or idiomatic phrase among provocateurs; translated conservatively as manufacture quarrels."
katturaigal/enathu_vaendugol.md,"சந்தி சிரிக்க வைப்பவர்",சந்தி சிரிக்க வைப்பவர்,source_wording,"Idiomatic phrase meaning expose one to public ridicule; translated as laughing-stock of the street."
katturaigal/enathu_vaendugol.md,"மேலால் எம் முறையில்",மேலால் எம்முறையில்,word_join,"Word boundary in how we should proceed thereafter."
katturaigal/enathu_vaendugol.md,"பல ஆண்டுக்காலமாக இகந்துவரும்",பல ஆண்டுக்காலமாக இருந்து வரும்,probable,"Consonant OCR corruption in bonds and affection existing for many years."
katturaigal/enathu_vaendugol.md,"அதுதான் மூறை",அதுதான் முறை,verified_scan,"Vowel OCR error in that is the proper course."
katturaigal/enathu_vaendugol.md,"சி.என். அண்ணாத்துரை",சி.என். அண்ணாதுரை,verified_scan,"Extra consonant in author's surname; signature scan reads அண்ணாதுரை."
katturaigal/enathu_vaendugol.md,"(திராவிட நாடு - 1,749)",(திராவிட நாடு - 17.7.49),verified_scan,"Publication date recovered directly from final scan."
katturaigal/veerar_chidambara.md,"விரட்டப்பட வேண்டுமனால்",விரட்டப்பட வேண்டுமானால்,verified_scan,"Missing vowel in if the white man is to be driven out."
katturaigal/veerar_chidambara.md,"அவரால் ஆரம்பிக்கப்பட்ட",அவரால் ஆரம்பிக்கப்பட்ட,source_wording,"Source construction retained in meaning as the company he founded."
katturaigal/veerar_chidambara.md,"நினைவாக்கும்",நனவாக்கும்,probable,"Context and recurring later phrase indicate making his dream real rather than memorialising it."
katturaigal/veerar_chidambara.md,"'வ.உ.சிதம்பரம்'",'வ.உ. சிதம்பரம்',word_join,"Missing space in ship name."
katturaigal/veerar_chidambara.md,"மூதல் யாத்திரை",முதல் யாத்திரை,verified_scan,"Vowel OCR error in first voyage."
katturaigal/veerar_chidambara.md,"இடம்பெறவேண்டிய௰ய",இடம்பெறவேண்டிய,verified_scan,"Stray OCR glyph in deserves a place in history."
katturaigal/veerar_chidambara.md,"பேராடி",போராடி,verified_scan,"Vowel OCR error in fought the foreign shipping company."
katturaigal/veerar_chidambara.md,"இருப்தாண்டுகளாக",இருபதாண்டுகளாக,verified_scan,"Missing vowel in twenty years."
katturaigal/veerar_chidambara.md,"வ.உ.சி. வாலிசுரன்",வ.உ.சி. வாலீசுவரன்,verified_scan,"Youngest son's name recovered directly from scan."
katturaigal/veerar_chidambara.md,"நிலையில் : இருக்கிறதென்பதை",நிலையில் இருக்கிறதென்பதை,verified_scan,"Stray internal punctuation in the family's present condition."
katturaigal/veerar_chidambara.md,"செய்ந்நன்றி கொல்லாத",செய்ந்நன்றி கொல்லாத,source_wording,"Classical ethical phrase meaning not destroying or forgetting gratitude; translated idiomatically."
katturaigal/thennattu_poar.md,"2.3. தென்னாட்டுப் போர்க்களங்கள்”,"23. “தென்னாட்டுப் போர்க்களங்கள்”",verified_scan,"Title number and quotation punctuation recovered from first scan."
katturaigal/thennattu_poar.md,"தீரமும் திறழும்",தீரமும் திறமும்,verified_scan,"Consonant OCR error in courage and ability."
katturaigal/thennattu_poar.md,"கோமாளி வரலாது",கோமாளி வரலாறு,verified_scan,"Final consonant OCR error in history of buffoons."
katturaigal/thennattu_poar.md,"நம்பாத போர்கள்",நம்பாத பேர்கள்,probable,"OCR word substitution in people who refuse to believe; translated by context."
katturaigal/thennattu_poar.md,"முன்னடி. வைத்திருக்கின்றது",முன்னடி வைத்திருக்கின்றது,verified_scan,"Stray punctuation in has taken a first step."
katturaigal/thennattu_poar.md,"அந்த நுலில்",அந்த நூலில்,verified_scan,"Missing long vowel in that book."
katturaigal/thennattu_poar.md,"கண்ணெடுத் தும்",கண்ணெடுத்தும்,word_join,"Line segmentation artifact in not even cast an eye."
katturaigal/thennattu_poar.md,"தென்னாட்டுப் போர்க்களங் - தளை",தென்னாட்டுப் போர்க்களங்களை,verified_scan,"Line break and consonant OCR damage in books like Battlefields of South India."
katturaigal/thennattu_poar.md,"மருதுபாண்டி யருக்குப்",மருதுபாண்டியருக்குப்,word_join,"Line segmentation in from the time of the Marudhu Pandiyars."
katturaigal/thennattu_poar.md,"(திறனாய்வு - 18-10-27 - திராவிட நாடு)",(திறனாய்வு - 13-10-57 - திராவிட நாடு),verified_scan,"Review date recovered directly from final scan."
katturaigal/arivukovvathathu.md,"அறிவுக்கொள்வாததை அஞ்சாது எதர்ப்பவர்",அறிவுக்கொவ்வாததை அஞ்சாது எதிர்ப்பவர்,verified_scan,"Title consonants and vowels recovered from the first scan."
katturaigal/arivukovvathathu.md,"ஏகாதிபத்யத்தை",ஏகாதிபத்தியத்தை,verified_scan,"Missing consonant mark in imperialism."
katturaigal/arivukovvathathu.md,"தீட்டியக் கட்டுரை",தீட்டிய கட்டுரை,verified_scan,"Extraneous case marker in the article he wrote."
katturaigal/arivukovvathathu.md,"சமதர்ம அபிப்பிரர்யப்படி",சமதர்ம அபிப்பிராயப்படி,verified_scan,"Vowel OCR corruption in according to our socialist view."
katturaigal/arivukovvathathu.md,"(யாற் ௦4 86 0120ற௨௦0",(Triumph of British Diplomacy),verified_scan,"English parenthetical recovered directly from scan."
katturaigal/arivukovvathathu.md,"(௪ 15 ஈ௦ஊற௭",(He is nowhere),verified_scan,"English parenthetical recovered directly from scan."
katturaigal/arivukovvathathu.md,"சூலூஸ் (௦2/05)",சூலூஸ் (Zulus),verified_scan,"English ethnonym recovered directly from scan."
katturaigal/arivukovvathathu.md,"போயர் (80818",போயர் (Boers),verified_scan,"English ethnonym recovered directly from scan."
katturaigal/arivukovvathathu.md,"(766 08ம் போறா ௨",(The great European war),verified_scan,"English historical label recovered directly from scan."
katturaigal/arivukovvathathu.md,"இவர் மூரண் (01801010ஈ",இவர் முரண் (Contradiction),verified_scan,"Tamil word and English parenthetical recovered across page transition."
katturaigal/arivukovvathathu.md,"$ற்கவில்லை உபயோகமில்லாத உப்புமநியலை","நிற்கவில்லை. உபயோகமில்லாத உப்புமறியலை",verified_scan,"Page-opening crop and OCR corruption in his contradiction did not stop and the useless Salt Satyagraha."
katturaigal/arivukovvathathu.md,"₹1டல்லி உடன்படிக்கையில் (0௮01 ௨௦0",டெல்லி உடன்படிக்கையில் (Delhi pact),verified_scan,"Tamil and English labels recovered directly from scan."
katturaigal/arivukovvathathu.md,"(415 ॥16 18 8 881185 ர் ௦01 ல0ி01ல",(His life is a series of contradictions),verified_scan,"English parenthetical recovered directly from scan."
katturaigal/arivukovvathathu.md,"இத்தியாதி (861165 ௦7 61621)",இத்தியாதி (Series of defeats),verified_scan,"English parenthetical recovered directly from scan."
katturaigal/arivukovvathathu.md,"வெறும் வெ 1",வெறும் வேட்டு,verified_scan,"Page-edge OCR loss; scan reads merely an empty shot."
katturaigal/arivukovvathathu.md,"பகல் வே",பகல் வேஷம்,verified_scan,"Page-edge OCR loss in daylight deception or masquerade."
katturaigal/arivukovvathathu.md,"(பஈர௦ப௦௨01௦5)",(Untouchables),verified_scan,"English parenthetical recovered directly from scan."
katturaigal/arivukovvathathu.md,"(௨015552ல",(Depressed),verified_scan,"English parenthetical recovered directly from scan."
katturaigal/arivukovvathathu.md,"(/0125)",(Votes),verified_scan,"English parenthetical recovered directly from scan."
katturaigal/arivukovvathathu.md,"(28 50௦1வ51(௦",(Free Scholarships),verified_scan,"English parenthetical recovered directly from scan."
katturaigal/thatha_katta.md,"தாத்தா கட்ட இருந்த தாலி?",தாத்தா கட்ட இருந்த தாலி!,verified_scan,"Final title punctuation recovered from first scan."
katturaigal/thatha_katta.md,"தொந்தி சரிய மயிரே வெளிர நிறை தந்தமனைய உடலே","தொந்தி சரிய மயிரே வெளிற நிரை தந்தமசைய உடலே",verified_scan,"Quoted description of the aged body recovered from scan; translated for sense."
katturaigal/thatha_katta.md,"விளையாடும சின்னஞ்சிறு",விளையாடும் சின்னஞ்சிறு,verified_scan,"Missing final consonant in tiny girl playing pallankuzhi."
katturaigal/thatha_katta.md,"மணமாகிக் பின்னர்",மணமாகிப் பின்னர்,verified_scan,"Conjunctive ending OCR error in after marriage."
katturaigal/thatha_katta.md,"மூரட்டுப் போக்கும்",முரட்டுப் போக்கும்,verified_scan,"Vowel OCR error in brutal conduct."
katturaigal/thatha_katta.md,"பூவிழந்த பூவை:",பூவிழந்த பூவை,verified_scan,"Stray punctuation after the flower that lost its blossom."
katturaigal/thatha_katta.md,"முறைவேண்டு மாயினும்",முறை வேண்டுமானாலும்,word_join,"Line break and inflection in however many times."
katturaigal/thatha_katta.md,"உனக்குக் காசம். இருக்கிறது",உனக்குக் காசம் இருக்கிறது,verified_scan,"Stray punctuation in you have consumption."
katturaigal/thatha_katta.md,"ஒருவ்னை",ஒருவனை,verified_scan,"Missing vowel in a suitable man."
katturaigal/thatha_katta.md,"எத்தனை மூறை",எத்தனை முறை,verified_scan,"Vowel OCR error in how many times."
katturaigal/thatha_katta.md,"உறுதி கொண்டவாகளால்",உறுதி கொண்டவர்களால்,verified_scan,"Missing consonant in by determined people."
katturaigal/thatha_katta.md,"மாதர்: வாழ்வு",மாதர் வாழ்வு,verified_scan,"Stray punctuation in women's lives."
katturaigal/thatha_katta.md,"(திராவிட நாடு - 10,749)",(திராவிட நாடு - 10.7.49),verified_scan,"Publication date recovered directly from final scan."
katturaigal/moothavar.md,"மூத்தவர் வாழ்த்து/",மூத்தவர் வாழ்த்து!,verified_scan,"Final title punctuation recovered from context and scan."
katturaigal/moothavar.md,"முட்டின்றி",முட்டின்றி,source_wording,"Printed form meaning without obstruction; translated accordingly."
katturaigal/moothavar.md,"ஏரின் எற்றம்",ஏரின் ஏற்றம்,verified_scan,"Missing long vowel in excellence of the plough."
katturaigal/moothavar.md,"செம்மையரக",செம்மையாக,verified_scan,"Consonant OCR substitution in excellently constituted effort."
katturaigal/moothavar.md,"வாழந்தாக",வாழ்ந்தாக,verified_scan,"Missing consonant in others must live."
katturaigal/moothavar.md,"சிரிய செயல்",சீரிய செயல்,verified_scan,"Missing long vowel in noble action."
katturaigal/moothavar.md,"பொங்கற் பு 'துநாள்",பொங்கற் புதுநாள்,verified_scan,"Broken word and stray quotation in new day of Pongal."
katturaigal/moothavar.md,"உடுத்து வனவும்",உடுத்துவனவும்,word_join,"Line segmentation in things worn as clothing."
katturaigal/moothavar.md,"சேணமனணிந்து",சேணமணிந்து,verified_scan,"Duplicated consonant in fitted with a saddle."
katturaigal/moothavar.md,"அ௮றிந்ததனால்",அறிந்ததனால்,verified_scan,"Stray Tamil glyph in because they realized."
katturaigal/moothavar.md,"என்.று அறிமின்",என்று அறிமின்,verified_scan,"Stray internal punctuation in understand that."
katturaigal/moothavar.md,"நம்க்கு இசை",நமக்கு இசை,verified_scan,"Duplicated consonant in music to us."
katturaigal/moothavar.md,"இலம் என்ற சொல் ஏன்",இலம் என்ற சொல் ஏன்,source_wording,"Literary allusion to poverty or lack; translated contextually without altering source."
katturaigal/moothavar.md,"ஈதல் வெல்லும்",ஈதல் வெல்லும்,verified_scan,"Scan confirms giving will triumph; retained against possible OCR ambiguity."
katturaigal/moothavar.md,"விலங்கொடித்து",விலங்கு ஒடித்து,word_join,"Compound interpreted as breaking fetters in liberation context."
katturaigal/nalla_yosanai.md,"புதைபொருள் நுணுக்க முணர்ந்தோர்",புதைபொருள் நுணுக்கம் உணர்ந்தோர்,word_join,"Broken compound in experts knowledgeable about mineral resources."
katturaigal/nalla_yosanai.md,"எப்பூபாகத்தது",எப்பூபாகத்தது,source_wording,"Compressed printed construction meaning what geographical region a product belongs to; translated contextually."
katturaigal/nalla_yosanai.md,"1500:-மைல் 'அகீலமுள்ள",1500 மைல் அகலமுள்ள,verified_context,"Punctuation and vowel OCR noise in fifteen hundred miles wide."
katturaigal/nalla_yosanai.md,"இரும்புத்: தொழிற்சாலை",இரும்புத் தொழிற்சாலை,punctuation,"Stray internal punctuation."
katturaigal/nalla_yosanai.md,"நமது பொருள் தேக்கமாகி, நஷ்டமேற்பட்டு, தொழில் நூத்து விடும்",நமது பொருள் தேக்கமாகி நஷ்டமேற்பட்டு தொழில் நசித்து விடும்,probable_reading,"OCR form `நூத்து` is unclear; context requires the new industry to fail or be extinguished."
katturaigal/nalla_yosanai.md,"துவக்க திசையிலுள்ள தொழில்",துவக்க நிலையிலுள்ள தொழில்,probable_reading,"Context is an industry in its initial stage; consonants are damaged in OCR."
katturaigal/nalla_yosanai.md,"திராடருக்கே",திராவிடருக்கே,verified_context,"Dropped medial letters in the repeated slogan."
katturaigal/nalla_yosanai.md,"பஜாஜாும்",பஜாஜும்,verified_context,"Stray vowel sign in the industrialist's name."
katturaigal/nalla_yosanai.md,"4, தொகுதியிலே",சி தொகுதியிலே,probable_reading,"The glyph is OCR-damaged; translated as Group C from the constitutional-grouping context and flagged for scan review."
katturaigal/anthanalukkaga.md,"திய. நாடுகள்",ஆசிய நாடுகள்,verified_context,"Opening word has lost its initial long-vowel letter; the entire article concerns the Asian conference."
katturaigal/anthanalukkaga.md,"நாடுகவின்",நாடுகளின்,verified_context,"Consonant OCR substitution in of the countries."
katturaigal/anthanalukkaga.md,"சீனா, கன்றாக. பெருமையை",சீனா கம்பீரமாகப் பெருமையை,probable_reading,"Damaged adverb before proclaimed its greatness; translated by rhetorical context."
katturaigal/anthanalukkaga.md,"நை னபபானது. அபராத மிக்கது",மிகப் பழமையானது பெருமை மிக்கது,probable_reading,"Heavily damaged comparative description; surrounding paragraphs establish older and more glorious history."
katturaigal/anthanalukkaga.md,"மொழியை முழு உருவில்: ன்றது இருந்த",மொழியை முழு உருவில் பெற்றிராத,probable_reading,"OCR loss in while many languages had not attained full form."
katturaigal/anthanalukkaga.md,"மகஞ் ஐதாரோ",மொகஞ்சதாரோ,verified_context,"OCR damage in Mohenjo-daro beside Harappa."
katturaigal/anthanalukkaga.md,"எந்தக் கண்ணியருக்கும்",எந்தக் கனவான்களுக்கும்,probable_reading,"Context indicates the dignitaries assembled at the conference, not women."
katturaigal/anthanalukkaga.md,"இக்கற்ற நாடாகிக்",ஏழை நாடாகிக்,probable_reading,"Damaged adjective parallel to diminished and to the later reference to low status."
katturaigal/anthanalukkaga.md,"அலுக்கும்; கவிகள். ?",அலுக்கும் கூலிகள்,probable_reading,"Severely noisy OCR in labourers growing weary on tea plantations."
katturaigal/anthanalukkaga.md,"எந்தெந்தத் இக்திலிருந்தும்",எந்தெந்தத் திசையிலிருந்தும்,verified_context,"OCR substitution in from every direction."
katturaigal/anthanalukkaga.md,"இந்தாள்",இந்த நாள்,word_join,"Joined demonstrative and noun in this day."
katturaigal/vazhakkumandrathil.md,"வழக்குகள் ஏராளமாக நடைபெற்றிருக்கின்றன, அந்தக் காலத்தில்/",வழக்குகள் ஏராளமாக நடைபெற்றிருக்கின்றன அந்தக் காலத்தில்!,punctuation,"Slash OCR represents terminal emphasis."
katturaigal/vazhakkumandrathil.md,"மாஜிஸ்ட்ரேட் மிகவும் வேகனையுடன்",மாஜிஸ்ட்ரேட் மிகவும் வேதனையுடன்,verified_scan,"Scan confirms with great sorrow."
katturaigal/vazhakkumandrathil.md,"செவிக்னி (5௪/2/13).)",செவிக்னி (Sevigny),verified_scan,"Roman-script place name recovered directly from scan."
katturaigal/vazhakkumandrathil.md,"பர்கண்டி (22ல்!)",பர்கண்டி (Burgundy),verified_scan,"Roman-script place name recovered directly from scan."
katturaigal/vazhakkumandrathil.md,"7374ல்",1314ல்,verified_scan,"Scan clearly prints 1314 for the bull case."
katturaigal/vazhakkumandrathil.md,"அடைபட்டிருந்தது",அடைக்கப்பட்டிருந்தது,verified_scan,"Scan wording is was confined with human beings."
katturaigal/vazhakkumandrathil.md,"வேறொரு வகையன வாதத்தில்",வேறொரு வகையான வாதத்தில்,verified_context,"Dropped long vowel in another kind of argument."
katturaigal/vazhakkumandrathil.md,"வாதததில்",வாதத்தில்,verified_context,"Duplicated consonant in in the argument."
katturaigal/vazhakkumandrathil.md,"ஒரு கரடி வழக்கு மன்றத்திற்குக் கொண்டுவரப்பட்டது",ஒரு கரடி வழக்கு மன்றத்திற்குக் கொண்டுவரப்பட்டது,source_wording,"OCR metadata says wolf only because of a generic label; body and scan clearly begin a new bear example."
katturaigal/vazhakkumandrathil.md,"உயர்ந்தரகப்",உயர்ந்தரகப்,source_wording,"Printed compound means sophisticated or high-grade."
katturaigal/vazhakkumandrathil.md,"திராவிடநாடு பொங்கல் மலர் 1983",திராவிடநாடு பொங்கல் மலர் 1963,verified_scan,"Final scan clearly prints 1963."
katturaigal/thiruvangur_thivan.md,"இருவாங்குர் திவான்",திருவாங்குர் திவான்,verified_context,"Dropped initial consonant in the direct address matching the title."
katturaigal/thiruvangur_thivan.md,"அக்டோபர் 3உயன்று",அக்டோபர் 3 அன்று,verified_context,"OCR insertion in on October 3."
katturaigal/thiruvangur_thivan.md,"தீக்தர்களாலும்",தீட்சிதர்களாலும்,probable_reading,"Damaged term for religious initiates paired with shastris."
katturaigal/thiruvangur_thivan.md,"மந்தமாருதம் சுந்தரப்பூங்காவிலே வீச",மந்தமாருதம் வீசும் சுந்தரப் பூங்காவிலே,word_order,"OCR line order obscures in a beautiful garden where a gentle breeze blows."
katturaigal/thiruvangur_thivan.md,"சந்தம் வல்லசங்கே சிரோன்மணிகளும்",சந்தம் வல்ல சங்கீத சிரோன்மணிகளும்,probable_reading,"Damaged compound for eminent musical or metrical experts."
katturaigal/thiruvangur_thivan.md,"மறைகாணாமுதல்வனை",மறைகாணா முதல்வனை,word_join,"Literary phrase for the Supreme Being unseen by the Vedas; surrounding OCR remains compressed."
katturaigal/thiruvangur_thivan.md,"வரண கனகம் பசையோடு",வரண கனகம் பசையோடு,uncertain,"Heavily damaged phrase associated with music, gold, and returning home in comfort; translated conservatively from context."
katturaigal/thiruvangur_thivan.md,"இன்றியமையரீததோ",இன்றியமையாததோ,verified_context,"OCR corruption in indispensable."
katturaigal/thiruvangur_thivan.md,"தாழ்நீதவரைக்",தாழ்ந்தவரைக்,verified_context,"OCR substitution in lower people."
katturaigal/thiruvangur_thivan.md,"கலாம் விளைத்துக்",கலகம் விளைத்துக்,probable_reading,"Damaged noun in causing disorder at a liquor shop."
katturaigal/thiruvangur_thivan.md,"$மைகளைக்",கொடுமைகளைக்,probable_reading,"Missing beginning of cruelties in reference to Aryan conduct."
katturaigal/thiruvangur_thivan.md,"அமலனை",அமலனை,source_wording,"Literary divine epithet meaning the stainless Lord; retained contextually as the Lord."
katturaigal/thiruvangur_thivan.md,"அவற்றை அவது ப கட அ",அவற்றை அவர்களுக்கு வழங்குவதும்,probable_reading,"Severely damaged line; context is reserved offices reverting to Aryans under the no qualified candidate pretext."
katturaigal/thiruvangur_thivan.md,"இட்டங் கொண்டு வரும்",திட்டம் கொண்டு வரும்,probable_reading,"Damaged opening consonant in advancing with a programme or principle."
katturaigal/thiruvangur_thivan.md,"ர்றன்ளா ச புயலை",புயலை,uncertain,"Unrecoverable OCR debris before storm; the noun and governing phrase remain clear."
katturaigal/moodupani.md,"1/0 [ரனிலமெங்கும் மறுமலர்ச்சி",பாரெங்கும் மறுமலர்ச்சி,probable_reading,"Opening scan is damaged; across the world fits the following contrast with Hindu India."
katturaigal/moodupani.md,"முதலைப் பிடியாக",முதலைப் பிடியாக,source_wording,"Printed idiom denotes an extremely tenacious grip; translated literally."
katturaigal/moodupani.md,"பில்லைச் சேவகன்",பிள்ளைச் சேவகன்,probable_reading,"Historical designation for a low-ranking attendant's post."
katturaigal/moodupani.md,"மிட்டாமிராசு",மிட்டா மிராசு,word_join,"Compound referring to landed estate or hereditary landed privilege."
katturaigal/moodupani.md,"கட்டுப்பாடாகக் இளர்ச்சி",கட்டுப்பாடாகக் கிளர்ச்சி,verified_context,"Dropped initial consonant in disciplined agitation."
katturaigal/moodupani.md,"தொகுத்துத் உட்டியிருப்பது",தொகுத்துத் தீட்டியிருப்பது,verified_scan,"Scan confirms summarized and written above."
katturaigal/moodupani.md,"விடுதலை ஆ களால் விளைவு",விடுதலை ஆர்வத்தால் விளைவு,verified_scan,"Scan clearly reads an effect of the enthusiasm for liberation."
katturaigal/moodupani.md,"அசித்திமானதாகத்",அநீதியானதாகத்,verified_scan,"Scan confirms unjust in the critique of priestly domination."
katturaigal/moodupani.md,"அந்த உணர்ச்சி பககம் அதன வட். ஏங்கும், த போ்வாடை வீசுவதும்",அந்த உணர்ச்சி எங்கும் தென்றல் வீசுவதும்,probable_reading,"OCR is heavily damaged; scan supports the feeling spreading everywhere like a southerly breeze."
katturaigal/moodupani.md,"ப்வ்வில்ண்ட் வையில் பாய்கிறது",பார்லிமெண்ட் வரையில் பாய்கிறது,verified_scan,"Scan clearly reads flows as far as Parliament."
katturaigal/moodupani.md,"இளை அமைப்புகள்",கிளை அமைப்புகள்,verified_scan,"Dropped consonant in branch organizations."
katturaigal/moodupani.md,"கொண்டாட மரட்டோம்",கொண்டாட மாட்டோம்,verified_scan,"Scan confirms we shall not celebrate."
katturaigal/moodupani.md,"மீண்டு மதங்கள்",மீண்ட மதங்கள்,verified_scan,"Scan reads revived religions."
katturaigal/moodupani.md,"இிதநடித்து விடமுடியும்",சிதறடித்து விடமுடியும்,verified_scan,"Scan confirms the fog can be scattered."
katturaigal/moodupani.md,"அதந்தரச் சூரியன்",சுதந்திரச் சூரியன்,probable_reading,"OCR damaged; the scan resembles sun of freedom, while the next clause describes liberating light."
katturaigal/moodupani.md,"புதுயுகம் எழுகமாதோ",புதுயுகம் எழுக மாதோ,verified_scan,"Scan confirms the optative closing: would that a new age arise."
katturaigal/avanum_manithan.md,"அவனும் மனிதன்7 அறியட்டும் மத்திரியார்/",அவனும் மனிதன்! அறியட்டும் மந்திரியார்!,verified_context,"OCR punctuation and consonant damage in the title."
katturaigal/avanum_manithan.md,"செத்துவிட்டாள்",செத்துவிட்டான்,verified_context,"Gender suffix error for the man who died."
katturaigal/avanum_manithan.md,"உணவிலை எனும் நிலை இனியிலை எனமுரசறைவாய்",உணவில்லை எனும் நிலை இனி இல்லை என முரசறைவாய்,verified_context,"OCR word joining in the Bharati quotation."
katturaigal/avanum_manithan.md,"ஒருவனுக்கு உணவில்லை. யென்றால், ஜகத்தினை யழிப்போம்",தனி ஒருவனுக்கு உணவிலையெனில் ஜகத்தினை அழித்திடுவோம்,quotation_variant,"Recognizable Bharati line; translation follows the meaning while the Tamil source remains verbatim."
katturaigal/avanum_manithan.md,"இரந்து வாழ்தல் வேண்டின் பரந்து கெடுக உலகியற்றியான்",இரந்தும் உயிர்வாழ்தல் வேண்டின் பரந்து கெடுக உலகியற்றியான்,quotation_variant,"Tirukkural 1062 appears in a compressed quoted form."
katturaigal/avanum_manithan.md,"வாதனை",வேதனை,probable_reading,"Likely repeated pain rather than a separate word; translated as torment."
katturaigal/avanum_manithan.md,"உலக கால்கள்",உலவக் கால்கள்,probable_reading,"OCR substitution in legs with which to move about."
katturaigal/avanum_manithan.md,"வக்கின்றிச் செத்தான்",வகையின்றிச் செத்தான்,probable_reading,"Context is dying with no means to fill his stomach."
katturaigal/avanum_manithan.md,"பூர்வாங்க ரேஷன் பிரதேசங்களில்",பூர்வாங்க ரேஷன் பிரதேசங்களில்,source_wording,"Historical administrative phrase retained as preliminary rationing areas."
katturaigal/avanum_manithan.md,"இப்படிக்கை விரிப்பது",இப்படிக் கை விரிப்பது,word_join,"Central government stretching out an empty or helpless hand."
katturaigal/avanum_manithan.md,"ஆர்ப்பாட்ட புரியினராக",ஆடம்பரப் பிரியர்களாக,probable_reading,"Damaged phrase contrasted with asking only for half a stomach of food."
katturaigal/avanum_manithan.md,"அனலிலிட்ட புழுகாய்த்துடிதுடித்து",அனலிலிட்ட புழுவாய்த் துடிதுடித்து,verified_context,"Word joining in writhing like a worm cast into fire."
katturaigal/mathuvilakku_naadag.md,"மதுவிலக்கு நாடகம் ஓழியுமா?",மதுவிலக்கு நாடகம் ஒழியுமா?,verified_context,"Vowel OCR substitution in will the prohibition drama end."
katturaigal/mathuvilakku_naadag.md,"என்பதோயகும்",என்பதாகும்,verified_context,"OCR insertion in it is."
katturaigal/mathuvilakku_naadag.md,"நாட்டைப் பந்தில்",நாட்டைப் பற்றிய,probable_reading,"Damaged phrase in responsibility for all matters concerning the country."
katturaigal/mathuvilakku_naadag.md,"முடிவ செய்யும்",முடிவு செய்யும்,word_join,"Missing final vowel in decide."
katturaigal/mathuvilakku_naadag.md,"திருட்டுக்கள் இறக்கவும்",திருட்டுக் கள் இறக்கவும்,probable_reading,"Context is illicit toddy or liquor being smuggled in alongside illicit distillation."
katturaigal/mathuvilakku_naadag.md,"மூன்னைவிட",முன்னைவிட,verified_context,"Duplicated consonant in than before."
katturaigal/mathuvilakku_naadag.md,"ஒரு ஜில்லா விட்டு 2ஜில்லா விட்டு",ஒரு ஜில்லா விட்டு இரண்டு ஜில்லா விட்டு,source_wording,"Travel across district boundaries for liquor; numerals expanded only in English."
katturaigal/mathuvilakku_naadag.md,"பல காரியங்களும் க ம்தள்கள்ப ன்",பல காரியங்களும் செய்தார்கள்,probable_reading,"Severely damaged clause after a list of measures reversed by the Governor's administration."
katturaigal/mathuvilakku_naadag.md,"வைசிராய் பிரபுவிடமூம்",வைசிராய் பிரபுவிடமும்,verified_context,"Vowel OCR error in to the Viceroy too."
katturaigal/mathuvilakku_naadag.md,"தில்லாத் தொழிலாளி",அந்தத் தொழிலாளி,probable_reading,"Damaged demonstrative referring to workers in prohibition districts."
katturaigal/mathuvilakku_naadag.md,"அனுபவிக்கவுமாம் இருந்தால்",அனுபவிக்கவுமாக இருந்தால்,verified_context,"OCR suffix noise in if they must suffer."
katturaigal/mathuvilakku_naadag.md,"சஸ்பெண்டு",சஸ்பெண்டு,source_wording,"Period English loanword suspend retained by meaning."
katturaigal/kaelviyum_bathilum091147.md,"நம்.பிக்கையுடன்",நம்பிக்கையுடன்,punctuation,"Stray internal punctuation in with trust."
katturaigal/kaelviyum_bathilum091147.md,"சென்ற இழமை",சென்ற கிழமை,probable_reading,"Dropped consonant in last week."
katturaigal/kaelviyum_bathilum091147.md,"சல ஊர்த்திராவிடர் கழகங்கள்",சில ஊர்த் திராவிடர் கழகங்கள்,verified_context,"Vowel and word-join noise in some local Dravidar Kazhagam branches."
katturaigal/kaelviyum_bathilum091147.md,"குண்டிக் குதிரைப்பந்தய",கிண்டிக் குதிரைப்பந்தய,probable_reading,"Place name recovered as Guindy in the horse-racing issue."
katturaigal/kaelviyum_bathilum091147.md,"கம்யூனிஸ்டுஜீவா",கம்யூனிஸ்டு ஜீவா,word_join,"Joined title and name."
katturaigal/kaelviyum_bathilum091147.md,"நெடுநாட்டுகளுக்கு இருக்க முடியாது",நெடுநாட்களுக்கு இருக்க முடியாது,verified_context,"OCR insertion in cannot remain for long."
katturaigal/kaelviyum_bathilum091147.md,"கூட்டுற்வு",கூட்டுறவு,verified_context,"Missing vowel in cooperation."
katturaigal/kaelviyum_bathilum091147.md,"அந்த விளக்கம் ௧௬ அளவிலேதான்",அந்த விளக்கம் இந்த அளவிலேதான்,probable_reading,"Tamil numeral-like OCR glyph in only to this extent."
katturaigal/kaelviyum_bathilum091147.md,"அவ௫சியமல்லவா",அவசியமல்லவா,verified_context,"Inserted numeral-like glyph in is it not necessary."
katturaigal/kaelviyum_bathilum091147.md,"தமாஷாவரி",தமாஷா வரி,word_join,"Period term for entertainment tax."
katturaigal/kaelviyum_bathilum091147.md,"கண்காட்சிகள் (8301101710)",கண்காட்சிகள் (exhibition),probable_reading,"Roman-script parenthesis is destroyed by OCR; Tamil noun and context identify exhibition."
katturaigal/kaelviyum_bathilum091147.md,"சட்டியை உடைக்கவில்லை",சட்டியை உடைக்கவில்லை,source_wording,"Political metaphor attributed to Achariyar; retained literally as have not broken the pot."
katturaigal/kaelviyum_bathilum201147.md,"உபயோ௫க்கிறோம்",உபயோகிக்கிறோம்,verified_context,"Numeral-like OCR glyph in we use."
katturaigal/kaelviyum_bathilum201147.md,"சுதர்மம் கோருவோர்",சுதர்மம் கோருவோர்,source_wording,"Contrasted in print with samadharma; interpreted as privilege or a rule for one's own group."
katturaigal/kaelviyum_bathilum201147.md,"பறையும் பரசலும்",பறையும் பரசும்,probable_reading,"List of old weapons and instruments; `பரசு` is a battle-axe."
katturaigal/kaelviyum_bathilum201147.md,"தாய் மொழியே ஆட்௫ செய்யும்",தாய் மொழியே ஆட்சி செய்யும்,verified_context,"Numeral-like glyph in mother tongue will govern."
katturaigal/kaelviyum_bathilum201147.md,"தேரளம்",கேரளம்,verified_scan,"Scan and four-language list confirm Kerala."
katturaigal/kaelviyum_bathilum201147.md,"பணயம் கழகம்",தமிழரசுக் கழகம்,verified_scan,"Scan clearly names the Tamil Arasu Kazhagam in question 3."
katturaigal/kaelviyum_bathilum201147.md,"எல்லை கோலும் கவ்ைலல்",எல்லைக் கோரிக்கையை முன்னணியில்,verified_scan,"OCR severely damages the answer's statement that the boundary claim is placed first."
katturaigal/kaelviyum_bathilum201147.md,"2... உமக்குத் தளபதி",4. உமக்குத் தளபதி,verified_scan,"Question number recovered directly from scan."
katturaigal/kaelviyum_bathilum201147.md,"முதன் தலாக் அம்லுக்கு",முதன்முதலாக அமலுக்கு,verified_scan,"Scan confirms first to come into force."
katturaigal/kaelviyum_bathilum201147.md,"ன்னாரு ் கழகத்துக்கும்",திராவிடர் கழகத்துக்கும்,verified_scan,"Organization name recovered from scan and answer."
katturaigal/kaelviyum_bathilum201147.md,"போர்தாத்",போதாது,verified_scan,"Scan confirms it is not enough."
katturaigal/kaelviyum_bathilum201147.md,"நகைச்சுவை அரசர்11.8. கிருஷ்ணன்",நகைச்சுவை அரசர் N.S. கிருஷ்ணன்,verified_scan,"Roman initials recovered directly from scan."
katturaigal/kaelviyum_bathilum201147.md,"அணாவியர் கழகம்",திராவிடர் கழகம்,verified_scan,"Scan confirms Dravidar Kazhagam in the Corporation-election question."
katturaigal/kaelviyum_bathilum201147.md,"70. - நீர் கட்சியிலிருந்து தங்கை. ஒதச்சப்புட்டிரார் ... ஒதுங்க நேரிட்டது!",10. நீர் கட்சியிலிருந்து ஒதுங்கினீரா ஒதுக்கப்பட்டீரா? ஒதுங்க நேரிட்டது!,verified_scan,"Question and concise answer recovered directly from scan."
katturaigal/kaelviyum_bathilum201147.md,"17. சதாகாலமும்",11. சதாகாலமும்,verified_scan,"Question number recovered directly from scan."
katturaigal/kaelviyum_bathilum201147.md,"அவசிமில்லை",அவசியமில்லை,verified_context,"Missing consonant in no necessity."
katturaigal/kaelviyum_bathilum201147.md,"23-11-1947",23-11-1947,verified_scan,"Final scan date retained; filename's 20-11-47 is not authoritative."
katturaigal/corp_alangolam.md,"க௱ம்ள்ரறேஷன் காலவ்கோலம்",கார்ப்பரேஷன் அலங்கோலம்,verified_context,"Heavily damaged title recovered from filename, subject, and recognizable glyph sequence."
katturaigal/corp_alangolam.md,"கேபால் ரத்தினம்",கோபால ரத்தினம்,verified_context,"Name normalized from the earlier and later clear occurrences."
katturaigal/corp_alangolam.md,"கார்ப்பஷேனில்",கார்ப்பரேஷனில்,verified_context,"Dropped letters in in the Corporation."
katturaigal/corp_alangolam.md,"மொஜாரட்டியாக",மெஜாரிட்டியாக,verified_context,"OCR corruption in as a majority."
katturaigal/corp_alangolam.md,"தத்தம் கட்சியை எடுத்துக்கூற",தத்தம் வழக்கை எடுத்துக்கூற,probable_reading,"Context is the punished members being denied an opportunity to present their respective cases."
katturaigal/corp_alangolam.md,"அவர்கள் 'போக்தை அறியும் வரை",அவர்கள் போக்கை அறியும் வரை,verified_context,"OCR insertion in until their course becomes known."
katturaigal/corp_alangolam.md,"தேசிய நோக்கம் கொண்ட பத்திரிகைகள் காங்கிரஸ் காரியக் கமிட்டி தனது அபிப்பிராயத்தைத் தெரிவித்திருக்கிறது",தேசிய நோக்கம் கொண்ட பத்திரிகைகள்,duplicate_ocr,"Repeated clause boundary in the canonical OCR; translated once while source remains verbatim."
katturaigal/corp_alangolam.md,"எழுவதுவதற்குப்",எழுதுவதற்குப்,verified_context,"Duplicated syllable in to write attacks."
katturaigal/corp_alangolam.md,"ப்தி வதை இருக்கிறது",சந்தேகத்தை ஏற்படுத்துகிறது,probable_reading,"Severely damaged evaluative phrase after noting selective leniency; translated conservatively as raises suspicion."
katturaigal/corp_alangolam.md,"கர்ப்பரேஷனைக்",கார்ப்பரேஷனைக்,verified_context,"Vowel OCR substitution in the Corporation."
katturaigal/corp_alangolam.md,"மூடிவுகூற",முடிவுகூற,verified_context,"Vowel OCR error in pronounce a conclusion."
katturaigal/corp_alangolam.md,"பாக்கி 9899ஆம்",பாக்கி 999ஆம்,verified_context,"Duplicated digits; one part in a thousand leaves 999 parts."
katturaigal/corp_alangolam.md,"கார்ப்பரேஷள்",கார்ப்பரேஷன்,verified_context,"Final consonant OCR substitution."
katturaigal/corp_alangolam.md,"நமக்கு லந்து",நமக்கு வந்து,verified_context,"Consonant OCR substitution in arrive here."
katturaigal/sarintha_samrajyam_1.md,"இறிய தீவு",சிறிய தீவு,verified_context,"Dropped initial consonant in small island."
katturaigal/sarintha_samrajyam_1.md,"அடிமைப் பட்டுக் கடக்கும் நாடுகள்",அடிமைப்பட்டுக் கிடக்கும் நாடுகள்,probable_reading,"OCR substitutions in countries lying in subjection."
katturaigal/sarintha_samrajyam_1.md,"உள்நாட்டு வேதனையும் வெற்றியும்",உள்நாட்டு வேதனையும் வெடிப்பும்,probable_reading,"Context contrasts Britain's stability with domestic eruptions caused by economic disorder."
katturaigal/sarintha_samrajyam_1.md,"பெயரளவிற்காகவது",பெயரளவிற்காவது,verified_context,"Missing long vowel in at least nominally."
katturaigal/sarintha_samrajyam_1.md,"விளங்குகறைது",விளங்குகிறது,verified_context,"OCR transposition in flourishes."
katturaigal/sarintha_samrajyam_1.md,"மூலதனம் இறுகக் சிறுகக் கரைய",மூலதனம் சிறுகச் சிறுகக் கரைய,probable_reading,"Damaged repetition in gradually melt away."
katturaigal/sarintha_samrajyam_1.md,"கடன் கொடுக்க வேண்டிய திலைபிறந்தது",கடன் கேட்க வேண்டிய நிலை பிறந்தது,probable_reading,"Economic reversal requires Britain to seek or borrow rather than lend."
katturaigal/sarintha_samrajyam_1.md,"பொருளாதாரத்தைச் ர் செய்துகொள்ளும்",பொருளாதாரத்தைச் சீர்செய்துகொள்ளும்,verified_context,"Dropped syllable in repair its economy."
katturaigal/sarintha_samrajyam_1.md,"மூரண்பாடு",முரண்பாடு,verified_context,"Vowel OCR error in contradiction."
katturaigal/sarintha_samrajyam_1.md,"மணிலாக்கொட்டை",மணிலாக்கொட்டை,source_wording,"Period Tamil term for groundnut retained by meaning."
katturaigal/sarintha_samrajyam_1.md,"௮தஇக",அதிக,verified_context,"OCR glyph corruption in greater."
katturaigal/sarintha_samrajyam_1.md,"தலைதாரக்க",தலைதூக்க,verified_scan,"Scan confirms unable to raise its head."
katturaigal/sarintha_samrajyam_1.md,"பெர்லிலைத்",பெர்லினைத்,verified_context,"Final consonant OCR substitution in Berlin."
katturaigal/sarintha_samrajyam_1.md,"போர் மூளஞூமானால்",போர் மூளுமானால்,verified_context,"Inserted glyph in if war erupts."
katturaigal/moodupani_vilaga.md,"உலகன் கவனத்தை",உலகின் கவனத்தை,verified_context,"Missing vowel in the world's attention."
katturaigal/moodupani_vilaga.md,"சத்திபெற்றுவிட்டது",சக்தி பெற்றுவிட்டது,verified_context,"Consonant substitution and word join in has gained power."
katturaigal/moodupani_vilaga.md,"மலடோவின்",மலோடோவின்,probable_reading,"Name refers to Soviet statesman Molotov; rendered by conventional English spelling."
katturaigal/moodupani_vilaga.md,"வலையில் சக்௫இக் இடந்தது",வலையில் சிக்கிக் கிடந்தது,verified_context,"Numeral-like glyph and consonant loss in lay caught in the net."
katturaigal/moodupani_vilaga.md,"மான்களின் களியாட்டத்திலே",சீமான்களின் களியாட்டத்திலே,probable_reading,"Likely aristocrats' revelry in sequence with Tsar and Rasputin."
katturaigal/moodupani_vilaga.md,"க்கச் சரழிக்கப்பட்ட",மிகச் சீரழிக்கப்பட்ட,probable_reading,"Damaged phrase in greatly degraded."
katturaigal/moodupani_vilaga.md,"எறி எழுத்து போரிட்டு",எதிர்த்து எழுந்து போரிட்டு,probable_reading,"Damaged phrase describing tortured people rising in resistance."
katturaigal/moodupani_vilaga.md,"சீரும் சிறப்பும் பற்றல்",சீரும் சிறப்பும் பெற்றது,verified_context,"OCR substitution in attained prosperity and distinction."
katturaigal/moodupani_vilaga.md,"அவனி அதியாவண்ணம்",அவனி அறியாவண்ணம்,probable_reading,"Damaged wording in so the world would not know."
katturaigal/moodupani_vilaga.md,"இந்தப் பீதியைக் இளப்பி",இந்தப் பீதியைக் கிளப்பி,verified_context,"Dropped consonant in inflaming this fear."
katturaigal/moodupani_vilaga.md,"நிறைவேநாது",நிறைவேறாது,verified_context,"Consonant OCR substitution in will not be fulfilled."
katturaigal/moodupani_vilaga.md,"குறிக்கோளகக்",குறிக்கோளாகக்,verified_context,"Missing long vowel in as the goal."
katturaigal/moodupani_vilaga.md,"ஒருவன் உழைப்பில் ஒருவன் தோகரமல் சாப்பிடுகிறது",ஒருவன் உழைப்பில் ஒருவன் நோகாமல் சாப்பிடுகிறது,probable_reading,"Periyar quotation contrasts one person's labour with another eating without suffering."
katturaigal/moodupani_vilaga.md,"பட்டினிழில்",பட்டினியில்,verified_context,"Consonant OCR substitution in in starvation."
katturaigal/moodupani_vilaga.md,"சயமரியாதை",சுயமரியாதை,verified_context,"Vowel OCR error in Self-Respect."
katturaigal/moodupani_vilaga.md,"மக்கவிடை",மக்களிடை,verified_context,"Dropped consonant in among people."
katturaigal/moodupani_vilaga.md,"அழஇனைக்",அழகினைக்,verified_context,"Glyph substitution in the beauty."
katturaigal/moodupani_vilaga.md,"சுரண்டல் மூறை",சுரண்டல் முறை,verified_context,"Vowel OCR error in method of exploitation."
katturaigal/moodupani_vilaga.md,"உண்டாக்கயதும்",உண்டாக்கியதும்,verified_context,"Vowel OCR substitution in created."
katturaigal/moodupani_vilaga.md,"முடிக்கயிறுகள்",முடிக்கயிறுகள்,source_wording,"Metaphor for cords binding or crowning capitalism; translated as crown ropes and flagged as culturally dense."
katturaigal/moodupani_vilaga.md,"தாவப்பட்டிருந்த",திணிக்கப்பட்டிருந்த,probable_reading,"Context is long-standing ideas implanted in poor Russian minds."
katturaigal/moodupani_vilaga.md,"இதழ்பெற்றுப் பயன் பெறுவர்",இதழ் பெற்றுப் பயன் பெறுவர்,word_join,"Readers obtaining the issue and benefiting."
katturaigal/vignana_olimun.md,"[title absent from OCR]",விஞ்ஞான ஒளிமுன்...!,verified_scan,"Title recovered directly from the top of the first scan."
katturaigal/vignana_olimun.md,"ப /ரபசர் வதம் எஸ். புக்சிலி லண்டன் ் லிட்டரி கைடில்",புரபசர் ஜூலியன் எஸ். ஹக்சிலி லண்டன் லிட்டரி கைடில்,verified_scan,"Attribution recovered directly from scan; rendered by conventional English spelling Julian S. Huxley."
katturaigal/vignana_olimun.md,"முலியவைகளை",முதலியவைகளை,verified_context,"Dropped consonant in and similar properties."
katturaigal/vignana_olimun.md,"கடவுளையும் கடவுள்களைக் கர்த்தாவாகவும்",கடவுளையும் கடவுள்களையும் கர்த்தாவாகவும்,verified_context,"Case-ending OCR noise in made God or gods the creator."
katturaigal/vignana_olimun.md,"நிகழ்ச்சிசளுக்கும்",நிகழ்ச்சிகளுக்கும்,verified_context,"Consonant OCR substitution in for all events."
katturaigal/vignana_olimun.md,"ஒருவேளை இிலருக்கு",ஒருவேளை சிலருக்கு,verified_context,"Dropped initial consonant in perhaps for some."
katturaigal/vignana_olimun.md,"அந்தக் கலம்தான் சூன்யமாக",அந்தக் கலம்தான் சூன்யமாக,source_wording,"Printed vessel metaphor for finding no real means of deliverance."
katturaigal/vignana_olimun.md,"மக்களை மாக்களாக்குவதை",மக்களை மாக்களாக்குவதை,source_wording,"Alliterative phrase meaning reducing human beings to beasts."
katturaigal/vignana_olimun.md,"நம்பழுடியவில்லை",நம்பமுடியவில்லை,verified_context,"OCR insertion in cannot believe."
katturaigal/vignana_olimun.md,"எல்லாப் புரட்சிகளையும் பொசுக்கிவிடுகின்றது",எல்லாப் புரட்டுகளையும் பொசுக்கிவிடுகின்றது,probable_reading,"Context is science burning away frauds or fabrications, not revolutions."
katturaigal/vignana_olimun.md,"ஆஸ்திகவாதங்கள் என்து",ஆஸ்திகவாதங்கள் எனது,verified_context,"Consonant OCR substitution in my ears."
katturaigal/vignana_olimun.md,"1720 வயது. சென்ற இழடு",70 வயது சென்ற கிழடு,probable_reading,"Numeral and consonant OCR noise in an old person past seventy."
katturaigal/vignana_olimun.md,"த ச்ட் விட்டால்",அதை விட்டால்,probable_reading,"Damaged phrase in if those are removed what remains in religion."
katturaigal/vignana_olimun.md,"சாகாத்தன்மையிலும் ந்த்கள் நம்பிக்கை",சாகாத்தன்மையிலும் மனிதர்கள் நம்பிக்கை,probable_reading,"Missing noun in if people do not believe in immortality."
katturaigal/vignana_olimun.md,"நாஸ்$கர்களை",நாஸ்திகர்களை,verified_context,"Symbol OCR insertion in atheists."
katturaigal/vignana_olimun.md,"சம்ஸய வாதிகள்",சம்சயவாதிகள்,verified_context,"Period term for sceptics or agnostics."
katturaigal/vignana_olimun.md,"அறிவு, வளிம்ர்னன் அழகு",அறிவு வலிமை அழகு,probable_reading,"Damaged list of human capacities: knowledge strength beauty."
katturaigal/vignana_olimun.md,"ஒவ்வொரு நாம் அனுபவத்தினால்தான்",ஒவ்வொரு நாள் அனுபவத்தினால்தான்,probable_reading,"Final sentence means development through day-to-day experience."
katturaigal/veerar_veerarthan.md,"வீரர், வீரர்தான்/",வீரர் வீரர்தான்!,verified_context,"Slash OCR represents emphatic title punctuation."
katturaigal/veerar_veerarthan.md,"கொலு இருக்கும் தூதர்கள்",கொலுவிருக்கும் தூதர்கள்,word_join,"Ambassadors sitting ceremonially or in splendour abroad."
katturaigal/veerar_veerarthan.md,"ஓட்டை மோடாரும்",ஓட்டை மோட்டாரும்,verified_context,"Consonant OCR substitution in worn-out motorcars."
katturaigal/veerar_veerarthan.md,"காட்டுராஜா",காட்டு ராஜா,source_wording,"Figurative landed magnate owning enormous grazing acreage."
katturaigal/veerar_veerarthan.md,"வாழ்க்கைத் தரம் படுத்துவிடுமாம்",வாழ்க்கைத் தரம் கெட்டுவிடுமாம்,probable_reading,"Context is the racist claim that living standards would decline."
katturaigal/veerar_veerarthan.md,"நேருபண்டி,தரைக்",நேரு பண்டிதரைக்,verified_context,"Punctuation and consonant OCR damage in Pandit Nehru."
katturaigal/veerar_veerarthan.md,"நிறத்தமிர்",நிறத்திமிர்,verified_context,"Missing vowel in racial arrogance."
katturaigal/veerar_veerarthan.md,"எவ்ளவு",எவ்வளவு,verified_context,"Missing consonant in how much."
katturaigal/veerar_veerarthan.md,"பல நாடுகளை ிந்திக்கச்",பல நாடுகளைச் சிந்திக்கச்,verified_context,"Dropped initial consonant in make many countries think."
katturaigal/veerar_veerarthan.md,"ஐனநாயகத்தைக்",ஜனநாயகத்தைக்,verified_context,"Initial consonant OCR substitution in democracy."
katturaigal/veerar_veerarthan.md,"ஒரு மூகாம் அமைப்போம்",ஒரு முகாம் அமைப்போம்,verified_context,"Vowel OCR error in establish a camp or bloc."
katturaigal/veerar_veerarthan.md,"தரியப்பா",கரியப்பா,verified_context,"Initial consonant OCR substitution in Cariappa."
katturaigal/veerar_veerarthan.md,"27-6-௦4",27-6-54,probable_reading,"Damaged year reconstructed from scan form and the historical overlap of Cariappa and Casey in Australia."
katturaigal/puliyana_kathai.md,"புலியான பூவை",புலியான பூவை,source_wording,"`பூவை` can signify a maiden or carry a flower image; translated as maiden from the article's repeated feminine contrast."
katturaigal/puliyana_kathai.md,"மெல்லியலார்",மெல்லியலார்,source_wording,"Literary term for delicate women retained by descriptive meaning."
katturaigal/puliyana_kathai.md,"கெண்டுவந்து",கொண்டுவந்து,verified_context,"Vowel OCR substitution in bring what we ask."
katturaigal/puliyana_kathai.md,"18,24,000 ரூபாய்","18,24,000 ரூபாய்",source_wording,"Demand retained exactly as the Indian-numbering figure printed in source; translated as 1,824,000 rupees."
katturaigal/puliyana_kathai.md,"கலாபம்",கலாபம்,source_wording,"Poetic image appears to stand for a peacock or its plume and dance; translated contextually."
katturaigal/puliyana_kathai.md,"புத்தியீலோ",புத்தியிலோ,verified_context,"Long-vowel OCR error in in their minds."
katturaigal/puliyana_kathai.md,"கார்ட்டோரி",கார்ட்டோரி,uncertain,"Italian woman's name has no Roman spelling in source; transliterated conservatively as Karttori."
katturaigal/puliyana_kathai.md,"ஆர்ட்டூரோ",ஆர்ட்டூரோ,source_wording,"Italian personal name transliterated as Arturo."
katturaigal/puliyana_kathai.md,"ஆஸ்வால்டோ",ஆஸ்வால்டோ,source_wording,"Italian personal name transliterated as Osvaldo."
katturaigal/puliyana_kathai.md,"பெராஜானா",பெராஜானா,uncertain,"Italian town name is uncertain; transliterated as Perajana rather than guessed."
katturaigal/puliyana_kathai.md,"நிளைத்த போது",நினைத்த போது,verified_context,"Consonant OCR substitution in when I thought."
katturaigal/puliyana_kathai.md,"ஆளாக்கிவிட்ட பெரியார்",ஆளாக்கிவிட்ட பெரியார்,source_wording,"Means Periyar made them capable or formed them as persons, not merely ruled them."
katturaigal/puliyana_kathai.md,"நக்க்ககக்",,ocr_noise,"Trailing non-lexical OCR noise after publication line; canonical source remains unchanged."
sirukathaigal/sudumoonchi.md,"Image 5: No OCR text detected",full_page_transcribed,verified_scan,"The scan contains a full middle page; it was manually transcribed into the corrected OCR source before translation."
sirukathaigal/sudumoonchi.md,"Image 7: No OCR text detected",full_page_transcribed,verified_scan,"The scan contains the horoscope-fraud confession; it was manually transcribed into the corrected OCR source before translation."
sirukathaigal/sudumoonchi.md,"Image 8: No OCR text detected",full_page_transcribed,verified_scan,"The scan contains the conclusion and date 3-2-1946; it was manually transcribed into the corrected OCR source before translation."
sirukathaigal/sudumoonchi.md,வேகத்திடம்,வேதத்திடம்,verified_scan,"The scan names the courtesan Vedam; OCR substituted க for த."
sirukathaigal/sudumoonchi.md,முன்கதையால்,முந்தானையால்,verified_scan,"The scan says Rami wiped Ekambaram's tears with the loose end of her sari."
sirukathaigal/sudumoonchi.md,"1. ஐரதகம் பார்ததாச்சா",ஜாதகம் பார்த்தாச்சா,verified_scan,"Severe OCR corruption at the beginning of the horoscope sentence was repaired from image 6."
sirukathaigal/sudumoonchi.md,இலட்சாஇபது,இலட்சாதிபதி,verified_scan,"The scan refers to millionaires in Market Street."
sirukathaigal/sudumoonchi.md,"பூச நட்சத்திரம்",பூசம் நட்சத்திரம்,source_spelling,"The printed colloquial form பூச is retained in the corrected Tamil source; interpreted as the Poosam birth star."
sirukathaigal/naan_manithananaen.md,"Image 1: No OCR text detected",full_page_transcribed,verified_scan,"Opening title and framing page manually transcribed from the scan."
sirukathaigal/naan_manithananaen.md,"Image 2: No OCR text detected",full_page_transcribed,verified_scan,"Second opening page manually transcribed from the scan."
sirukathaigal/naan_manithananaen.md,"Image 8: No OCR text detected",full_page_transcribed,verified_scan,"Penultimate page of the nobleman's account manually transcribed from the scan."
sirukathaigal/naan_manithananaen.md,"Image 9: No OCR text detected",full_page_transcribed,verified_scan,"Final page and date 17-11-1946 manually transcribed from the scan."
sirukathaigal/naan_manithananaen.md,"8 மான் / € மான் / ச மான்",சீமான்,verified_scan,"OCR repeatedly replaced characters in the social title சீமான் with digits or currency symbols."
sirukathaigal/naan_manithananaen.md,"பஇனெட்டு",பதினெட்டு,verified_context,"OCR corruption in the narrator's age when commissioned into the army."
sirukathaigal/naan_manithananaen.md,"விலஇஒற்று - இதம் ஒலித்தது",விலகிற்று - கீதம் ஒலித்தது,verified_scan,"The banquet curtain parts and music sounds."
sirukathaigal/naan_manithananaen.md,"பிணமாகக் கடந்தான்",பிணமாகக் கிடந்தான்,verified_scan,"Vasia is found lying dead in the carriage."
sirukathaigal/naan_manithananaen.md,"மங்காசமான",மந்தகாசமான,verified_scan,"The Tsar responds with a faint restrained smile."
sirukathaigal/maduraikku_ticket_illai.md,"Image 1: No OCR text detected",full_page_transcribed,verified_scan,"Title and opening monologue manually transcribed from the scan."
sirukathaigal/maduraikku_ticket_illai.md,"நமது ௬௧ துக்கதீதுக்குப் பாதயப்பட்டவள்",நமது சுகதுக்கத்துக்குப் பாத்தியப்பட்டவள்,verified_context,"Digit substitution and damaged consonants in the description of a wife sharing joy and sorrow."
sirukathaigal/maduraikku_ticket_illai.md,"நாரனா? நான்தான் கலவலியாணமேே செய்து கொள்ளவில்யைய",நானா? நான்தான் கலியாணமே செய்து கொள்ளவில்லை,verified_context,"Severe OCR corruption in Madurai's declaration that he will not marry."
sirukathaigal/maduraikku_ticket_illai.md,வைதூரி,வைசூரி,verified_context,"The same paragraph identifies smallpox; OCR substituted த for ச."
sirukathaigal/maduraikku_ticket_illai.md,தங்காணி,கங்காணி,verified_context,"Colonial plantation labour recruiter or overseer."
sirukathaigal/maduraikku_ticket_illai.md,அழோகரா,அரோகரா,uncertain,"Likely OCR or source spelling of the mendicant cry Arogara; source form retained."
sirukathaigal/maduraikku_ticket_illai.md,இதோபதேசம்,ஹிதோபதேசம்,verified_context,"OCR omitted the initial consonant in the Sanskrit-derived term for moral instruction."
sirukathaigal/maduraikku_ticket_illai.md,சித்தார்ந்தம்,சித்தாந்தம்,verified_context,"OCR consonant substitution in doctrine or philosophy."
sirukathaigal/theerpaliyungal.md,"Image 2: No OCR text detected",full_page_transcribed,verified_scan,"The magistrate's opening explanation and legal dilemma were manually transcribed from the scan."
sirukathaigal/theerpaliyungal.md,தீர்்ப்பளியூங்கள்,தீர்ப்பளியுங்கள்,verified_scan,"OCR vowel and combining-mark errors in the title."
sirukathaigal/theerpaliyungal.md,"௬ஜு / ர௬ஜு / ௬ஜுகள்","ருஜு / ருஜுகள்",verified_context,"OCR replaced the initial Tamil letter with the digit six in the repeated legal term for proof."
sirukathaigal/theerpaliyungal.md,யவயோக்யன்,யோக்யன்,verified_context,"Extraneous OCR characters in the worthy or honourable side of the contrast."
sirukathaigal/theerpaliyungal.md,அமயோக்கியனானான்,அயோக்கியனானான்,verified_context,"OCR inserted an extra consonant in the magistrate's central question."
sirukathaigal/theerpaliyungal.md,சங்கிவி,சங்கிலி,verified_context,"OCR consonant substitution in the chain Mahalingam attempts to sell."
sirukathaigal/theerpaliyungal.md,மாகலிங்கம்,மகாலிங்கம்,verified_context,"OCR vowel insertion in the accused man's name near the conclusion."
sirukathaigal/pulinagam.md,"Image 2: No OCR text detected",full_page_transcribed,verified_scan,"Afzal Khan's advance with the Bijapur army was manually transcribed from the scan."
sirukathaigal/pulinagam.md,"Image 6: No OCR text detected",full_page_transcribed,verified_scan,"Shivaji's midnight appeal to Gopinath Pandit was manually transcribed from the scan."
sirukathaigal/pulinagam.md,மாக்கங்களை,மாற்றங்களை,verified_context,"OCR consonant corruption in Shivaji producing changes in a faded Maharashtra."
sirukathaigal/pulinagam.md,ஆரியவர்ததம்,ஆரியவர்த்தம்,verified_context,"OCR doubled the wrong consonant in Aryavarta."
sirukathaigal/pulinagam.md,தூதுனனரக,தூதனாக,verified_context,"OCR corruption in Gopinath arriving as an envoy."
sirukathaigal/pulinagam.md,தர்மாதாமம்,தர்மாதர்மம்,verified_context,"OCR omitted the contrasting consonants in right and wrong or dharma and adharma."
sirukathaigal/pulinagam.md,புவிநகத்தால்,புலிநகத்தால்,verified_context,"Crucial OCR substitution in the final contrast with the title Tiger Claws."
sirukathaigal/palliyarayil_paramasivan.md,"Image 4: no OCR text","Full page transcribed from scan",verified_scan,"Restores the transition from the Imphal war news to the divine bedchamber dialogue."
sirukathaigal/palliyarayil_paramasivan.md,"Image 6: no OCR text","Full page transcribed from scan",verified_scan,"Restores Parvati's challenge and Siva's account of what he gave humanity."
sirukathaigal/palliyarayil_paramasivan.md,"௧6 தயைக்","கதையைக்",verified_context,"Mixed numeral and character corruption in Bharathan's refusal to hear Veeran's story."
sirukathaigal/palliyarayil_paramasivan.md,இத்தாவியிலே,இத்தாலியிலே,verified_context,"The following Cassino battlefield reference establishes Italy."
sirukathaigal/palliyarayil_paramasivan.md,லிங்கேட்,விங்கேட்,verified_context,"Historical reference is to General Wingate and his airborne operations in Burma."
sirukathaigal/palliyarayil_paramasivan.md,மயோசனையிலே,யோசனையிலே,verified_context,"Stray initial consonant introduced by OCR."
sirukathaigal/palliyarayil_paramasivan.md,வரயை,வாயை,verified_context,"Bharathan is trying to silence Veeran."
sirukathaigal/palliyarayil_paramasivan.md,மேபேசுவதைக்,பேசுவதைக்,verified_scan,"Image 5 reads அவர்கள் பேசுவதைக் கேளும்."
sirukathaigal/palliyarayil_paramasivan.md,தாமாட்சி,காமாட்சி,verified_scan,"Image 5 clearly addresses the goddess as Kamakshi."
sirukathaigal/palliyarayil_paramasivan.md,"கையாலா வாசமும்","கைலாய வாசமும்",verified_scan,"Image 6 and the catalogue of divine comforts support life on Kailasa."
sirukathaigal/palliyarayil_paramasivan.md,"கங்கையின் கல்லாபமும்","கங்கையின் சல்லாபமும்",verified_scan,"Image 6 reads the dalliance or conversation of the Ganges."
sirukathaigal/palliyarayil_paramasivan.md,பாமரலை,பாமாலை,verified_context,"Parvati lists garlands of verse among offerings made to Siva."
sirukathaigal/palliyarayil_paramasivan.md,கதமொழிக்,கீதமொழிக்,verified_context,"The temple performers are sweet-voiced singers paired with dancers."
sirukathaigal/palliyarayil_paramasivan.md,ரஈயே,விட்டாயே,verified_context,"Severe character corruption at the end of Bharathan's mocking sentence."
sirukathaigal/palliyarayil_paramasivan.md,தனவு,கனவு,verified_context,"The surrounding discussion repeatedly concerns a published dream."
sirukathaigal/palliyarayil_paramasivan.md,பார்வஇியும்,பார்வதியும்,verified_context,"Character corruption in the paired names Paramasivan and Parvati."
sirukathaigal/palliyarayil_paramasivan.md,இரிக்கவில்லை,சிரிக்கவில்லை,verified_context,"The contrast is with Bharathan laughing at Veeran's dream."
sirukathaigal/palliyarayil_paramasivan.md,ஷிஷயமென்ன,விஷயமென்ன,verified_context,"OCR substituted the initial Tamil consonant in public-finance matter."
sirukathaigal/palliyarayil_paramasivan.md,"எ'ுமைக் கன்று","எருமைக் கன்று",verified_context,"The concluding list begins with a six-legged buffalo calf."
sirukathaigal/prasang_booshanam.md,"Image 1: no OCR text","Full page transcribed from scan",verified_scan,"Restores the title and opening portrait of Pulavar Boologanathar preparing for his lecture."
sirukathaigal/prasang_booshanam.md,"Image 2: no OCR text","Full page transcribed from scan",verified_scan,"Restores Arunachala Iyer's motive and the lecturer's quotation-filled acceptance."
sirukathaigal/prasang_booshanam.md,"சத்ததா காலக்ஷேபம்","சங்கீத காலக்ஷேபம்",verified_context,"The priest rejects the costlier musical religious discourse in favour of a lecture."
sirukathaigal/prasang_booshanam.md,வாச்கததிலே,வாசகத்திலே,verified_context,"Duplicated and transposed OCR characters in the pulavar's explanation of his sentence."
sirukathaigal/prasang_booshanam.md,பூக்ஷணம்,பூஷணம்,verified_context,"Repeated corruption of the title phrase பிரசங்க பூஷணம்."
sirukathaigal/prasang_booshanam.md,"கூட்டத்தின்௧கண்","கூட்டத்தின்கண்",verified_context,"A Tamil numeral was inserted into the locative suffix."
sirukathaigal/prasang_booshanam.md,"அளைவியமால் அ அவை ஆடக்கம்","அளவியாமல் அவையடக்கம்",probable,"The sentence says he does not waste time with an immoderate modest preface; scan typography remains slightly uncertain."
sirukathaigal/prasang_booshanam.md,"குருசீ.. முறை","குரு-சிஷ்ய முறை",verified_context,"The pupil cannot contradict his teacher because it would violate guru-disciple discipline."
sirukathaigal/prasang_booshanam.md,ஞானாரசசிரியன்,ஞானாசிரியன்,verified_context,"OCR inserted stray consonants into teacher of wisdom."
sirukathaigal/prasang_booshanam.md,தடந்து,நடந்து,verified_context,"The phrase concerns however we conduct ourselves."
sirukathaigal/prasang_booshanam.md,தயாரிதது,தயாரித்து,verified_context,"Missing pulli and vowel sign in preparing the lecture notes."
sirukathaigal/prasang_booshanam.md,வைபவழும்,வைபவமும்,verified_context,"The temple dedication ceremony will also take place."
sirukathaigal/prasang_booshanam.md,"மகிழ்ச்சியாகதத. ரன்","மகிழ்ச்சியாகத்தான்",verified_context,"Severe OCR damage in the pulavar's pleasure at the enlarged festival."
sirukathaigal/prasang_booshanam.md,பொகுளுடைத்து,பொருளுடைத்து,verified_context,"Tamil possesses the substance called sweetness."
sirukathaigal/prasang_booshanam.md,நடதீதவா,நடத்தவா,verified_context,"The pulavar asks whether two lectures cannot be conducted on one day."
sirukathaigal/prasang_booshanam.md,போலிகுந்தது,போலிருந்தது,verified_context,"At the final contradiction the universe seems to be dancing."
sirukathaigal/samayapurathamman.md,"Images 11-13: severe OCR dropout","Three page blocks transcribed from scans",verified_scan,"Restores the political-meeting analogy, legal demand, signature, postscript, and opening of the appended news report."
sirukathaigal/samayapurathamman.md,சமயபுரததம்.மன்,சமயபுரத்தம்மன்,verified_context,"Title corruption corrected from the repeated divine name throughout the work."
sirukathaigal/samayapurathamman.md,".தஷ்ட வழக்கு","நஷ்ட வழக்கு",verified_context,"Title-bearing legal phrase was corrupted by OCR."
sirukathaigal/samayapurathamman.md,"ராண மதம்","சனாதன மதம்",verified_context,"The petition praises government protection of Sanatana religion."
sirukathaigal/samayapurathamman.md,மகஜரை,மகஜரை,retained,"Period spelling for mahazar or formal petition is retained and translated by function."
sirukathaigal/samayapurathamman.md,டஓுமள்ள,மெள்ள,verified_context,"Duplicated adverb in the temple influence growing slowly but surely."
sirukathaigal/samayapurathamman.md,௨௫௬௧,உருக,verified_context,"Spurious numeral sequence interrupted உள்ளம் உருக."
sirukathaigal/samayapurathamman.md,மோடார்கள்,மோட்டார்கள்,verified_context,"The goddess boasts of the motorcars that visited her shrine."
sirukathaigal/samayapurathamman.md,பத்தகோடிகள்,பக்தகோடிகள்,verified_context,"Refers to the goddess's crores of devotees."
sirukathaigal/samayapurathamman.md,சுயமரியதைக்காரர்கள்,சுயமரியாதைக்காரர்கள்,verified_context,"Movement name corrected."
sirukathaigal/samayapurathamman.md,ஜறத்தாக்குடி,புறத்தாக்குடி,verified_context,"Place name restored from repeated context and appended report."
sirukathaigal/samayapurathamman.md,முவகறார்கள்,முழங்குகிறார்கள்,verified_context,"Crowds loudly proclaim the rival shrine's power."
sirukathaigal/samayapurathamman.md,"மூவாதி தேவர்களால் தரப்பட்। மலமதம்","முப்பத்து முக்கோடி தேவர்களால் தரப்பட்ட மதம்",verified_scan,"Damaged conventional phrase restored from image 10."
sirukathaigal/sengarumbu.md,"Part 2 image 5: extensive left-edge dropout","Full flood page transcribed from scan",verified_scan,"Restores evacuation warnings, rising water, Chinnappan carrying Sengarumbu, and Kattiri reaching them."
sirukathaigal/sengarumbu.md,"Part 2 image 7: extensive left-edge dropout","Full reconciliation page transcribed from scan",verified_scan,"Restores Kattiri's losses, confession, moral change, and Singaram's request to be accepted as his son."
sirukathaigal/sengarumbu.md,செங்ககும்பு,செங்கரும்பு,verified_context,"Heroine's title-bearing name was corrupted in the marriage-news passage."
sirukathaigal/sengarumbu.md,கததிரி,கத்திரி,verified_context,"Repeated character duplication in Kattiri's name."
sirukathaigal/sengarumbu.md,இசங்கரும்பு,செங்கரும்பு,verified_context,"Stray initial vowel marker in the heroine's name."
sirukathaigal/sengarumbu.md,பைதயக்கார,பைத்தியக்கார,verified_context,"Missing consonant marker in Chinnappan's rebuke to his daughter."
sirukathaigal/sengarumbu.md,"தோப்புததுறை / தோப்புதீதுறை",தோப்புத்துறை,verified_context,"Place name normalized from repeated OCR substitutions."
sirukathaigal/sengarumbu.md,"பத்துக்களையும் ... ரம் ஏறியிருந்த","ஆபத்துக்களையும் ... உரம் ஏறியிருந்த",verified_scan,"Image 5 restores the opening letters in the description of villagers hardened by danger."
sirukathaigal/sengarumbu.md,"நினைப்பு ... புத்தி ... நல்லவனாயிட்டேன்","கெட்ட நினைப்பு ... கேடுகெட்ட புத்தி ... நானும் நல்லவனாயிட்டேன்",verified_scan,"Image 7 confirms Kattiri's explicit moral transformation."
sirukathaigal/sengarumbu.md,"என் மகன், மாடு கண்ணு எல்லாம்",same,verified_scan,"Crucial loss omitted by OCR: the flood has taken Kattiri's son and livestock as well as his village."
sirukathaigal/sengarumbu.md,"நீங்கதான் அவ மாமனாரு",same,verified_scan,"Closing kinship resolution was absent from OCR and restored from image 7."
sirukathaigal/kanni_vithavai.md,"Part 2 image 6: extensive OCR dropout","Page block transcribed from scan",verified_scan,"Restores Rangan calling Somasundaram divine, the one-lakh wager, and the planned financial trap."
sirukathaigal/kanni_vithavai.md,"Part 2 image 8: extensive OCR corruption","Final page transcribed from scan",verified_scan,"Restores Somasundaram's suicide note, death, Kuthalalingam's collapse, and the title-bearing final sentence."
sirukathaigal/kanni_vithavai.md,இருமணம்,திருமணம்,verified_context,"Repeated loss of the initial consonant in the story's central marriage references."
sirukathaigal/kanni_vithavai.md,எதிலுபர்,எதிலும்,verified_context,"Stray characters in the list of incompatibilities between Selli and Somasundaram."
sirukathaigal/kanni_vithavai.md,சோமசுநதரம்,சோமசுந்தரம்,verified_context,"Name corruption corrected consistently."
sirukathaigal/kanni_vithavai.md,"எப்படிட பட்ட","எப்படிப்பட்ட",verified_scan,"Restored from Somasundaram's explanation of the wager."
sirukathaigal/kanni_vithavai.md,"ஒரு இலட்ச ரூப மனக் கண் மூன்","ஒரு இலட்ச ரூபாய் பந்தயத் தொகை — அதுதான் என் மனக் கண் முன்",verified_scan,"Scan confirms the wager amount and Somasundaram's fixation on it."
sirukathaigal/kanni_vithavai.md,"த ரககம ... அவ்ளான்கிலைக் கொடு","அடித்தாய் ... துப்பாக்கியைக் கொடு",verified_scan,"Severe corruption in Somasundaram's last request for the pistol."
sirukathaigal/kanni_vithavai.md,"மனம் உடைந்து கன்","மனம் உடைந்து தற்கொலை",verified_scan,"Exact wording of the protective suicide note."
sirukathaigal/kanni_vithavai.md,"சோமசுந்தரத்தின் [incomplete]","சோமசுந்தரத்தின் உயிர் பிரிந்தது",verified_scan,"Missing end of the death sentence restored from final scan."
sirukathaigal/kanni_vithavai.md,கன்னி,கன்னி,retained,"Virgin in the title refers to Selli remaining sexually untouched despite her formal marriage."
sirukathaigal/maelathikari.md,ப் மலதிகாரி!,மேலதிகாரி!,probable,"The damaged printed title is clear from the filename and the story's repeated superior-officer motif; source retained verbatim."
sirukathaigal/maelathikari.md,"கச்சாபகேசன் / கச்சா பகேசன் / கசசாபகேசன் / தச்சாபகேசன்",கச்சாபகேசன்,probable,"Spacing and initial-consonant variants are OCR damage to the same clerk's name; source retained verbatim."
sirukathaigal/maelathikari.md,"கோதண்டபாணி / கோதண்டன் / கோதண் டன் / மீகாதண்டன்",கோதண்டபாணி / கோதண்டன்,probable,"Context identifies these as full and shortened forms of the same clerk's name; source retained verbatim."
sirukathaigal/maelathikari.md,"உலகதாத / உலகழாதர்",உலகநாதர்,probable,"Context and repeated clean occurrences establish the manager's name; source retained verbatim."
sirukathaigal/maelathikari.md,"கே. கேசவன், பி.ஏ.",கச்சாபகேசன்,uncertain,"The surrounding action and article attribution point to Kachabakesan, but the scan itself appears to print K. Kesavan; translation follows narrative context and flags the discrepancy."
sirukathaigal/maelathikari.md,"ஜாத£யமும் பரா யமும்",ஜாதீயமும் பாரதீயமும்,probable,"The article's argument explicitly contrasts casteism with Indianism; source retained verbatim."
sirukathaigal/maelathikari.md,"அறுதூறு ரூயாக் செக்குடன்",அறுநூறு ரூபாய்ச் செக்குடன்,probable,"Clear numeral and currency OCR damage; source retained verbatim."
sirukathaigal/maelathikari.md,"ய் ம் ் ட் தி ௪ ன் ட",[unreadable OCR noise],unresolved,"No recoverable linguistic content is visible in the OCR line; it is not silently translated."
sirukathaigal/rajapart.md,"13 pages marked _No OCR text detected_",[full scan text recovered],recovered,"The PNGs marked white as transparent; flattening them before Tesseract recovered all eighteen pages and the merged canonical OCR source was regenerated."
sirukathaigal/rajapart.md,"6அச்சாபீஸ் மானேஜரைப்",அச்சாபீஸ் மானேஜரைப்,probable,"Leading 6 is OCR noise before the opening sentence; source retained verbatim."
sirukathaigal/rajapart.md,"குருமூர்தது / குருஹர்ததி / குருவறர்த்தி / குரு£ர்ததி",குருமூர்த்தி,probable,"Repeated OCR variants refer to the drama-company proprietor Gurumoorthi; source retained verbatim."
sirukathaigal/rajapart.md,"சங்்$தத்தை",சங்கீதத்தை,probable,"Embedded symbols are OCR damage in the discussion of music; source retained verbatim."
sirukathaigal/rajapart.md,"இந்த மெழுகு நிலையை",இந்த மெதுவான நிலையை,uncertain,"The metaphor contrasts a cool/quiescent state with showing fire; exact damaged adjective should be checked against the scan."
sirukathaigal/rajapart.md,"பத்துப் பிளேட் பண்டை",பத்துப் பிளேட் பண்ணியதற்கு,probable,"Context concerns a rumoured award after making ten gramophone records; source retained verbatim."
sirukathaigal/rajapart.md,"ஒ்ல்பவில் / ஸ் / ன / ழ்",[isolated OCR noise],unresolved,"Stray fragments between the shop and company comparison have no recoverable syntax and are not silently interpreted."
sirukathaigal/sollathathu.md,"8 pages marked _No OCR text detected_",[full scan text recovered],recovered,"The PNGs marked white as transparent; flattening them before Tesseract recovered all thirteen pages and the canonical OCR source was regenerated."
sirukathaigal/sollathathu.md,"அவளுடைய அழகைக் கண்டவர் களித்தனர்",அவளுடைய அழகைக் கண்டவர் களித்தனர்,retained,"The apparent split is grammatical as printed: those who saw her beauty rejoiced."
sirukathaigal/sollathathu.md,"ஆப்பக்கடைக்காரியின் மகனிடம் கனகு காதல் கொண்டிருந்ததை",ஆப்பக்கடைக்காரியின் மகளிடம் கனகு காதல் கொண்டிருந்ததை,probable,"The referent is Sundari, the appam seller's daughter; source retained verbatim."
sirukathaigal/sollathathu.md,"மனவைி",மனைவி,probable,"Clear OCR transposition in Thiruvengadam's unspoken account of his family; source retained verbatim."
sirukathaigal/sollathathu.md,"கள்ளச் சாவி",கள்ளச் சாராயம்,uncertain,"Context concerns Thiruvengadam finding an opportunity for intoxication; the exact scan reading should be rechecked."
sirukathaigal/sollathathu.md,"(ழதலிய லோக விசித்திரத்தை",முதலிய லோக விசித்திரத்தை,probable,"Leading parenthesis and first consonant are OCR damage; source retained verbatim."
sirukathaigal/sollathathu.md,"ஜிடந்த ஒரு குடும்பத்தை",கிடந்த ஒரு குடும்பத்தை,probable,"Clear initial-consonant OCR error; source retained verbatim."
sirukathaigal/sollathathu.md,"காவேரியில் ஸ்நானம் செய்த கனகனின் கதை",காவேரியில் ஸ்நானம் செய்த கனகனின் கதை,retained,"Deliberate closing wordplay involving Kanagu's wife Kaveri; not silently expanded into a single definitive meaning."
sirukathaigal/pavalapaspam.md,"21 pages marked _No OCR text detected_",[full scan text recovered],recovered,"Transparent-white PNGs caused Tesseract to omit most of the three-part story; all twenty-eight pages were flattened, re-OCRed, and merged before translation."
sirukathaigal/pavalapaspam.md,"66௪ தலகலாவல்லியே",சகலகலாவல்லியே,probable,"Leading numerals and damaged initial consonant affect the opening address; source retained verbatim."
sirukathaigal/pavalapaspam.md,"புத்தபிட்க்ஷ£க்கள் / பிட்கஷ£க்கள்",புத்த பிக்ஷுக்கள்,probable,"Recurring OCR corruption of the Tamil term for Buddhist monks; source retained verbatim."
sirukathaigal/pavalapaspam.md,"அகவல் அம்பலவாணக் கவி",அம்பலவாணக் கவிராயர்,uncertain,"The father is subsequently called கவிராயர்; the opening epithet/name is OCR-sensitive and retained verbatim."
sirukathaigal/pavalapaspam.md,"அகாள்கைக்காக",கொள்கைக்காக,probable,"Context concerns sacrificing life's pleasures for principle; source retained verbatim."
sirukathaigal/pavalapaspam.md,"கலனான ஒரு கோயில்",பாழான ஒரு கோயில்,probable,"Context explicitly describes an abandoned ruined temple occupied for relief work; source retained verbatim."
sirukathaigal/pavalapaspam.md,"இருமல், காசம், ப்பு. சளைகட்டி",இருமல் காசம் காய்ச்சல் சளைகட்டி,uncertain,"The disease list contains a damaged item between consumption and congested phlegm; translation uses the likely fever reading provisionally."
sirukathaigal/pavalapaspam.md,"தடைசி இரவு",கடைசி இரவு,probable,"Clear initial-consonant OCR error in Maruthavalli's final speech; source retained verbatim."
sirukathaigal/vaelai_pochu.md,"6 pages marked _No OCR text detected_",[full scan text recovered],recovered,"Six transparent-white PNG pages across the two source links were flattened, re-OCRed, and merged before translation."
sirukathaigal/vaelai_pochu.md,"வேலை மபேபோச்சு",வேலை போச்சு,probable,"The printed title is clearly வேலை போச்சு; an intrusive OCR fragment remains in the verbatim OCR-stage source."
sirukathaigal/vaelai_pochu.md,"சொல்வதை எழுதேண்டா",சொல்வதை எழுதேண்டா,verified,"The second printed story begins within the website's vaelai_pochu_2 scan set; its title was verified directly against image 002."
sirukathaigal/vaelai_pochu.md,"சாட்டாச்சோன்னா / நேக்கு / எதா இருந்தா என்னடா தேோக்கு",சாப்பிட்டாச்சோன்னா / எனக்கு / எதா இருந்தா என்னடா உனக்கு,probable,"The opening dialogue of the second story has damaged characters and clipped colloquial forms; source retained verbatim and translation follows the visible scan plus context."
sirukathaigal/vaelai_pochu.md,"ஐ.நூறுக்குச் சமானம்",ஐந்நூறுக்குச் சமானம்,probable,"Punctuation interrupts the number in OCR; context clearly contrasts fifty rupees with five hundred."
sirukathaigal/vaelai_pochu.md,"பிராமண விதந்து",பிராமண விதந்து,verified,"Older Tamil form for a Brahmin widow; verified by the plot's final identification of Kamali and translated without altering the source."
sirukathaigal/thediyathu_vakeelai.md,"2 pages marked _No OCR text detected_",[full scan text recovered],recovered,"Two transparency-bearing PNG pages were flattened, re-OCRed, and restored before the thirteen-page story was translated."
sirukathaigal/thediyathu_vakeelai.md,"1 /லமான அடி",பலமான அடி,probable,"The opening word has a numeral and damaged initial character; context and the later recap both support பலமான அடி."
sirukathaigal/thediyathu_vakeelai.md,"ஜோதி கிறிஸ்துவ மார்க்கத்தைத் தழுவிய பிறகு வந்த பெயர். முதல் பெயர் முத்தாயி",ஜோதி கிறிஸ்துவ மார்க்கத்தைத் தழுவிய பிறகு வந்த பெயர்; முதல் பெயர் முத்தாயி,verified,"Punctuation is noisy but the identity statement is legible and retained verbatim."
sirukathaigal/thediyathu_vakeelai.md,"சொரூபானந்த ஸ்வாமிகள் ஜோதியில் கலந்ததற்கு ஆதாரம்",சொரூபானந்த ஸ்வாமிகள் ஜோதியில் கலந்ததற்கு ஆதாரம்,verified,"Deliberate double meaning: the public formula says the Swami merged into divine light while the plot also links him sexually to the woman Jothi."
sirukathaigal/thediyathu_vakeelai.md,"$-3-46",மார்ச் 1946,uncertain,"The day is damaged beyond safe recovery; only the visible month and year are translated."
sirukathaigal/kamakurangu.md,"6 pages marked _No OCR text detected_",[full scan text recovered],recovered,"Six transparency-bearing PNG pages across the two numbered source sets were flattened, re-OCRed, and restored before translation."
sirukathaigal/kamakurangu.md,"மழூதல் தரமான குதிரை",முதல் தரமான குதிரை,probable,"The opening adjective contains intrusive OCR characters; the repeated appraisal and visible scan support முதல் தரமான."
sirukathaigal/kamakurangu.md,"மதுரவல்லி / மதுரவல்வி / மரகதவல்லி",மதுரவல்லி,probable,"The heroine's name varies through OCR corruption; the printed title sequence and dominant form identify Madhuravalli, while source variants remain untouched."
sirukathaigal/kamakurangu.md,"அனுயா",அனசூயா,probable,"One name in Malarkodi's list of female stage roles is OCR-damaged; likely Anasuya, translated provisionally and source retained."
sirukathaigal/kamakurangu.md,"மதுர மனோரஞ்சி சபை / மதுர மனோரஞ்சித் சபை",மதுர மனோரஞ்சித சபை,uncertain,"The theatre company's final word varies in OCR; English uses Madhura Manoranjitha Sabha provisionally."
sirukathaigal/krishnaleela.md,"3 pages marked _No OCR text detected_",[full scan text recovered],recovered,"Three transparency-bearing PNG pages across the two numbered source sets were flattened, re-OCRed, and restored before translation."
sirukathaigal/krishnaleela.md,"திரிபுரம் / சந்திபுரம் / சிதரபுரி / சித்ரபுரி ஜெமீன்",திரிபுரம் அல்லது சித்ரபுரி,uncertain,"The estate place-name varies materially in OCR; the source forms are retained and the translation avoids forcing a single spelling where unnecessary."
sirukathaigal/krishnaleela.md,"கோமதி / அிகொமனம் / கோமளம்",கோமதி / கோமளம்,probable,"One cattle name in the reveal is visibly corrupted; the surrounding repeated list supports Gomathi and Komalam."
sirukathaigal/krishnaleela.md,"அனந்தபாதம் / அிவந்தபாதம்",அனந்தபாதம்,probable,"Leela's grandfather's name has a damaged initial cluster; English uses Ananthapatham provisionally."
sirukathaigal/krishnaleela.md,"இன்ப வாழ்வு (222) கெட்டு விட்டதற்காக",இன்ப வாழ்வு கெட்டு விட்டதற்காக,probable,"Intrusive page or OCR numerals interrupt Leela's letter; source retained verbatim."
sirukathaigal/neethipathi_vakeel.md,"66௪ ரட்சிகள் கூறினதை எல்லாம்",சாட்சிகள் கூறினதை எல்லாம்,probable,"The opening word is preceded by intrusive OCR numerals and has a damaged initial; courtroom context and the printed scan support சாட்சிகள்."
sirukathaigal/neethipathi_vakeel.md,"அவள் இருடினவள் / இருடினேன்",அவள் திருடினவள் / திருடினேன்,probable,"Initial consonants are repeatedly lost in OCR; the admitted theft is explicit throughout, while source wording remains untouched."
sirukathaigal/neethipathi_vakeel.md,"வெண்ணுூர் ஜெமீன் சின்னம்",வெண்ணூர் ஜெமீன் சின்னம்,probable,"The estate emblem revealed beneath the medallion's coating has a duplicated vowel marker in OCR."
sirukathaigal/neethipathi_vakeel.md,"என் தக்கம் சட்டம் பேசாததால்",எனக்காகச் சட்டம் பேசாததால்,probable,"A heavily damaged line in Veeraiyan's account means that law did not speak on his behalf; source retained verbatim."
sirukathaigal/neethipathi_vakeel.md,"ஒரே ஒரு பாதிரியப்பன் போதாது / இரண்டே ஆண்டுகள் - நானும் உன் அணியில்","ஒரே ஒரு பாதிரியப்பன் போதாது / இரண்டே ஆண்டுகள் - நானும் உன் அணியில்",verified,"The final exchange is severely corrupted in OCR but was read directly from scan image 008; English follows the scan and the source block remains unchanged."
sirukathaigal/neethipathi_vakeel.md,"45 14-1-1961",14-1-1961,verified,"Intrusive OCR numerals precede the clearly printed date; translated as 14 January 1961."
katturaigal/vaazhkai_vizha.md,"12-9-5]",12-9-1951,probable,"The final two year digits are OCR-damaged; translated provisionally as 12 September 1951."
katturaigal/vaazhkai_vizha.md,"மணமக்களை [end of scan]",[sentence incomplete],verified,"The sole source scan ends mid-sentence after this word; no missing continuation was invented."
katturaigal/varunthu_311048.md,"என்னும் பேருண்மையை நண்பர் [end of scan]",[sentence incomplete],verified,"The sole source scan ends mid-sentence; the English marks the incomplete thought explicitly."
katturaigal/raja_annama.md,"[no printed title; scan begins with இரவு]",இராஜா சர் அண்ணாமலை செட்டியார்,provisional,"The title is supplied from the page identifier and the unambiguous subject of the surviving obituary excerpt."
katturaigal/thozhar_daniel.md,"இவருடைய [end of scan]",[sentence incomplete],verified,"The sole scan ends immediately after the possessive word; English retains an ellipsis rather than inventing content."
katturaigal/kazhagamum.md,"[source begins mid-discussion]",கழகமும் கலைஞர்களும்,provisional,"The available scan has no printed heading; a conservative descriptive title is supplied from the surviving discussion and page identifier."
katturaigal/sir_paathro.md,"பார்ப்பனரல்லாதார் சமுகத்திற்கே பெரும்","[source continues beyond extracted image]",incomplete_source,"Obituary was translated through the cropped final phrase; no completion of the sentence was invented."
katturaigal/indraya_nirvagam.md,"இருபது பணியாற்றிய அறிஞர்","[opening damaged; scholar unidentified]",incomplete_source,"The first sentence begins mid-description and the quoted scholar's name is absent; translation marks the damaged syntax explicitly."
katturaigal/murasum.md,"தருவதில் மகிழ்ச்சி கொள்கிறேன்","[preceding object absent]",incomplete_source,"The first scan begins after the sentence that supplied the object; translated from the surviving boundary."
katturaigal/navenna.md,"விலையைக் சூறை!","விலையைக் குறை!",resolved_from_scan,"The subheading is clearly printed as விலையைக் குறை!; English follows the scan while the archived OCR source remains verbatim."
katturaigal/navenna.md,"'நாட்டுக்குத் தேவை, உணவு, உடை இவை","[source continues beyond extracted image]",incomplete_source,"The final scan ends mid-sentence; translation stops at the same visible boundary."
katturaigal/october_15.md,"'வக்சில்கள்'","வக்கீல்கள்",resolved_from_scan,"The scan clearly reads வக்கீல்கள்; English renders lawyers."
katturaigal/october_15.md,"2180. _.. அட்டக் க் கொள்கிறோம்.","என்று எடுத்துக் கொள்கிறோம்.",resolved_from_scan,"The damaged final line on the first image was read directly from the scan."
katturaigal/october_15.md,"(செய்தி - 7-10-26 - திராவிட நாடு)","(செய்தி - 7-10-56 - திராவிட நாடு)",resolved_from_scan,"The printed year is clearly 56."
katturaigal/october_15.md,"என்பதைக் கூறியிருக்கிறார்","[source begins mid-sentence]",incomplete_source,"The first available image begins with the continuation of an earlier sentence and omits the printed title."
katturaigal/thayangathae.md,"பெருக்கிய காரணத்தால்","[source begins mid-sentence]",incomplete_source,"The first available image begins with a continuation and omits the printed title; the descriptive title follows the concluding exhortation."
katturaigal/thayangathae.md,"வேலையற்றோருக்கு ஒரு வேலை தந்து அவர் / களைச்","வேலையற்றோருக்கு ஒரு வேலை தந்து அவர்களைச்",resolved_from_scan,"The word is split across the image boundary; the translation joins it normally without altering the verbatim source block."
katturaigal/vazhga_arivagam.md,"ர] ._ வாழ்க அறிவகம்/","39. வாழ்க அறிவகம்!",resolved_from_scan,"The scan clearly shows item number 39 and the title punctuation."
katturaigal/vazhga_arivagam.md,"அந்த வகையில், பணியாற்றிவரும் அனைவருக்கும்","[source continues beyond extracted image]",incomplete_source,"The final available scan ends mid-sentence; translation stops at the same boundary."
katturaigal/thalamuthu.md,"ரத 2 தாளமுத்து! நடராஜா!","32. தாளமுத்து! நடராஜா!!",resolved_from_scan,"The scan clearly shows item number 32 and the doubled terminal exclamation."
katturaigal/thalamuthu.md,"தந்தையர் நாடு ௯..: அழைக்கிறது!... நம்பை:.: பெற்றெடுத்து ஆளாக்கிவிட்.... பழம் ரும் நாடு, திராவிட..:","தந்தையர் நாடு அழைக்கிறது!... நம்மைப் பெற்றெடுத்து ஆளாக்கிவிட்ட பழம்பெரும் நாடு, திராவிடம் அழைக்கிறது!",partly_resolved_from_scan,"The paper/scan is physically faded across several words; recoverable context is reflected conservatively in English while the Tamil source remains verbatim."
katturaigal/thalamuthu.md,"துணைவி குழவி, தொழில் சுகம், இவைகளுக்கு அல்ல நாம்!","[source may continue beyond extracted image]",incomplete_source,"The available final image ends here and no publication line survives."
katturaigal/ezhuthalar_manadu.md,"58. எழுத்தாளர் மாதாடு!","58. எழுத்தாளர் மாநாடு!",resolved_from_scan,"The scan clearly prints மாநாடு."
katturaigal/ezhuthalar_manadu.md,"பிறநாட்டு இலக்கியங்களை மொழி பெய [த்துக் காட்ட","[source continues beyond extracted image]",incomplete_source,"The final scan ends mid-sentence during Bharathidasan's address."
katturaigal/tamil_muzhakkam.md,"6. தமிழ் முழக்கம்/","6. தமிழ் முழக்கம்!",resolved_from_scan,"The title punctuation is clear in the scan."
katturaigal/tamil_muzhakkam.md,"இவர்களில், பன்னிரண்டரை பேருக்கே வோட்டுரிமை","இவர்களில், பன்னிரண்டரை [லட்சம்] பேருக்கே வோட்டுரிமை",resolved_from_context_and_scan,"The scan prints பன்னிரண்டரை பேருக்கே after all population figures have been stated in lakhs; English supplies the understood unit."
katturaigal/tamil_muzhakkam.md,"நேரு, கொத்தலாவலையுடன் விருந்து அருந்துவதும் நடந்து வருகிறது.","[source continues beyond extracted image]",incomplete_source,"The final available image ends without a conclusion or publication citation."
katturaigal/vilambarachavadi.md,"1 /. விளம்பரச் சாவா","[item number unclear]. விளம்பரச் சாவடி",resolved_from_scan_and_filename,"The final word is visibly damaged, while the filename and article's repeated விளம்பரம் imagery establish சாவடி."
katturaigal/vilambarachavadi.md,"புன்னகையாலும் பூச்செண்டாலும் ஏமாற்றிவிட","[source continues beyond extracted image]",incomplete_source,"The final scan ends mid-sentence; translation stops at the same boundary."
katturaigal/perumaikuriya_para.md,"20. , பெருமைக்குரிய பாராட்டு விழா/","20. பெருமைக்குரிய பாராட்டு விழா!",resolved_from_scan,"The scan clearly confirms the item number, wording, and terminal punctuation."
katturaigal/perumaikuriya_para.md,"கலையுலகில், அவருடைய “சகரப்தம்'","கலையுலகில், அவருடைய “சகாப்தம்”",resolved_from_scan,"The printed word is சகாப்தம், describing Kalaivanar's era in the arts."
katturaigal/perumaikuriya_para.md,"அரசியல் வானிலுலவுபவர்களும், ஆமாய்ச்சி விண்ணில்","அரசியல் வானிலுலவுபவர்களும், ஆராய்ச்சி விண்ணில் [source continues]",incomplete_source,"The final page ends mid-sentence and OCR damages ஆராய்ச்சி; translation stops at the visible boundary."
katturaigal/izhakkamaattom.md,"இந்த நாடுகளுக்கெல்லாம் தமிழ் மொழி அறிமுகமாகி யிருக்கிறது.","[printed title/opening missing]",incomplete_source,"The first surviving image begins directly with prose; descriptive title follows the filename and central declaration."
katturaigal/izhakkamaattom.md,"காலம் - இடம் வகை - பொருள் அறிந்து செய்ய கட்டரட்டமி என்று கூறப்பட்டி ௬க்கிறது.","காலம் - இடம் - வகை - பொருள் அறிந்து செய்ய வேண்டும் என்று கூறப்பட்டிருக்கிறது.",resolved_from_scan,"The final scan clearly resolves the heavily damaged maxim."
katturaigal/viduthalai_veeran.md,"டாக்டர் ஜெகன்","Dr Cheddi Jagan",standardized_english_name,"The Tamil source's ஜெகன் is retained verbatim; the historically standard full name is used in the English heading."
katturaigal/viduthalai_veeran.md,"பல இடங்களிலிருந்து டட பல் கொண்டு வரப்பட்டார்கள்.","பல இடங்களிலிருந்து ஆட்கள் கொண்டு வரப்பட்டார்கள்.",probable,"The labour-migration sentence is visibly damaged; English follows the recoverable context without changing the source block."
katturaigal/viduthalai_veeran.md,"டாக்டர் ஜெகன், முதலமைச்சாராக்கப்பட்டு, பிறகு சிறையிலே தள்ளப்பட்ட சம்பவம்","[source continues beyond extracted image]",incomplete_source,"The final scan ends mid-sentence."
katturaigal/ninaivil_nilaithar.md,"ந டசி / சீ$% / நு. 04 / சீத்%","[page or scan noise]",probable,"Isolated symbols between paragraphs are retained in the Tamil source block but omitted from translated prose."
katturaigal/ninaivil_nilaithar.md,"தேம்பி நிற்கும் குடும்பத்தாருடன் நாமும் தேம்ட","தேம்பி நிற்கும் குடும்பத்தாருடன் நாமும் தேம்ப",probable,"Final consonant is OCR-damaged; context clearly describes joining the grieving family in sobbing."
katturaigal/nambikai_natch.md,"3௮. நம்பிக்கை நட்சத்திரம்","[item number unclear]. நம்பிக்கை நட்சத்திரம்",unresolved,"The item number is OCR-damaged; the title itself is clear."
katturaigal/nambikai_natch.md,"மூழு மகிழ்ச்சி - புதிய நிலைமை - ஏற்பட ஆவன செய்வதற்கு,","முழு மகிழ்ச்சி - புதிய நிலைமை - ஏற்பட ஆவன செய்வதற்கு, [source continues]",incomplete_source,"The final scan ends mid-sentence and OCR substitutes ழ for ழ்/ழு in முழு."
katturaigal/urimai_murasoli.md,"Images 2-3","Duplicate pages from katturaigal/thalamuthu.md",cross_work_contamination,"The two images interrupt the Travancore article and match the Thalamuthu/Natarajan article; all retained text is nevertheless translated and preserved."
katturaigal/urimai_murasoli.md,"அறப்போர் தொடுத்துள்ளனர் திருவிதாங்கூர் தமிழர்கள்... / நெடுங்காலமாகவே தமிழரின் உரிமைகளுக்கு அங்கு","[continuation pages missing between images 1 and 4]",incomplete_source,"The Travancore discussion jumps between the first and fourth images."
katturaigal/urimai_murasoli.md,"...2/. உரிமை முரசொலி/","[item number unclear]. உரிமை முரசொலி!",probable,"Title wording is legible but number and punctuation are damaged."
katturaigal/mugathilae_kari.md,"அவருடன் த ழ்ல்னைவில் சுற்றுப் பிரவ்ணைத்தல் ஈடுபட்டிருந்தீரே","அவருடன் [அண்மையில்] சுற்றுப் பிரயாணத்தில் ஈடுபட்டிருந்தீரே",probable,"The phrase is heavily OCR-damaged; the question to N. C. Natarajan clearly concerns recent travel with Periyar."
katturaigal/mugathilae_kari.md,"உங்கள் யாரிடமும் நான் பேசாத... அவரிடம் பேசினேன் என்று கூறுகிறார்.","[source may continue beyond extracted image]",incomplete_source,"The final page has no closing citation and appears to stop before the article's conclusion."
katturaigal/maraintha_marath.md,"புரிந்து கொள்வார்கள் அவர் ஒருமுறை பார்த்துப் பழக்க மூடையவர்களும்.","[printed title and opening missing]",incomplete_source,"The first available image begins mid-sentence; descriptive title follows filename and repeated article wording."
katturaigal/maraintha_marath.md,"16-3-47 / (செய்தி - திராவிட நாடு - 29-3-42)","[chronological conflict in printed source]",unresolved,"Both dates are clear in the scans; they are preserved without silently changing either one."
katturaigal/puthiya_ani.md,"179-நீதேதி தலைவர் வெளியிட்ட விளக்கத்தில்","17-ந் தேதி தலைவர் வெளியிட்ட விளக்கத்தில்",probable,"The statement date is OCR-damaged; English conservatively renders the seventeenth."
katturaigal/puthiya_ani.md,"பொருந்தாத். திருமணத்தைக் கேட்டு அழுது கொண்டிருப்பவர்களுக்கு மேலும் ஒரு வேதனையைத் தந்தது.","[source may continue beyond extracted image]",incomplete_source,"No closing citation survives and the final page appears to end before the full article."
katturaigal/nammai_nambatha.md,"கூட்டத்திற் கலந்து கையொப்பமிட்டவர்கள் [signatory list]","[initials require clearer scan]",unresolved,"Many Latin and Tamil initials are mutually substituted by OCR; English transliterations are provisional."
katturaigal/nammai_nambatha.md,"724 மீறல்","144 மீறல்",probable,"Political context identifies defiance of Section 144; OCR reads the first digit as 7 and second as 2."
katturaigal/kovai_vaareer.md,"Images 1-4","Three disconnected source fragments",cross_work_contamination,"Image 1 is the opening of கோவை வாரீர்; images 2-3 are a separate conference speech fragment; image 4 is an unrelated book-review conclusion."
katturaigal/kovai_vaareer.md,"மன்றமேறித் தமிழருக்கு அழகுத் தமிழில் அரிய / படுத்துகிறேன்.","[missing transition]",incomplete_source,"Image 1 and image 2 break in unrelated mid-sentences."
katturaigal/kovai_vaareer.md,"அவைகளிலே / கிடப்பதன் காரணம் என்ன?","[missing transition]",incomplete_source,"The conference speech ends and the book review begins mid-sentence between images 3 and 4."
katturaigal/kovai_vaareer.md,"(19-6-21 - திராவிட நாடு)","(19-6-51 - திராவிட நாடு)",provisional,"The OCR year is implausible for the journal and surrounding corpus; English uses 1951 provisionally while source is retained."
katturaigal/karuthu_alaya.md,"மூவிமிரர் / மவிமிரர்","Movie Mirror",probable,"Repeated context identifies an illustrated cinema magazine; English standardises the likely title."
katturaigal/karuthu_alaya.md,"7-ஆம் நம்பர் அறையிலிருந்து பண கதவ பம்","[student name unreadable]",unresolved,"The name between room numbers 7 and 12 is too damaged to reconstruct and is marked in English."
katturaigal/karuthu_alaya.md,"இப்படிப் பலரும். ஆனால்...","[source continues beyond extracted image]",incomplete_source,"The final scan stops on ஆனால் and leaves the hostel contrast unfinished."
katturaigal/yezhayaga.md,"தன் பதவியை நூவின் எனும் தளபதி வசம்","தன் பதவியை நீ வின் எனும் தளபதி வசம்",resolved_historical_name,"The historical reference is General Ne Win; standard English name is used while Tamil source remains verbatim."
katturaigal/yezhayaga.md,"(செய்தி - 2-11-28 - திராவிட நாடு)","(செய்தி - 2-11-58 - திராவிட நாடு)",provisional,"U Nu transferred power to Ne Win in 1958; English citation uses that year provisionally."
katturaigal/yezhayaga.md,"பைகளைப் பாரீர்! கைகளைப் பாரீர்!","[printed title/opening missing]",incomplete_source,"The first surviving page begins inside U Nu's quoted statement."
katturaigal/bharathan_ezhuthiya2.md,"பரதன் எழுதிமா சாகிறாங்கக் கடிதங்கள்","பரதன் எழுதிய பகிரங்கக் கடிதங்கள்",probable,"Three separately addressed letters establish the damaged heading as பகிரங்கக் கடிதங்கள்."
katturaigal/bharathan_ezhuthiya2.md,"தாங்கள் ஆர்தப்றக இருந்தபோது மாணவனாக இல்லாத பரதன்.","தாங்கள் ஆசிரியராக இருந்தபோது மாணவனாக இல்லாத பரதன்.",probable,"The closing signature's ஆசிரியராக is heavily OCR-damaged but fixed by the schoolmaster/pupil joke."
katturaigal/marainthayo.md,"மறைந்தராயோர எசல்வமே!","மறைந்தாயோ செல்வமே!",probable,"Article subject, refrain, and filename resolve the damaged title."
katturaigal/marainthayo.md,"பால் கொண்ட நம்பிக்கையும் என்றே சொல்வோம்.","[source begins mid-sentence]",incomplete_source,"The first surviving image begins with the end of an earlier thought."
katturaigal/marainthayo.md,"ஹனிபாலுக்கு வந்தர விபத்து","ஹனிபாலுக்கு வந்த விபத்து",probable,"An extraneous ர appears after வந்த; aircraft name and sentence are otherwise clear."
katturaigal/pazhaya_agar.md,"வெட்கம் துளியுமின்றி, வெளியில் சொல்கிறார்!","[antecedent missing in surviving transition]",incomplete_source,"Image 4 abruptly shifts from the restored title scheme to a speaker praising Section 144; no identity is supplied."
katturaigal/pazhaya_agar.md,"% % 3","[page or scan noise]",probable,"Isolated marks after the opening polemic are retained in Tamil but omitted from translated prose."
katturaigal/yarukku_paathuk.md,"யாருக்குப் / பாதுகாப்பு","யாருக்குப் பாதுகாப்பு?",resolved_from_layout,"The title is split across the two columns of the first scan."
katturaigal/yarukku_paathuk.md,"(73..2.44 திராவிட நாடி.","(13-2-44 திராவிட நாடு)",provisional,"Closing date and journal name are OCR-damaged; 13 February follows the visible digits and the cited 7 February speech."
katturaigal/sorgavasal.md,"இந்த டிக்கட்டை வாங்குவதற்காக மக்கள் 'க்யூ' வரிசையில் நிற்கின்றனர்.","[printed title/opening missing]",incomplete_source,"The first surviving scan begins after an earlier explanation of the ticket; descriptive title follows the repeated சொர்க்கவாசல் motif."
katturaigal/sorgavasal.md,"டாமல் செஞ்சீனாவில் - கனம் முன்ஷி பர்மாவில்!","[emissary name clipped] செஞ்சீனாவில் - கனம் முன்ஷி பர்மாவில்!",unresolved,"The opening name on image 4 is physically clipped or badly recognised; English leaves the China emissary unidentified."
katturaigal/sorgavasal.md,"அதற்கு .அதிக நெஞ்சுரம் மட்டுமல்ல, மூளை பலமும் வேண்டும்.","[source may continue beyond extracted image]",incomplete_source,"No closing citation survives after the final exhortation."
katturaigal/home_land.md,"3-17-56 அன்று","3-11-56 அன்று",probable,"The surrounding six-month permission discussion and closing 4 November date support 3 November 1956."
katturaigal/home_land.md,"(4-11-26 - திராவிட நாடு)","(4-11-56 - திராவிட நாடு)",probable,"The launch announcement and permission date establish 1956; OCR substitutes 2 for 5."
katturaigal/mooliyanar.md,"1982-ல் சன்-யாட்-சென்","1882-ல் சன்-யாட்-சென்",historical_print_error,"The scan itself prints 1982, but the preceding age sixteen and Sun Yat-sen chronology establish 1882; source remains verbatim."
katturaigal/mooliyanar.md,"சைனாவின் பிரபுக்கள் பரம்பரையையே தங்கள் கைக்குள் போட்டுக்","[source continues beyond extracted image]",incomplete_source,"The final scan ends mid-sentence during the account of foreign imperial control."
katturaigal/pillayin_pinam.md,"தோலும் எலும்பும்இதுள்ளி விளையாடிக் குதித்துச் / ப சிரித்து","தோலும் எலும்புமாய்; துள்ளி விளையாடிக் குதித்துச் சிரித்து",probable,"Opening description contains joined words and stray OCR characters; sentence context establishes the reading, while the source remains verbatim."
katturaigal/pillayin_pinam.md,"சர்க்கார் ஆஸ்பத்திரியை நோக்கி நடந்தார். அவர் பஞ்சை - அவரைக் கண்டாலே சீநினர்","சர்க்கார் ஆஸ்பத்திரியை நோக்கி நடந்தார். அவர் பஞ்சை; அவரைக் கண்டாலே சீறினர்/சீண்டினர்",uncertain,"The hospital passage is visibly damaged. Translation conservatively conveys that people recoiled from or rejected the destitute woman."
katturaigal/cheche.md,"சீ செச்சே! இதை எல்லாமா பயப்பது!","சீ செச்சே! இதை எல்லாமா படிப்பது!",probable,"The closing refrain explicitly uses படிப்பது, and the entire article concerns the minister saying he had not read the press report."
katturaigal/iruttil_prag.md,"சிவப்பிகாசம்","சிவப்பிரகாசம்",probable,"The same paragraph later prints சிவப்பிரகாசம், a standard personal name that also supplies the article's பிரகாசம் wordplay."
katturaigal/iruttil_prag.md,"தங்களை அறிமுகப்","[source continues beyond extracted image]",incomplete_source,"The fifth and final surviving scan ends in the middle of the sentence."
katturaigal/ethu.md,"தமிழ்நாடு காங்கிரஸ் காரியக் கமிட்டி உணர்ந்து... வருத்தம் தெரிவிப்பதுடன் திருப்தியடைந்து கொண்டது","[passage duplicated in OCR]",probable,"The same Working Committee sentence appears twice consecutively; English renders it once, while the verbatim Tamil retains both occurrences."
katturaigal/ethu.md,"பார்ப்பனர்களுக்கு வால்பிடிக்க","[source continues beyond extracted image]",incomplete_source,"The fourth and final surviving scan ends in the middle of the sentence."
katturaigal/vaeguthae.md,"279/2 கோடி / 86 கோடி / 1716 கோடி","279½ crore / probably 8.6 crore / uncertain food-subsidy figure",uncertain,"OCR has lost or displaced decimal and fraction marks in several budget figures. English identifies uncertainty instead of silently substituting a conjectural value."
katturaigal/valajavil.md,"ஆச்சாரியார் குழ்ச்சி ஒக","ஆச்சாரியார் சூழ்ச்சி ஒழிக",probable,"The slogan is damaged by OCR; the opening subheading and standard political slogan establish the reading."
katturaigal/jiniva.md,"9௮. ஏினிவா","[section number uncertain]. ஜினிவா",probable,"The article repeatedly names Geneva; initial letter and section number are OCR-damaged."
katturaigal/jiniva.md,"(2 76.34 திராவிட நாடு இதழில் வெளி. வந்தது]","[Dravida Nadu publication date illegible]",uncertain,"The final date is too damaged to reconstruct responsibly, so English records no conjectural date."
katturaigal/thiruchiyil_thooku.md,"இப்படிப்பட்ட நாடகங்கள் எல்லோராலும்,","[source continues beyond extracted image]",incomplete_source,"The sixth and final surviving scan ends mid-sentence during the appeal for reform drama."
katturaigal/puthvazhvu.md,"1977 நவம்பர் 7ந்தேதி","1917 நவம்பர் 7ந்தேதி",historical_print_error,"The November Revolution and the article's 1946 publication date establish 1917; source remains verbatim."
katturaigal/anna_munnurai.md,"சோழர்கள் கிருஷ்ணன்--பர்கவ","என். எஸ். கிருஷ்ணன்--எம். கே. தியாகராஜ பாகவதர்",probable,"Severely degraded type; release after more than two years, acquittal, comedy-king reference, and publication date identify the two artists."
katturaigal/anna_munnurai.md,"அண்ணாவின் ஆசி?","அண்ணாவின் ஆசி",probable,"Question-mark shape is likely damaged punctuation in the book's prefatory heading."
katturaigal/arputham_paareer.md,"35-12-1946","25-12-1946",probable,"Day 35 is impossible; OCR confusion between 2 and 3 is common in this source, but Tamil is retained verbatim."
katturaigal/kanchiyil_hindi.md,"34, காஞ்சியில் இநீதி எதிர்ப்புக் கூட்டம்","34. காஞ்சியில் இந்தி எதிர்ப்புக் கூட்டம்",probable,"The entire report concerns compulsory Hindi and the repeated phrase establishes இந்தி."
katturaigal/kanchiyil_hindi.md,"ஹாஷர் காலத்திலேயும்","அக்பர் காலத்திலேயும்",probable,"Historical sequence pairs Akbar with Aurangzeb; the OCR form is not a corresponding ruler."
katturaigal/kanchiyil_hindi.md,"Image 5 / page 198","[unrelated censorship article fragment]",cross_work_contamination,"The principal report ends on page 193 with its citation; image 5 jumps to page 198 and begins mid-sentence. It is retained and separately translated."
katturaigal/parasakthi.md,"20-12-22 / 80-12-22","20-12-52 / 30-12-52",historical_print_error,"Parasakthi was released in 1952 and the citation identifies the seventy-fifth-day commemorative issue; OCR also turns 30 into impossible day 80."
katturaigal/sir_cv_ramanukku.md,"(5. /2.48 திராவிட நாடு இதழில் வெளி வந்தது]","(5.12.48 திராவிட நாடு இதழில் வெளி வந்தது)",probable,"The slash occupies the missing tens digit position in the standard source-date pattern; English records 5 December 1948 provisionally."
katturaigal/bharathan_ezhuthiya.md,"பழைய டீக்காப்பேர்வழிகளை","[reading uncertain]",uncertain,"The phrase describing Congress conservatives is legible only in this OCR form; English uses a conservative literal rendering and source remains verbatim."
nadagangal/orae_oru_vithi_1.md,"Images 1-5 originally returned no OCR text","All five pages recovered from transparent-background scans",corrected_in_source,"The source and bilingual document now contain the complete six-image scene through its dated ending."
nadagangal/avanasiyar_1.md,"Images 2-5 were originally recorded as No OCR text detected; the early draft also reconstructed the printed title incorrectly as அவன் ஆசிரியர்","Complete five-image source restored; printed title verified as அவனாசியார்",corrected_against_scan,"All five classroom pages are present and translated. The title is a satirical coinage echoing Minister T. S. Avinashilingam and is retained rather than expanded into a speculative phrase."
sorpozhivugal/nambikkai311057.md,"91.70.1957 / 37.10.1957","31.10.1957",probable,"Filename and statement that this was the final debate day establish 31 October 1957."
sorpozhivugal/nambikkai311057.md,"அவர்கள் '1$ப 8/3 &041500) மோம்106'","[central procedural sentence damaged]",uncertain,"Stray Latin OCR makes part of the sentence unrecoverable; translation marks the loss and conveys only the clear surrounding sense."
nadagangal/avargal_ullam_1.md,"Images 1-3 and 5-8 originally returned no OCR text","Political introduction, complete Maratha scene, and conclusion recovered from scans",corrected_in_source,"All eight source images and the complete English translation are present through the Dravida Nadu publication citation."
nadagangal/sumangalipooja_1.md,"Images 1-8 and 10-11 originally returned no OCR text","Cast context and complete charity-fraud dialogue recovered from scans",corrected_in_source,"All eleven source images and the complete English translation are present through the dated ending."
nadagangal/sumangalipooja_1.md,"Cast-list description ஏழை (ஆனவன்)","Parenthetical ஆனவன் is legible but its editorial purpose is unclear",uncertain,"The translation conservatively renders only the unambiguous description 'a poor man'; the limitation is disclosed in the translator's notes."
sorpozhivugal/chennai300161.md,"30.07.1967","30.01.1961",historical_print_error,"Filename chennai300161 and Anna's opposition role identify the Madras Assembly debate of 30 January 1961."
sorpozhivugal/chennai300161.md,"இந்த மன்றத்தில்... [closing lines]","[closing procedural passage severely damaged]",uncertain,"Stray characters and missing words prevent a verbatim reconstruction; English marks the loss explicitly."
nadagangal/mudhalalithuva_1.md,"Recovery record incorrectly reported Images 1 and 3 as blank; OCR substitutions included சர்த்கார், வாமை, எர்ப்பு, அக்கம் பெறாதபடி, and தலை தவசம்","All four scans present; சர்க்கார்; வாயை; எதிர்ப்பு; ஆட்சி பெறாதபடி; தலை திவசம்",corrected_in_source,"All four images were visually checked and the stale recovery flag was removed."
nadagangal/roam_erigirathu_1.md,"The three-scan OCR damaged names, military terminology, dialogue labels and several meaning-bearing phrases; the state inventory also incorrectly reported Image 3 as blank even though its complete text was already recoverable from the local scan.","All three scans and both page joins were visually reviewed; scan-backed corrections restore the full imagined Hitler-Mussolini exchange, telephone reports, editorial conclusion and dated publication line.",corrected_against_scan,"No image is missing or duplicated. Historical claims and the printed dramatic conceit remain verbatim; names including Orel, Stalingrad and Timoshenko are translated using standard English forms."
nadagangal/nadanthathuthan_1.md,"The seven-scan OCR entirely omitted Images 2 and 5 and damaged dialogue, punctuation, administrative vocabulary, figures and page joins throughout the remaining five images.","All seven scans and all six page joins were visually reviewed; scan-backed transcription restores both conversations, the transition between them, every policy example and the dated ending.",corrected_against_scan,"No image is missing or duplicated. The king and coronation metaphor, period forms such as ராஜரீகம் and contemporary political claims remain verbatim rather than being editorially modernised."
nadagangal/bankar_1.md,"The nine-scan OCR entirely omitted Images 2, 4 and 5 and heavily damaged names, speaker labels, legal and financial loanwords, stage directions and the final editorial paragraph on the other six scans.","All nine scans and all eight page joins were visually reviewed; scan-backed transcription restores the auditor and lawyer scenes, the opportunist politician's introduction, the private smuggling and tax discussion, and the complete satirical ending.",corrected_against_scan,"No image is missing or duplicated. Colloquial dialogue, the punning character names and period political accusations remain verbatim; printed English loanwords are retained in Tamil and rendered contextually in English."
sorpozhivugal/human_rights.md,"All four pages OCR'd with tam model","[English source; re-OCR with eng model]",wrong_language_ocr,"Original mixed-script OCR is retained verbatim; recovered English and Tamil translation are both included in the bilingual document."
nadagangal/bajirao_1.md,"சாத்பூரா மலைச் சாரல்","சஹ்யாத்ரி மலைச் சாரல் என்று இருக்கக்கூடும்",printed_reading_retained,"The scan clearly prints சாத்பூரா. Although the Maratha context might suggest the Sahyadri range, the printed source is retained without silent factual emendation."
nadagangal/bajirao_1.md,"The recovery ledger said Images 3-4 were blank although all four scans contain readable text","Complete palace dialogue through Shahu's transfer of authority to Bajirao",corrected_in_source,"All four scans were visually checked; the final two sections were already present in the corrected source, and remaining character and word-break errors were reconciled against the images."
nadagangal/dharmam_thalai_1.md,"Images 1-2 and 5-6 originally returned no OCR text","All four pages recovered from transparent-background scans",corrected_in_source,"The source and bilingual document now include all six image sections through the Dravida Nadu publication date."
nadagangal/dharmam_thalai_1.md,"Image 2, line immediately before Chettiar dismisses Kuppan","Partly unclear in the scan",uncertain,"The readable narrative sense is retained without inventing unsupported wording; this limitation is disclosed in the translator's notes."
sorpozhivugal/180767_2.md,"Image 3","_No OCR text detected._",incomplete_source,"Speech has a gap between the cross-party victory statement and the future-grandchildren passage."
sorpozhivugal/180767_2.md,"']வாப்! 1480'","Tamil Nadu",probable,"Sentence explicitly contrasts Home Minister Chavan's prior habit of saying Madras State with his new chosen name."
nadagangal/kattaiviral_1.md,"Images 1-3, 5-6 and 8 originally returned no OCR text","Opening frame, Ekalavya episode, reinterpretation, and conclusion recovered from scans",corrected_in_source,"All eight source images and the complete English translation are present through the dated ending."
nadagangal/mangai_oorugai_1.md,"Images 1-2 and 4-8 originally returned no OCR text","All missing settings and dialogue recovered from scans",corrected_in_source,"All nine source images and the complete English translation are present through the Dravida Nadu publication citation."
nadagangal/mangai_oorugai_1.md,"Filename mangai_oorugai","Printed title மாங்காய் ஊறுகாய்",corrected_in_source,"The restored title page confirms the full title rather than relying on the shortened filename."
nadagangal/kal_sumantha_1.md,"Images 2-12 originally returned no OCR text","All eleven pages recovered from scans",corrected_in_source,"All thirteen image sections and the complete dramatic action are now present."
nadagangal/kal_sumantha_1.md,"Image 5 damaged readings: யவண நாட்டுத் $ரரும்; மூவேந்தரின் இறத்தை; இக்கெட்டும்; எட்டு இக்கும்; வீங்கிக் இடக்கும்; தாங்கிக கடக்கும்; அ௮மைப்பதா","யவண நாட்டுத் வீரரும்; மூவேந்தரின் திறத்தை; திக்கெட்டும்; எட்டுத் திக்கும்; வீங்கிக் கிடக்கும்; தாங்கிக் கிடக்கும்; அமைப்பதா",corrected_in_source,"Each reading was checked directly against Image 5; source line breaks were otherwise retained."
nadagangal/kal_sumantha_1.md,"Image 6 damaged Tamil across the ritual and martial argument","இன்றிருந்தே; மந்திரியை; பூசுரன்; ஆலயங்களிலே; அந்திப் பூஜை; வேதியக் கூட்டம்; விலாப்புடைக்கத் தின்று; கீழே சிந்தும்; நிந்திப்பதா; நச்சு நினைப்பினர்; செங்குருதிப் பாய்ச்சி; செந்தமிழர் வீரத்தை நிலைநாட்டி; வைரமணிகளென; பவதி பிக்ஷாந்தேகிகளுக்கு; தெருப் புழுதியுடன்; கடவுளை நம்பி",corrected_in_source,"Every listed reading was checked directly against Image 6; source wording and line sequence were otherwise preserved."
nadagangal/kal_sumantha_1.md,"Image 7 damaged Tamil in Villavan's vow and the Scene 4 address","தைரியமளித்திருந்தாலும்; சரியே; வரவேற்கின்றனர்; வீரர்களே; கீர்த்தி; மயக்கமொழி பேசி; தேனிடை ஊறிய; திங்களையும்; ஓர் கொல்லை; சோலையுமல்ல; கசடர் இருவர்; ஓரத்தில் உள்ள கள்ளி; மதித்தோம்; கல்லாகாதிருக்கும்",corrected_in_source,"Every listed reading was checked directly against Image 7. The unusual printed compound மஞ்சமிழுப்போனைத் was retained without speculative normalization."
nadagangal/kal_sumantha_1.md,"Image 8 damaged Tamil in the continuation of the king's address","வீரதீர வெற்றிகளையறிந்து; வீரர்களே; வெற்றிச் செய்திகளை; கோலளித்தமைக்கு; படும் நான்; இழிவுபடுத்தினர்; ஒடியமரம்; சேரமண்டலத்திலே வீரர் இல்லையா; கூனிவிட்டதா; போர்த்திறம்; தோள் வலியும் மனவலியும்; போயினவா; இறுதிச் சீட்டு; சில நாட்கள்; மறந்திடுங்கள்",corrected_in_source,"Every listed reading was checked directly against Image 8. The unusual printed திரு இடத்தவரா? was retained without speculative normalization."
nadagangal/kal_sumantha_1.md,"Image 9 damaged headings, chant, and battlefield dialogue","மதிப்போர்; காட்சி 5; வீரர்கள் கீதம்; உயிர் குடிப்போம்; தாக்குவீர் கத்தியை; தாக்குவீர் எதிரியை; காட்சி 6; விட்டனர்; பயம் தோன்றி; எதிரியின்; இறுமாப்பால்; ஓடுகிறான்; திருவடி; கண் கலங்கி; பிணமாக்கிக்; விருந்திடுகிறேன்; விரைந்தோடும்; கதி கலங்கிய; ஓடட்டும்",corrected_in_source,"Every listed reading was checked directly against Image 9; the chant's repetition and violent rhetoric were retained verbatim."
nadagangal/kal_sumantha_1.md,"Image 10 omitted Scene 7 place line and damaged dialogue","இடம்: களத்தில் ஓர் பகுதி; ஓடி வரும்; கேலியை; அந்த வேளையிலே; ஓர் அறை; corrected brackets in two stage directions; அக்கினியாஸ்திரம்; ஓடிப் போ; வருணாஸ்திரம்; ஓ...; கூட்டம்; வாலாட்டத்திலே",corrected_in_source,"Every listed reading was checked directly against Image 10. The omitted place line was restored before the cast list."
nadagangal/kal_sumantha_1.md,"Image 11 damaged Scene 8 capture dialogue and stage directions","விடாதீர்கள்; சீறிப் போரிட்ட; முகத்தை; corrected closing stage-direction bracket; வீர தீரப்பொறி; சீச்சீ; வீர தீர கெம்பீரனாம்; நம்பி; திரண்டுள்ள; கதி என்னாயிற்று; ஏசிய; வீரர்களே",corrected_in_source,"Every listed reading was checked directly against Image 11. The compressed collective name கனக விசயன் and unusual வேறறியாக் கூட்டம் were retained as printed."
nadagangal/kal_sumantha_1.md,"Image 12 damaged Scene 9 procession and Scene 10 opening","காட்சி 9; உருவிய வாளுடன்; வீரர்; கரையோரத்திலே; மேய்ந்து; பொதிமாடுகளை; corrected Scene 10 stage bracket; வில்லவன்; கசடர்; காவலராம்; மூடர்காள்; புரிந்தீர்; ஆண்டவனிடம்; அஸ்திரம்; இந்த வம்பு",corrected_in_source,"Every listed reading was checked directly against Image 12; the printed collective and singular forms were retained."
nadagangal/kal_sumantha_1.md,"Image 13 damaged closing metadata and trailing glyph noise","closed stage parenthesis; திராவிட நாடு - 13-3-1949; removed OCR text ள்ள ள் produced by decorative stars",corrected_in_source,"The complete closing speech, stage direction, publication line, and decorative footer were checked directly against Image 13."
nadagangal/kal_sumantha_1.md,"Image 1 damaged title, labels, and stage direction","கல் சுமந்த கசடர்; வீரர் கூடாரம்; உறுப்பினர் வீரர்; ஓடி வருகிறான்; closed stage-direction bracket; removed stray comma; ஓடோடி",corrected_in_source,"Every listed reading was checked directly against Image 1. The printed phrase தமிழக மீது ஆணையா! was retained without grammatical normalization."
nadagangal/kal_sumantha_1.md,"Image 2 damaged Scene 1 continuation and Scene 2 opening","பிறந்ததிந்த ஆணவம்; பேசியவர்கள்; கலிங்கத்திலே; அக்கயவர்கள்; கொக்கரிக்கிறது; பேசிற்றா; விஷயத்தைக்; புராணிகன்; பேசிக்; ஸ்ரீராமச்சந்திரர்; சீதாபிராட்டியார்; சீதையை; போனானென்று; கூறினான்; தணிக்க",corrected_in_source,"Every listed reading was checked directly against Image 2. The printed colloquial போறாத காலம் was retained without normalization."
nadagangal/kal_sumantha_1.md,"Image 3 damaged names, prose, and a stage direction","தலைவனான சுக்ரீவனுடைய; சிநேகிதம்; சுக்ரீவனுக்கும்; ஸ்ரீராமச்சந்திரர்; அவதார புருஷருக்குத்தான்; கிடக்கட்டும்; தர்மவானாக; வயிற்றிலுதித்த; விரோதித்துக்; பதினாலு; நான் விரைவாகக்; restored the complete வில்லவன் stage direction; அம்பெய்தி",corrected_in_source,"Every listed reading was checked directly against Image 3. The unusual printed வல்லவோ and the spelling புராணீகன் were retained without normalization."
nadagangal/kal_sumantha_1.md,"Image 4 damaged dialogue labels, words, and stage directions","திரும்பி; closed புராணிகரை நோக்கி direction; பின்புறமிருந்துதானே; அம்பெய்திக்; restored புரா: அப்படித்தான் கதை; நயவஞ்சகம்; சதி; முதலியவை; வாலியை; வில்லவனை நோக்கி; சுக்ரீவனுக்கல்லவோ; பட்டாபிஷேகம்; அயோத்தியிலே; ஓடிவந்து",corrected_in_source,"Every listed reading was checked directly against Image 4. Period vocabulary and the printed speaker-label variations were retained."
nadagangal/congresswala_1.md,"Images 4-5 originally returned no OCR text","Complete 1938 Legislature and newspaper-world sections recovered directly from both scans",corrected_in_source,"The bilingual document now includes the full satire through the final publication note; the scan-recovery wording is preserved in the translator's notes."
nadagangal/aatrangaraiyinilae_1.md,"17-66-1945","[day/month unresolved]-1945",uncertain,"Month 66 is impossible and no reliable contextual replacement is available."
nadagangal/sellapillai_1.md,"Images 2 and 4-5 originally returned no OCR text","Kuppan's introduction and the complete confrontation leading to the motor-shed scene recovered from scans",corrected_in_source,"All six source images and their complete English translation are now present in the bilingual document."
nadagangal/avar_pesathathu_1.md,"Images 1-2 and 6-8 originally returned no OCR text","Opening disclaimer and complete Kamaraj-Ramasami exchange recovered from scans",corrected_in_source,"All eight source images and the complete English translation are present through the Dravida Nadu publication citation."
nadagangal/kailayam_1.md,"Images 1-3 and 5 originally returned no OCR text","Frame dialogue and transition between both Purana critiques recovered from scans",corrected_in_source,"All seven source images and the complete English translation are present through the 1959 ending."
nadagangal/enthan_thiru_1.md,"Images 1 and 5-7 originally returned no OCR text","Printed title எத்தன் திருவிளையாடல் and the complete conclusion recovered from scans",corrected_in_source,"All seven source images and all four translated scenes are now present through the Dravida Nadu publication citation."
nadagangal/enthan_thiru_1.md,"Image 2 comparison பாண்டியாக்","Pontiac",uncertain,"The probable vehicle or brand reference is transliterated conservatively because the precise intended comparison remains unclear."
nadagangal/morarji_thesai.md,"Part 2: சாச்சா நேருவைத்தான் நானா நேரு ஆக்கி விட்டீர்களே","You have turned Chacha Nehru into Nana Nehru",uncertain,"The contrast is clear in context but the precise wordplay and spelling of நானா should be checked against a clearer scan; source retained verbatim."
nadagangal/morarji_thesai.md,"Part 1 Image 7 and Part 2 Image 3 only","14 of 16 images have no OCR text",incomplete_source,"The surviving political stage scene begins and ends without its surrounding pages."
sorpozhivugal/270367.md,"OCR language: tam; six English scan pages rendered as mixed Tamil/Latin characters","Recovered with Tesseract English model",wrong_ocr_language,"Recovered transcription is supplied separately; the original mixed-script OCR remains verbatim in the source block."
sorpozhivugal/270367.md,"Lord Earl Home","Lord Home",probable,"The English OCR duplicated the title; conservative historical normalisation is confined to the recovered transcription."
sorpozhivugal/271167.md,"Image 1: மின்சாரத் துறையின் மூலம். பெறப்படுகிற / வருவாயைப் பெருக்கவேண்டும்","மின்சாரத் துறையின் மூலம் பெறப்படுகிற வருவாயைப் பெருக்க வேண்டும்",probable,"Spacing and punctuation damage are resolved only in translation; source retained verbatim."
sorpozhivugal/271167.md,"Image 4: விவசாயத் துறையைத்தான் முதலிடமாகச் சுவனிக்கிறேன்","விவசாயத் துறையைத்தான் முதலிடமாகக் கவனிக்கிறேன்",probable,"சுவனிக்கிறேன் is an OCR error supported by the immediately following தொழில் துறையைக் கவனிக்கவே இல்லை; source retained verbatim."
sorpozhivugal/271167.md,"Image 5 final eight lines","Speaker thanks members for proposing a higher industrial electricity tariff; remaining close unreadable",incomplete_source,"Translation ends at the last securely recoverable sentence and does not invent the damaged conclusion."
sorpozhivugal/271167.md,"செல்பார்க் கம்பெனி / யூனியன் ஆக்ஸெசரீஸ்","Cellpark Company / Union Accessories",uncertain,"Company names are conservative transliterations from Tamil OCR and require confirmation from the scan or Assembly record."
sorpozhivugal/170868.md,"Image 3 ends: மொத்தத் தொகை 2 கோடி; Image 4 starts a new Manali industry paragraph","A passage and subject transition are missing",incomplete_source,"The gap is marked in the translation; no amount or connecting prose has been invented."
sorpozhivugal/170868.md,"Image 4: 472 ஆவது மானியம் / 4.4 ஆவது மானியம்","47ஆவது மானியம் / 44ஆவது மானியம்",probable,"Decimal-like marks are OCR noise in grant numbers; readings remain identified as provisional in translator notes."
sorpozhivugal/170868.md,"அரச சல்லணை","அரசலாற்றணை / Arasalar anicut",probable,"The damaged phrase precedes காவிரிப் பாசன ஏற்பாடுகள்; Thanjavur delta context supports Arasalar anicut, but scan verification is still needed."
sorpozhivugal/nadagathil_oru.md,"Image 1 ends: தமிழ்ப் புலவர் பெருமக்களையம் அறிமகப்படுக்கின்ற நாடகங்; Image 2 begins: அவற்றைப்போலவே","At least one passage between scans is missing",incomplete_source,"The omission is marked in the translation and no list of the troupe's other productions is reconstructed."
sorpozhivugal/nadagathil_oru.md,"தாட்டு மக்களுக்கு","நாட்டு மக்களுக்கு",probable,"Initial த is an OCR substitution in the phrase describing the play as a lesson for the country's people; source retained verbatim."
sorpozhivugal/nadagathil_oru.md,"ம.. கே. எஸ். அவர்களுடைய நாடகக் குழு","டி. கே. எஸ். அவர்களுடைய நாடகக் குழு",probable,"The troupe is consistently identified as T. K. S. throughout; source retained verbatim."
sorpozhivugal/satta_11_03_1958.md,"Image 1 begins without a title or opening; Image 4 ends after மூன்று வழிகளில் தீர்க்கலாம்; Image 5 resumes later; Image 6 ends mid-question","Three fragment boundaries in an incomplete Assembly speech",incomplete_source,"All boundaries are marked in translation and no missing argument is reconstructed."
sorpozhivugal/satta_11_03_1958.md,"344-வது பிரிவை மாற்றம் செய்ய வேண்டும்","Article 344 should be amended",uncertain,"The numeral is legible in OCR and retained, but should be verified against the Assembly record because official-language debates commonly cite several constitutional articles."
sorpozhivugal/satta_11_03_1958.md,"ஒரு பழைய தலைமூறை வேகமாக வளர்ந்து வருகிறது","ஒரு பழைய தலைமுறை [மறைந்து, புதிய தலைமுறை] வேகமாக வளர்ந்து வருகிறது",uncertain,"The visible sentence appears internally damaged; translation follows the old/new generation contrast developed in the next lines without altering source text."
sorpozhivugal/270368.md,"தா... £ள்: 27.03.1968 / உரை-42 / 7967-68ஆம் ஆண்டு","நாள்: 27.03.1968 / உரை-42 / 1967-68ஆம் ஆண்டு",probable,"Date, speech number and fiscal year are recoverable from visible numerals and context; source retained verbatim."
sorpozhivugal/270368.md,"Image 3 opening lines and Image 5 opening lines","Two short line clusters damaged by OCR/layout loss",incomplete_source,"Translation follows the securely recoverable continuation and does not invent the obscured wording."
sorpozhivugal/270368.md,"கொஞ்சம், உரிதல் ஸ்பேஸ்! கொடுத்து","கொஞ்சம் breathing space கொடுத்து",uncertain,"Context clearly describes leaving budgetary room for later needs, but the OCR'd English loan phrase should be checked against the scan."
sorpozhivugal/270368.md,"அது மங்குகிறபொழுது தாண்டிவிடலாம்","அது மங்குகிறபொழுது தூண்டிவிடலாம் / திரியைத் தூண்டலாம்",probable,"Oil-lamp metaphor indicates trimming or stirring the wick; source retained verbatim and translated by function."
sorpozhivugal/allal_agala.md,"17-35-1960","17-5-1960",verified,"The original scan clearly prints 17-5-1960; source OCR remains verbatim while the verified date is used in translation."
sorpozhivugal/allal_agala.md,"Image 3 ends during Khrushchev discussion; Image 4 begins with தொழிற்சாலை முன்பு","A substantial intervening passage is absent",incomplete_source,"The transition to the aluminium-factory argument is marked and not reconstructed."
sorpozhivugal/allal_agala.md,"சேசாயி என்ற தனிப்பட்ட கம்பெனி","Seshasayee company",uncertain,"Probable company name in the proposed aluminium-factory discussion; requires confirmation from a complete scan or contemporary record."
sorpozhivugal/allal_agala.md,"கற்றிச் சுற்றிப் பொந்தைத்தான் வலம் வருகிறது","சுற்றிச் சுற்றிப் பொந்தைத்தான் வலம் வருகிறது",probable,"கற்றிச் is likely OCR damage in the repeated bird image; translated from the clear parallel wording elsewhere and source retained verbatim."
sorpozhivugal/nithi_othukka260757.md,"உரை:5 நாள் : 86.07.1957 / filename nithi_othukka260757","உரை:5 நாள்: 26.07.1957",probable,"Filename encodes 260757 and the year is consistent with the bill; the scan should confirm the damaged day digits."
sorpozhivugal/nithi_othukka260757.md,"சென்னை நிதிஓதுக்க சட்டமுன்முடிவு - 1927","சென்னை நிதி ஒதுக்கச் சட்ட முன்முடிவு - 1957",probable,"The surrounding date and parenthetical English bill year support 1957; source retained verbatim."
sorpozhivugal/nithi_othukka260757.md,"ஸ்ரீ ராஜகோபாலச்சாரியார் அவர்கள்: இந்த மாநில அரசாங்கங்கள் போ 60003/402 0010018100","Rajagopalachari compared State Governments awaiting Delhi grants to cooperative institutions awaiting donations",incomplete_source,"Embedded English phrase is illegible; translation relies only on the legible Tamil continuation and does not reconstruct a quotation."
sorpozhivugal/260368.md,"Openings of Images 3, 5 and 6","Short line clusters damaged by OCR/layout loss",incomplete_source,"The event chronology remains recoverable; translation omits illegible fragments rather than inventing them."
sorpozhivugal/260368.md,"பொதுப்பணித் துறை அமைச்சர் கருணாநிதி, [damaged] கோவிந்தசாமி","Public Works Minister Karunanidhi and Minister Govindasamy",probable,"Second office/title is lost, but the name Govindasamy is visible; source retained verbatim."
sorpozhivugal/260368.md,"ஈக்குதலுக்கு ஆளான தொழிலாளர்களில் ஒருவர்","தாக்குதலுக்கு ஆளான தொழிலாளர்களில் ஒருவர்",probable,"Initial த is lost in OCR; the preceding and following account confirms assault, and source remains verbatim."
sorpozhivugal/130767.md,"Images 2-3, 6-7 embedded English rendered as mixed Tamil/Latin OCR","prima facie case / allegation / suo motu / et cetera where independently clear",partial_recovery,"Unclear English sentences are omitted from translation and require re-OCR with the English model or scan transcription."
sorpozhivugal/130767.md,"Image 6 middle lines after Rule 192 discussion","Several lines unreadable",incomplete_source,"Translation marks the gap rather than reconstructing Karuthiruman's procedural argument."
sorpozhivugal/130767.md,"Final line: எளிய முறையில் இந்தப் பிரச்சினையை நாம் முடித்துக்கொள்ள","Speech continues beyond surviving scan",incomplete_source,"Anna's proposed simple resolution is absent; translation ends at the same boundary."
sorpozhivugal/130767.md,"வாசசங்களிலே / காங்காசை / சபாதாயகர்","வாசகங்களிலே / காங்கிரசை / சபாநாயகர்",probable,"Repeated surrounding forms establish ordinary OCR substitutions; source retained verbatim."
sorpozhivugal/nithi300460.md,"Image 2 book title: 1002 நரம 96விம்","Unrecoverable English book title cited for Salem iron used in English bridges",incomplete_source,"Translation reports the existence and purpose of the cited book but does not invent its title."
sorpozhivugal/nithi300460.md,"Image 4 ending after தென்னாட்டில் rail transport discussion","Several lines severely damaged",incomplete_source,"Translation marks the omitted portion before the Finance Minister's reply."
sorpozhivugal/nithi300460.md,"Image 6 ending before milestone discussion","Several lines severely damaged",incomplete_source,"Translation marks the gap and resumes with the legible Hindi-on-milestones exchange."
sorpozhivugal/nithi300460.md,"112 மணிக்கு மேல்","11½ மணிக்கு மேல்",probable,"Context is the Finance Minister's later appointment; OCR lost the fraction mark and source remains verbatim."
sorpozhivugal/060767.md,"Image 7 ending after எந்தக் கட்சியாக இருந்தாலும்","Several lines damaged before the phrase about responsible and reasonable party members",incomplete_source,"Translation marks the omission and preserves the recoverable conclusion of Anna's distinction."
sorpozhivugal/060767.md,"பாஸ்பரம் போன்ற வெடி பொருட்களைத் தூவி","பாஸ்பரஸ் போன்ற பொருட்களைத் தூவி / phosphorus-like incendiary material",uncertain,"This is explicitly reported as public talk, not a confirmed forensic conclusion; source retained verbatim."
sorpozhivugal/060767.md,"அதி படம, அக்கறையும், அவசரமும்","அதிகப்படியான அக்கறையும் அவசரமும்",probable,"Context and parallel nouns establish OCR/layout damage; source remains verbatim."
sorpozhivugal/060767.md,"அவதூறைக் கிளப்புவது / அரசியல் விரோதம்","Defamation and political enmity allegations",verified_context,"Translation maintains speaker attribution so the Opposition's objection is not converted into an established fact."
sorpozhivugal/amaichar160361.md,"உரை: 44 நாள்: 76.03.1961 / filename amaichar160361","உரை: 44 நாள்: 16.03.1961",probable,"Filename encodes 160361 and the year is clear; source retained verbatim."
sorpozhivugal/amaichar160361.md,"Images 2-3 Salem court-case passage","Several lines severely damaged",incomplete_source,"Translation reports only the legible acquittal and finding concerning both sides, with the remaining passage marked."
sorpozhivugal/amaichar160361.md,"Images 4-5 election-fund transition; Images 6-7 corporate-contributor passage; Images 7-8 resignation argument","Multiple short line clusters damaged",incomplete_source,"Larger gaps are marked and no missing claims are reconstructed."
sorpozhivugal/amaichar160361.md,"நாலடியார் என்ற தமிழ்ப்புலவர் இல்லை","நாலடியார் is a work, not the name of a Tamil poet",verified_context,"Anna explicitly supplies the correction in the next sentence; source retained verbatim."
sorpozhivugal/poar_murasu_kotti.md,"Image 5 ends: இந்தி பேசாத மக்களின் அபிப்பிராயத்தைத் தெரிந்து கொள்ளாமல் இந்தியைத்; Image 6 resumes later","Substantial passage on Nehru's assurance is missing",incomplete_source,"Translation preserves the unfinished clause and marks the scan gap without reconstruction."
sorpozhivugal/poar_murasu_kotti.md,"Image 7 final appeal ends: தடியடி படுவதற்கும், அடக்குமுறைக்கு அளாவதற்கும்","Speech continues beyond surviving scan",incomplete_source,"Translation ends at the same unfinished boundary."
sorpozhivugal/poar_murasu_kotti.md,"அசாம் சம்பவம் ஒரு வராத்து வாண வேடிக்கை","அசாம் சம்பவம் ஒரு வாரத்து வாணவேடிக்கை",probable,"ரா is OCR substitution in the duration phrase; source retained verbatim."
sorpozhivugal/poar_murasu_kotti.md,"புதுபுரியாக வேண்டும்","புதுப்புரியாக / புதிய புரியாக வேண்டும்",uncertain,"The blood-and-soil metaphor is legible but the exact compound requires scan review; translation remains conservative."
sorpozhivugal/180767.md,"Image 3","_No OCR text detected._",incomplete_source,"One full page is absent between the Dr. Hande name exchange and the resumed marriage discussion."
sorpozhivugal/180767.md,"Images 6-7 boundary","Several lines damaged before appeal to Ponnappa Nadar",incomplete_source,"Translation marks the gap and resumes with the securely readable request to withdraw the amendment."
sorpozhivugal/180767.md,"Image 8 embedded English intervention","Mixed Tamil/Latin OCR is illegible",wrong_ocr_language,"Intervention is marked but not reconstructed; requires English-model re-OCR."
sorpozhivugal/180767.md,"Final reply: விநாயகத்திற்குத் திருமணம் ஆனதாகக் கதையிலே அப்படி இல்லை","Humorous reply continues beyond scan",incomplete_source,"Translation preserves the surviving joke and ends at the source boundary."
sorpozhivugal/maedai_paechu.md,"1௦48 - ஆம் ஆண்டு","1948ஆம் ஆண்டு",probable,"Tamil OCR substituted a Tamil zero-like glyph in the year; heading context supports 1948 and source remains verbatim."
sorpozhivugal/maedai_paechu.md,"மாதம் காதவழி பறந்த குதிரை","மாதம் காதவழி / காதம் வழி சென்ற குதிரை",uncertain,"Kalamegam comic-horse reference is clear, but the exact measure wording should be checked against the printed verse."
sorpozhivugal/maedai_paechu.md,"அதனை நாழும் பெறமுடியும்","அதனை நாமும் பெற முடியும்",probable,"Context is confidence that ordinary people can acquire public-speaking skill; source retained verbatim."
sorpozhivugal/velanmai180948.md,"உரை: 20 நாள்: 78.09.1958 / filename velanmai180948","உரை: 20 நாள்: 18.09.1958",probable,"Filename encodes 180948 and the year is clear; source retained verbatim."
sorpozhivugal/velanmai180948.md,"Image 2 statement-of-objects English","Mixed Tamil/Latin OCR is illegible",wrong_ocr_language,"Translation uses the speaker's immediately following Tamil paraphrase and does not reconstruct the English heading."
sorpozhivugal/velanmai180948.md,"Image 8 student slogan beginning பர்னிங் தி","English phrase illegible",wrong_ocr_language,"Translation identifies it only as a slogan claiming to burn the white man's wealth; exact words require English-model re-OCR."
sorpozhivugal/velanmai180948.md,"Images 4-5 rule-making transition","Several short lines damaged",incomplete_source,"The recoverable argument about rules, enforcement officers and cultivators' accounts is retained without invented text."
sorpozhivugal/veetirkor_putha.md,"விட்டிற்கோர் புத்தகச்சாலை","வீட்டிற்கோர் புத்தகச்சாலை",probable,"Single heading/body occurrence loses the long vowel while the title and repeated phrase establish the reading; source retained verbatim."
sorpozhivugal/veetirkor_putha.md,"சத்திர மண்டலத்திற்கு சென்று வரும் ஆராய்ச்சி","சந்திர மண்டலத்திற்கு சென்று வரும் ஆராய்ச்சி",probable,"Context contrasts atomic-bomb production with research into lunar travel; source retained verbatim."
sorpozhivugal/veetirkor_putha.md,"அட்டைக் குழி, அரணைக்குழிகள்","Infernal pits named in popular religious lore",uncertain,"Exact traditional names may be OCR-corrupted and should be verified against the scan; translation remains generic."
sorpozhivugal/poarkodi.md,"எந்தக் கரம் குருசேவுக்கும், ஐசனோவருக்கும் கடிதம் எழுதுகிறதோ","எந்தக் கரம் குருச்சேவுக்கும், ஐசனோவருக்கும் கடிதம் எழுதுகிறதோ",probable,"The paired world leaders are Khrushchev and Eisenhower; the source rendering of Khrushchev is OCR-damaged and is retained verbatim."
sorpozhivugal/poarkodi.md,"ஒவ்வொரு தாளும் சந்திக்கிறேன்","ஒவ்வொரு நாளும் சந்திக்கிறேன்",probable,"Context requires 'every day'; source retained verbatim."
sorpozhivugal/poarkodi.md,"அவர்களையெல்லாம் அடைத்துவைக்கும் சிறைக்கு 'பாஸ்டிலி' என்று பெயர்","அவர்களையெல்லாம் அடைத்துவைக்கும் சிறைக்கு 'பாஸ்டில்' என்று பெயர்",probable,"Tamil rendering of the Bastille appears with a terminal vowel; translated using the established historical name without altering the source."
sorpozhivugal/poarkodi.md,"நீங்கள் எந்தக் காரியத்தைச் செய்ய வேண்டுமென தினைத்துச் செல்லுகிறீர்களோ","நீங்கள் எந்தக் காரியத்தைச் செய்ய வேண்டுமென நினைத்துச் செல்லுகிறீர்களோ",probable,"Initial consonant is an evident OCR substitution in context; source retained verbatim."
sorpozhivugal/reapraisal.md,"OCR language: tam; five English scan pages rendered as mixed Tamil/Latin characters","Recovered with Tesseract English model",wrong_ocr_language,"Recovered English transcription and Tamil translation are supplied separately; the original mixed-script OCR remains verbatim in the source block."
sorpozhivugal/reapraisal.md,"seli; imeans; eightcen; grucsome; except America not to be partial; it alliance; leadets","sell; means; eighteen; gruesome; expect America not to be partial; its alliance; leaders",probable,"Evident English-model OCR slips normalized only in the recovered transcription; scanned OCR source retained verbatim."
sorpozhivugal/a_stateless.md,"OCR language: tam; six English scan pages rendered as mixed Tamil/Latin characters","Recovered with Tesseract English model",wrong_ocr_language,"Recovered English transcription and Tamil translation are supplied separately; the original mixed-script OCR remains verbatim in the source block."
sorpozhivugal/a_stateless.md,"Printed introduction: India agreed to provide homes for 3 lakhs","Speech: India takes 5 lakhs or more; Ceylon retains 3 lakhs; 1,50,000 undecided",source_inconsistency,"The introduction appears to describe only one allocation component; both readings are retained and the discrepancy is explained in notes."
sorpozhivugal/a_stateless.md,"fle; ficld; inig; irying; Measurmg; arenot; sovercign; Mirister; partiés; consultatien; perusaded; Kotclawala; specch; renderit; hundréds; thathe","He; field; may; trying; Measuring; are not; sovereign; Minister; parties; consultation; persuaded; Kotelawala; speech; render it; hundreds; that he",probable,"Evident English-model OCR character and spacing slips normalized only in the recovered transcription; raw OCR source retained verbatim."
sorpozhivugal/thoazhamaya.md,"22-71-1950","Date unreadable or OCR-corrupted",uncertain,"Month 71 is invalid; no replacement date is asserted without scan or edition-level verification."
sorpozhivugal/thoazhamaya.md,"Images 4 and 5 contain the same printed page; Image 6 begins mid-argument","At least one intervening printed page is absent",incomplete_source,"Translation marks the gap after the Ramanathapuram famine warning and resumes with the available language-policy passage."
sorpozhivugal/thoazhamaya.md,"துண்ணாத்துரை உள்ளதைத்தான் எழுதினான்","அண்ணாத்துரை உள்ளதைத்தான் எழுதினான்",probable,"The duplicated scan has divergent OCR; Image 4 and context establish Annadurai. Source retained verbatim."
sorpozhivugal/thoazhamaya.md,"இதய சீதங்களாக மாறி விடுகின்றன","இதய கீதங்களாக மாறி விடுகின்றன",probable,"Context suggests words becoming songs in the heart; translation is cautious and source retained verbatim."
sorpozhivugal/thoazhamaya.md,"இக்கரையில் இரவு 70 மணிக்குக் கூட்டம்; அக்கரையிலே மறுநாள் காலை 1/ மணிக்குக் கூட்டம்","இக்கரையில் இரவு 10 மணிக்குக் கூட்டம்; அக்கரையிலே மறுநாள் காலை 11 மணிக்குக் கூட்டம்",probable,"OCR digit substitutions; surrounding chronology and glyph shapes support the readings. Source retained verbatim."
sorpozhivugal/ideal_society.md,"OCR language: tam; ten English scan pages rendered as mixed Tamil/Latin characters","Recovered with Tesseract English model",wrong_ocr_language,"Recovered English transcription and Tamil translation are supplied separately; original mixed-script OCR remains verbatim in the source block."
sorpozhivugal/ideal_society.md,"Gartdhi; jis; ithe; Wecannot; sucha; evenin; Kathakalashebam; asa; colour-bar; nega-tive; castesim; J should","Gandhi; is; the; We cannot; such a; even in; Kathakalakshepam; as a; colour bar; negative; casteism; I should",probable,"Evident English-model OCR slips normalized only in the recovered transcription; raw OCR source retained verbatim."
sorpozhivugal/ideal_society.md,"A man of pure heart will live in the minds of all people — The Kural (294)","உள்ளத்தால் பொய்யாது ஒழுகின் உலகத்தார் உள்ளத்துள் எல்லாம் உளன்",verified_reference,"Tamil translation restores the canonical Kural 294 quoted in English; no change is made to the preserved source layer."
sorpozhivugal/ideal_society.md,"People die of incessant fear and cowardice; there is nothing that they are not afraid of in the world","அஞ்சி அஞ்சிச் சாவார்; இவர் அஞ்சாத பொருளில்லை அவனியிலே",verified_reference,"Recognizable Bharathi quotation restored in Tamil translation; English recovered source retained as printed."
sorpozhivugal/nithi230359.md,"Images 1, 3, 4, 5 and 6 contain broken or missing clauses","Several legislative sentences are only partly recoverable",incomplete_source,"Translation marks major gaps and does not invent the missing connective language."
sorpozhivugal/nithi230359.md,"சென்ற ஆண்டில் 112கோடி ஒதுக்கப்பட்டிருந்தது; இப்போது இரண்டு கோடி","சென்ற ஆண்டில் 1½ கோடி ஒதுக்கப்பட்டிருந்தது; இப்போது இரண்டு கோடி",probable,"The comparison and glyph run suggest one-and-a-half crores, but the translation labels this only as an apparent reading; source retained verbatim."
sorpozhivugal/nithi230359.md,"1924 / 1947 in opening historical comparison","Both years appear in adjacent versions of the claim",uncertain,"Both printed OCR readings are retained and translated in place; edition-level verification is needed before harmonizing them."
sorpozhivugal/nithi230359.md,"மயுத ணா? கொள்ளாதீர்கள்","Do not entertain such thoughts",uncertain,"The quoted Tamil wording is illegible; translation follows the immediately stated argument about preventing mutual suspicion."
sorpozhivugal/nithi230359.md,"எச். டபிள்யூ என்று சூடிட்டு","H.W. branding on distributed draught cattle",uncertain,"Initials are readable but unexplained in the surviving context; they remain untranslated and unreconstructed."
sorpozhivugal/240868.md,"Image 8 English legislative passage processed with Tamil OCR model","Recovered with Tesseract English model",wrong_ocr_language,"Recovered English exchange and Tamil translation are supplied in the bilingual document; original mixed-script OCR remains verbatim."
sorpozhivugal/240868.md,"Images 1, 3, 5 and 7 contain truncated editorial narration or dialogue","Several short Assembly exchanges are incomplete",incomplete_source,"All surviving language is translated and each material boundary is marked; no absent speech is reconstructed."
sorpozhivugal/240868.md,"சிதம்பரம் ஜெயராமன் appointment / சென்னை சங்தே நாடக அகடாமி","சிதம்பரம் ஜெயராமன் / சென்னை சங்கீத நாடக அகாடமி",probable,"Institution and musician are clear despite character substitutions; source retained verbatim."
sorpozhivugal/240868.md,"Kaduvetti Thiagarajan intervention on Image 5","Middle of Anna's explanation badly damaged",incomplete_source,"Translation retains only the recoverable facts: prosecution, punishment and removal from the Pudukkottai DMK unit."
sorpozhivugal/irandavathu_manila1.md,"Introductory attribution says Anna delivered the speech; body says our Anna is the taproot and I accepted General Secretary responsibility","Body passage is attributable to Navalar Nedunchezhiyan",source_attribution_uncertain,"Editorial transition between Anna's invitation and Navalar's acceptance address is not explicit; note preserves the ambiguity."
sorpozhivugal/irandavathu_manila1.md,"117 முதல் 20 முடிய மே, 1956","17 முதல் 20 முடிய மே, 1956",probable,"Conference date range is evidently 17-20 May 1956; source retained verbatim."
sorpozhivugal/irandavathu_manila1.md,"உன் அணைக்கு ரங்கள் எல்லாரும் அடங்கி நடப்போம்","உன் ஆணைக்கு நாங்கள் எல்லாரும் அடங்கி நடப்போம்",probable,"Famous leadership invitation is broken by OCR spacing and substitution; translation follows the coherent phrase and source remains verbatim."
sorpozhivugal/irandavathu_manila1.md,"கதைத்தறி / தைத்தறி","கைத்தறி",probable,"Repeated surrounding discussion establishes handloom; source variants retained verbatim."
sorpozhivugal/irandavathu_manila1.md,"குடிசைத் தொழில் வளர்ச்சியினால் நாடு முன்னணியில் செல்லுமே தவிர, முன்னேற வழியே கிடையாது","Likely negative verb omitted or corrupted before முன்னணியில் செல்லுமே",uncertain,"Argument requires that cottage industry cannot take the country to the forefront; translation follows context but flags the malformed source sentence."
sorpozhivugal/irandavathu_manila2.md,"20-53-1956","20-5-1956",probable,"Month 53 is invalid and the conference is stated to have run 17-20 May 1956; source retained verbatim."
sorpozhivugal/irandavathu_manila2.md,"Combined OCR parts: irandavathu_manila2_1 and irandavathu_manila2_2","One continuous 23-scan address",verified_structure,"Translation preserves both source segments in one canonical Part 2 document and does not split the speech again."
sorpozhivugal/irandavathu_manila2.md,"117/20 May conference date relationship across Parts 1 and 2","17-20 May 1956; closing address on 20 May",probable,"Multipart titles and notes use the mutually consistent conference chronology while verbatim OCR remains unchanged."
sorpozhivugal/irandavathu_manila2.md,"நெடிதரும் புகையிலை / சவைதரும் கரும்பு","நெடிதரும் புகையிலை / சுவைதரும் கரும்பு",probable,"Minor vowel OCR damage in the agricultural-resource catalogue; source retained verbatim."
sorpozhivugal/irandavathu_manila2.md,"பித்தாபுத்தை","Unidentified wealthy patron or OCR-damaged proper name",uncertain,"Context compares an unreliable hoped-for patron to the cloud in the mouse fable; translation remains generic rather than inventing an identity."
sorpozhivugal/sthabana_aykyam.md,"ஸ்தாபன லஓக்கியம்","ஸ்தாபன ஐக்கியம்",probable,"Printed heading is damaged while the repeated title and subject establish the reading; source retained verbatim."
sorpozhivugal/sthabana_aykyam.md,"வாள் மட்டும் போரெனக் குவித்து வைத்துக் கொண்டு கேடயம் தேடாமல்","வாள் மட்டும் போதுமெனக் குவித்து வைத்துக் கொண்டு கேடயம் தேடாமல்",probable,"Paired examples contrast incomplete weapon systems; translation follows the coherent reading and source remains verbatim."
sorpozhivugal/sthabana_aykyam.md,"ஓர் அணைக்க முடியாத தயை உண்டாக்கிற்று","ஓர் அணைக்க முடியாத தீ உண்டாக்கிற்று",probable,"Workers' deprivation produces an unquenchable fire; தயை conflicts with the following anger and bee metaphor. Source retained verbatim."
sorpozhivugal/sthabana_aykyam.md,"அழகிய பித்தளைக் குமிழ்கள்","Brass knobs or fittings in the building analogy",uncertain,"Exact architectural component is not material to the analogy; translated generically as fittings."
sorpozhivugal/sthabana_aykyam.md,"ஸ்தாபனத்தின் ஐக்கியம் சங்தேத்துக்கு உள்ள சுருதி ஞானம்","ஸ்தாபனத்தின் ஐக்கியம் சங்கீதத்துக்கு உள்ள சுருதி ஞானம்",probable,"Final veena analogy establishes இசை/சங்கீதம்; source retained verbatim."
sorpozhivugal/kootu_endral.md,"24-33-1961","24-3-1961",probable,"Month 33 is invalid; March is the probable glyph reading but requires scan-level confirmation. Source retained verbatim."
sorpozhivugal/kootu_endral.md,"இந்தமுறை தெரியாததினால்தான் ரஷ்ய நாட்டிலே இரத்தத்தின்மீதும், பிரான்சு நாட்டிலே பிணத்தின்மீதும் புரண்டன?","Likely rhetorical reference to revolutions rolling over blood and corpses",uncertain,"Subject or noun is omitted or OCR-damaged; translation preserves the rhetorical sense without adding a specific missing noun."
sorpozhivugal/kootu_endral.md,"காங்கிரசு எம். எல். ஏ. சிட்டு","காங்கிரசு எம். எல். ஏ. சீட்டு",probable,"Loanword 'seat' loses the long vowel in OCR; source retained verbatim."
sorpozhivugal/kootu_endral.md,"இன்றைய தினம் காங்கிரசுக்குக் கண் சரியாக இல்லை; கண்ணிலே சதை வளர்ந்திருக்கிறது","Congress is metaphorically impaired by an overgrowth on its eye",verified_context,"Translation retains the historical disability metaphor rather than treating it as literal diagnosis."
sorpozhivugal/pothu_maanadu.md,"தி. மு. ௪.","தி. மு. கழகம்",probable,"The surrounding sentence names the organisation repeatedly; the Tamil source is retained verbatim."
sorpozhivugal/pothu_maanadu.md,"வீரரடைபோட","வீரநடைபோட",probable,"Context concerns advancing from an established foothold in Karnataka; source retained verbatim."
sorpozhivugal/pothu_maanadu.md,"அண்டுக்கு ஆயிரம்கோடி ரூபாய் வாங்கிய கடனைக் கொடுக்க நேரிடும்","ஆண்டுக்கு ஆயிரம்கோடி ரூபாய் வாங்கிய கடனைக் கொடுக்க நேரிடும்",probable,"Initial long vowel is lost in OCR; source retained verbatim."
sorpozhivugal/pothu_maanadu.md,"தி. மு. கழகம் ௨ அதி பூண்டிருக்கிறது","தி. மு. கழகம் உறுதி பூண்டிருக்கிறது",probable,"A key word in the printed resolution is badly segmented; translation follows the evident political context and preserves the source."
sorpozhivugal/pothu_maanadu.md,"ஐஒனநாயகவாதியும் தேசியவாதியுமாகிய","ஜனநாயகவாதியும் தேசியவாதியுமாகிய",probable,"The preceding paragraph also refers to democratic forces and the context describes Nehru; source retained verbatim."
sorpozhivugal/pothu_maanadu.md,"ஆபில்பீ","ஆப்பிள்பி (Paul H. Appleby)",probable,"The name occurs with Gorwala and Deshmukh in a discussion of administrative reports; source retained verbatim."
sorpozhivugal/naadu_nagram.md,"நாடு நகரங்களிலே நமது சூரல்","நாடு நகரங்களிலே நமது சூறல்",probable,"The martial headline and the movement's rapid spread support 'whirlwind'; source retained verbatim."
sorpozhivugal/naadu_nagram.md,"அசஸ்டுப் போராட்டம்","ஆகஸ்டுப் போராட்டம்",probable,"Likely reference to the August struggle in a comparison with destructive anti-colonial protest; source retained verbatim."
sorpozhivugal/naadu_nagram.md,"மேற்கு ஜெர்மன் நாட்டி லிருந்து ஒரு பத்திரிகை அதிபர் தங்களைக் தாணவேண்டும்","... தங்களைக் காணவேண்டும்",probable,"The visitor is introduced as wishing to meet Anna; source retained verbatim."
sorpozhivugal/naadu_nagram.md,"அலை அரசர்களுக்கு வேண்டுமானால் தருவார்கள்","ஆலை அரசர்களுக்கு வேண்டுமானால் தருவார்கள்",probable,"The passage contrasts poor artisans with industrial magnates receiving capital; source retained verbatim."
sorpozhivugal/naadu_nagram.md,"விரட்டி அடிக்கப்பட்டு ஓடோடி வந்திருக்கிறார்","Driven away and returned",uncertain,"The syntax may be rhetorical exaggeration or contain a missing negative around resignation; translation follows the extant sentence conservatively."
sorpozhivugal/mahathma_gandhi.md,"மூண்ட த அணையவில்லை","மூண்ட தீ அணையவில்லை",probable,"The grief is compared to a fire that has not gone out; source retained verbatim."
sorpozhivugal/mahathma_gandhi.md,"மக்களின் மகத்தான சத்தியைத் திரட்டிக் காட்டிச் சாஇத்தார்","மக்களின் மகத்தான சக்தியைத் திரட்டிக் காட்டிச் சாதித்தார்",probable,"Multiple glyph errors occur in a sentence about mobilising popular power; source retained verbatim."
sorpozhivugal/mahathma_gandhi.md,"மனிதனுக்குள் இருக்கும் மிருகம் வெளிப்படக் கண்டு மிசவும் வேதனைப்பட்டார்","... மிகவும் வேதனைப்பட்டார்",probable,"Minor consonant OCR error; source retained verbatim."
sorpozhivugal/mahathma_gandhi.md,"ஆஷாட._பூதிகள்","ஆஷாடபூதிகள்",probable,"Punctuation splits a recognised Tamil term for false ascetics or hypocrites; source retained verbatim."
sorpozhivugal/mahathma_gandhi.md,"நாட்டிலே தலைக&ழ் மாற்றம்","நாட்டிலே தலைகீழ் மாற்றம்",probable,"Ampersand substitutes for Tamil glyphs in the phrase describing social inversion; source retained verbatim."
sorpozhivugal/mahathma_gandhi.md,"பயங்கரச் சக்தியொன்று இளம்பியது","பயங்கரச் சக்தியொன்று கிளம்பியது",probable,"The next sentence identifies the force as religious domination embodied in Godse; source retained verbatim."
sorpozhivugal/310868.md,"பப அதுத்த நாள்: 31.08.1968","குறித்த நாள்: 31.08.1968",probable,"The date itself is clear while the field label is heavily damaged; source retained verbatim."
sorpozhivugal/310868.md,"மலிவா ஆ சரக்கு","மலிவான சரக்கு",probable,"A key phrase is split by OCR; the speech repeatedly supplies its exact form and distinction from விலை போகாத சரக்கு."
sorpozhivugal/310868.md,"பெருத்த குரவிலே கத்திவிட்டு","பெருத்த குரலிலே கத்திவிட்டு",probable,"The market analogy requires shouting in a loud voice; source retained verbatim."
sorpozhivugal/310868.md,"1 பய ௫. டவலை : 51) ராகு 1 கமம் உரி ௭௦6?","Illegible Assembly intervention",uncertain,"Mixed-script OCR damage prevents responsible reconstruction; final translation explicitly marks this passage as illegible."
sorpozhivugal/310868.md,"1 ஊவா ஐ01ர2 (௦ (116 1004","Illegible Assembly intervention",uncertain,"Mixed-script OCR damage prevents responsible reconstruction; no missing words are invented."
sorpozhivugal/310868.md,"எதிர்க்கட்சியினுடைய சுடமை","எதிர்க்கட்சியினுடைய கடமை",probable,"The following sentence explicitly discusses the Opposition's duty; source retained verbatim."
sorpozhivugal/namakkal.md,"சமூகத்தின் நிலையை மாற்றக்கூடிய நிகழ்ச்சிகள் எது நேரிடினும்... சமாளிக்க வேண்டியவர்கள் நூ£ம்","... சமாளிக்க வேண்டியவர்கள் நாம்",probable,"The pound sign and vowel are OCR substitutions in the first-person plural pronoun; source retained verbatim."
sorpozhivugal/namakkal.md,"௬. ம. தோன்று முன்பு","சு. ம. தோன்று முன்பு",probable,"Section heading abbreviates சுயமரியாதை and is rendered accordingly; source retained verbatim."
sorpozhivugal/namakkal.md,"அறிவுச்சுடர்" recorded as "இறிவுச்சுடர்","அறிவுச்சுடர்",probable,"Context concerns the light of knowledge needed for social transformation; source retained verbatim."
sorpozhivugal/namakkal.md,"அன்ம பலத்தாலேயே","ஆன்ம பலத்தாலேயே",probable,"The phrase contrasts spiritual power with armed force; source retained verbatim."
sorpozhivugal/namakkal.md,"அவர் ஒரு கரத்தில் இதையும். மற்றொரு கரத்தில் கைராட்டையும்","The object represented by இதையும் is missing or displaced",uncertain,"Translation retains the nonspecific pronoun and does not invent an emblem."
sorpozhivugal/namakkal.md,"புதிய சில: இரத்தத்தைத் தாக்கும் வேலைதானே நடக்க வேண்டும்","Likely a damaged phrase about attacking new forms or bonds of servitude",uncertain,"OCR damage prevents a definitive reconstruction; translation follows the surrounding anti-imperialist sequence conservatively."
sorpozhivugal/chennai_mavatta.md,"11, 72-7-1953","11, 12-7-1953",probable,"The address calls this a two-day conference and the opening numeral 7 is an OCR substitution for 1; source retained verbatim."
sorpozhivugal/chennai_mavatta.md,"இந்தச் சர்வாதிகாரப் போக்கை நிச்சயம் சதிக்கமாட்டான்","... நிச்சயம் சகிக்கமாட்டான்",probable,"Context says even a serene person could not tolerate the repression; source retained verbatim."
sorpozhivugal/chennai_mavatta.md,"அவரைச் சார்ந்தோரும் ... பொருத்தப்பட்டுள்ள காஸ்களை ஜூலை 15ல் நீக்கிவிடுவேன்","காஸ்கள் denotes an uncertain train-brake component",uncertain,"Translation states its stopping function from context without assigning an unsupported technical name."
sorpozhivugal/chennai_mavatta.md,"த ர் றகுருடடுந லு/","Illegible line",uncertain,"Severe OCR damage between the two-front rationale and Thalamuthu-Natarajan passage; translation marks it as illegible."
sorpozhivugal/chennai_mavatta.md,"போராட்டம் யூப்பறிக்கச் செல்வது போலல்ல","போராட்டம் பூப்பறிக்கச் செல்வது போலல்ல",probable,"The next sentence explicitly says the struggle is not flower-picking; source retained verbatim."
sorpozhivugal/chennai_mavatta.md,"தி. மு. ௧. அமைக்கிறது உங்களை","தி. மு. க. அமைக்கிறது உங்களை",probable,"Tamil numeral OCR substitutes for the final letter of the party abbreviation; source retained verbatim."
sorpozhivugal/chennai_mavatta.md,"வினை விதைத்தவன் வினை ஆறுக்க வேண்டி","வினை விதைத்தவன் வினை அறுக்க வேண்டி",probable,"Recognisable proverb about reaping one's deeds; source retained verbatim."
sorpozhivugal/velanmai190359.md,"வேளாண்மைத் ப திட்டம் நிதி ஒதுக்கீட்டுச் சணிஸை _ சட்டமுன்வடிவு","வேளாண்மைத் திட்டம் நிதி ஒதுக்கீட்டுச் சட்டமுன்வடிவு",probable,"Heading contains inserted and damaged glyphs but the appropriation-debate context is clear; source retained verbatim."
sorpozhivugal/velanmai190359.md,"பாராட்டுதலை மட்டும் அமைச்சர் அவர்கள் விரும்புவார்கள் கதற! நான் கருதவில்லை","... என்று நான் கருதவில்லை",probable,"OCR corrupts the connective before the first-person statement; source retained verbatim."
sorpozhivugal/velanmai190359.md,"ஏக்கருக்கு 00 ரூபாய்க்கு மேல்","Unrecoverable per-acre rupee threshold",uncertain,"Leading digit or digits are absent; translation does not invent an amount."
sorpozhivugal/velanmai190359.md,"Images 2 and 4 damaged scheme discussion","Several member-proposed irrigation schemes and acreages",uncertain,"Column-level OCR loss prevents complete sentence reconstruction; translation flags the affected paragraphs."
sorpozhivugal/velanmai190359.md,"பாலாற்றைப் பற்றிய images 6-7 damaged lines","Palar interstate negotiation details",uncertain,"The continuous demands are recoverable but portions of the underlying agreement discussion are not; no details are invented."
sorpozhivugal/velanmai190359.md,"வேசுவதி இட்டம்","Unidentified irrigation scheme",uncertain,"The name is too damaged to identify safely among regional schemes; source retained and translation leaves it unnamed."
sorpozhivugal/velanmai190359.md,"இருஷ்ணா, பகாதாவரி துண்ணீர்","கிருஷ்ணா, கோதாவரி தண்ணீர்",probable,"Multiple initial-consonant OCR errors in the major inter-basin water proposal; source retained verbatim."
sorpozhivugal/nadagathilae.md,"புதியதோர் நிலைக்கு நாடு தள்ளாடித் தள்ளாடி, அனால் நிச்சயமாகச் சென்று","... ஆனால் நிச்சயமாகச் சென்று",probable,"Initial vowel sign is lost in a recurring conjunction; source retained verbatim."
sorpozhivugal/nadagathilae.md,"மா உரிதரித்த வேடத்தில் சீதா","மரவுரி தரித்த வேடத்தில் சீதா",probable,"The Ramayana stage image is Sita dressed in bark cloth; source retained verbatim."
sorpozhivugal/nadagathilae.md,"சூரியயகவானை","சூரிய பகவானை",probable,"The comparison is between science teaching and the chariot-driving Sun God on stage; source retained verbatim."
sorpozhivugal/nadagathilae.md,"மில்லிலே மார்புடையப் பாடுபட்டு","மில்லிலே மார்புடையப் பாடுபட்டு / மார்புடையப் is damaged",uncertain,"The mill worker's exhausting labour is clear but the exact adverbial phrase is not; translation remains general."
sorpozhivugal/nadagathilae.md,"அதற்குமேல் ஜீரணமாகாது","Audiences or producers could digest no alternative ending",verified_context,"The omitted subject is supplied only generically in translation from the surrounding production discussion."
sorpozhivugal/nadagathilae.md,"வகுப்புத் துவேஷ மூட்டுகின்றன என்று கூறிட ஒரு மூடநம்பிக்கையினால்","Sentence boundary likely after கூறிட",probable,"OCR punctuation collapses a list of accusations against reformist plays; translation separates the clauses by subject."
sorpozhivugal/nadagathilae.md,"பொது உடைமைப் புதத்துக்குச் செய்யும் பூஜை","பொது உடைமைப் புரட்சிக்குச் செய்யும் பூஜை",probable,"The following paragraph explicitly repeats பொது உடைமைப் புரட்சி; source retained verbatim."
sorpozhivugal/call_to_the.md,"Entire English source OCRed with tam language model","Recovered directly from 12 original images using English OCR",verified_recovery,"Original mixed-script OCR remains verbatim; cleaned English is included in a separate recovered-source section."
sorpozhivugal/call_to_the.md,"The Kural (822)","Tirukkural 322",probable,"The quoted English sense corresponds to பகுத்துண்டு பல்லுயிர் ஓம்புதல், Kural 322; scan/OCR number is retained in the recovery note."
sorpozhivugal/call_to_the.md,"I call upon you to come to—","Final source sentence is incomplete",verified_source_gap,"Image 12 ends at this point; neither recovered English nor Tamil translation invents the missing conclusion."
sorpozhivugal/call_to_the.md,"eharge / countrary / rullng / ulimately","charge / contrary / ruling / ultimately",probable,"Obvious English OCR substitutions are normalised only in the recovered-source section; original OCR remains verbatim."
sorpozhivugal/latchiyam_valar.md,"அங்கிலத்திலே 5.1.1... என்றும் ஜஸ்டிஸ் என்றும்","ஆங்கிலத்திலே S.I.L.F. என்றும் Justice என்றும்",probable,"South Indian Liberal Federation was associated with the Justice Party; source retained verbatim."
sorpozhivugal/latchiyam_valar.md,"ழு... வி. சுப்பிரமணியன்","மு. வி. சுப்பிரமணியன்",probable,"Initials are damaged in a list of early public propagandists; source retained verbatim."
sorpozhivugal/latchiyam_valar.md,"மாயமான் வேட்டையில் ... பரங்கிக்கும் கொண்டாட்டம்/","பரங்கிக்கும் கொண்டாட்டம்",uncertain,"The term likely refers critically to celebrations for the foreigner but punctuation and exact nuance are damaged."
sorpozhivugal/latchiyam_valar.md,"தய சக்திகள் யாவும் தொலைய வேண்டும்","தீய சக்திகள் யாவும் தொலைய வேண்டும்",probable,"The sentence calls for all evil forces dominating Tamil Nadu to disappear; source retained verbatim."
sorpozhivugal/latchiyam_valar.md,"கீட்லலை ஒலித்தது","கடலலை ஒலித்தது",probable,"Beach-meeting context and following moon/cloud imagery identify the roaring sea waves; source retained verbatim."
sorpozhivugal/latchiyam_valar.md,"ஐூலை /-ந் தேதி","July date numeral illegible",uncertain,"Translation retains the month but does not invent the damaged day."
sorpozhivugal/latchiyam_valar.md,"1042000211 பிர்டி தனி உரிமையுள்ள அங்கங்கள்","Illegible English-derived constitutional phrase before தனி உரிமையுள்ள அங்கங்கள்",uncertain,"The Tamil explanation establishes separately empowered units; exact foreign phrase is not reconstructed."
sorpozhivugal/latchiyam_valar.md,"அசிய சமஸ்டி / வெண்டல் விலக்கி","ஆசிய சமஷ்டி / வெண்டல் வில்கி",probable,"Context refers to Nehru's Asian federation and Wendell Willkie's world federation; source retained verbatim."
sorpozhivugal/ullatchi051157.md,"நாள் : 05.17.1957","நாள் : 05.11.1957",probable,"Month 17 is invalid and filename encodes 051157; source retained verbatim."
sorpozhivugal/ullatchi051157.md,"வள்ளை அறிக்கை","வெள்ளை அறிக்கை",probable,"Heading and repeated parliamentary term establish White Paper; source retained verbatim."
sorpozhivugal/ullatchi051157.md,"மாடு வாங்கப்போன இடத்தில் மாட்டையும் வாங்கிக்கொண்டு அத்துடன் பெண்ணையும் வாங்கி வருவது","Cattle-and-bride analogy attaching an unrelated long-standing issue",verified_context,"Translated as spoken without treating the analogy as literal administrative policy."
sorpozhivugal/ullatchi051157.md,"500-க்கு ஐந்து பேர்கள் ... பத்து ரூபாய் நோட்டை பத்து துண்டாகக் கிழித்து","Fragmentation of authority among panchayat levels",verified_context,"Numerical analogy is retained while damaged connective wording is not expanded."
sorpozhivugal/ullatchi051157.md,"எகனாமிக்: வுனிப்டரகவமில்கைபில்யே டிகல். யூனிட்டாகவுமில்லை","எகனாமிக் யூனிட்டாகவுமில்லை; பொலிடிக்கல் யூனிட்டாகவுமில்லை",probable,"Preceding definitions and following constituency proposal establish both English-derived terms; source retained verbatim."
sorpozhivugal/ullatchi051157.md,"சவுந்தப்பட்டு கிராமம் / இறந்து வைப்பதற்காக","சவுந்தப்பட்டு கிராமம் / திறந்து வைப்பதற்காக",probable,"The Minister was expected to inaugurate houses; initial consonant is lost in OCR; source retained verbatim."
sorpozhivugal/ullatchi051157.md,"பஞ்சாயத்து தேர்தல் image 9 damaged lines","Village factions by street caste and household status",uncertain,"The examples are readable but the clause comparing them with party contests is partially lost; translation remains conservative."
sorpozhivugal/260868.md,"119௦ 002688 88 107 86 ௦பா 8186 18 0000011060 18 0680ம் கர் 2006 10 ஊன்","English quotation concluding L. Ganesan's speech",uncertain,"Wrong-language OCR makes the quotation unrecoverable from retained text; translation marks it illegible."
sorpozhivugal/260868.md,"1௦10611102 (616116 01801","English proverb or saying",uncertain,"Mixed Tamil-digit and Latin OCR prevents responsible reconstruction; source retained verbatim."
sorpozhivugal/260868.md,"15 மாதத்திற்குள் அல்லது 76 மாதத்திற்குள் அல்லது 12 வருடத்திற்குள்","15 or 16 months; final duration uncertain",uncertain,"One-year context supports months but OCR gives conflicting figures; translation records rather than resolves them."
sorpozhivugal/260868.md,"ஸிட்டி. போர்டில் ... குந்தா மின் திட்ட்த்தில்","எலக்டிரிசிட்டி போர்டில் ... குந்தா மின் திட்டத்தில்",probable,"Opening portion loses syllables but the following official information identifies the Electricity Board and Kundah project."
sorpozhivugal/260868.md,"விளக்குக்குச் செலவழித்த பணத்தை ... ஆறு ... மடுவுக்கும்","Six-rupee lamp expense contrasted with scale of social problem",uncertain,"Central comparison is readable but several connective words and the exact second noun are damaged."
sorpozhivugal/mozhiyai.md,"10-7-19260","10-7-1960",probable,"DMK's ten-year growth and surrounding chronology establish 1960; source retained verbatim."
sorpozhivugal/mozhiyai.md,"மூன்னேற்றக் கழகம்","முன்னேற்றக் கழகம்",probable,"Initial vowel duplication in repeated organisation name; source retained verbatim."
sorpozhivugal/mozhiyai.md,"மக்களே இரண்டு வாருங்கள்","மக்களே திரண்டு வாருங்கள்",probable,"Opposition call asks people to gather against the DMK; source retained verbatim."
sorpozhivugal/mozhiyai.md,"அதோ பார் இராகுட்","அதோ பார் ரூர்கேலா",probable,"Industrial-project catalogue alongside Bhakra-Nangal Chittaranjan and Sindri supports Rourkela; source retained verbatim."
sorpozhivugal/mozhiyai.md,"லைசெசனன்சு","லைசென்சு",probable,"English loanword licence is duplicated by OCR; source retained verbatim."
sorpozhivugal/mozhiyai.md,"எதிலே நமக்கும் அவர்களுக்கும் ஓட்டு உறவு இருக்கிறது","ஒட்டு உறவு",probable,"Context asks what inseparable bond exists; source retained verbatim."
sorpozhivugal/viduthalai_iyakkam.md,"16-4-1967","16-4-1961",probable,"E. V. K. Sampath's departure from the DMK occurred in April 1961 and the speech addresses that immediate crisis; source retained verbatim."
sorpozhivugal/viduthalai_iyakkam.md,"Images 5-9 switch from Sampath/DMK speech to Edward II and Parliament","Likely unrelated scan concatenation",verified_structure_issue,"Both segments are retained and translated but separated with an explicit appended-source heading."
sorpozhivugal/viduthalai_iyakkam.md,"[308 ஏப்ரவில்","1308 ஏப்ரலில்",probable,"Edward II and Gaveston chronology supports 1308; source retained verbatim."
sorpozhivugal/viduthalai_iyakkam.md,"7258இல் நியமிக்கப்பட்டதுபோல","1258இல் நியமிக்கப்பட்டதுபோல",probable,"Reference is to the baronial reforming council associated with the Provisions of Oxford; source retained verbatim."
sorpozhivugal/viduthalai_iyakkam.md,"7340-ல்","1340-ல்",probable,"Fourteenth-century development of separate parliamentary chambers supports 1340; source retained verbatim."
sorpozhivugal/viduthalai_iyakkam.md,"மாபெரும் உரிமைப்பத்திரமும் ... ௨ ுதிமொழிகள்","மாபெரும் உரிமைப்பத்திரமும் ... உறுதிமொழிகள்",probable,"OCR inserts Tamil numerals into the word; source retained verbatim."
sorpozhivugal/pooja_mano.md,"டாக்டர் கிருஷ்ணலால் சீதரணி","Dr Krishnalal Shridharani",probable,"The political writer's surname is represented phonetically in Tamil; source retained verbatim."
sorpozhivugal/pooja_mano.md,"ஜனநாயகத்திற்கு உறைவிடம் சவக்குழிதான்","Democracy's only home under one-party domination is the grave",verified_context,"The forceful metaphor is retained rather than softened."
sorpozhivugal/pooja_mano.md,"பிரச்சாரம் இருண்டு, ஓமாந்தூரார் ஒளிவிடும்","பிரகாசம் இருண்டு, ஓமந்தூரார் ஒளிவிடும்",probable,"Likely wordplay contrasting the fall of Tanguturi Prakasam's Ministry with Omandur Ramasamy Reddiar's rise; source retained verbatim."
sorpozhivugal/pooja_mano.md,"சேல்விழியாள்","சேல்விழியாள் / bright fish-eyed woman",probable,"Literary epithet is slightly damaged but the dying woman in the Greek story is clear; source retained verbatim."
sorpozhivugal/pooja_mano.md,"புரட்சிக் தம் பாடப்பட்டவுடன்","புரட்சிக் கீதம் பாடப்பட்டவுடன்",probable,"The sentence calls Tamil Nadu for Tamils a revolutionary song; source retained verbatim."
sorpozhivugal/pooja_mano.md,"எதிர்ப்பு என்ற 'ல்வாலை'","எதிர்ப்பு என்ற ஜ்வாலை",probable,"The next sentences repeat ஜ்வாலை and distinguish flame from sparks; source retained verbatim."
sorpozhivugal/tamilarin_thani.md,"21-71-1950","21-1-1950",probable,"The printed weekday is Saturday and 21 January 1950 was a Saturday; source retained verbatim."
sorpozhivugal/tamilarin_thani.md,"1.14.0. - [்.14.0.","I.N.O. - U.N.O.",verified_scan,"Original image 8 clearly prints I.N.O. - U.N.O.; the source does not supply an expansion for I.N.O."
sorpozhivugal/tamilarin_thani.md,"போர்சு£ஸ்","போர்ச்சுகல்",probable,"The European-country list supports Portugal; source retained verbatim."
sorpozhivugal/tamilarin_thani.md,"திருவாங்கூரிலே ... யுரேனியம்","திருவாங்கூரிலே ... மோனசைட்/தோரியம் இருக்கலாம்",uncertain,"The historical scientific claim may confuse uranium with Travancore's monazite or thorium resources; translation retains the source claim pending verification."
sorpozhivugal/300667.md,"பொருள் ட 7067-68ஆம் ஆண்டிற்கான","பொருள்: 1967-68ஆம் ஆண்டிற்கான",probable,"The heading's punctuation and first digit are damaged; the date and context establish the 1967-68 demands for grants. Source retained verbatim."
sorpozhivugal/300667.md,"பா ர்க்கின் க்கட. டட ... பாற்க்கின்ஸன்ஸ் நவகில்","பார்க்கின்சன் புத்தகம் ... பார்க்கின்சன் விதியில்",probable,"Image 6 is heavily damaged, but the surrounding discussion clearly invokes Parkinson's Law to explain administrative duplication. Source retained verbatim."
sorpozhivugal/300667.md,"Image 9 opening telephone quotation","Exact allegation concerning Annadurai is unreadable",unresolved,"Multiple words are lost or fused in OCR. Translation states only the recoverable narrative and does not invent the quoted allegation."
sorpozhivugal/300667.md,"கெய்ரோனையே ... பட்நாயக்கையே","Kairon ... Patnaik",probable,"Tamil phonetic forms are preserved in source; exact historical referents should be checked against the Assembly proceedings."
sorpozhivugal/kalayin_nilamai.md,"ஈரேஈட்டில்","ஈரோட்டில்",probable,"The documented conference context and title identify Erode; source retained verbatim."
sorpozhivugal/kalayin_nilamai.md,"சீனுக்கு மேல் சன்","சீனுக்கு மேல் சீன்",probable,"The discussion concerns companies adding scene upon scene and coloured light upon coloured light; source retained verbatim."
sorpozhivugal/kalayin_nilamai.md,"கந்தலிலா / தந்தலீலா","கந்தலீலா",probable,"The section heading and Murugan/Tiruttani context establish Kanda Leela; source variants retained verbatim."
sorpozhivugal/kalayin_nilamai.md,"தற்குறி கலாரசிகர்கள்","தற்குறிக் கலாரசிகர்கள்",probable,"Likely missing liaison consonant in the printed/OCR phrase; source retained verbatim."
sorpozhivugal/muthal_manila.md,"1251 டிசம்பர் 13, 74, 75, 16","1951 டிசம்பர் 13, 14, 15, 16",verified_context,"The DMK first state conference was held on these December 1951 dates; source retained verbatim."
sorpozhivugal/muthal_manila.md,"ஜி. 9. நாயுடு","ஜி. டி. நாயுடு",probable,"The same paragraph later prints G. D. Naidu clearly; source retained verbatim."
sorpozhivugal/muthal_manila.md,"பெய்சிபூர் காங்கிரஸ்","பைஸ்பூர் காங்கிரஸ் / Faizpur Congress",probable,"The Nehru and socialist-planning context supports the Faizpur Congress; source retained verbatim."
sorpozhivugal/muthal_manila.md,"சாமான்யனாக்கதப் பட்டிருக்கிறேன்","சாமான்யனாக்கப்பட்டிருக்கிறேன்",probable,"Intrusive OCR consonant in a continuous verb form; source retained verbatim."
sorpozhivugal/nithi070458.md,"ம்க் துகளறு சட்ட முன்வடிவு","நிதி ஒதுக்கீடு சட்ட முன்வடிவு",verified_scan,"Original image 1 clearly prints the title; extracted Tamil source retained verbatim."
sorpozhivugal/nithi070458.md,"இரு. 9. என். அண்ணாதுரை","திரு. சி. என். அண்ணாதுரை",verified_scan,"Original image 1 clearly prints the speaker's initials; source retained verbatim."
sorpozhivugal/nithi070458.md,"Images 4-6 mixed Tamil/Latin blocks","Printed English quotations",unresolved,"Tamil OCR destroyed several Latin-script quotations. Surrounding argument is translated, but exact quoted wording requires English OCR or manual transcription from scans."
sorpozhivugal/nithi070458.md,"கைத்தறி ஐவுளி","கைத்தறி ஜவுளி",probable,"The unsold handloom-cloth context establishes ஜவுளி; source retained verbatim."
sorpozhivugal/samuthaya170358.md,"உரை: 74 நாள்: 77.02.1958","உரை: 14 நாள்: 17.03.1958",verified_scan,"Original image 1 clearly shows speech 14 and date 17 March 1958; source retained verbatim."
sorpozhivugal/samuthaya170358.md,"100-க்கு 69.7 ... 700-க்கு 8 பங்கு","About 69.7% moneylender credit versus about 8% cooperative credit",partial,"Images 7-8 preserve the broad comparison but several labels and intervening figures are destroyed by OCR."
sorpozhivugal/samuthaya170358.md,"1700 கோடி ரூபாய்","100 கோடி ரூபாய்",probable,"The immediately preceding sentence clearly says approximately 100 crore across India; source retained verbatim."
sorpozhivugal/samuthaya170358.md,"இத்திட்டங்களுக்காக ஒதுக்கப்ப","Source ends mid-sentence",verified_source_boundary,"Final scan/OCR ends abruptly; translation does not invent a conclusion."
sorpozhivugal/oayvunaeram.md,"இதெற்கெல்லாம்","இதற்கெல்லாம்",probable,"Likely vowel-mark OCR error in the opening labourer's quotation; source retained verbatim."
sorpozhivugal/oayvunaeram.md,"நாளைப் போகமலிருப்பேனோ நான்","நாளைப் போகாமலிருப்பேனோ நான்",probable,"Nandanar allusion and verbal construction support போகாமல்; source retained verbatim."
sorpozhivugal/oayvunaeram.md,"தேசிங்கு கோட்டை","செஞ்சிக் கோட்டை / Desingh-associated Gingee Fort",uncertain,"The scenic-place list likely refers to Gingee Fort, but the source form is retained and exact intended naming needs scan/source review."
sorpozhivugal/oayvunaeram.md,"தாலை முதல் ஆலையில்","காலை முதல் ஆலையில்",probable,"The mill-work context supports காலை; source retained verbatim."
sorpozhivugal/gandhi_silai.md,"வேலை மாநகர்","வேலூர் மாநகர் / வேலூர் நகராட்சி",verified_context,"Speech heading and event context identify Vellore; source retained verbatim."
sorpozhivugal/gandhi_silai.md,"மாற்றான் தோட்டத்து மல்விகை","மாற்றான் தோட்டத்து மல்லிகை",probable,"Well-attested phrase and the repeated jasmine-fragrance metaphor support மல்லிகை; source retained verbatim."
sorpozhivugal/gandhi_silai.md,"அடிப்படை அசைகள்","அடிப்படை ஆசைகள்",probable,"Context concerns Gandhi's fundamental aspirations; source retained verbatim."
sorpozhivugal/gandhi_silai.md,"கமயவர்களும்","கயவர்களும்",probable,"Parallel with selfish people and corruption inside Congress supports கயவர்கள்; source retained verbatim."
sorpozhivugal/gandhi_silai.md,"பூதகி","பூதகை / Putana",probable,"Krishna nursing story identifies Putana; source retained verbatim."
sorpozhivugal/a_thought.md,"Entire ten-page source","English pages OCR'd with Tamil model",verified_scan,"Re-OCR with Tesseract eng recovered coherent English throughout; original mixed-script extraction remains preserved verbatim."
sorpozhivugal/a_thought.md,"SURRAMANIAM","SUBRAMANIAM",verified_context,"English OCR letter substitution in the Food Minister's name; normalised only in recovered source."
sorpozhivugal/a_thought.md,"Exact debate date","Not present in supplied scans",unresolved,"Internal references place the speech during Fourth Plan discussion after Nehru's death; no date is invented."
sorpozhivugal/a_thought.md,"22°8 / 21. 2","22.8% / 21.2%",verified_context,"Agricultural and irrigation shares in the Fourth and Third Plan comparison; punctuation normalised in recovered source."
sorpozhivugal/the_role_of.md,"Entire thirteen-page source","English pages OCR'd with Tamil model",verified_scan,"Re-OCR with Tesseract eng recovered coherent English throughout; original mixed-script extraction remains preserved verbatim."
sorpozhivugal/the_role_of.md,"The Kural (688)","Tirukkural 688",verified_scan,"Opening scan clearly prints 688; recovered source retains its printed English rendering."
sorpozhivugal/the_role_of.md,"kindless in the heart","kindles in the heart",probable,"English OCR substitution corrected contextually in the recovered source."
sorpozhivugal/the_role_of.md,"twenty-two yeats","twenty-two years",verified_context,"Simple English OCR letter substitution; normalised only in recovered source."
sorpozhivugal/urimai161259.md,"Entire ten-page source","English pages OCR'd with Tamil model",verified_scan,"Re-OCR with Tesseract eng recovered coherent English throughout; original mixed-script extraction remains preserved verbatim."
sorpozhivugal/urimai161259.md,"உரை : 92 நாள் : 76.12.1959","Speech 33; 16.12.1959",verified_scan,"English re-OCR and original scan heading establish speech number and date; source retained verbatim."
sorpozhivugal/urimai161259.md,"ANNADURAL / ANNADURAT / ANNADURALI","ANNADURAI",verified_context,"Repeated English OCR substitutions in the speaker's surname; normalised only in recovered source."
sorpozhivugal/urimai161259.md,"integrat part","integral part",verified_context,"Simple English OCR word damage in the repeated constitutional argument."
sorpozhivugal/kalaivanar_maraivu.md,"Images 2-9 within Kalaivanar condolence item","Unrelated Dravida Nadu political speech",verified_source_discontinuity,"Images 1 and 10 form the obituary; inserted pages are translated separately and not represented as part of the condolence address."
sorpozhivugal/kalaivanar_maraivu.md,"Transition from image 5 to image 6","Missing or mismatched intervening political-speech page",verified_source_discontinuity,"Image 5 ends on honouring sacrifice; image 6 resumes with authority resting in Nehru. No bridge is invented."
sorpozhivugal/kalaivanar_maraivu.md,"திராவிடதாடு சிறப்பிதழ்","திராவிடநாடு சிறப்பிதழ்",probable,"Publication name context supports திராவிடநாடு; source retained verbatim."
sorpozhivugal/kalaivanar_maraivu.md,"தூர்த்து கிடக்கின்ற துறைமுகங்கள்","தூர்ந்து கிடக்கின்ற துறைமுகங்கள்",probable,"The passage concerns ancient harbours now silted up; source retained verbatim."
sorpozhivugal/hindi_ethirpu.md,"சென்னை 89-வது வட்ட","Madras Corporation 89th Division",verified_context,"Event heading identifies the municipal division; translated functionally."
sorpozhivugal/hindi_ethirpu.md,"டுபத்துநாயக்கன் பேட்டை","தூபத்துநாயக்கன் பேட்டை / place-name requires verification",uncertain,"OCR place-name is unstable; source retained verbatim and no modern locality is asserted."
sorpozhivugal/hindi_ethirpu.md,"ஆகஸ்டு 37/-ந் தேதி","ஆகஸ்டு 31-ந் தேதி",verified_context,"31 August is stated repeatedly in the surrounding paragraphs; source retained verbatim."
sorpozhivugal/hindi_ethirpu.md,"இத்தி பரவலாக்கப்படும்","இந்தி பரவலாக்கப்படும்",probable,"Official-language context supports இந்தி; source retained verbatim."
sorpozhivugal/thozhil240757.md,"1945-1957 industrial inventory and numbered proposals 1-13","Original English lists require direct scan transcription",unresolved,"Tamil OCR has rendered most English entries illegible; recoverable surrounding Tamil is translated and source retained verbatim."
sorpozhivugal/thozhil240757.md,"442 / 57 / 41 / 69; 187 / 292; ரூ. 382 / ரூ. 512","Numerical statistics require scan verification",uncertain,"Translated as displayed in the corrected OCR source; no figures were silently amended."
sorpozhivugal/maanila300958.md,"குறைந்தது 8 கோடி ரூபாய் / மூன்று கோடி ரூபாயை","Estimated cost is either Rs 3 crore or Rs 8 crore",unresolved,"Adjacent OCR lines conflict; translation flags the inconsistency and preserves the complete source."
sorpozhivugal/maanila300958.md,"20 நாட்களுக்கு ... 40 நாட்களுக்கு ... 2 கோடி ரூபாய், 8 கோடி ரூபாய்","Poultry laying-period and revenue figures require scan verification",uncertain,"The policy argument is recoverable, but the numerical sequence is not treated as reliable data."
sorpozhivugal/velanmai260358.md,"Image 4 irrigation-policy passage","Direct scan transcription required for several damaged clauses",unresolved,"Central-versus-small-project argument remains recoverable; translation avoids reconstructing lost wording."
sorpozhivugal/velanmai260358.md,"மான்யம் ரூபாய் 21 இலட்சம், கடன் ரூபாய் 171 இலட்சம்","Loan amount associated with Rs 21 lakh grant requires scan verification",uncertain,"OCR may contain an extra digit or damaged decimal; translation does not assert the loan figure."
sorpozhivugal/velanmai260358.md,"Tamil-OCR renderings of two printed English quotations","Original English quotations require re-OCR or direct transcription",unresolved,"One is from an irrigation report and another is attributed to Nehru; neither is silently reconstructed."
sorpozhivugal/pathirikai_thozhil.md,"பண்பல்லவா2 / அண்ணா 2௯","பண்பல்லவா? / அண்ணா :-",probable,"Isolated speaker punctuation and question marks are OCR substitutions; source retained verbatim."
sorpozhivugal/alunarukku_anna.md,"ஆளுநருக்கு அண்ணாவின் பாராட்டு","First item is praise of Speaker U. Krishna Rao, not the Governor",source_heading_mismatch,"Printed heading retained verbatim; English title describes both compiled speeches."
sorpozhivugal/alunarukku_anna.md,"29-04-1957 speech followed by 7-2-57 speech","Two distinct speeches in reverse chronological order",verified_structure,"Translation preserves source order and separates the speeches with dated headings."
sorpozhivugal/nithi140361.md,"நாள் : 74.02.1961","நாள் : 14.02.1961",probable,"Filename nithi140361 and valid calendar form support 14 February; source retained verbatim."
sorpozhivugal/nithi140361.md,"2 கோடியே 55 இலட்சம் / ரூ. 3 கோடி 25 இலட்சம் / மூன்று கோடி","Welfare allocation totals require direct scan verification",uncertain,"OCR gives multiple local totals; translation does not collapse them into one asserted figure."
sorpozhivugal/nithi140361.md,"கிறாம ... villuppattu troupe name","Rural publicity troupe name requires direct transcription",unresolved,"Function is recoverable, but the formal programme or troupe name is illegible."
sorpozhivugal/280367.md,"English High Court quotations in images 8-10","Re-OCR with English language model required",unresolved,"Anna's adjacent Tamil paraphrase is translated; quotations are not silently reconstructed."
sorpozhivugal/280367.md,"செக்ஷன் 47 (1) / செக்ஷன் 41 (1)","Applicable District Municipalities Act section requires verification",uncertain,"Source contains conflicting section numbers; both remain in verbatim Tamil and no legal conclusion relies on selecting one."
sorpozhivugal/280367.md,"தமிழ்நாடு 1962ஆம் ஆண்டு ... மசோதா எண். 2/1967 (12627 மார்ச் 28)","Tamil Nadu District Municipalities (Amendment) Bill No. 2 of 1967; 28 March 1967",probable,"Heading contains damaged year/date typography; debate date and bill identity are otherwise clear."
sorpozhivugal/poarvaal.md,"தீண்டினால் இருநீலகண்டம்","Printed phrase requires contextual or scan verification",uncertain,"Rhetorical checklist surrounding elections is clear, but this isolated expression is not used to construct a speculative translation."
sorpozhivugal/nithi180358.md,"நாள் : 78.03.1958","நாள் : 18.03.1958",probable,"Filename nithi180358 and valid calendar form support 18 March; source retained verbatim."
sorpozhivugal/nithi180358.md,"94,000 பேர்கள்தான் போலீஸ் துறையில்","Police strength may be 24,000 or another OCR-damaged figure",uncertain,"Population comparison is translated conservatively; direct scan verification required before statistical use."
sorpozhivugal/nithi180358.md,"English case summary in Image 9","Re-OCR with English language model required",unresolved,"Adjacent Tamil says the MLA was acquitted but remained described in relation to Rs 166; source wording is not reconstructed."
sorpozhivugal/arignaranna_perurai.md,"13-2-38-ல் சட்டமன்றத்தில்","Assembly excerpt year requires bibliographic verification",uncertain,"Excerpt follows January 1958 black-flag events, making printed 1938 suspect; translation preserves uncertainty."
sorpozhivugal/arignaranna_perurai.md,"காஷ்மீரிலே 4% ஆண்டு","Approximately four and a half years",probable,"Percent sign likely represents a damaged fraction; direct scan verification required."
sorpozhivugal/thamizhinamae.md,"10-71-1968 அன்று","10-01-1968",probable,"Second World Tamil Conference closing context supports 10 January 1968; source retained verbatim."
sorpozhivugal/thamizhinamae.md,"எண்ணியது நடக்கும், நாம் திண்ணியராகப் பெற்றால்","எண்ணிய எண்ணியாங்கு எய்துப எண்ணியார் திண்ணியர் ஆகப் பெறின்",source_paraphrase,"Speech explicitly says it gives Valluvar's extracted sense rather than exact wording; translated as paraphrase and not silently regularised."
sorpozhivugal/nilaucha301058.md,"ர்: 20.10.1 / உரை : 28 அத்தி 958","20.10.1958",probable,"Filename nilaucha301058 and surviving date fragments support 20 October 1958; source retained verbatim."
sorpozhivugal/nilaucha301058.md,"மனாபாஜி... / அவர் அப்போது...","Karuthiruman land-gift exchange incomplete",unresolved,"One interjection and its context are damaged; translation marks the gap rather than inventing a recipient or circumstance."
sorpozhivugal/nilaucha301058.md,"1952 / 1953 peasant-proprietor production discussion","Year and cited comparison require scan verification",uncertain,"Policy argument is recoverable but historical numerical citation should use the original scan."
sorpozhivugal/chennai_maanagar.md,"English verse footnote in Image 10","Re-OCR with English language model required",unresolved,"Editorial note compares the verse with Nehru's later notebook; it is not part of the recoverable speech and is not reconstructed."
sorpozhivugal/chennai_maanagar.md,"ஏழை நோயாளிகள் 100க்கு 90 பேர் ... சுடலைக்குப் போகிறார்கள்","Rhetorical hospital mortality claim requires independent verification",source_claim,"Translated as source rhetoric and explicitly excluded from verified statistical use."
sorpozhivugal/makkal_sakthi.md,"200 கோடி / 5000 கோடி / 139 கோடி","Historical reserve debt and annual-interest figures require scan and contemporary-record verification",uncertain,"Translated as OCR-derived source claims; no figures silently amended."
sorpozhivugal/makkal_sakthi.md,"சர்க்கரை அடக்க விலை டன் 700 / விற்பனை 1000 / அமெரிக்கா 400","Sugar production and export price figures require verification",uncertain,"Source figures retained in translation but not treated as verified economic data."
sorpozhivugal/makkal_sakthi.md,"பம்பாய் 313 / மத்தியப் பிரதேசம் 318 / பஞ்சாப் 406 / மேற்கு வங்கம் 392 / தமிழகம் 269","State average monthly income figures require verification",uncertain,"Translated as displayed in the OCR source."
sorpozhivugal/makkal_sakthi.md,"12 ஆண்டுகள் / 14 ஆண்டுகள்","Congress-rule duration varies within the same speech",source_inconsistency,"Both readings retained contextually rather than silently harmonised."
sorpozhivugal/050767_2.md,"Image 2 fragmented lines","Police recruitment and social-reflection passage requires scan-assisted re-OCR",unresolved,"Recoverable argument translated; damaged clauses explicitly marked and not invented."
sorpozhivugal/050767_2.md,"Image 9: நீதிபதி விசாரணை ... அந்தப் [gap]","Annadurai's promised response if the handcuff allegation were proved is severed",unresolved,"Following exchange confirms the inquiry offer; missing undertaking is not reconstructed."
sorpozhivugal/050767_2.md,"24267 அன்று","Threatening-letter date is OCR-corrupted",unresolved,"Date omitted from English narrative rather than silently normalised."
sorpozhivugal/050767_2.md,"இதற்கு 7008 எடுத்துக்காட்டுகள்","Likely corrupted large-number expression",probable,"Rendered conservatively as thousands of examples; source retained verbatim."
sorpozhivugal/060368.md,"அதிஷ்ட உ ய!","Not present as a title on the first-page scan",resolved_from_scan,"Scan shows only உரை-35 and the 1968-69 budget-debate subject; stray OCR text ignored for English title while Tamil source remains unchanged."
sorpozhivugal/060368.md,"Images 6, 10, 11, 12 and 21 English quotations","Tamil-only OCR destroyed multiple English economic quotations",unresolved,"Speakers and recoverable surrounding arguments translated; quotations not reconstructed."
sorpozhivugal/060368.md,"Image 19","Page text is almost wholly illegible in OCR",unresolved,"Gap explicitly marked in translation; no continuous sentence invented."
sorpozhivugal/060368.md,"Third Plan targets and achievements","100/72 million tons; 29/18.6 million acres; 9.2/6.2 million tons; other source figures",source_claim,"Figures preserved as OCR-derived historical claims and flagged for official-record verification."
sorpozhivugal/060368.md,"290 கோடி / 65 கோடி / ஒரு கோடி","Union deficit and taxation distribution figures",source_claim,"Translated as stated; require verification against 1968 Union and State budget records."
sorpozhivugal/080767.md,"Images 8-9 donation ledger","Several donor names and amounts are fragmented or merged by OCR",unresolved,"Only clearly recoverable donor-amount pairs translated; full ledger requires scan-based transcription."
sorpozhivugal/080767.md,"ரூ. 80 / ரூ. 25 / ரூ. 400-450 / ஐந்து லட்சம் / ஒரு கோடி","Relief payments, reconstruction estimates and fundraising target",source_claim,"Preserved as 1967 source claims; require official or scan verification before financial citation."
sorpozhivugal/080767.md,"600 குடிசைவாழ் பகுதிகள்","Approximate number of hut settlements in Madras",source_claim,"Translated as roughly six hundred; source claim not independently verified."
sorpozhivugal/080767_2.md,"நாள்: 08.07.1067","08.07.1967",certain,"Companion Speech 21 and historical context establish a dropped 9; source retained verbatim."
sorpozhivugal/080767_2.md,"Images 2, 6 and 13 English text","Economic terminology policy quotation and Vajpayee epithet destroyed by Tamil-only OCR",unresolved,"Recoverable Tamil context translated; verbatim English not reconstructed."
sorpozhivugal/080767_2.md,"1964-65 / 1965-66 / 1966-67 sector counts","Annual private cooperative State and Central industry counts",source_claim,"Translated from readable OCR but require departmental-record verification; following year label is damaged."
sorpozhivugal/080767_2.md,"நீர்ப்பாசன ... 3 கோடி நஷ்டம்","Irrigation-capital interest loss figure",source_claim,"Preserved as OCR-derived claim and not independently verified."
sorpozhivugal/sudhanthira_kaiyelu.md,"29-page handwritten manuscript across two combined parts","Existing Tamil OCR is overwhelmingly non-lexical and cannot support faithful translation",requires_retranscription,"First scan confirms readable handwriting but automated OCR failure; complete manual Tamil transcription is required before translation. Item remains pending and is not falsely counted complete."
sorpozhivugal/thazhtha200358.md,"Images 6 7 8 9 and 10 English commission quotations","Official Scheduled Castes Commission excerpts destroyed by Tamil-only OCR",unresolved,"Recoverable Tamil framing translated; verbatim report language not reconstructed."
sorpozhivugal/thazhtha200358.md,"5,000 போஸ்டர்கள் ... local response","Following account is fragmented after the anti-untouchability poster figure",unresolved,"Printing and distribution claim retained; missing local reaction not invented."
sorpozhivugal/thazhtha200358.md,"17 லட்சம் / 18 லட்சம் / 10 லட்சம் / 20 லட்சம்","Welfare expenditure comparisons",source_claim,"Translated as rhetorical source figures; require report verification."
sorpozhivugal/thaiyarkalayum.md,"Images 7-8 English educational terms","Residential-college and educational-community terms damaged by Tamil-only OCR",unresolved,"Contextual contrast with fixed-hour colleges translated; exact English labels not reconstructed."
sorpozhivugal/thaiyarkalayum.md,"கி. பி. 76, 17, 18-ம் நூற்றாண்டுகள்","Greek chronology contains a corrupted first century number",unresolved,"Translation avoids asserting the damaged chronology while retaining the comparative claim as source rhetoric."
sorpozhivugal/thaiyarkalayum.md,"Perambur foreign expert annual fees / lower-cost worker design","Technical fee and design claims require documentary verification",source_claim,"Translated as Anna's claims; not treated as verified industrial history."
sorpozhivugal/vilanginai.md,"27-56-1960","27-6-1960",certain,"First-page scan clearly shows 27-6-1960; preserved Tamil OCR remains unchanged."
sorpozhivugal/vilanginai.md,"Images 7-8 repeat Images 5-6","Duplicate source pages or extraction ordering",duplicate,"Tamil source retained verbatim; repeated argument translated once and documented."
sorpozhivugal/vilanginai.md,"Image 9 arrest formula","English words spoken by police officer destroyed by Tamil-only OCR",unresolved,"Action and context translated; formula not reconstructed."
sorpozhivugal/vilanginai.md,"injuries deaths language ages and historical conquest claims","Multiple historical rhetorical claims require independent verification",source_claim,"Preserved as speech claims and not presented as verified history."
sorpozhivugal/190368.md,"Image 1 heading and opening","OCR captured only two non-lexical fragments from a readable printed page",resolved_from_scan,"Scan identifies Speech 36 date 19.03.1968 and budget-grant heading; opening argument transcribed and translated from scan while OCR source remains unchanged."
sorpozhivugal/190368.md,"1965-66 / 1966-62","Second year likely 1966-67",probable,"Context says two consecutive industrial-welfare grant debates; source retained verbatim and translation avoids relying on malformed digit."
sorpozhivugal/190368.md,"ஒன்றறை ... பண உதவி","Approximately Rs 1.5 crore in Government-guaranteed bank finance",source_claim,"Amount inferred from readable context but damaged OCR; requires committee-record verification."
sorpozhivugal/190368.md,"ஆறு கோடியிலிருந்து ஒன்பது கோடி நூல்","Rs 6-9 crore of unsold yarn",source_claim,"Translated as mill owners' argument rather than verified inventory."
sorpozhivugal/190368.md,"Cellpark company spelling","Company name may be OCR-corrupted",unresolved,"Retained as Cellpark pending scan or archival identification."
sorpozhivugal/unavu100958.md,"Image 1 title and speech metadata","உணவு நிலைமை பற்றிய விவாதம் / உரை 19 / 10.09.1958",resolved_from_scan,"First-page scan supplies exact heading and date; Tamil OCR source remains unchanged."
sorpozhivugal/unavu100958.md,"ப்ரொடெக்ஷன் - உற்பத்தி","ப்ரொடக்ஷன் - உற்பத்தி",certain,"Policy triad production distribution consumption establishes OCR substitution; source retained verbatim."
sorpozhivugal/unavu100958.md,"Image 6 statistical table and 42 94 89 60 values","Table heading and comparison values damaged or internally inconsistent",unresolved,"Discrepancy described without choosing corrected figures; requires original ministerial statement."
sorpozhivugal/unavu100958.md,"Image 12 Nehru English quotation","English phrase destroyed by Tamil-only OCR",unresolved,"Tamil framing translates legal versus moral responsibility; verbatim English not reconstructed."
sorpozhivugal/unavu100958.md,"60 40 land ratio / irrigation and food-price claims","Historical policy and statistical claims",source_claim,"Translated as speech claims and require Assembly-record verification."
sorpozhivugal/noolnilayangal.md,"Image 3 (1610518100)","Visual telecommunication or television-related term",unresolved,"Context translates simultaneous hearing and seeing of a distant speaker; exact term not reconstructed."
sorpozhivugal/noolnilayangal.md,"ஜிம் என்ற ஆங்கிலப் பேராசிரியர்","Attribution of know something about everything and everything about one thing",unresolved,"Name may be OCR-corrupted; maxim translated without normalising attribution."
sorpozhivugal/noolnilayangal.md,"பாபெனும் மகான்","Identity of reformer or thinker reportedly shot for human welfare",unresolved,"OCR reading is too uncertain to assign a historical person; source reference translated conservatively."
sorpozhivugal/noolnilayangal.md,"Tamil print runs 1000-2000 / English lakhs","Publishing circulation comparisons",source_claim,"Translated as 1950 speech claims; require publishing-history verification."
sorpozhivugal/dravida_desium.md,"4-5-67","4-5-61",certain,"First-page scan clearly shows 4-5-61; internal pre-1962 references agree; Tamil OCR source retained verbatim."
sorpozhivugal/dravida_desium.md,"Image 10 University department English label","Dravidian language or studies department label destroyed by Tamil-only OCR",unresolved,"Institutional argument translated; exact English department name not reconstructed."
sorpozhivugal/dravida_desium.md,"Image 9 Mamallapuram English labels","Dravidian culture and architecture labels partly destroyed by Tamil-only OCR",probable,"Tamil framing supplies meaning; exact historical signage wording requires scan verification."
sorpozhivugal/dravida_desium.md,"Source ends after Image 12","Speech is truncated mid-discussion with no conclusion scan",source_truncation,"Every available paragraph translated; no ending invented."
sorpozhivugal/dravida_desium.md,"Nehru 100க்கு 90 பேர் / historical cultural claims","Attributed ethnographic and historical figures require verification",source_claim,"Translated as speech attribution rather than verified scholarship."
sorpozhivugal/120767.md,"Image 1 speech metadata","உரை 24 / நாள் 12.07.1967 / மானியக் கோரிக்கை - மாவட்ட நிர்வாகம்",resolved_from_scan,"First-page scan supplies exact speech number date and title; Tamil OCR source remains unchanged."
sorpozhivugal/120767.md,"Image 8 Collector exchange","Two short English utterances destroyed by Tamil-only OCR",unresolved,"The surrounding action is translated and the missing wording explicitly identified; no dialogue invented."
sorpozhivugal/120767.md,"Images 4-5 village civic-work example","Several lines describing an earlier locally completed work are badly fragmented",unresolved,"The recoverable contrast between collective village work and dependence on grants is translated; missing particulars are not reconstructed."
sorpozhivugal/120767.md,"Images 6-7 panchayat counts","5,000 reorganised as 3,000 and rhetorical claim about 2,000 abolished panchayats",source_claim,"Preserved as Anna's hypothetical political illustration rather than a verified programme."
sorpozhivugal/120767.md,"Images 10-11 village-officer restructuring figures","Salary increase and number or grouping of villages are partly corrupted",unresolved,"Argument for consolidation and adequate remuneration is translated without inventing an unreadable grouping figure."
katturaigal/irubathumoovar.md,"Image 1 opening","£ாரலை கூட்டினேன் / மாலை சூட்டினேன்",resolved_from_scan,"First-page scan clearly reads மாலை சூட்டினேன்; English uses the scan-correct reading while Tamil OCR source remains unchanged."
katturaigal/irubathumoovar.md,"Image 4 stray number near இருபத்து மூவர்","OCR inserts 29 7 beside the repeated total",certain,"Scan context and the minister's quoted answer consistently establish twenty-three; stray OCR digits are ignored only in translation and source remains verbatim."
katturaigal/irubathumoovar.md,"Police-firing deaths under Congress ministry","Twenty-three deaths before ministry completed one year",source_claim,"Translated as the article's quotation of Minister Dr Subbarayan; not independently verified as a historical statistic."
katturaigal/mozhiporattam.md,"Image 6 ending","Final available scan ends with தாய்மொழியை இழக்க in the middle of a sentence",source_truncation,"Every available sentence is translated and the unfinished ending is explicitly marked; no conclusion invented."
katturaigal/mozhiporattam.md,"Images 1-4 casualty arrest and population figures","12 killed 150 injured 28 students arrested and population six crore/four crore Bengali speakers",source_claim,"Figures are preserved as contemporary article claims and have not been silently reconciled with later historical accounts."
katturaigal/mozhiporattam.md,"Image 2 1441 ஊரடங்குச் சட்டம்","144ம் / Section 144 and curfew",certain,"Context and later repetition establish an OCR-attached digit; English renders Section 144 while Tamil OCR source remains unchanged."
katturaigal/mozhiporattam.md,"Image 4 பிணங்கள் ரஸ்","Fragment between the firing and 150 wounded",unresolved,"Translation preserves the readable fact of bodies falling and 150 wounded without inventing the damaged word or count."
katturaigal/punnagai.md,"Image 1 சாம்ராஜ்ய சித்திரம்","Phrase describing Siddhartha's palace or imperial circumstances is grammatically damaged",unresolved,"Translated conservatively as a palace befitting an empire; no additional royal detail inferred."
katturaigal/punnagai.md,"Image 3 தண்மை உணரும் வேலை","Likely a damaged philosophical expression about discerning truth or reality",probable,"Rendered as the work of understanding truth from Siddhartha's renunciatory context; Tamil OCR source remains unchanged."
katturaigal/punnagai.md,"Image 4 சாரநாத் road description","பாட்டை consistently denotes the road/path rather than song",certain,"Translated as road from the repeated tree-lined travel description; source spelling retained verbatim."
katturaigal/culcutta_kaichal.md,"Image 1 opening காலித்தனம்","First line punctuation and spacing are compressed but report concerns disorder in Bengal",certain,"Rendered as hooliganism prevailing and leaders being attacked; Tamil OCR source remains unchanged."
katturaigal/culcutta_kaichal.md,"Image 2 ச.ம. / சு.ம. abbreviations","Likely reference to சுயமரியாதை or Self-Respect used in hostile newspaper labelling",probable,"Translated as Self-Respect hooliganism/whirlwind from political context; exact printed abbreviation should be scan-checked before quotation."
katturaigal/culcutta_kaichal.md,"Image 2 Nariman sentence","Punctuation and initial words describing Nariman's Bombay influence are damaged",unresolved,"Recoverable praise and later Patel-Nariman reversal are translated without reconstructing missing syntax."
katturaigal/culcutta_kaichal.md,"Historical characterisation of Congress Bose Gandhi and Federation","Strong partisan claims and attributed motives throughout",source_claim,"Translated as Anna's 1939 political argument and not presented as independently verified history."
katturaigal/pirarsothai.md,"Final date 59-3-1947","9-3-1947",resolved_from_scan,"Final-page scan clearly shows 9-3-1947; translated date corrected while Tamil OCR source remains unchanged."
katturaigal/pirarsothai.md,"Image 1 கொட்டமேகமமும்","கொட்டமே கமழும் or closely related Tevaram incipit",probable,"Transliterated conservatively as Kottame Kamazhum; exact canonical hymn wording should be verified before scholarly citation."
katturaigal/pirarsothai.md,"Sambandar boat narrative","Legendary episode attributed to Sekkizhar's Periyapuranam",source_claim,"Translation consistently frames details as the article's account of a legend rather than verified historical conduct."
katturaigal/pirarsothai.md,"1300 and 900 years","Article's approximate chronology for Sambandar and Sekkizhar",source_claim,"Preserved as the author's chronological claims without independent dating."
katturaigal/ditto.md,"Image 5 1978","1948",resolved_from_scan,"Scan clearly shows 1948 for the Tito-Moscow split; English uses the scan reading and Tamil OCR source remains unchanged."
katturaigal/ditto.md,"Names ஜோதிப் பிராஸ் / கும்ரோவிக் / மால்கோ","Josip Broz / Kumrovec / Moscow",certain,"Standard proper names are recoverable from context and scan; corrected only in translation."
katturaigal/ditto.md,"Image 2 hospital location 5௫ மாதா கோயில்","A monastery or religious institution used as military hospital",unresolved,"Rendered generically as a monastery; exact institution or place name is too damaged to reconstruct."
katturaigal/ditto.md,"Image 4 பால் அரசன்","Prince Paul or Regent Paul rather than a reigning king",probable,"Rendered as Prince Paul based on Yugoslav wartime context; article's political description remains an attributed source claim."
katturaigal/ditto.md,"Biographical ages dates ranks and political narrative","Popular biographical account contains period simplifications and possible OCR errors",source_claim,"Translated as the article's account; only scan-certain OCR corrections are normalised."
katturaigal/ganavaan.md,"Image 1 கூனவானாகியிருக்கிறார்","கனவானாகியிருக்கிறார்",resolved_from_scan,"First scan clearly repeats the title word கனவான்; English uses gentleman while Tamil OCR source remains unchanged."
katturaigal/ganavaan.md,"Images 2-3 several compressed lines","Passages about Kamaraj's advisers ascent and ordinary-man image contain merged or dropped words",unresolved,"Recoverable political argument is translated conservatively; no specific adviser or missing phrase invented."
katturaigal/ganavaan.md,"Image 3 election comparison","DMK seventeen lakh votes and Congress fifty lakh votes",source_claim,"Preserved as the article's comparison and not independently verified against election returns."
katturaigal/ganavaan.md,"Image 5 ending","Source ends after அவருடைய மவுனத்துக்குக் காரணம் in mid-sentence",source_truncation,"Every available paragraph translated and unfinished ending marked explicitly; no conclusion invented."
katturaigal/culcutta_rasagulla.md,"Image 1 title கல்கத்தா ந௫குல்லா","கல்கத்தா ரசகுல்லா",certain,"Repeated title and closing phrase establish rasagulla; English and Tamil title line use the clear reading while OCR source remains unchanged."
katturaigal/culcutta_rasagulla.md,"Image 3 1001 பேரைச் சிறையிலிட்டால்","Claim that 1,001 people were imprisoned under Congress repression",source_claim,"Figure preserved as the article's claim; likely anti-Hindi agitation context but not silently supplied in translation."
katturaigal/culcutta_rasagulla.md,"Image 4 பெருவாரியான மேம்பாட்டு-- ஓட்","Damaged sentence about majority vote electing a leader",probable,"Rendered from the immediately repeated Subhas example; no missing numeric total invented."
katturaigal/culcutta_rasagulla.md,"Bose Gandhi Congress and Calcutta incidents","Partisan descriptions and reported assaults",source_claim,"Translated as Anna's contemporary satire and reported events rather than independently verified findings."
katturaigal/kazhaga_pani.md,"Image 1 பணகுடு","பணகுடி / Panagudi",probable,"Standard Tirunelveli place name used in English while Tamil OCR source remains unchanged."
katturaigal/kazhaga_pani.md,"Image 2 சங்கு பிடித்ததும்","Crowd dispersal trigger in larger towns; exact idiomatic sense uncertain",unresolved,"Rendered literally as when the conch sounds and paired with the clear train-time example."
katturaigal/kazhaga_pani.md,"Image 2 சுற்றுப் பயணம் 15-20 / publication 6-5-51","Tour month is not named in OCR and apparent chronology cannot be established from source alone",unresolved,"Translation preserves from the fifteenth to twentieth of this month without assigning a calendar month."
katturaigal/kazhaga_pani.md,"Image 4 புளியங்கொட்டை பிண்ணாக்கு","Extreme food scarcity image under Congress rule",source_claim,"Translated as the article's rhetorical claim rather than verified dietary or famine evidence."
katturaigal/kazhaga_pani.md,"Election votes party decline black-market and Congress claims","Political observations from district tour",source_claim,"Translated as Anna's reported impressions and arguments; no independent electoral inference added."
katturaigal/nagai_veedu.md,"Image 1 title நகை விடு கணை","Title wordplay connects Anna's smile with a question fired like an arrow",certain,"Rendered The Arrow Loosed by a Smile and distinguished from filename's misleading வீடு segmentation."
katturaigal/nagai_veedu.md,"Final date 14-1-29","14-1-59",resolved_from_scan,"Final scan clearly shows 14-1-59; English publication line uses 1959 and Tamil OCR source remains unchanged."
katturaigal/nagai_veedu.md,"Image 4 early Murasoli physical description","Some compounds around paper disintegrating and letters scattering are compressed",probable,"Translated as a fragile handbill from the intact similes; no printing specification invented."
katturaigal/nagai_veedu.md,"Image 5 ஆரூர் talent sentence","Verb is OCR-damaged but context calls for drawing out dormant talent",probable,"Rendered as drawing out accumulated talent; exact damaged verb is not silently inserted into Tamil."
katturaigal/padikkathae.md,"Image 4 39 வருஷங்கள்","33 வருஷங்கள்",resolved_from_scan,"Scan clearly shows 33 in both references to the ban and posthumous performance; Tamil OCR source remains unchanged."
katturaigal/padikkathae.md,"Image 4 1818","1812",resolved_from_scan,"Scan clearly gives 1812 for Napoleon's invasion of Russia; English chronology corrected."
katturaigal/padikkathae.md,"Image 5 18289 / 92 வருஷங்கள் / 23 ஆண்டுகள்","1829 / 33 years / 33 years",resolved_from_scan,"Final scan clearly supplies all three readings; English uses scan values without modifying Tamil OCR source."
katturaigal/padikkathae.md,"கேலி செய்யும் கேடு / கேலியால் வரும் கேடு","Tamil rendering of Griboyedov's Woe from Wit",certain,"Canonical English title used and article's literal Tamil title sense noted once."
katturaigal/padikkathae.md,"Griboyedov censorship and biography narrative","Article simplifies publication and performance history",source_claim,"Translated as the article's literary history; scan-certain dates corrected but no external chronology silently substituted."
katturaigal/parattu_211056.md,"Image 2-3 Ambedkar pledge","OCR destroys most of the bold printed pledge",resolved_from_scan,"Scan supplies rejection of Hindu deities incarnation Vishnu-avatar claim rituals and Brahmin rites plus morality compassion equality and Buddhist doctrine; Tamil OCR source remains unchanged."
katturaigal/parattu_211056.md,"Filename date 211056","21-10-1956",probable,"Date is inferred from canonical filename and immediate post-conversion context; no date line appears in available OCR pages."
katturaigal/parattu_211056.md,"Three lakh converts / seventy lakh square feet / nine crore rupees / nine crore Muslims","Contemporary crowd area funding and population claims",source_claim,"All figures are translated as article or attributed report claims and not independently verified."
katturaigal/parattu_211056.md,"Image 4 நியோகியின் நியாயம்","Reference to Niyogi Committee or report on foreign missionary activity",probable,"Rendered as Niyogi Committee reasoning from period context; exact report title is not supplied by source."
katturaigal/antha_naadagam.md,"Whole work compared with padikkathae.md","Second source version of the same Griboyedov Woe from Wit article under title அந்த நாடகம்",duplicate_version,"Translated as its own canonical bilingual record because source inventory retains both; absent 1826 paragraph and truncated ending are not imported from companion version."
katturaigal/antha_naadagam.md,"Image 2-5 repeated numeric garbage","512 592 902 and similar strings between sections",certain,"Layout/OCR artefacts omitted from English prose while preserved verbatim in Tamil source block."
katturaigal/antha_naadagam.md,"Image 6 ending","Source stops after அந்த எழுத்துக்கு அவ்வளவு சக்தியிருக்கிறது என்பதை",source_truncation,"Translation ends at the same unfinished thought and marks truncation; companion article's conclusion is not copied in."
katturaigal/antha_naadagam.md,"Griboyedov dates 1795 1812 1823 1829 1862 and 33 years","Readable chronology in this cleaner source variant",source_claim,"Values translated as printed; broader publication history is not independently substituted."
katturaigal/kalaiyum_padukolaiyum.md,"Images 2-3 மிராசாவா","Hirasawa",probable,"Teigin Bank context identifies painter Sadamichi Hirasawa; standard surname used in English while Tamil OCR source remains unchanged."
katturaigal/kalaiyum_padukolaiyum.md,"Sixteen poisoned and killed / fifty-eight-page confession","Article's Teigin Bank casualty and confession claims",source_claim,"Translated as the article's account; not reconciled with later contested case histories or differing death counts."
katturaigal/kalaiyum_padukolaiyum.md,"Image 7 ரமண சீடரின் ஆட்சி","Government led by a disciple of Ramana; individual not named in source",unresolved,"Rendered descriptively without assigning a political figure."
katturaigal/kalaiyum_padukolaiyum.md,"Publication line 28. //.49","28-11-1949",probable,"Month strokes visually and contextual format support November; date rendered with probability and Tamil OCR source preserved."
katturaigal/tamilan_thodutha.md,"Image 3 புதியகோ விழிப்பு","OCR-damaged phrase describing new awakening caused by compulsory Hindi",probable,"Rendered as awakened in a new way from clear sentence context; exact compound not reconstructed in Tamil."
katturaigal/tamilan_thodutha.md,"Image 5 பாரதியார் participation","Quoted participant label may be symbolic or may reflect source naming that requires historical identification",unresolved,"Retained as Bharathiyar in quotation marks; not silently reassigned to Bharathidasan or another activist."
katturaigal/tamilan_thodutha.md,"Named participants in first anti-Hindi agitation","Maraimalai Adigal Eelathu Adigal Dr Dharmambal Revolutionary Poet and others",source_claim,"Translated as the foreword's commemorative participant list; individual chronology not independently altered."
katturaigal/tamilan_thodutha.md,"No publication date in available source","Foreword metadata gives book and author but no date",unresolved,"No date invented in English translation."
katturaigal/augustil_kidai.md,"Opening contact complaint","Several words in the ten-times contact sentence are OCR-damaged",probable,"Translated as being summoned ten times before coming once from intact complaint structure; exact verb remains uncorrected in Tamil source."
katturaigal/augustil_kidai.md,"ஆகஸ்டு அறிக்கை","Earlier Anna statement opposed by named comrades; exact date and subject not stated in this source",unresolved,"Retained as August statement without importing external identification."
katturaigal/augustil_kidai.md,"Image 4 Tiruvathipuram spellings","இருவத்திபுரம் / திருவத்துபுரம்",probable,"Normalised to Tiruvathipuram in English from repeated local reference; Tamil OCR source remains unchanged."
katturaigal/augustil_kidai.md,"Image 6 பெட்டிச்சாவி","Erode succession metaphor of handing over the cash-box key",source_claim,"Translated as Anna's recollection of Periyar's statement; no institutional transfer is inferred beyond metaphor."
katturaigal/augustil_kidai.md,"Source ending","Available scan ends after final protest about not sleeping toward Periyar's direction",source_truncation,"All available material translated; no later continuation or publication date invented."
katturaigal/paalaivana_malar.md,"Image 1 பாரததேவி ஆசிரியர்","Editor of Bharata Devi periodical",probable,"Rendered as publication title from repeated final reference; exact typography is not supplied by OCR metadata."
katturaigal/paalaivana_malar.md,"Image 2 கீர்த்திக் கணவாய்","Pass or valley of fame in martial achievement sentence",unresolved,"Rendered literally as valley of fame; exact allusion requires source scholarship."
katturaigal/paalaivana_malar.md,"Image 5 opening paragraph","OCR omitted most of scan text describing 1.5 lakh attendees travelling in heat for three-day conference",resolved_from_scan,"Paragraph translated directly from readable scan while Tamil OCR source remains unchanged."
katturaigal/paalaivana_malar.md,"One and a half lakh conference attendance","Tuticorin gathering size and travel description",source_claim,"Translated as article's claim and not independently verified."
katturaigal/paalaivana_malar.md,"Names and historical caste-reform claims","Vivekananda Ramalinga Vemana Veeresalingam Raja Ram Mohan Roy Gandhi Smuts Ashoka and others",source_claim,"Translated as Anna's rhetorical historical account without silently revising chronology or causation."
katturaigal/mannikkamudiyatha.md,"Final date 85-12-1946","8-12-1946",resolved_from_scan,"Final scan clearly shows 8-12-1946; English date corrected while Tamil OCR source remains unchanged."
katturaigal/mannikkamudiyatha.md,"Image 1 Pandyan fever narrative","Periyapuranam legend involving Sambandar Jains and Mangayarkkarasiyar",source_claim,"Translated consistently as an attributed puranic episode rather than verified history."
katturaigal/mannikkamudiyatha.md,"Image 3 வடவாக்கினி","Mythic northern or submarine fire used as simile for rage",probable,"Rendered as submarine fire; exact cosmological term may warrant specialist review."
katturaigal/mannikkamudiyatha.md,"Image 5 Anapaya Chola conversion purpose","Claim that Periyapuranam was composed to make Jain-attached king Saivite",source_claim,"Translated as article's stated explanation with attribution and not independently asserted."
katturaigal/makkatpanbu.md,"Image 1 எண்ணாயிரம்","tens of thousands",probable,"Read in its historical Tamil numerical sense; translated conservatively while Tamil OCR remains verbatim."
katturaigal/makkatpanbu.md,"Image 1 சவ ஒலிகளுடன்","சைவ ஒலிகளுடன்",probable,"Context clearly indicates Saivite chants; corrected only in English translation and not in retained Tamil OCR."
katturaigal/makkatpanbu.md,"Image 2 சண்டைக் இஇழுத்து","சண்டைக்கு இழுத்து",probable,"Obvious duplicated OCR characters; translated by contextual reading without altering source block."
katturaigal/makkatpanbu.md,"Images 3-6 Buddhanandi episode","Puranic account of lightning and physical killing",source_claim,"Rendered throughout as Sekkizhar's reported episode and Anna's interpretation, not as independently verified history."
katturaigal/makkatpanbu.md,"Image 5 என்று $றி","என்று கூறி",probable,"OCR symbol loss inferred from syntax; English conveys the contextual sense while Tamil OCR remains unchanged."
katturaigal/makkatpanbu.md,"Image 6 புத்த நத்தி","புத்த நந்தி",probable,"Name normalised in English from repeated unambiguous occurrences; source Tamil retained verbatim."
katturaigal/mandapa_maanadu.md,"Image 1 உலகத்தின் க்ஷமம்","உலகத்தின் க்ஷேமம்",resolved_from_scan,"Scan and later repetitions show kshema or welfare; English uses the corrected sense while Tamil OCR is retained."
katturaigal/mandapa_maanadu.md,"Image 4 நீனா","சீனா",probable,"Country list and scan support China; corrected only in English translation."
katturaigal/mandapa_maanadu.md,"Image 4 கீழே ஏழு","கீழே ஏழு",resolved_from_scan,"OCR reads மே ஏழு; scan clearly reads கீழே ஏழு, paired with மேலே ஏழு."
katturaigal/mandapa_maanadu.md,"Image 5 page transition","Sentence beginning அதன் பொருள் continues directly from Image 4",resolved_from_scan,"No source passage is missing; complete sentence translated across the scan boundary."
katturaigal/mandapa_maanadu.md,"Images 7-9 TVS family initials","டி.வி.எஸ்.",resolved_from_scan,"OCR varies பூ..வி. and மூ.வி.எஸ்.; scans and context clearly identify the T. V. S. family."
katturaigal/mandapa_maanadu.md,"Final date 26-8-26","26-8-56",resolved_from_scan,"Final scan clearly shows 26-8-56; English date rendered as 26 August 1956 while source OCR remains verbatim."
katturaigal/mandapa_maanadu.md,"Claims concerning Vedic society and cosmology","Author's polemical characterisation",source_claim,"Translated as Anna's argument without presenting the historical generalisations as independently verified facts."
katturaigal/mangammal.md,"Image 1 opening £௰ங்கம்மாள்","மங்கம்மாள்",probable,"Decorative or damaged initial OCR; title and repeated name establish Mangammal. Tamil source remains unchanged."
katturaigal/mangammal.md,"Images 1-4 allegorical woman","Mangammal as personification of black-market money",resolved_from_context,"The later explicit explanation governs the English metaphor; no literal biographical woman is inferred."
katturaigal/mangammal.md,"Image 5 சோணாசலம்","Somasundaram or Sonachalam personal-name reading",unresolved,"Rendered as Somasundaram conservatively; exact name is immaterial to the example and warrants scan-level specialist review."
katturaigal/mangammal.md,"Image 6 தரக்கிலே மாட்ட வேண்டும்","தூக்கிலே மாட்ட வேண்டும்",probable,"Context and Nehru's repeated hanging threat establish the sense; source OCR retained verbatim."
katturaigal/mangammal.md,"Image 7 நேரு பண்தர்","நேரு பண்டிதர்",probable,"Repeated full form and context establish Pandit Nehru; normalised only in English."
katturaigal/mangammal.md,"Image 8 நாம ராஜ்யம்","நமது ராஜ்யம் or நம் ராஜ்யம்",probable,"Rendered as our kingdom from satirical context; Tamil OCR remains unchanged."
katturaigal/mangammal.md,"Bengal famine and political-policy claims","Article's account of deaths black-market profits and leaders' statements",source_claim,"Translated as the author's contemporary political argument without independent historical verification."
katturaigal/marana_sasanam.md,"Images 11 and 12","Exact duplicate scan and OCR passage",duplicate_source_page,"Tamil source is preserved with both image sections; English translates the duplicated passage once rather than misrepresenting it as deliberate repetition."
katturaigal/marana_sasanam.md,"Image 2 தங்கசூடைய தோழனை","தங்களுடைய தோழனை",probable,"Context supports their own comrade; translated by sense while Tamil OCR remains verbatim."
katturaigal/marana_sasanam.md,"Image 4 கல்லையம் மண்ணையும்","கல்லையும் மண்ணையும்",probable,"Duplicated OCR character resolved from list syntax and scan context only in English."
katturaigal/marana_sasanam.md,"Image 6 ஒரவவுக்கு","ஓரளவுக்கு",probable,"Translated as some relief from clear sentence context; source retained unchanged."
katturaigal/marana_sasanam.md,"Image 8 railway-strike paragraph ending","OCR syntax around strike leader is damaged",probable,"Rendered conservatively as an ironic statement that robbery could not protect the strike; exact damaged wording merits scan review."
katturaigal/marana_sasanam.md,"Image 14 ண்ணு தரும்","Possibly மதிப்பு தரும் or equivalent testimonial phrase",unresolved,"English renders the following நற்சாட்சிப் பத்திரம் as valuable testimonial without inventing a precise lost word."
katturaigal/marana_sasanam.md,"Madurai riot descriptions and attributed responsibility","Contemporary political allegations and interpretation",source_claim,"All violence and causation claims are translated as the article's account, not independently verified history."
katturaigal/marappom_manni.md,"Image 1 meeting date 14-72-5352","14-12-1952",resolved_from_scan,"Scan clearly shows 14-12-52; English expands the year consistently with final publication date."
katturaigal/marappom_manni.md,"Images 2-4 Latin-script phrases","Childish, Nonsense; Boyish Frank; youthful - emcumbrance; Oldman's Wisdom",resolved_from_scan,"Printed forms verified from scans and preserved in English discussion; apparent spelling or idiom irregularities are not silently replaced."
katturaigal/marappom_manni.md,"Printed Boyish Frank","Possibly intended Boyish Prank",unresolved,"Scan distinctly appears to print Frank; retained verbatim because emendation cannot be proved."
katturaigal/marappom_manni.md,"Printed youthful - emcumbrance","Likely youthful encumbrance",probable,"The parenthetical Tamil தொல்லை confirms nuisance or burden; printed spelling retained and meaning glossed."
katturaigal/marappom_manni.md,"Image 4 01085 14150௦","Oldman's Wisdom",resolved_from_scan,"Latin text is clear in scan; retained with original singular and spacing style."
katturaigal/marappom_manni.md,"Image 8 திராவிட தாடு","திராவிட நாடு",probable,"Obvious character substitution in movement slogan; English uses Dravidian land while Tamil OCR remains unchanged."
katturaigal/marappom_manni.md,"Political descriptions of Nehru and movement strength","Reported speech and rhetorical claims",source_claim,"Translated as Annadurai's speech without treating crowd size or political assertions as independently verified."
katturaigal/mathuvilakku_satta.md,"Available opening","Image set begins on printed page 197 and refers to words printed above",source_truncation,"Missing epigraph or prior opening is explicitly marked in English; no absent wording or title text is invented as source content."
katturaigal/mathuvilakku_satta.md,"Images 1-5 reading order","Two-column pages merged irregularly by OCR",resolved_from_scan,"English prose order reconstructed directly from page scans while Tamil OCR block remains verbatim in extractor order."
katturaigal/mathuvilakku_satta.md,"Title from canonical stem","மதுவிலக்குச் சட்டம்",probable,"No title appears in available pages; canonical filename and concluding liquor-prohibition contrast support The Prohibition Law."
katturaigal/mathuvilakku_satta.md,"Image 1 நாதீடு","நாடு",probable,"Translated as country from phrase கேடு களையவும் நாடு சிறக்கவும்; source OCR unchanged."
katturaigal/mathuvilakku_satta.md,"Image 3 prose across columns","Several sentences interleaved by OCR around law tax and Panibai transition",resolved_from_scan,"Column-by-column scan reading restores sequence; retained Tamil OCR is not silently reordered."
katturaigal/mathuvilakku_satta.md,"Image 4 Amெரிக்குரை காலம்","அமெரி துரை காலம் or American ruler's age",unresolved,"Rendered conservatively as the time of the American ruler; exact historical allusion requires specialist review."
katturaigal/mathuvilakku_satta.md,"British Aryan and caste-history claims","Author's political and historical interpretation",source_claim,"Translated as the article's argument without independent endorsement or verification."
katturaigal/mazhai.md,"Image 1 opening [ரன் என்ன செய்வேன்","நான் என்ன செய்வேன்",probable,"Damaged opening character resolved from first-person earth speech; Tamil OCR remains verbatim."
katturaigal/mazhai.md,"Image 3 இயற்கையின் கர௬௫௨வலம்","இயற்கையின் கருவூலம்",probable,"Context clearly means nature's treasury; correction appears only in English."
katturaigal/mazhai.md,"Image 3 காச்சல்","காய்ச்சல் or related social ill",unresolved,"Rendered as fever conservatively within a list of evils; exact scan reading may warrant lexical review."
katturaigal/mazhai.md,"Image 7 to Image 8 transition","Stray OCR த்து after incomplete நீயோ sentence",ocr_noise,"English completes the syntax from context without assigning meaning to stray residue."
katturaigal/mazhai.md,"Image 9 என் வேதத்தைத் தடுத்து","என் வேகத்தைத் தடுத்து",probable,"Hydraulic context supports checking my speed; English uses that reading while Tamil OCR is unchanged."
katturaigal/mazhai.md,"Final publication line திராவிடதாடு","திராவிட நாடு",probable,"Established publication title normalised only in English metadata."
katturaigal/mazhai.md,"Final trailing OCR noise","Non-lexical material after publication line",ocr_noise,"Retained in Tamil source but not translated as prose."
katturaigal/mohana_muhari.md,"Images 3 and 5; Images 4 and 6","Two exact duplicated source-page pairs",duplicate_source_page,"Tamil source retains every image block; each duplicated semantic passage is translated once in English."
katturaigal/mohana_muhari.md,"Title முகாறி","முகாரி",probable,"Repeated raga name and established spelling support Mukhari; title source OCR remains unchanged."
katturaigal/mohana_muhari.md,"Image 4 பொலினில் / Image 6 பெர்லினில்","Berlin",resolved_from_duplicate_scan,"Clearer duplicated OCR establishes Berlin; English uses the resolved place name."
katturaigal/mohana_muhari.md,"Image 8 to Image 9 economic quotation","Quotation crosses page boundary with damaged or absent intervening wording",source_truncation,"Available opening and resumed critique are translated with an explicit gap marker; missing text is not invented."
katturaigal/mohana_muhari.md,"Image 9 சுவாசி சண்முகம்","R. K. Shanmukham Chetty",probable,"Historical budget context establishes the finance minister; English uses the recognisable name while Tamil remains verbatim."
katturaigal/mohana_muhari.md,"Final image separate Subbarayan item","A second short news item begins within the canonical image set",embedded_second_item,"Translated under its own heading so meaningful retained source text is fully covered."
katturaigal/mohana_muhari.md,"Political characterisations of Jayaprakash Nehru and Congress","Author's contemporary political critique",source_claim,"Rendered as the article's argument and attributed positions rather than independently verified conclusions."
katturaigal/moodanambikai.md,"Image 1 மூதறிவாளர்கள்","மூதறிவாளர்கள் used ironically",resolved_from_context,"Quotation marks and argument establish irony; rendered as elders of wisdom without endorsing the description."
katturaigal/moodanambikai.md,"Image 3 book titles","Taylor's Anthropology; Frazer's Golden Bough",resolved_from_scan,"Printed Latin titles read directly from scan; source OCR is severely corrupted and remains verbatim."
katturaigal/moodanambikai.md,"Images 4-8 Latin glosses","Savage Tribes; Spirit Soul; The soul hovering near the burning corpse; Necromancy or Black Magic; First Born; Witchcraft; Wizards Witches; Viharas; Evolve; Evolution",resolved_from_scan,"English glosses restored from scans and used conservatively in translation."
katturaigal/moodanambikai.md,"Savage Tribes and காட்டுமிராண்டிகள்","Period derogatory anthropological vocabulary",historical_language,"Translation attributes the label to historical usage and does not adopt it as a present neutral classification."
katturaigal/moodanambikai.md,"Claims about origins of funeral and food customs","Article's comparative-anthropological explanations",source_claim,"Translated as the source's explanations without claiming modern anthropological verification."
katturaigal/moodanambikai.md,"Claims about witchcraft deaths and religious concepts","Article's rationalist historical argument",source_claim,"Rendered as the author's claims; figures and causal generalisations are not independently verified."
katturaigal/moscovin_puthu.md,"Available opening","Source begins with a series of unattributed advisory quotations before page number 952",source_truncation,"Translated as available; no missing heading or speaker attribution is invented."
katturaigal/moscovin_puthu.md,"Title from concluding phrase and canonical stem","மாஸ்கோவின் புத்தொளி",probable,"No visible title occurs in image set; concluding sentence explicitly names Moscow's new light and supports the canonical title."
katturaigal/moscovin_puthu.md,"Image 4 revolution age 7]","15",resolved_from_context,"Image 5 explicitly states he saw the revolution at fifteen; English uses the consistent reading."
katturaigal/moscovin_puthu.md,"Image 5 party year 7920","1920",probable,"Obvious first-digit OCR substitution; corrected only in English."
katturaigal/moscovin_puthu.md,"Final date 15-2-௦2","15-3-53",resolved_from_scan,"Final scan clearly shows 15-3-53; rendered as 15 March 1953."
katturaigal/moscovin_puthu.md,"Malenkov biography Soviet war production and political-system claims","Contemporary 1953 laudatory profile",source_claim,"Translated as the article's period account without treating chronology praise or causal claims as modern verified biography."
katturaigal/munnani_padai.md,"Source ending","Image 19 ends immediately after sandalwood and leprosy analogy",source_truncation,"English marks the abrupt ending; no conclusion or publication date is invented."
katturaigal/munnani_padai.md,"Image 4 எத்தர்கள்","எத்தர்கள் or cheats",probable,"Rendered as cheats from abuse-list context; Tamil OCR remains verbatim."
katturaigal/munnani_padai.md,"Image 7 தலையாட்டிகளாக மறுக்கிறோம்","Likely no longer mere head-nodders",unresolved,"Rendered by contextual sense as denying that members lack minds of their own; exact damaged syntax warrants specialist review."
katturaigal/munnani_padai.md,"Image 10 கப்பரையும் கையுமாகக் கஞ்சிக்கலையும்","Begging-bowl idiom with damaged OCR",probable,"Rendered as begging with bowl in hand from contrast with golden bowl; source remains unchanged."
katturaigal/munnani_padai.md,"Image 11 நிலாச் சோறு","Ordinary or familiar experience rather than genuine poison",unresolved,"Rendered as ordinary as moonlight rice while preserving metaphor; exact idiomatic force may require period commentary."
katturaigal/munnani_padai.md,"Image 16 அவலை நினைத்துக் கொண்டு உரலை இடிப்பது","Pounding the mortar while thinking of beaten rice",probable,"Literal proverb image retained; exact conventional English equivalent is uncertain."
katturaigal/munnani_padai.md,"Political predictions and descriptions surrounding DMK-DK split","Annadurai's contemporary argument",source_claim,"Translated as the letter's claims and expectations rather than retrospective verified history."
katturaigal/munshi_marg.md,"Image 2 விகித்திர தண்ட பல்லும் வீசியபடி","Damaged phrase describing Munshi issuing bizarre prescriptions",unresolved,"Rendered contextually as casting bizarre commandments in every direction; Tamil OCR remains verbatim."
katturaigal/munshi_marg.md,"Image 2 மழை மதம் / Image 3 மாபூஜை","Satire about a rite or festival intended to bring rain",probable,"Rendered as rain religion and great rite from the surrounding religious satire; the exact damaged wording is not silently repaired."
katturaigal/munshi_marg.md,"Image 4 5,740.29 ஏகரா","Likely Indian-style grouping for 5,74,029 acres",probable,"Rendered as 574,029 acres because the printed statistical sequence and context indicate a grouping error; source remains verbatim."
katturaigal/munshi_marg.md,"Image 7 திருட தெகனயாசப் பதுக்கிவைத்தான்","Severely damaged clause concerning theft and hoarding of rice",probable,"Rendered by the surrounding list as stealing and hoarding rice; no unsupported detail added."
katturaigal/munshi_marg.md,"Food production figures and government-policy descriptions","Annadurai's contemporary statistics and polemical account",source_claim,"Translated as claims made in the 1950 article, not independently verified current historical data."
katturaigal/muthalamaicharin_murari.md,"Filename muthalamaicharin_murari versus printed title முதலமைச்சரின் முகாரி","The scan clearly prints முகாரி (Mukhari), the plaintive Carnatic raga",confirmed_from_scan,"English and Tamil translated titles follow the scan; the existing canonical filename is retained for linkage."
katturaigal/muthalamaicharin_murari.md,"Image 6 garbled Latin-script line","The Government of India has warned Madras",confirmed_from_scan,"Recovered directly from the image for the English translation; Tamil OCR source remains verbatim."
katturaigal/muthalamaicharin_murari.md,"Image 7 கனம் மரமகாத்மா முன்ஷி","Satirical epithet linking Munshi to tree promotion",probable,"Rendered as Honourable ‘Mahatma of Trees,’ Munshi; punctuation is contextual and the source remains unchanged."
katturaigal/muthalamaicharin_murari.md,"Source ending","Image 8 and the OCR source end after ஒட்டிக் கிடப்பதால் in the middle of a sentence",source_truncation,"English explicitly marks the incomplete ending; no continuation or publication date is invented."
katturaigal/muthalamaicharin_murari.md,"Famine conditions and Centre–Madras policy descriptions","Annadurai's contemporary polemical account",source_claim,"Translated as the article's claims and rhetoric rather than independently verified historical findings."
katturaigal/naattu_nilayum.md,"Image 1 அவருடைய வளைந்த வாழ்வு","Likely damaged OCR for his impoverished or blighted life",probable,"Rendered as stricken life from the surrounding account of Bharathi's poverty; source remains verbatim."
katturaigal/naattu_nilayum.md,"Image 5 போஞூர் Harijan Seva Sangh","The scan/OCR place or branch name may be Polur rather than Ponjur",probable,"Rendered as Polur Harijan Seva Sangh based on the visible form and Kalasapakkam geography; exact institutional spelling warrants source verification."
katturaigal/naattu_nilayum.md,"Image 8 பொன்னால் ஆக்கிய பி_ம்","Damaged word is பீடம், a pedestal or throne",confirmed_from_context,"Rendered as golden throne consistently with the explicit சிம்மாசனம் passage; Tamil source remains unchanged."
katturaigal/naattu_nilayum.md,"Image 9 நற்பளரி / British Empire leprosy organisation","Damaged phrase and institutional name",probable,"Rendered as this good work and British Empire Leprosy Relief Association; formal historical name may require archival verification."
katturaigal/naattu_nilayum.md,"Image 13 publication line /0. (0.48","Scan reads 10.10.48",confirmed_from_scan,"Publication line rendered as Dravida Nadu, 10 October 1948 without altering the OCR source."
katturaigal/naattu_nilayum.md,"Leprosy prevalence transmission and grant figures","Contemporary medical and legislative claims in the 1948 article",source_claim,"Translated faithfully as period claims and not presented as current medical guidance or independently verified statistics."
katturaigal/nadathiselgirar.md,"Image 1 opening லக அமைதி","The first word is clipped/damaged and context requires உலக அமைதி",probable,"Rendered as world peace; Tamil OCR remains verbatim."
katturaigal/nadathiselgirar.md,"Image 3 OCR 1928 Curzon and Image 3 OCR 1924 League entry","Scans clearly read 1923 and 1934 respectively",confirmed_from_scan,"English uses the scan-confirmed dates without altering the retained OCR source."
katturaigal/nadathiselgirar.md,"Image 5 OCR போலீஸ் சர்க்கார் and 1947 June 22","Scan reads போலிஷ் சர்க்கார் (Polish government) and 1941 June 22",confirmed_from_scan,"Both historically consequential readings were recovered directly from the image."
katturaigal/nadathiselgirar.md,"Image 5 மானர் ஹிம்","Reference to Finnish commander Carl Gustaf Emil Mannerheim",probable,"Rendered as Mannerheim; the Tamil transliteration is visibly separated/damaged."
katturaigal/nadathiselgirar.md,"Soviet diplomatic military and political history","A strongly pro-Soviet 1947 narrative containing contested simplifications and claims",source_claim,"Translated as the author's period argument; it is not presented as a neutral or independently verified modern history."
katturaigal/nagaratchi_thaerthal.md,"Images 1 and 3 தகரமன்றங்கள் / தகர முன்னேற்றம்","Repeated OCR substitution for நகரமன்றங்கள் / நகர முன்னேற்றம்",confirmed_from_context,"English renders municipal councils and urban development; retained Tamil OCR is unchanged."
katturaigal/nagaratchi_thaerthal.md,"Image 2 கடிது முடிவுக்கு and damaged surrounding spacing","Likely இப்படியொரு முடிவுக்கு or இந்த முடிவுக்கு",probable,"Rendered as such an agreement from the preceding common-decision proposal; no Tamil source correction made."
katturaigal/nagaratchi_thaerthal.md,"Image 4 சமான்கவின் இடமாகவும்","Scan reads சீமான்களின் இடமாகவும்",confirmed_from_scan,"Rendered as places for wealthy notables; Tamil OCR remains verbatim."
katturaigal/nagaratchi_thaerthal.md,"Closing OCR 321959","Scan clearly reads 1.2.1959",confirmed_from_scan,"English publication date is 1 February 1959."
katturaigal/nagaratchi_thaerthal.md,"Congress candidate selection and election-practice descriptions","Annadurai's partisan contemporary claims",source_claim,"Translated as the article's allegations and political argument, not independently verified findings."
katturaigal/namaparvathi.md,"Image 1 title நமப்பார்வதி பதயே and later variants","Tamilised Sanskrit devotional invocation Nama Parvati Pataye",probable,"Standardised only in the English transliteration; every varying Tamil OCR form remains verbatim."
katturaigal/namaparvathi.md,"Image 1 செயலோ செச்நாய்","Likely செந்நாய், red dog or wild dog",probable,"Rendered as deed of a red dog; exact metaphor may merit specialist review."
katturaigal/namaparvathi.md,"Image 2 காய்ச்சியயால் தொண்டையிலே ஓட","Likely காய்ச்சிய பால், heated milk running down the throat",probable,"Rendered as heated milk from the visible letter pattern and comfortable-livelihood context; source remains unchanged."
katturaigal/namaparvathi.md,"Image 4 குகப்பரியர்","Honorific description of Murugan devotee Kirupananda Variyar",probable,"Rendered as eminent devotee; exact compound is uncertain."
katturaigal/namaparvathi.md,"Image 4 stones thrown after saint worshipped Siva with stones","Article's account of disruption at the Kumbakonam discourse",source_claim,"Translated as a reported event without independently asserting its historical accuracy."
katturaigal/namaparvathi.md,"Image 6 வைராக்கியமோ inserted amid sentence","Likely stray or displaced OCR text",unresolved,"Not assigned unsupported semantic force in English; surrounding sentence about temple revenue and Brahmin gifts is translated."
katturaigal/namaparvathi.md,"Header date and authorship","Written as Bharathan in Dravida Nadu on 7.5.44",confirmed_from_source,"Rendered in the English introductory note as 7 May 1944."
katturaigal/namathu_asai.md,"Image 3 OCR கொனள்றான் கோட்சே","கொன்றான் கோட்சே, Godse killed",confirmed_from_context,"Rendered as Godse killed me; Tamil OCR remains verbatim."
katturaigal/namathu_asai.md,"Image 4 ராஜ கட்டம்","Rajghat memorial in New Delhi",probable,"Rendered as Rajghat from the Gandhi memorial context; source spelling remains unchanged."
katturaigal/namathu_asai.md,"Image 5 நவகாளி","Noakhali, referring to Gandhi's peace mission",probable,"Rendered as Noakhali; Tamil OCR's historical transliteration is retained in the source block."
katturaigal/namathu_asai.md,"Image 9 Gandhi and Pakistan demand chronology","The author's concise political interpretation of Gandhi's evolving position",source_claim,"Translated as the article's account rather than an independently verified comprehensive historical assessment."
katturaigal/namathu_asai.md,"India–Pakistan violence diplomacy press and great-power descriptions","Contemporary April 1950 editorial claims",source_claim,"Rendered as the author's contemporary analysis; specific allegations and causal claims are not presented as independently verified findings."
katturaigal/namathu_geethai.md,"Images 1–3 Japanese emperor place and name","Emperor Hirohito and Kyoto ancestor rite are heavily distorted in OCR",probable,"Rendered as Hirohito and Kyoto from the visible transliterations and context; retained Tamil remains unchanged."
katturaigal/namathu_geethai.md,"Images 1–3 Japanese Chinese and Burmese food descriptions","A grotesque pond-bank rumour used in satirical dialogue",source_claim,"Translated as characters' hearsay rather than factual cultural description."
katturaigal/namathu_geethai.md,"Image 5 coarse-grain list and Sanskrit quotation","Several food names are OCR-damaged; பிறாமணா மமதேவதா is a Tamilised Sanskrit claim",unresolved,"English conveys the coarse-versus-luxury contrast and transliterated claim's stated meaning without silently reconstructing every grain name."
katturaigal/namathu_geethai.md,"Image 6 சிட்ட காங்குகள் and wartime forecast","Likely Chittagong-like raids during the Japanese advance",probable,"Rendered cautiously as Chittagong-like raids; the forecast remains attributed to the 1942 article."
katturaigal/namathu_geethai.md,"Image 7 OCR 7500 scientists","Scan clearly prints 1500 scientists",confirmed_from_scan,"English uses 1,500 while preserving the Tamil OCR block verbatim."
katturaigal/namathu_geethai.md,"Japanese military drug programme and manual descriptions","Wartime allegations reported in the article",source_claim,"Translated with reportedly/is said framing and not presented as independently verified history."
katturaigal/namathu_poar_paathai.md,"Combined source structure","Three instalments dated 9 10 and 12 August 1940",confirmed_from_source,"English retains explicit Part 1–3 boundaries and all three Viduthalai publication lines in one canonical document."
katturaigal/namathu_poar_paathai.md,"Part 1 OCR ஜீனரின் வெற்றி","Likely ஜைனரின், the Jains' victory",probable,"Rendered as Jains from the Buddhist and reform-movement sequence; Tamil source remains verbatim."
katturaigal/namathu_poar_paathai.md,"Part 1 damaged line describing Moonje's Congress history","OCR loses several words at the page break",unresolved,"English gives only the clear claims that he belonged to Congress and went to prison; no missing detail invented."
katturaigal/namathu_poar_paathai.md,"Part 2 Tagore passage","Tamil poetic rendering by Swami Vipulananda of Where the Mind Is Without Fear",confirmed_from_source,"Translated into English from the retained Tamil passage while preserving its principal images; not substituted with an external verbatim edition."
katturaigal/namathu_poar_paathai.md,"Part 2 book and sword / almanac and darbha wording","Polemic interpreting Moonje's quoted programme",source_claim,"Translated as the author's interpretation rather than a verified neutral description of Moonje's position."
katturaigal/namathu_poar_paathai.md,"Part 3 opening page heavily damaged final lines","Transition says Sir Shanmukham showed graduates a path of struggle beyond merely seeking livelihood",probable,"Rendered from the readable syntax and the following section; uncertain missing wording is not elaborated."
katturaigal/namathu_poar_paathai.md,"Historical social demographic and political claims throughout","Annadurai's 1940 polemical comparison of Moonje Jinnah Periyar Congress and Brahminism",source_claim,"Translated as the serial's contemporary argument and not as independently verified modern history."
katturaigal/namellam.md,"Image 1 title தாம் எல்லாம் ஒரே குடும்பம் OCR","Scan/context clearly indicate நாம் எல்லாம் ஒரே குடும்பம்",confirmed_from_context,"English title is We Are All One Family; retained Tamil OCR source remains unchanged."
katturaigal/namellam.md,"Image 2 conference date and Image 7 மே 5,ல் தேதிகளில்","Conference occurred on 5 and 6 May 1951",probable,"Rendered as 5–6 May from the stated two-day programme and publication context; malformed Tamil OCR remains verbatim."
katturaigal/namellam.md,"Image 6 ஏற்காட்டு ஏற்பாடு","Yercaud arrangement associated with a later organisational separation",unresolved,"Rendered literally as the Yercaud arrangement without adding an unsupported historical explanation."
katturaigal/namellam.md,"Image 7 Kerala K wordplay","Damaged alliterative line about seeking a K in response to Kerala's demand",unresolved,"Rendered conservatively while retaining the question-and-shield imagery; exact political referent warrants specialist review."
katturaigal/namellam.md,"Salem movement history weavers' struggle and conference descriptions","Annadurai's 1951 movement narrative and political interpretation",source_claim,"Translated as the article's contemporary account rather than an independently verified institutional history."
katturaigal/nanbargal_kaetpatharkku01.md,"Series structure","Part 1 of a five-file numbered question-and-answer series; question 13 continues in Part 2",confirmed_from_source,"English preserves the canonical Part 1 boundary and explicitly marks the continuation instead of inventing a conclusion."
katturaigal/nanbargal_kaetpatharkku01.md,"Image 5 repeated sentence around மிக எளிய முறையிலே","Likely duplicated OCR line",probable,"English renders the sentence once for semantic coherence; Tamil OCR remains verbatim including repetition."
katturaigal/nanbargal_kaetpatharkku01.md,"Image 9 damaged phrase near வேறு கட்சிக்கு நாம் துணை","OCR syntax is malformed",probable,"Rendered by the clear argument as the contradiction of supporting parties that oppose Dravida Nadu."
katturaigal/nanbargal_kaetpatharkku01.md,"Image 10 ஜோமோ கெனியாடா / டாம்போயா / கானு","Jomo Kenyatta Tom Mboya and KANU",confirmed_from_context,"Standard English names used in translation while Tamil OCR transliterations remain unchanged."
katturaigal/nanbargal_kaetpatharkku01.md,"Accounts of DMK sacrifices Congress conduct constitutional prohibition and Kenya comparison","Annadurai's contemporary political argument surrounding the Sixteenth Amendment era",source_claim,"Translated as the author's claims and reasoning rather than independently verified legal or historical conclusions."
katturaigal/nanbargal_kaetpatharkku02.md,"Series structure","Part 2 continues Question 13 from Part 1 and ends midway through Question 16 continued in Part 3",confirmed_from_source,"English preserves both continuation boundaries explicitly."
katturaigal/nanbargal_kaetpatharkku02.md,"Image 9 OCR 76வது திருத்தம்","Context and repeated adjacent references clearly identify the 16வது திருத்தம்",confirmed_from_context,"English uses Sixteenth Amendment; retained Tamil OCR remains verbatim."
katturaigal/nanbargal_kaetpatharkku02.md,"Image 5 முந்திரா சிராஜ்தீன்","References likely to Haridas Mundhra and a figure named Sirajuddin in campaign-finance allegations",probable,"Standardised minimally as Mundhra and Sirajuddin; exact second identification warrants historical review."
katturaigal/nanbargal_kaetpatharkku02.md,"Image 7 ஓட்டுமுறை / வேட்டுமுறை","Ballot method contrasted through wordplay with violent or shooting method",confirmed_from_context,"Rendered as ballot versus bullet to preserve the sound-play and nonviolence argument."
katturaigal/nanbargal_kaetpatharkku02.md,"Congress governance election motive fiscal federal and constitutional claims","Annadurai's contemporary partisan and legal argument",source_claim,"Translated as the author's claims; not independently presented as settled legal or historical findings."
katturaigal/nanbargal_kaetpatharkku03.md,"Series structure","Part 3 continues Question 16 from Part 2 and ends midway through Question 17 continued in Part 4",confirmed_from_source,"English preserves both continuation boundaries explicitly."
katturaigal/nanbargal_kaetpatharkku03.md,"Image 2 garbled parenthetical 1ஈம்ப£1ர௨। 1௦140 165010410௦ - 1956","Industrial Policy Resolution - 1956",confirmed_from_context,"The surrounding Tamil explicitly identifies a Congress industrial-policy declaration; English expands the damaged OCR while source remains verbatim."
katturaigal/nanbargal_kaetpatharkku03.md,"Image 5 பாங்கிகள் (88!)","பாங்கிகள் (banks)",confirmed_from_context,"Garbled parenthetical removed in English; Tamil source remains verbatim."
katturaigal/nanbargal_kaetpatharkku03.md,"Image 7 தொழிலாளர் அணி (18ம் கரா)","Labour corps; damaged English gloss in parentheses",confirmed_from_context,"English uses the clear Tamil phrase and omits the unreadable OCR parenthesis."
katturaigal/nanbargal_kaetpatharkku03.md,"Image 7 grant formula (1/4810112 ஜகா)","Government grant linked to collected tax; parenthetical formula is OCR-damaged",probable,"Translation retains the clear relationship but does not invent the unreadable formula."
katturaigal/nanbargal_kaetpatharkku03.md,"Image 8 தோர்தல் முறை and garbled 2000140081 7₹2றா6$61௨(101)","தேர்தல் முறை; proportional representation",confirmed_from_context,"English uses Electoral System and proportional representation; source remains verbatim."
katturaigal/nanbargal_kaetpatharkku03.md,"Image 9 வாக்கெடுப்பு முறை (212015106)","வாக்கெடுப்பு முறை (referendum)",confirmed_from_context,"English reconstructs the damaged parenthetical gloss from the clear Tamil definition."
katturaigal/nanbargal_kaetpatharkku03.md,"Image 9 அரசியல் சட்டத்தின் 17-வது பிரிவு","Part XVII of the Constitution",confirmed_from_context,"Rendered as Part XVII because the constitutional language provisions form Part XVII, not Article 17; Tamil source retained verbatim."
katturaigal/nanbargal_kaetpatharkku03.md,"Image 10 நிர்வாகச் செலவை நாளுக்குநாள் அதிகமாக்கிக்கொண்டி ௬ுப்பதை","நிர்வாகச் செலவை நாளுக்குநாள் அதிகமாக்கிக்கொண்டிருப்பதை",confirmed_from_context,"English follows the syntactically clear reading; damaged Tamil OCR remains unchanged."
katturaigal/nanbargal_kaetpatharkku03.md,"Election manifesto policy descriptions and criticism of Congress","Annadurai's contemporary political programme and partisan claims",source_claim,"Translated as source claims and proposals, not independently verified policy or historical fact."
katturaigal/nanbargal_kaetpatharkku05.md,"Series structure","Part 5 continues Question 18 from Part 4 then contains Questions 19 and 20 and closes the surviving series",confirmed_from_source,"English begins with an explicit continuation heading and does not duplicate Part 4's translated ending."
katturaigal/nanbargal_kaetpatharkku05.md,"Image 5 trailing படகை ட","Unrecoverable stray OCR fragment",unresolved,"Fragment has no syntactic continuation and is omitted from English interpretation; Tamil OCR remains verbatim."
katturaigal/nanbargal_kaetpatharkku05.md,"Image 6 கலாம் விளைவித்தனர்","கலகம் விளைவித்தனர்",confirmed_from_context,"Rendered as stirred up disorder; source OCR remains unchanged."
katturaigal/nanbargal_kaetpatharkku05.md,"Image 9 damaged opening lines around தி.மு.க. பல தியாகிகளின்... பாசறை","தி.மு.க. பல தியாகிகளின் தியாகத்தால் கட்டப்பட்ட பாசறை; exact damaged words uncertain",probable,"English conservatively conveys a camp built through many martyrs' accumulated sacrifices without pretending to reconstruct every damaged glyph."
katturaigal/nanbargal_kaetpatharkku05.md,"Image 9 அறமன்றம்","அறமன்றம் or அமைப்பு; glyph is clear but intended institutional term is uncertain",uncertain,"Rendered neutrally as forum and logged for later scan-led review."
katturaigal/nanbargal_kaetpatharkku05.md,"Image 10 terminal ப டகடப்கடபர்","Unrecoverable OCR noise",unresolved,"Omitted from English interpretation because it carries no recoverable lexical content; Tamil source remains verbatim."
katturaigal/nanbargal_kaetpatharkku05.md,"Claims about British rule communist governments Egypt Congress and the prohibitory law","Annadurai's contemporary historical and partisan comparisons",source_claim,"Translated as the author's argument rather than independently verified historical or legal conclusions."
katturaigal/aachariyar_adaintha.md,"Image 1 title OCR ஆச்சாரியார் வாடைந்த மா௫தேோரல்விகள்","ஆச்சாரியார் அடைந்த மாபெரும் தோல்விகள்",corrected_in_source,"Filename, repeated theme and legible title components establish the reading; corrected in ocr_text_corrected and rebuilt into the bilingual Tamil source on user review."
katturaigal/aachariyar_adaintha.md,"Image 3 balance-sheet phrase அம்பாரஜடுத்தி","Exact damaged accounting word or phrase unresolved",unresolved,"English conveys the clearly enumerated stock, receipts, expenditure and net profit without inventing the damaged term."
katturaigal/aachariyar_adaintha.md,"Image 4 டாக்டர் ராஜன் 'கனமானது'","Wordplay on the honorific கனம் and Dr Rajan's political weight; exact punctuation is OCR-damaged",probable,"Rendered as Dr Rajan's weight producing the defeat, preserving the satire rather than treating கனமானது literally."
katturaigal/aachariyar_adaintha.md,"Image 6 509 தான் சம்பளம்","500 தான் சம்பளம்",confirmed_from_context,"The final digit is an OCR substitution; English uses five hundred while Tamil source remains unchanged."
katturaigal/aachariyar_adaintha.md,"Image 7 1444, 124 எ","Section 144 and Section 124A",confirmed_from_context,"Standard colonial criminal-law references used in English; source OCR retained."
katturaigal/aachariyar_adaintha.md,"Image 10-11 board officeholder initials and OCR numerals","V. T. T. Venkatachalam Chettiar; initials are partly OCR-damaged",probable,"English uses the most legible reading; exact initials require scan or historical-directory verification."
katturaigal/aachariyar_adaintha.md,"Image 12 நானோட்லிவாலமைபும்","Batliwala; preceding/following OCR debris unresolved",probable,"The political-prisoner name is rendered Batliwala from the recoverable ending and historical context; Tamil remains verbatim."
katturaigal/aachariyar_adaintha.md,"Article's claims about the 1937 Congress ministry named politicians and policies","Contemporary polemical assessment published in Kudi Arasu",source_claim,"Translated as the author's satire and claims, not presented as independently verified historical conclusions."
katturaigal/aariyamaayai.md,"Relationship to aariyamaayai.htm.md","The 474-line OCR item is a standalone ten-image essay; the 2718-line .htm item is a separate larger compilation and not a duplicate",confirmed_from_files,"Both remain separate canonical works in the 552-item inventory."
katturaigal/aariyamaayai.md,"Image 2 English adjective list and book-title line","Severely corrupted mixed-script OCR; exact source wording cannot be recovered safely from text alone",unresolved,"Translation marks the damaged list and relies only on the Tamil explanations that follow; no speculative verbatim reconstruction inserted."
katturaigal/aariyamaayai.md,"Image 2-3 ஆபி டுயுபா / ஆபி டியூபா","Abbé J. A. Dubois",confirmed_from_context,"Standard name used in English; Tamil transliteration remains verbatim."
katturaigal/aariyamaayai.md,"Image 3 11.6. பின் சாம்ப்","H. K. Beauchamp",probable,"Known English translator of Abbé Dubois's Hindu Manners Customs and Ceremonies; exact initials in OCR are damaged and source remains unchanged."
katturaigal/aariyamaayai.md,"Image 3-4 damaged original-language quotation before Tamil explanation","Exact quotation unreadable",unresolved,"English translates the clear Tamil paraphrase beginning பேராசை என்பது and does not invent a direct English quotation from OCR noise."
katturaigal/aariyamaayai.md,"Image 5 Ainkurunuru verse OCR நம்மஷூர்ப் and ஜஞூர்ந்த","நம்மூர்ப் and ஊர்ந்த; other sandhi retained cautiously",probable,"English follows the source's subsequent prose explanation of the verse; Tamil OCR is preserved verbatim."
katturaigal/aariyamaayai.md,"Image 8 Bharathidasan line எமைநத்துவாய்","எமை நத்துவாய் or எமை நத்துவாய் என; exact segmentation uncertain",uncertain,"English follows the author's detailed prose gloss: enemies invite the speaker to touch/approach them in return for wealth."
katturaigal/aariyamaayai.md,"General claims about Brahmins Aryans Dravidians religions and historical figures","Annadurai's period caste-political polemic and quoted attributions",source_claim,"Translation explicitly attributes generalisations to the essay or cited writer and does not present them as independently established facts."
katturaigal/aariyar_samayam.md,"Canonical source structure","Images 1-7 contain ஆரியர் சமயம்; Images 8-12 begin a second editorial காங்கிரஸ் லக்ஷ்யம் ending Viduthalai 25-11-1939",confirmed_from_source,"Both embedded works are translated under separate headings inside the one canonical bilingual file."
katturaigal/aariyar_samayam.md,"Images 1-7 repeated blocks and page-flow damage","Several paragraphs about divine authorship religions Puranas and epics recur after a page break with visibly displaced lines",confirmed_from_source,"English consolidates exact repeated argument while preserving every Tamil OCR line verbatim; no distinct recoverable proposition is omitted."
katturaigal/aariyar_samayam.md,"Image 7 salary range மாதம் 1000இல் 5009 and employment figures","Likely மாதம் 500 முதல் 1000; 49,995 total low-grade posts 1,513 Aryan 48,482 remainder; 600 of 1,000 higher posts",probable,"English follows the internally coherent figures and range; source OCR remains unchanged."
katturaigal/aariyar_samayam.md,"Images 8-10 காங்கிரஸ் லக்ஷ்யம் duplicated and displaced passages","Meeting description language-policy paragraph and enslavement paragraph recur or interrupt one another",confirmed_from_source,"English labels the scan returns and repetitions transparently instead of silently presenting a false continuous original."
katturaigal/aariyar_samayam.md,"Image 8 மறைமலை அடிகள் / Image 9 கைவல்யம் as religious representative","Two different names occur in duplicated descriptions of the same meeting",uncertain,"Both readings are retained in their respective translated locations; historical verification is deferred."
katturaigal/aariyar_samayam.md,"Image 11 damaged sentence around Hindi unity Viduthalai and Criminal Law Amendment Act","Syntax and several words lost at page edge or OCR stage",unresolved,"English translates only the recoverable argumentative relationship and marks the passage as damaged."
katturaigal/aariyar_samayam.md,"Image 12 final Hitler-Chamberlain sentence","Appears displaced from an unrelated newspaper item",confirmed_from_source,"Translated and explicitly identified as displaced because it remains part of the canonical source text."
katturaigal/aariyar_samayam.md,"General claims about religions castes Aryans Dravidians Congress and language policy","Period ideological editorials and statistical claims",source_claim,"English consistently attributes claims to the editorial and does not independently endorse or verify them."
katturaigal/abaya_arivippu.md,"Image 1 கோளி and கொரிக்குதடா","Deliberate comic blend of கோழி (fowl) கொரியா (Korea) and கொறிக்குது (pecks/gnaws)",confirmed_from_context,"English uses Korea-fowl and explains the original Tamil distortion; source remains verbatim."
katturaigal/abaya_arivippu.md,"Image 4 garbled English parenthesis after கம்யூனிச ஆதிபத்தியத்தின்","communist imperialism; exact parenthetical English phrase unreadable",unresolved,"The clear Tamil phrase is translated; no speculative reconstruction of the OCR noise is inserted."
katturaigal/abaya_arivippu.md,"Images 10 and 11 repeated passage","Image 11 repeats most of Image 10 from the warning paragraph through Ceylon and Egypt",confirmed_from_source,"English translates the passage once and marks the source repetition; all duplicated Tamil remains verbatim."
katturaigal/abaya_arivippu.md,"Image 8 பிரான்சிஸ் பிடில்","Francis Biddle",confirmed_from_context,"Standard spelling used in English; historical role is described only as the source gives it."
katturaigal/abaya_arivippu.md,"Image 9 லாய்ஹெண்டர்ஸன்","Loy W. Henderson",confirmed_from_context,"Standard spelling used for the US ambassador while Tamil OCR remains unchanged."
katturaigal/abaya_arivippu.md,"Images 12-15 பார்மோஸா and மக் ஆரதர்","Formosa and General MacArthur",confirmed_from_context,"Standard period place-name and personal name used in English."
katturaigal/abaya_arivippu.md,"Korean War UN United States Soviet Union India and named leaders","Contemporary July 1950 political interpretation and reported claims",source_claim,"Translated as the editorial's analysis; dates quotations roles and causal claims have not been independently verified."
katturaigal/anbin_pinaippu.md,"Image 1 full title 48. அன்பின் பிணைப்பு - நாம் கண்ட இயக்கம்","Numbered compound title is legible and complete",confirmed_from_source,"English retains number 48 and both title phrases."
katturaigal/anbin_pinaippu.md,"Image 1 teacher anecdote answer மிஸ்","Miss; punctuation makes the teacher's form of address part of the student's reply",confirmed_from_context,"English punctuates the joke as Miss followed by the definition of bachelors."
katturaigal/anbin_pinaippu.md,"Image 2 சி.ஆரின் தயாரிப்பிலே வந்தவர்","A product of C. R.'s political school; precise person being described is unnamed in OCR excerpt",uncertain,"Initials retained as C. R.; translation does not invent the Legislature Party leader's identity."
katturaigal/anbin_pinaippu.md,"Image 3 காங்கோ leaders லுழும்பா and கசாவு","Patrice Lumumba and Joseph Kasa-Vubu",confirmed_from_context,"Standard surnames used in English; Tamil OCR remains unchanged."
katturaigal/anbin_pinaippu.md,"Image 10 காற்றுள்ளபோதே தூற்றிக் கொள்ளவேண்டும் என்று உதயசூரியனை எதிர்பார்த்துக் கொண்டிருந்த","Two metaphors appear syntactically compressed; winnow while wind blows and wait for rising sun",probable,"Both recoverable images are retained without forcing a literal causal connection."
katturaigal/anbin_pinaippu.md,"Image 12 British commander comparison","Commander is not named and the exact historical analogy cannot be identified from source text",unresolved,"English preserves the generic comparison only."
katturaigal/anbin_pinaippu.md,"Image 16 அநீத வெள்ளத்தை","Likely நீத வெள்ளத்தை in context: flood of justice",confirmed_from_context,"English uses flood of justice because the movement is said to be irresistible; verbatim Tamil source retains the OCR reading."
katturaigal/anbin_pinaippu.md,"Assessments of Kamaraj Periyar Achariyar Congress DMK and political events","Contemporary partisan political portrait dated 1961",source_claim,"English preserves satire and criticism as the author's assessment rather than independently established biography."
katturaigal/andrae_kilambiya.md,"Image 9 publication date OCR 18-19-27","13-10-57",confirmed_from_scan,"Original page image clearly reads (13-10-57 - திராவிட நாடு); English uses 13 October 1957 while OCR source remains verbatim."
katturaigal/andrae_kilambiya.md,"Image 3 [874வது ஆண்டு","1874வது ஆண்டு",confirmed_from_context,"Swiss federal constitutional date is rendered 1874; initial digit was lost in OCR and Tamil source remains unchanged."
katturaigal/andrae_kilambiya.md,"Image 3 இந்தியகை கட்டாயப் பாடமாக","இந்தியைக் கட்டாயப் பாடமாக",confirmed_from_context,"English follows the clear grammatical reading."
katturaigal/andrae_kilambiya.md,"Image 6 mixed-script noise 575572 515 / சீத சீத சீத","Unrecoverable OCR noise between quoted sections",unresolved,"Omitted from English because it carries no recoverable lexical content; preserved in Tamil source."
katturaigal/andrae_kilambiya.md,"Image 1 Sir K.V. Reddy and Krishnan Nair roles; quoted historical conference details","Retrospective account of the 27 February 1938 Kanchipuram anti-Hindi conference",source_claim,"Names and roles follow the source; historical assertions and speech wording have not been independently verified against a conference transcript."
katturaigal/andrae_kilambiya.md,"Quoted Burnell Sapru Lord Lothian and international constitutional examples","Historical attributions reproduced by the article",source_claim,"Translated as quoted claims; not silently presented as independently verified scholarship or constitutional history."
katturaigal/antha_ganniyam.md,"Image 10 publication date OCR 5. /2.5:4","5.12.54",confirmed_from_scan,"Original page clearly reads (5.12.54 திராவிட நாடு இதழில் வெளி வந்தது); English uses 5 December 1954 while Tamil OCR remains verbatim."
katturaigal/antha_ganniyam.md,"Image 4 mixed numeric OCR நட தக 2௮ நட். 44 / 2 2 29","Unrecoverable page noise",unresolved,"Omitted from English interpretation and preserved in Tamil source."
katturaigal/antha_ganniyam.md,"Image 7 மாண்ட்கோ மெரி","Field Marshal Bernard Montgomery",confirmed_from_context,"Standard surname used in English."
katturaigal/antha_ganniyam.md,"Image 3 portrait and Attlee presentation wording","Article presents the parliamentary portrait tribute through Attlee; exact ceremonial roles and quotation wording follow the source",source_claim,"Translation does not independently identify the painter or reconstruct wording beyond the Tamil account."
katturaigal/antha_ganniyam.md,"Churchill wartime-arms claim apology Attlee and Indian political comparisons","Contemporary December 1954 political commentary",source_claim,"Historical details and quoted apology are translated from the article and not independently represented as verbatim parliamentary record."
katturaigal/antha_thunivu.md,"Image 1 title and date","40. அந்தத் துணிவு பிறக்குமா?; Dravida Nadu 8.8.48",confirmed_from_source,"Title and publication date are legible and retained."
katturaigal/antha_thunivu.md,"Images 1 and 5 garbled terms வரதாச்சாரி க.ம்பொெணி and Congress 44/4 க்கள்","வரதாச்சாரி கம்பெனி; Congress members or legislators exact damaged term unresolved",probable,"English uses Varadachari and Company where clear and avoids inventing a title for the damaged 44/4 token."
katturaigal/antha_thunivu.md,"Image 3 நாளா கலங்கினார்","காளா கலங்கினார்",confirmed_from_context,"Minister Kala Venkata Rao is the grammatical subject; English follows this reading while Tamil OCR remains unchanged."
katturaigal/antha_thunivu.md,"Image 5 nearly3௦ கோடி and damaged provincial appeal line","ஏறக்குறைய 30 கோடி; appeal not to load this burden upon the province",confirmed_from_context,"English uses nearly thirty crores and the recoverable appeal; source remains verbatim."
katturaigal/antha_thunivu.md,"Gandibam accusations of bribery against named Congress legislators and implied questions about high command","Quoted contemporary allegations",source_claim,"English consistently attributes accusations to Gandibam or the article; they are not independently asserted as fact."
katturaigal/antha_thunivu.md,"Zamindari and inam abolition bill Congress high command Kala Venkata Rao and compensation figures","Contemporary 1948 policy account",source_claim,"Translated from the editorial without independent legal or archival verification."
katturaigal/anthamaan.md,"Title 24. அந்தமான் தீவு, சமதர்மிக்கு","Ironic construction meaning Andaman Island assigned to the socialist",confirmed_from_source,"English uses Andaman Island for the Socialist! and retains number 24."
katturaigal/anthamaan.md,"Image 3 final line பகிலாக சிறந்த லெட்கிபயுக்கைக் கொண் டஇந்கச் காக்கை","Severely damaged transition; sense is that speaker chose a more elegant rhetorical device instead of explicit punishment",probable,"English follows adjacent argument and marks no invented lexical detail; Tamil remains verbatim."
katturaigal/anthamaan.md,"Image 7 mixed slogan ஈம்காட்டு. இங்குலாப் ஸலிக்காபாக் எறாக்கிகளை","Unrecoverable mixed-script OCR slogan",unresolved,"Omitted from English interpretation; preserved in Tamil source."
katturaigal/anthamaan.md,"Image 11 mixed OCR lines தகி நடு...","Unrecoverable scan or OCR noise before Driver quotation",unresolved,"Omitted from English and preserved verbatim in source block."
katturaigal/anthamaan.md,"Image 14 சமகர்மம் எட்டுச் சுரையாம்","Likely சமதர்மம் எட்டாச் சுரைக்காய் or equivalent idiom for unreachable fantasy",probable,"English conveys unreachable fantasy without pretending to reconstruct exact damaged proverb."
katturaigal/anthamaan.md,"D.C. Driver Indian Chamber of Commerce 27 February speech and quoted proposal","Contemporary attributed speech without publication year in source",source_claim,"English identifies every substantive proposal as the article's report or quotation; date year and verbatim English original remain unverified."
katturaigal/anthamaan.md,"Historical comparisons with Siberia Bastille Andamans Congress Nehru Tata Birla and independence struggle","Political and historical claims in a polemical essay",source_claim,"Translated as the author's argument, not independently verified history."
katturaigal/anthiya_kaalam.md,"Clear OCR substitutions தாக்கு / மூடிந்துவிடும் / இங்கிலாத்தில் / சவலை","நாக்கு / முடிந்துவிடும் / இங்கிலாந்தில் / கவலை",corrected_in_source,"Unambiguous grammatical or lexical errors corrected in ocr_text_corrected before bilingual build."
katturaigal/anthiya_kaalam.md,"Image 2 அவர் நிலைமையைத் ப ரனறாக!.","Damaged phrase meaning he does not properly address or heed the immediate condition",probable,"English conveys the clear contrast with wasting time in a long speech; exact lost glyphs remain unchanged in Tamil."
katturaigal/anthiya_kaalam.md,"Image 6 உரிமை பண்ற எட","Severely damaged rights-related phrase",unresolved,"English conservatively conveys public anger over lost rights from surrounding syntax; Tamil remains verbatim."
katturaigal/anthiya_kaalam.md,"Rajendra Prasad parliamentary address foreign affairs food ration yarn and election claims","Contemporary 1951 political commentary",source_claim,"Reported speech and policy details are translated from the source and not independently verified as an official address transcript."
katturaigal/arapor_kurippu.md,"Clear OCR substitutions including ௮ம்முறையிலே / விளம்.பர / செய்யப்பட்டாய் / மநியலை / ஆளாகம்லிருக்க / கில / ஓவ்வொரு / வாயற்படி","அம்முறையிலே / விளம்பர / செய்யப்பட்டு / மறியலை / ஆளாகாமலிருக்க / சில / ஒவ்வொரு / வாயிற்படி",corrected_in_source,"Only unmistakable lexical grammatical and character-recognition errors were corrected before the bilingual build."
katturaigal/arapor_kurippu.md,"Shift parenthesis (64/74 22/21)","Damaged notation following the word shift",unresolved,"Preserved in Tamil; English identifies only the two-session shift system established by the surrounding passage."
katturaigal/arapor_kurippu.md,"Bus quotation / *9/// 842 ஈறு கானா 412 1001// 7073:01)","Severely damaged mixed English-Hindi utterance containing கானா",unresolved,"Preserved in Tamil; English reports the meaning explicitly supplied by the author and does not reconstruct the quotation."
katturaigal/arapor_kurippu.md,"Gymkhana meeting picketing Section 107 and government-response account","Contemporary political events and attributed intentions in a 1948 polemical essay",source_claim,"Translated as Anna's contemporary account and argument, not independently verified history."
katturaigal/ariyamayil.md,"Dates initials and English parentheticals damaged by OCR","28-2-45; T.A. இராமலிங்கஞ் செட்டியார் M.L.C.; Operation; Lecture; Doctor; Dead Language; 25-3-1945",corrected_from_scan,"Each form was read directly from Images 1 2 and 7 before correction in the authoritative Tamil source."
katturaigal/ariyamayil.md,"Clear Tamil OCR substitutions including ம் ருவனுடைய / நடந்திருகீகிறது / புடையாக / சமஸ்திருத / கருதி / ஆரிர்கள் / ஆரயாச்சியாளர்கள் / இந்நாவிலும்","ஒருவனுடைய / நடந்திருக்கிறது / படையாக / சமஸ்கிருத / சுருதி / ஆரியர்கள் / ஆராய்ச்சியாளர்கள் / இந்நாளிலும்",corrected_in_source,"Only contextually and visually unambiguous character-recognition errors were repaired."
katturaigal/ariyamayil.md,"Claims about Sanskrit speech history Shruti Smriti caste restrictions widow immolation and Aryan migration","Polemical historical and linguistic assertions in the 1945 article",source_claim,"English consistently attributes the assertions to the author and does not present them as independently verified modern scholarship."
katturaigal/arutperunjothi.md,"Image 2 refrain அனு பரக கான். தனிப் பெருங்: கருணை","அருட்பெருஞ்ஜோதி, தனிப்பெருங் கருணை",corrected_from_scan,"The familiar Vallalar refrain was visually confirmed on Image 2 before correction in the authoritative Tamil source."
katturaigal/arutperunjothi.md,"Clear OCR substitutions சமயல் / என்ன் / புளங்காகிதம் / பரவசடைதல் / என்ற கூறி","சமையல் / என்ன / புளகாங்கிதம் / பரவசமடைதல் / என்று கூறி",corrected_in_source,"Unmistakable lexical and grammatical OCR errors corrected before bilingual build."
katturaigal/arutperunjothi.md,"Quoted Vallalar passages in Image 6","Extracts printed within Anna's 1948 article rather than a separately collated Arutpa source",source_quote,"English follows the article's printed wording and argument; it is not asserted to be a critical edition of Vallalar's verses."
katturaigal/asath_avaesam.md,"Title number 2 and heavily damaged opening speech in Image 1","67. ஆசாத் ஆவேசம் and scan-readable Azad speech",corrected_from_scan,"Title number and complete sentence-level repairs were made only after direct visual inspection of Image 1."
katturaigal/asath_avaesam.md,"Four-line English quotation in Image 5 rendered as OCR symbols","The government had decided to give a grant of Rs. 80,000 ... did not relate to hindi",corrected_from_scan,"The complete quotation was transcribed directly from the scan into the authoritative Tamil source block."
katturaigal/asath_avaesam.md,"Hindi expression பர்பாரேப் - தக்காயுள்","Uncertain Tamil transliteration of a withdrawn parliamentary expression",unresolved,"Preserved verbatim; English uses only Anna's supplied explanation that it meant leading public opinion along a false path."
katturaigal/asath_avaesam.md,"Parliamentary exchange grants organisations and constitutional language timetable","Contemporary political account involving Azad Tandon Govind Das Gandhi and Nehru",source_claim,"Translated as Anna's 1954 report and interpretation; not independently verified against parliamentary records."
katturaigal/athisaya_nayanar.md,"Image 4 date location and memorial-watchman account","1-6-49; Delhi Rajghat; Manoharlal; United Press of India",corrected_from_scan,"High-risk proper nouns and date were checked directly against the page scan before correction."
katturaigal/athisaya_nayanar.md,"Numerous clear Tamil OCR substitutions including காநீதியார் / சமர்தி / சமாஇ / காம்பு / ஆர்வஇக்கப்பட்டவர்கள் / வைதக்","காந்தியார் / சமாதி / சமாதி / பாம்பு / ஆசீர்வதிக்கப்பட்டவர்கள் / வைதிக",corrected_in_source,"Only recoverable lexical and grammatical errors were corrected before bilingual build."
katturaigal/athisaya_nayanar.md,"Final animal catalogue terms செல் தண்டு அன்றில்","Older or scan-uncertain animal names",unresolved,"Preserved in Tamil and translated conservatively from list context; requires sharper scan or source edition for lexical certainty."
katturaigal/athisaya_nayanar.md,"Trailing 5,649","Detached number after article conclusion",unresolved,"Preserved verbatim and omitted from English article content because its function cannot be established."
katturaigal/athisaya_nayanar.md,"Snake at Gandhi memorial and earlier Noakhali anecdote","Newspaper-mediated miracle reports criticised by the article",source_claim,"Translated as reported stories and as the author's rationalist critique rather than independently verified events."
katturaigal/avamanachinna.md,"Printed title absent because Image 1 begins below a cropped page edge","Archive title அவமானச் சின்னங்கள் inferred from canonical filename and article's closing refrain",title_override,"Title supplied only in bilingual heading; no title line was silently inserted into the verbatim Tamil body."
katturaigal/avamanachinna.md,"Opening OCR ப்ரீம் கோர்ட் / வுபபுரிமை","சுப்ரீம் கோர்ட் / வகுப்புரிமை",corrected_from_scan,"Both legal terms were visually confirmed on Image 1 before correction in the authoritative Tamil source."
katturaigal/avamanachinna.md,"Clear Tamil OCR substitutions including சமூதாயம் / எடுத்துவிட்டளர் / செம்மைப்படுததி / மூடியாது / ப்லனதர / மூடிவு / பிரச்னயை","சமுதாயம் / எடுத்துவிட்டனர் / செம்மைப்படுத்தி / முடியாது / பலன்தர / முடிவு / பிரச்னையை",corrected_in_source,"Unmistakable lexical and grammatical errors corrected before bilingual build."
katturaigal/avamanachinna.md,"Supreme Court communal-representation ruling constitutional amendment election motive and possible resignation","Contemporary 1951 political legal and newspaper claims",source_claim,"Translated as Anna's report and argument; not independently verified against judgments legislative records or Dinasari."
katturaigal/avar_kana_virumbiya.md,"Opening river list OCR நகர்களிலும்","நதிகளிலும்",corrected_in_source,"Yamuna Ganges Indus Godavari Kaveri and Vaigai establish rivers rather than cities; corrected before bilingual build."
katturaigal/avar_kana_virumbiya.md,"Repeated OCR substitutions மூரசு / மூன்வராமல் / மூறை / மூக்கிய / மூற்படுவான் / மூழு","முரசு / முன்வராமல் / முறை / முக்கிய / முற்படுவான் / முழு",corrected_in_source,"Consistent vowel-sign recognition errors corrected where lexical and grammatical readings were certain."
katturaigal/avar_kana_virumbiya.md,"Nehru's attribution of an ideal-India statement to Gandhi","Memorial-address quotation translated from Tamil article",source_quote,"Not independently collated against Nehru's speech or Gandhi's original wording."
katturaigal/avar_kana_virumbiya.md,"Nala and Chedi ruler of Magadha examples","Legendary and historical analogy for restoration or transfer of kingdoms",source_claim,"Nala retained conventionally; precise intended source for the Chedi-Magadha reference remains uncertain."
katturaigal/avarum_thamizhar.md,"Printed title அவரும் தாறிழுர்தாணாம்","அவரும் தமிழர்தானாம்!",corrected_from_scan,"Title visually confirmed on Image 1 before correction in authoritative Tamil source."
katturaigal/avarum_thamizhar.md,"Clear prose OCR substitutions including ஆழகிய / மீன்சிக்கும் / எனை / மார்கிகம் / சத்திய மூர்த்தியார் / வரூவதை / ஜயரேதமிழர்","அழகிய / மீன் சிக்கும் / என்ன / மார்க்கம் / சத்தியமூர்த்தியார் / வருவதை / ஐயரே தமிழர்",corrected_in_source,"Only unmistakable lexical spacing and name errors corrected before bilingual build."
katturaigal/avarum_thamizhar.md,"Classical quotations from Kalithogai Ainkurunuru and occupational verse","OCR and spacing uncertainty in poetic source lines",partial_quote,"Tamil retained verbatim; English translates the prose explanation and summarises damaged verses conservatively rather than fabricating a critical text."
katturaigal/avarum_thamizhar.md,"Caste bodily dialect and Aryan-Brahmin generalisations","Demeaning collective stereotypes in 1940 polemical rhetoric",source_rhetoric,"Preserved with explicit attribution for archival fidelity and not endorsed as biological social or historical fact."
katturaigal/avarum_thamizhar.md,"Final epithet தர்ப்பர் சூரரே","Possibly satirical reference to darbha or Brahmin ritual identity",unresolved,"Rendered provisionally as Hero of the sacred grass and marked unsuitable for definitive lexical reuse."
katturaigal/avungsan.md,"Printed title absent because surviving Image 1 begins mid-essay","Canonical title அவுங்சான் supplied from filename and exclusive article subject",title_override,"Title supplied only in bilingual heading and not inserted into verbatim Tamil body."
katturaigal/avungsan.md,"Clear OCR substitutions including செரர்ண்மாளிகை / சமர்ளித்தார் / அவுங்சாள் / டக்களிள் / அலைஅஅடிக்கும் / அவுங்சகான் / மூதுகை / பூதுத்திட்டம் / மூடியாது","சொர்ண மாளிகை / சமாளித்தார் / அவுங்சான் / மக்களின் / அலை அடிக்கும் / அவுங்சான் / முதுகை / புதுத்திட்டம் / முடியாது",corrected_in_source,"Unmistakable lexical name and spacing errors corrected before bilingual build."
katturaigal/avungsan.md,"Names பூசோ யூசா பூசா and பாமா","Standard historical forms U Saw and Ba Maw",normalized_name,"Tamil OCR variants normalised where identity was clear; English uses standard spellings."
katturaigal/avungsan.md,"Aung San career Japanese and British alliances suspects and assassination","Immediate 1947 historical narrative",source_claim,"Translated as Anna's account and not independently reconciled with modern scholarship or trial records; Ba Maw wording remains attributed rather than asserted responsibility."
katturaigal/avargal_sindhip.md,"Clear OCR substitutions including சுபநன்மையும் / இதோபதேசம் பல் / இருக்க் / ஐக்யநாடு / ஐவஹர் / ஐப்பான் / கொள்ளபட்டிருக்கிறது","சுயநலமும் / இதோபதேசம் பல / இருக்க / ஐக்கியநாடு / ஜவஹர் / ஜப்பான் / கொள்ளப்பட்டிருக்கிறது",corrected_in_source,"Unmistakable lexical and proper-name recognition errors corrected against the scans before bilingual build."
katturaigal/avargal_sindhip.md,"Image 7 ornamental divider OCR rendered as numbers symbols and fragments","Printed floral dividers",removed_ocr_noise,"Non-text decorative marks removed from corrected Tamil; no semantic source content was omitted."
katturaigal/avargal_sindhip.md,"Second essay name மிராசாவா","Sadamichi Hirasawa in the 1948 Teigin Bank case",normalized_name,"Tamil source retained as printed/OCRed; English uses the identifiable standard surname Hirasawa."
katturaigal/avargal_sindhip.md,"Image 12 குற்றம் கட்டிிறகள","குற்றம் சாட்டுகிறார்கள்",corrected_from_scan,"Scan clearly supports the grammatical reading; corrected in authoritative OCR source before rebuild."
katturaigal/avargal_sindhip.md,"Publication dates 28. //..48 and 28. //.49","Both scans read 28.11.48",corrected_from_scan,"Dates corrected in both internal essays; the second OCR year was a recognition error."
katturaigal/avargal_sindhip.md,"Claims about soul-force military policy international conflicts temple imagery and the Tokyo murders","Anna's November 1948 political and cultural argument",source_claim,"Translated as the author's contemporary argument; historical and legal assertions are not silently presented as independently verified conclusions."
katturaigal/avarathu_sanj.md,"Image 1 heading OCR 02","62",corrected_from_scan,"Printed heading clearly reads 62; corrected in the authoritative OCR source before bilingual build."
katturaigal/avarathu_sanj.md,"Clear OCR substitutions including ௨லகம் / மூறை / பாமழரருக்கு / சஞ்சம் / மதமூம் / சழயத்தில் / தந்ைத / கோயழுத்தூர் / மூடியவில்லை","உலகம் / முறை / பாமரருக்கு / சஞ்சலம் / மதமும் / சமயத்தில் / தந்தை / கோயமுத்தூர் / முடியவில்லை",corrected_in_source,"Only unmistakable lexical name and character-recognition errors were corrected against the scans."
katturaigal/avarathu_sanj.md,"Image 5 ornamental divider OCR நட் டசி 7","Printed floral divider",removed_ocr_noise,"Decorative non-text OCR debris removed; no semantic source content omitted."
katturaigal/avarathu_sanj.md,"Image 7 அதைஃ ஈண்டும்","அதைக் கண்டும்",corrected_from_scan,"Scan and syntax clearly establish the phrase describing the father witnessing the children's struggle."
katturaigal/avarathu_sanj.md,"Image 12 அந்தக் குட்டையில் கூறுவோர்","அந்தக் குட்டையில் ஊறுவோர்",corrected_from_scan,"Scan confirms the idiom; corrected before translation and retained verbatim in bilingual output."
katturaigal/avarathu_sanj.md,"Kandan child-murder case High Court sentence and recommendation","Contemporary account quoted and paraphrased by Anna",source_claim,"Translated as the article's report; court date facts and procedural description were not independently verified against a judgment record."
katturaigal/avarathu_sanj.md,"Collective criticism of Brahmins Sanatana orthodoxy and religious leadership","Polemical 1951 source rhetoric",source_rhetoric,"Preserved as Anna's argument for archival fidelity and not framed as an independent generalisation about present-day communities."
katturaigal/avarudaya_araichi.md,"Three destroyed parenthetical English fragments on Images 2 13 and 14","Non-Committal Policy",corrected_from_scan,"Original Latin text is clearly legible in the scans; restored in authoritative Tamil OCR before bilingual build."
katturaigal/avarudaya_araichi.md,"Image 2 minister name OCR திரு: 41. பக்தவத்சலம்","M. பக்தவத்சலம்",corrected_from_scan,"Printed Latin initial M is clear; corrected in source and rendered M. Bhaktavatsalam in English."
katturaigal/avarudaya_araichi.md,"Image 10 degree OCR 1/0...","M.O.L.",corrected_from_scan,"The same degree is printed clearly on Image 11; restored consistently in source and translation."
katturaigal/avarudaya_araichi.md,"Clear Tamil OCR substitutions including கந்தரர் / மூதற்கண் / மூடிவு / ஏண்ணூற்று / எழுதப்படடிருப்பின் / வநீத / மறறும் / மூறையில் / உணரமூடியாத","சுந்தரர் / முதற்கண் / முடிவு / எண்ணூற்று / எழுதப்பட்டிருப்பின் / வந்த / மற்றும் / முறையில் / உணர முடியாத",corrected_in_source,"Unmistakable lexical and character-recognition errors corrected before bilingual build; period spellings and rhetoric otherwise retained."
katturaigal/avarudaya_araichi.md,"Image 5 damaged hymn title தான் என்ன பதிகம்","Likely title or opening words of Sundarar hymn; exact printed reading not securely reconstructed",unresolved,"Tamil remains unchanged; English says a hymn without inventing its title."
katturaigal/avarudaya_araichi.md,"Periyapuranam episodes caste interpretation authorship motives and criticism of the unnamed researcher","Anna's 1948 rationalist literary polemic",source_rhetoric,"Translated with attribution and archival fidelity; theological literary historical and caste claims are not independently endorsed or silently modernized."
katturaigal/bajagovindam.md,"Printed title absent from surviving OCR body","Canonical title பஜகோவிந்தம் established by filename and repeated refrain",title_override,"Bilingual heading supplied without inserting a fabricated title into the verbatim Tamil body."
katturaigal/bajagovindam.md,"Image 1 வழமுடியாற்வல் 4","வாழ முடியாதவன்",corrected_from_scan,"Scan clearly reads the phrase; corrected in authoritative source before translation."
katturaigal/bajagovindam.md,"Decorative divider OCR on Images 2 and 3 rendered as numbers Tamil fragments and symbols","Printed floral dividers",removed_ocr_noise,"Non-text ornament noise removed from corrected OCR; no semantic content omitted."
katturaigal/bajagovindam.md,"Clear OCR substitutions including ஒடோடி / பூளிக்கிறார் / ஒய்வாக / ஐனாதிபதி / ந்கூட / ம்ட்டார் / ராஜ்பபாரம் / ஆதிசங்குரர் / புசழிலும்","ஓடோடி / பூஜிக்கிறார் / ஓய்வாக / ஜனாதிபதி / நீ கூட / மாட்டார் / ராஜ்ய பாரம் / ஆதிசங்கரர் / புகழிலும்",corrected_in_source,"Unmistakable lexical and proper-name errors corrected against scans while satirical colloquial spellings remain unchanged."
katturaigal/bajagovindam.md,"Image 6 sequence யுவர் ஆனரில் ... யுவர் எக்சலென்சி ... பாயோ","Final printed expression பாயோ is legible but intended referent remains unclear",unresolved,"Tamil retained; English transliterates Bayo and does not invent a title or office."
katturaigal/bajagovindam.md,"Claims and satire concerning C. Rajagopalachari's offices family status religious writing and political ambitions","Anna's 1951 political polemic",source_rhetoric,"Translated as the author's satire and not independently asserted as neutral biography or verified intent."
katturaigal/burma_tharum.md,"Website has nine content scans but the original local extraction retained only scans 02-09; omitted scan 01 contains title and opening","34. பர்மா தரும் பாடம் / “ஹே! ராஜன்! நான் நடத்தப்போகும் யாககாரியத்துக் / காகப் பணம் தேவைப்படுகிறது. காவலுக்கு உன்னையே",restored_missing_source_scan,"Downloaded burma_tharum_01.jpg from the article page and restored its exact printed Tamil before rebuilding the bilingual document."
katturaigal/burma_tharum.md,"Image 3 heavily damaged lines வய க்கல்ளத் சில் / மதம் று / மதத் றல ள் / னல் சமயம் கிடைக்கும்","களைந்தெறிய சில / மதம் வேறு / மதத் தலைவர்கள் / எனினும் சமயம் கிடைக்கும்போதெல்லாம்",corrected_from_scan,"Scan is legible enough to restore syntax and complete words; corrections made in authoritative OCR before build."
katturaigal/burma_tharum.md,"Image 6 வல்: தேவை","மதபோதனை தேவை",corrected_from_scan,"Printed phrase clearly reads religious instruction is needed; restored in source and translation."
katturaigal/burma_tharum.md,"Image 8 date OCR 26.9.44","26.9.54",corrected_from_scan,"Printed year is unambiguously 54; corrected in source and English publication note."
katturaigal/burma_tharum.md,"Clear OCR substitutions including ஆக்ஜஞை / பாபிபாக்கப்படுவான் / பத்த கோடிகள் / சம்ஹரிக்கன / ஆலை / பாபி/பாகிவிட்டார் / அரணியுன்ள","ஆக்ஞை / பாபியாக்கப்படுவான் / பக்த கோடிகள் / சம்ஹரிக்க / ஆனால் / பாபியாகிவிட்டார் / அரசியலை",corrected_in_source,"Unmistakable lexical errors corrected against scans while source rhetoric and period vocabulary remain."
katturaigal/burma_tharum.md,"Burmese Prime Minister Buddhist monks school religious instruction Karen and Muslim separatist claims","Anna's September 1954 contemporary political account",source_claim,"Translated as the article's report; identities chronology policy details and communal descriptions were not independently reconciled with modern Burmese historical sources."
sirukathaigal/varavu_selavu.md,"Website scan 9 was excluded by the former 300 px minimum-height filter","Closing commentary and date restored from 009-d5501f350e.png",restored_missing_source_scan,"Tamil was transcribed against the scan and the English conclusion was added before rebuilding."
sorpozhivugal/130767.md,"Website scan 8 was excluded by the former 300 px minimum-height filter","Anna's final sentence resolving the exchange restored from 008-07012a192f.png",restored_missing_source_scan,"The prior false mid-sentence ending note was removed."
sorpozhivugal/satta_11_03_1958.md,"Opening and closing scans were absent from the corrected source","Formal debate opening and concluding paragraph restored from 001-de96a255c6.png and 008-1bb6f78da8.png",restored_missing_source_scans,"The genuine internal gap between earlier scans remains explicitly documented."
sorpozhivugal/call_to_the.md,"Short thirteenth scan was excluded by the former 300 px minimum-height filter","Final sentence and 15-3-1967 broadcast note restored with English OCR and visual checking",restored_missing_source_scan,"Tamil translation now contains the complete conclusion rather than a false incomplete-source marker."
sorpozhivugal/human_rights.md,"Fourth English scan previously timed out during image extraction","Four omitted paragraphs restored with English OCR and visual checking",restored_failed_source_scan,"Recovered text covers Roosevelt's service Charter implementation and continuing human-rights violations; Tamil translation updated."
sorpozhivugal/270667.md,"Part 2 image 15 was absent after the original extraction run","Full intervening page restored from 015-e67b653fa3.png",restored_missing_source_scan,"Placed between canonical Part 2 images 14 and 16; obvious Tamil OCR substitutions corrected against the scan."
sorpozhivugal/300367.md,"Short concluding image 16 was excluded by the former minimum-height filter","Conclusion restored from 016-359769ded8.png",restored_missing_source_scan,"Printed date phrase reads 14ஆம் தேதி; restored before translation."
sorpozhivugal/manila_avai.md,"Short concluding image 21 was excluded by the former minimum-height filter","Conclusion restored from 021-5a5bd3bdbf.png",restored_missing_source_scan,"The 23-crore and 32-crore figures were checked visually."
sorpozhivugal/nithi080358.md,"Part 1 had been mapped to an almost-empty HTML wrapper while only OCR Part 2 remained separate","Canonical source rebuilt from OCR parts 1 and 2",repaired_multipart_canonicalization,"Twenty recovered Part 1 scans are now included in the canonical OCR-origin document; review candidates remain for correction during translation."
sorpozhivugal/satta_04_07_1957.md,"Part 2 concluding image was absent","Conclusion restored from 013-5d4c6343e8.png",restored_missing_source_scan,"Tamil checked visually before insertion into the combined canonical source."
sorpozhivugal/satta_10_12_1959.md,"Part 1 opening image was absent","Formal date heading and opening paragraph restored from 001-6d3f6665d5.png",restored_missing_source_scan,"Inserted before the former mid-sentence first image in the combined canonical source."
sorpozhivugal/sattamandram_first.md,"Short concluding image 22 was excluded by the former minimum-height filter","Conclusion restored from 022-392cb1ad38.png",restored_missing_source_scan,"The Thames and Cooum comparison now reaches its printed conclusion."
katturaigal/edakku_panni.md,"Images 4 and 5 contain substantially duplicated printed text with minor scan/OCR variation","Both website scans retained in verbatim Tamil; repeated passage translated once",duplicate_source_scans,"Duplication is documented in the English body and translator note rather than silently deleting either source image."
katturaigal/edakku_panni.md,"Clear OCR substitutions including [ூஷியாவில் / தோய்களை / விவாசியகள் / பாம்மம் / இராமத்துத் தோழன்","ரஷியாவில் / நோய்களை / விவசாயிகள் / பாம்பும் / கிராமத்துத் தோழன்",corrected_in_source,"Unmistakable lexical errors corrected against scans before translation; uncertain period wording retained."
katturaigal/dhayavu_dhatchanyam.md,"Images 4 and 5 are duplicate scans of the same printed page","Both scan sections retained and reconciled; both corresponding English sections included",duplicate_source_scans,"Duplication is documented in the English body and translator note rather than silently deleting either source image."
katturaigal/dhayavu_dhatchanyam.md,"Clear OCR substitutions including மாசபை / பூனியன் / தாட்சண்ணியம் / தடையுத்தரவு (128 or 124)","மகாசபை / யூனியன் / தாட்சண்யம் / தடையுத்தரவு (144)",corrected_in_source,"Corrections were checked against the scans and duplicate readings before translation."
nadagangal/madamanmiyam_1.md,"All four source images were recorded as _No OCR text detected_","Complete Tamil text manually transcribed from all four legible scans",restored_missing_ocr,"The document was not counted as translated until the recovered Tamil source and English translation passed the retention audit."
nadagangal/seeman_1.md,"All five source images were recorded as _No OCR text detected_","Complete Tamil text restored from the scans and a matching Wikisource transcription",restored_missing_ocr,"The external transcription was checked against the local image boundaries before translation."
nadagangal/puthiya_cong_1.md,"All six source images were recorded as _No OCR text detected_","Complete Tamil vignette restored from the scans and matching Wikisource text",restored_missing_ocr,"The recovery was limited to the canonical six-page vignette and checked against its local opening and closing scans."
katturaigal/nsk.md,"6௨ த / 6ீல்லாரும் ஒரு தடவை / கை.தட்டுங்கோ.","எல்லாரும் ஒரு தடவை கைதட்டுங்கோ.",probable_reading,"The opening catchphrase is severely damaged in OCR; the probable reading follows the surviving words and the response ‘தட்டமாட்டிங்களா? பரவாயில்லை!’ The verbatim source block remains unchanged."
katturaigal/nsk.md,"''இந்தனார்' / 'கலகண்டர்' and the song beginning பண்டாரப்பரங்கன் வேஷம்","Nandanar / Kalakandar; exact period song wording uncertain",needs_scan_review,"Film-title OCR and wordplay are rendered conservatively in English and documented rather than silently rewritten in the Tamil source."
katturaigal/valarppupen.md,"37-6-29-இல் சென்னை ஜில்லா திராவிடர் கழகக் கூட்டம்","27-6-49-இல் சென்னை ஜில்லா திராவிடர் கழகக் கூட்டம்",probable_reading,"The reproduced news item is dated June 28 and says the meeting occurred yesterday; translation uses 27 June 1949 while the Tamil source remains unchanged."
katturaigal/valarppupen.md,"Initials and names including 034.8. / ?1.4/. / 74.*/. and several committee-member spellings","Period names and initials require scan-level verification",needs_scan_review,"Names are transliterated conservatively where readable; damaged tokens are not silently rewritten in the Tamil source."
katturaigal/kandathum_kaet.md,"OCR source ended after Image 7 with the unfinished phrase உங்களுக்குப்","Image 8 restored: பிடிக்கவில்லை என்றால்... (தனி நிருபர் செய்தி - திராவிட நாடு - 15-3-59)",restored_missing_source_scan,"The locally downloaded eighth image had been omitted from OCR Markdown. Its complete closing text was manually transcribed into both canonical Tamil copies before translation."
katturaigal/kaiyil_oomai.md,"கையில் ஊழமையார் / அவளைக் காவலுக்கு / கருத்துக் குரூடனொருவன்","கையில் ஊமையர் / அவனைக் காவலுக்கு / கருத்துக் குருடனொருவன்",corrected_against_scan,"The printed title and opening sentence in Image 1 clearly establish all three readings; both canonical Tamil copies were corrected before translation."
katturaigal/kaiyil_oomai.md,"OCR source ended after Image 8 at அக்குழிகளிலே","Image 9 restored through (திராவிட நாடு - 6-2-44)",restored_missing_source_scan,"The locally downloaded ninth image had been omitted from OCR Markdown. Its conclusion and publication line were manually transcribed into both canonical Tamil copies."
katturaigal/sirunariyin.md,"(10. 0.48 திராவிட நாடு இதழில் வெளி வந்தது,","(10.10.48 திராவிட நாடு இதழில் வெளி வந்தது)",corrected_against_scan,"Image 9 clearly shows the complete publication date and closing parenthesis; both canonical Tamil copies were corrected before translation."
katturaigal/sirunariyin.md,"டாக்டர் ஜோசப்ராவோ ஹாங்கி / ஜோசப் ரசிடா","Dr Joseph Ravoahangy / Joseph Raseta",identified_historical_names,"The Malagasy leaders' names are rendered using their established spellings in English; the Tamil source wording is otherwise retained."
katturaigal/puntheera.md,"ஆங்கிலத்தில் வந்த புல்லிட் / இந்தியாவில் அமெரிக்க அரசாங்கப் பிரதிநிதியாக இருந்த புல்லிட்","Bullitt; exact author/article identification uncertain",needs_reference_review,"The source identifies an American writer and former U.S. representative in India as Bullitt and cites Life magazine. The English retains Bullitt without asserting a fuller identity."
katturaigal/puntheera.md,"ஆரிய தர்மத்தை: இழக்க, மூன்ஷி பரம்பரை மூன் வருவதில்லை","ஆரிய தர்மத்தை இழக்க, முன்ஷி பரம்பரை முன் வருவதில்லை",probable_reading,"Clear contextual OCR damage is resolved only in the English meaning; the Tamil source remains verbatim."
katturaigal/thenali_poi.md,"OCR source ended after Image 8 with வவேற்பு... ரம் பக்கம் / ஆ","Image 9 restored through the byline and 8-2-59 publication date",restored_missing_source_scan,"The locally downloaded ninth image had been omitted from OCR Markdown. Its conclusion and byline were manually transcribed into both canonical Tamil copies."
katturaigal/thenali_poi.md,"புராணங்களைப் பயின்றார்; &தையை மனனம் செய்தார்","புராணங்களைப் பயின்றார்; கீதையை மனனம் செய்தார்",probable_reading,"The context identifies the Bhagavad Gita; the English resolves the damaged glyph while the Tamil source remains verbatim."
katturaigal/thanjayil_puyal.md,"2/. ... நிறைவு விழா]! / நாபகம் வழங்கிய பேருதவி இது!","21. ... நிறைவு விழா! / நாடகம் வழங்கிய பேருதவி இது!",corrected_against_scan,"Image 1 clearly establishes the article number, title punctuation and the word நாடகம்; both canonical Tamil copies were corrected before translation."
katturaigal/thanjayil_puyal.md,"OCR source ended after Image 8 without the meeting close or publication line","Image 9 restored through (செய்தி - 3-5-53 - திராவிட நாடு)",restored_missing_source_scan,"The locally downloaded ninth image had been omitted from OCR Markdown. Its meeting close and publication line were manually transcribed into both canonical Tamil copies."
katturaigal/thanjayil_puyal.md,"/0% 000110 0௮ ... 1116 40106 ௦1 ...","Vox populi, vox Dei / The voice of the people is the voice of God",identified_foreign_phrase,"The Latin maxim and English gloss are numerically corrupted in OCR; their meaning is explicit in the following Tamil sentence and is restored in translation only."
katturaigal/uruvana_seyal.md,"உருவான செயல்! (appears close to repeated உருப்படியான செயல்)","உருவான செயல்!",confirmed_against_scan,"Image 1 clearly prints the shorter title உருவான செயல்; it is retained rather than normalized to the later rhetorical phrase உருப்படியான செயல்."
katturaigal/uruvana_seyal.md,"Opening and several mid-article words contain heavy OCR damage, including பதவி/செய்தித்தாள்கள்/விவரத்தினின்றும் and group-politics passages","Meaning recovered conservatively from sentence context",needs_scan_review,"No uncertain Tamil wording is silently rewritten; English avoids relying on unreadable decorative or stray glyphs."
katturaigal/thookumedai.md,"பீட்ரா செல்ஸ்கி / பெட்ரோ செல்ஸ்கி / பேட்ராசெவ்ஸ்கி","Mikhail Petrashevsky / the Petrashevsky Circle",identified_historical_name,"Variant OCR forms are rendered with the established English spelling; the Tamil source remains unchanged."
katturaigal/thookumedai.md,"பீலின்ஸ்கி / பிஸ்டோவஸ்கி / டர்ஜனிவ் and damaged novel titles","Belinsky / Dostoevsky / Turgenev; established English book titles",identified_historical_names,"Clear historical names and titles are standardized in English only. Factual claims and chronology remain those of the Tamil article."
katturaigal/vizhanaalil.md,"கேரரலாகலமான / குடியரசு தனத்தேதி / பிரான்கம் / அதேகம்","கோலாகலமான / குடியரசு தினத்தேதி / பிரான்சும் / அநேகம்",corrected_against_scan,"Image 1 clearly establishes these readings; both canonical Tamil copies were corrected before translation."
katturaigal/vizhanaalil.md,"£வாத'த்தினையும்... and ககனுன் த்தல் near the concluding comparison","Exact words remain unclear in the scans/OCR",needs_scan_review,"The translation follows the recoverable argument without inventing a specific missing ideological label or noun."
katturaigal/peyyena.md,"Final OCR sentence ended at இந்த நிலையை before the date","இந்த நிலையை எண்ணினால்...",restored_from_scan,"Image 6 clearly contains the omitted final word; it was restored in both canonical Tamil copies before translation."
katturaigal/peyyena.md,"Scattered damaged phrases including எடை.3யா and agricultural/equipment wording in Image 4","Contextual meaning recoverable, exact glyphs uncertain",needs_scan_review,"The English remains conservative around unreadable words; the Tamil source is not silently normalized beyond the scan-confirmed ending."
katturaigal/oorsirikkum.md,"படுபாதாள -......காரி! பாஷையிலே / டாப் திறிந்துடும் / இக்கிர மஞ்சாச் சோறு","Damaged colloquial abuse in the opening quoted speech",needs_scan_review,"The scan does not establish every glyph confidently; the Tamil is retained verbatim and the translation conveys the clear insulting sense without inventing exact words."
katturaigal/oorsirikkum.md,"Image 3-4 transition around the Congress factions and the list of named leaders","Recoverable argument, but the printed/OCR transition appears syntactically compressed",needs_scan_review,"Names and the argument about English-educated Congress leaders are translated conservatively; no speculative Tamil reconstruction was inserted."
katturaigal/oorsirikkum.md,"190க்கு 8 பேர்தான்","100க்கு 8 பேர்தான்",corrected_against_scan,"Image 4 clearly reads 100க்கு 8; both canonical Tamil copies were corrected before the bilingual file was built."
katturaigal/orae_nilavu.md,"Downloaded image 001-5d4de74293.png absent from OCR page markers","Title panel and opening lines beginning 51. ஒரே நிலவு!",restored_from_scan,"The omitted title image was transcribed and inserted into both canonical Tamil copies before translation."
katturaigal/orae_nilavu.md,"கரவ / காச / சீதம் / இதய தீதம்","Stray OCR fragment removed; காசு / கீதம் / இதய கீதம்",corrected_against_scan,"The first scan clearly establishes these readings; both canonical Tamil copies were corrected before translation."
katturaigal/orae_nilavu.md,"ப / ட / சீடி and isolated numerals around the opening quotations","Page labels or OCR noise rather than continuous article text",ocr_noise,"The English omits these stray symbols while the bilingual document preserves them in the verbatim Tamil source."
katturaigal/orae_nilavu.md,"00/5158-11௦15 / 1119100/ 65505","Damaged English parenthetical labels following Bernard Shaw criticism",needs_scan_review,"The surrounding Tamil identifies the sense as mere conversations and history lessons; unreadable labels are not guessed in English."
katturaigal/orae_nilavu.md,"Stray damaged line after the Shelley quotation in Image 8","Unrecoverable OCR debris at the page ending",needs_scan_review,"The complete recoverable Shelley quotation is translated; no semantic content is invented for the damaged trailing symbols."
katturaigal/oraeoru.md,"ம: 2. ஈ பாடலுக்கு அது வான்வெளியில் பறந்து கூடச் செல்லும்?","Damaged phrase following the contrast between one hymn and another",needs_scan_review,"The scan/OCR does not establish the intervening characters reliably; the English retains the two clear miracles and does not invent a third claim."
katturaigal/oraeoru.md,"தேங்கி நின்றது தேக்க மரமா, நூக்க மரமா","Second tree-name or wordplay is uncertain",needs_scan_review,"The rhetorical contrast clearly asks whether the visible object was a large tree rather than a tiny palm leaf; English conveys that sense conservatively."
katturaigal/oraeoru.md,"வை - கை","Folk etymological wordplay: place the hand/dig to find water",difficult_term,"The translation preserves the author's explanation and does not present the etymology as an independently verified linguistic fact."
katturaigal/pandithar_maraivu.md,"Downloaded image 001-00268b0340.png absent from OCR page markers","Title and introductory death notice",restored_from_scan,"The omitted panel naming Pandithar Thirugnana Sambandam, his school position and death date was restored in both canonical Tamil copies."
katturaigal/pandithar_maraivu.md,"சுயமரியாதைக் கொள்கைச- ஈ மக்களிடையே","சுயமரியாதைக் கொள்கைகளை மக்களிடையே",corrected_against_scan,"The body scan clearly establishes the reading; both canonical Tamil copies were corrected before translation."
katturaigal/parakkum_kuthirai.md,"532 / பறம்கும் / அல்லத 114 டன் நிறையுள்ள ப(ளசூவையோ","52 / பறக்கும் / அல்லது 1¼ டன் நிறையுள்ள பளுவையோ",corrected_against_scan,"The two scans clearly establish the article number, title word and W-12 payload; both canonical Tamil copies were corrected before translation."
katturaigal/kothanar.md,"Title/question punctuation; சோத்தாகவேண்டும்...லல ப சடல; ரகத் துரத்திவிட்டு; பன வேலையல்ல; திறுதீதாதது; கட் டிதீதரச்; திர்ணயத்தோடு; சருவ; திராவிட தாடு","Scan-confirmed punctuation and readings including சேர்ந்தாகவேண்டும்...தெரிந்து கொள்ளவேண்டும்; ஆத்திரத்தைத் துரத்திவிட்டு; புறம்பான வேலையல்ல; நிறுத்தாதது; கட்டித் தரச்; நிர்ணயத்தோடு; தெருவிலே; திராவிட நாடு",corrected_against_scan,"Images 1, 5, 6, 7 and 8 clearly establish these readings; both canonical Tamil copies were corrected before translation."
katturaigal/kothanar.md,"பாக் பல்கலைக்கழகம் / பர்மியப் படிப்பகம் / சிலோன் சிந்தனை மாளிகை / குலாம் காதர்","Named comparative institutions and person within the allegory",difficult_term,"The English retains these labels conservatively because the article does not explicitly decode their real-world referents."
katturaigal/ribbon_mandapathu.md,"ரிப்ராண் மணடாத்து; கார்ப்பஷேன்; சுகாராரம்; சென்ற இண்ட; க ங்கிறல்; மூன்பு; மூடியாத்; duplicated Harijan-service sentence","ரிப்பன் மண்டபத்து; கார்ப்பரேஷன்; சுகாதாரம்; சென்ற ஆண்டு; காங்கிரஸ்; முன்பு; முடியாத; duplicate removed",corrected_against_scan,"Images 1, 2, 5 and 6 clearly establish these readings and the single continuous education paragraph; both hard-linked canonical Tamil copies were corrected before translation."
katturaigal/ribbon_mandapathu.md,"பழந்தமிழ் மக்கள் / மஞ்சள் பெட்டி / மஞ்சள் கருப்பாச்சுதே, மருக்கொழுந்தும் வேம்பாச்சுதே","Period social label, Congress ballot-box colour, and theatrical lament",difficult_term,"The English retains or explains these period expressions conservatively; the Tamil source remains verbatim after scan-proven OCR corrections."
katturaigal/ribbon_mandapathu.md,"Mortality passage printed with 35.6 and 39.7 and an unclear OCR unit","Exact figures retained; unit not independently normalised",needs_scan_review,"The English reports the comparison without asserting a reconstructed statistical unit."
katturaigal/iyarkai_oru.md,"உபை்புள்ள / படிப்பறியா தாரை / கடியாரத்தை / காலண் டரை / இருப்பதிக்கோ / $ட்டிக் / நூற்களை / பயன்படுத்துவதில்ல","உழைப்புள்ள / படிப்பறியாதாரை / கடிகாரத்தை / காலண்டரை / திருப்பதிக்கோ / காட்டிக் / நூல்களை / பயன்படுத்துவதில்லை",corrected_against_scan,"Clear prose readings were restored in the canonical Tamil source before translation."
katturaigal/iyarkai_oru.md,"தாயின் இடுப்பிலிருந்தபடி...கரவபபாகு்... / இஷ்ட த்தி... / ுஷிக வாகன மோஹ்ன' அஸ்த","Complete scan reading about the temple-conditioned younger brother; இஷ்ட சித்தி விநாயகர்; மூஷிக வாகன மோஹன அஸ்த",corrected_against_scan,"Images 5 and 6 establish the omitted/damaged transition and chant lines; the canonical Tamil source was corrected before translation."
katturaigal/iyarkai_oru.md,"நூற்றுக்குத் டல் ப பேருக்குள்ள மனப்பான்மை","Printed percentage/count phrase remains unclear",needs_scan_review,"The translation renders it generally as the prevalent attitude rather than inventing a numerical proportion."
katturaigal/iyarkai_oru.md,"அழகின் இரிப்பு","அழகின் சிரிப்பு",corrected_against_scan,"Image 6 clearly prints the established Bharathidasan title; the canonical Tamil source was corrected before translation."
katturaigal/thoondil_echarik.md,"வர்ணாஸ்ரமம் / காணச் / திராவிடரை / மோகினி ரூபம் / 6.2.44 திராவிட நாடு","Column-displaced or plainly misread scan text restored",corrected_against_scan,"All five images were checked; displaced column fragments and clear character errors were repaired in the hard-linked canonical Tamil source before translation."
katturaigal/thoondil_echarik.md,"அதன்மூலமாகவே அவரை முடிசூடிக்க முடியும்","By that very means he can be crowned",needs_scan_review,"The scan supports this reading, but the ironic political referent is not explicit; the English remains literal and the note records the uncertainty."
katturaigal/thoondil_echarik.md,"மித்ரன் / கொள்ளேகாலம் பட்டு / குனித்த புருவம் / முத்துரங்கம்","Period publication, textile, hymn, and personal references",difficult_term,"These expressions are retained or transliterated conservatively rather than silently modernized."
katturaigal/hindi_pothu.md,"முடிய, தூ / வாழ்க்கையிற் / விழுமிய நூல்கள் / நானக் / மலாய்நாடு / திராவிட நாடு - 4.7.48","முடியாது! and other scan-visible readings",corrected_against_scan,"All seven images were inspected; clear title, character, spacing, and ordinary-word OCR errors were repaired in the hard-linked canonical Tamil source before translation."
katturaigal/hindi_pothu.md,"பாங்காரு / பிரஜ்பாஷா / சனோஜ் / பத்தேலி / பிசபி / விதீயாபதி தாகூர் / கவர்பாவ","Historical dialect, place, and personal names",difficult_term,"The English uses conservative modern-looking transliterations where identifiable, but the Tamil scan text is not silently normalized because several spellings remain edition-specific or uncertain."
katturaigal/hindi_pothu.md,"இராமானந்தர் பாடல்கள் ... ஆதிகிரந்தம்","Ramananda's songs are called the first Hindi work, Adi Granth",historical_claim,"The printed claim and chronology are translated faithfully but flagged in the translator note rather than silently corrected against modern history."
katturaigal/madhakalvi.md,"॥/தம் / இராமங்களில் / அதாகரிகமாளதும் / காதியினரின் / தியாயத்தின் / இவயற்கை / உ௰ிர் நூல் / 155.49","மதம் / கிராமங்களில் / அநாகரிகமானதும் / சாதியினரின் / நியாயத்தின் / இயற்கை / உயிர் நூல் / 15.5.49",corrected_against_scan,"All seven images were checked; clear character substitutions and the closing date were restored in the hard-linked canonical Tamil source before translation."
katturaigal/madhakalvi.md,"இங்கிலாந்தில் மாலை நேரங்களில் ... ஒருவன் சடங்குகளைவிட்டு","A person in England leaving prescribed ceremonies to join an evening meal",needs_scan_review,"The sentence is legible but syntactically unusual in the printed Tamil; the English stays literal and does not invent a denomination or particular rite."
katturaigal/madhakalvi.md,"சக்கிலி / தீண்டாதார்","Chakkiliyar / people deemed untouchable",historical_term,"The caste terminology is retained only to convey the essay's explicit argument against untouchability and is explained in the translator note."
katturaigal/sarkar_vidumurai.md,"Image 1 bridge absent; Image 10 entirely absent after 'இந்நாளை விடுமுறை நாளாக்கிய'","Restored continuation through concluding paragraph and 23.5.48 publication line",missing_text_restored,"The image folder contains ten scans while the OCR source represented only nine; both omissions were transcribed directly from Images 1, 2, 9, and 10 before translation."
katturaigal/sarkar_vidumurai.md,"பிரமதர் / மக அடிப்படையற்ற / ஐலஉஷா / ஒதிக் / பொருள்ளற்றவை","பிரதமர் / மத அடிப்படையற்ற / ஜலஉஷா / ஓதிக் / பொருளற்றவை",corrected_against_scan,"Clear character errors and the ship name were restored in the hard-linked canonical Tamil source."
katturaigal/sarkar_vidumurai.md,"ஜலஉஷா / புஷ்பவிமானம் / ஆவணி அவிட்டம் ... சிவராத்திரி / தோழர் அட்லி / தோழர் சர்ச்சில்","Jal Usha and period religious-political references",difficult_term,"Names and festival references are retained contextually; the English does not modernize the essay's rhetorical use of the honorific Comrade."
katturaigal/guruboojai.md,"இளர்ச்சி / பரிதர்ப / இவகைள் / வநீதனவோ / சொய்யாதிருந்தால் / ஏரினார் / மூழையிலே / சர்க்கார் ஈட / வேநீதர் / மாமாவிகை / பதுமைக்குத்","கிளர்ச்சி / பரிதாப / இவைகள் / வந்தனவோ / செய்யாதிருந்தால் / ஏசினார் / முறையிலே / சர்க்கார் சுட / வேந்தர் / மாமாளிகை / புதுமைக்குத்",corrected_against_scan,"All seven scans were inspected; clear character and word corruptions were repaired in the hard-linked canonical Tamil source before translation."
katturaigal/guruboojai.md,"சு.ம. / சு.ம.க்கள் / சாது அச்சுக்கூடம் / கைவல்யசாமி மடம்","Self-Respect movement abbreviations and period institutions",difficult_term,"The translation expands Su.Ma. contextually while retaining institutional and personal names conservatively."
katturaigal/guruboojai.md,"அல்குலாள் / நரி பரியான நாள் / நமச்சிவாயத்தின் துணைகொண்டு கல்லை ஓடமாக / தேனில் வீழ்ந்த நயனார்","Religious, literary, and satirical allusions",difficult_term,"The allusions and closing pun are translated closely and explained in the translator note rather than normalized away."
katturaigal/magizhchi_nandri.md,"//. / அண்மையாளர் / எனம்பின / உழையிலிடாது / மத்ய / அதிக்க / முதத்தைக் / கரியூசினர் / அண்மையுடன் / 2-8-௦2","111. / ஆண்மையாளர் / கிளம்பின / உறையிலிடாது / மத்திய / ஆதிக்க / முகத்தைக் / கரி பூசினர் / ஆண்மையுடன் / 3-8-52",corrected_against_scan,"All nine scans were inspected; the article number, political vocabulary, action details, and signed publication date were restored in the hard-linked canonical Tamil source."
katturaigal/magizhchi_nandri.md,"பாசறைகளிலே. க.:பனர்","பாசறைகளிலே கவிஞர்",probable_scan_reading,"The print is damaged at this word but the visible letters and following phrase 'போர்ப் பரணி பாடினர்' support 'கவிஞர்'; the uncertainty is stated in the translator note."
katturaigal/magizhchi_nandri.md,"தார் சட்டி / குச்சு மட்டை / வில்லம்பு / டார்ப்பிடோ / பீரங்கி","Tar pot, short stick, bow and arrow, torpedo, cannon",difficult_term,"The escalating weapon list is translated contextually as part of the article's irony about defacing Hindi railway signs."
katturaigal/kannadi_veetil.md,"/3 / செல்வாக்லை / தரணி ஆண் / ஆர்வத்தா£ / ராமாயணமாச்கினார் / மனமொடப்பிச் / உணாந்தவர்கள் / (1கசள்கிறேன் / அநீதப்போர்வையை","15 / செல்வாக்கை / தரணி ஆண்ட / ஆர்வத்தால் / ராமாயணமாக்கினார் / மனமொப்பிச் / உணர்ந்தவர்கள் / கொள்கிறேன் / அந்தப் போர்வையை",corrected_against_scan,"All eight scans were inspected; the article number, broken page-edge words, and clear character corruptions were restored in the hard-linked canonical Tamil source before translation."
katturaigal/kannadi_veetil.md,"சாவல் / நளாயினி வேலை / இரண்டாவது சர்வாதிகாரி","chawal / the work of Nalayini / second dictator",difficult_term,"Period Hindi-loanword and anti-Hindi movement references are translated contextually; the signed title is retained literally without modernizing it."
katturaigal/kanneer_thuligal.md,"இிச்சயம் அிதறுண்டுவிடும் அக்கு நூஜாகிவிடும் இிராவிட / & 4௦00௪ - டலா ஈ௦ா பொ 148401 / 750 / ஏ ல்ப௱ / 22-12-51","நிச்சயம் சிதறுண்டுவிடும் சுக்கு நூறாகிவிடும் திராவிட / A Home - Land For Our Nation / 150 / Referendum / 23-12-51",corrected_against_scan,"All twenty scans were inspected; a severely damaged sentence, the printed English slogan, the signatory count, Referendum, and the publication date were restored along with clear character errors in the hard-linked canonical Tamil source."
katturaigal/kanneer_thuligal.md,"கனதனவான்கள் / விராடபர்வம் / சு.ம. இயக்கம் / பக்டூனிஸ்தான் / கோஹத்தி, ஸ்திரிஹத்தி, சிசுஹத்தி / பைசிபூர்","wealthy men / Virata Parva / Self-Respect Movement / Pakhtunistan / cow-, woman-, and child-killing / Faizpur",difficult_term,"Period political, epic, and Sanskrit-derived polemical references are rendered contextually and retained in the translator notes."
katturaigal/karunguzhiyar.md,"ட்டிக் கொட்டை / க ப்்லுயு / 7987 / அ.ூல இந்திய பண்டிதபர்க்ஷத் / விராயச் சித்தம் / 700-க்கு / ர௬ுகண்ட","எட்டிக் கொட்டை / அறிக்கையை / 1937 / அகில இந்திய பண்டித பரிஷத் / பிராயச்சித்தம் / 100-க்கு / ருசிகண்ட",corrected_against_scan,"All nine scans were inspected; the opening allegory, Karunguzhi petition, cited meeting year and name, doctrinal quotation, population ratio, and clear character corruptions were repaired in the hard-linked canonical Tamil source."
katturaigal/karunguzhiyar.md,"எட்டி / காலதேசவர்த்தமானம் / ஆவுரித்துத் தின்று உழலும் / வேலமரம் / புளிய மிலார் / பண்டித பரிஷத் / வர்ணாஸ்ரமம்","etti fruit / requirements of time, place and circumstance / devotional quotation / velam tree / tamarind switch / council of pandits / varna-ashrama order",difficult_term,"Botanical, proverbial, devotional, caste, and Sanskrit-derived terms are translated contextually; historically derogatory source terms are retained only where fidelity requires them."
katturaigal/karuthalikkum.md,"கருத்தனிக்கும் / கற்பனைக் காட்ச ஜ் / கண்மண் தெரிவடில்லை / இண்டிவனம் / இருக்குறள் முனுசாமி / வக்&ல் / ஜெயிவிலே / கஇண்டலாக / பகைவளர்த்துக் / களம்பாமலா / தாம / அவமானப்படுமுத்துகிற / தெலிவல் / மந்திரிபை / மூகம் / சம்மா / பே௫னீர் / ர்த்தி / நாமார் / final-page fragmented lines","கருத்தளிக்கும் / கற்பனைக் காட்சி / கண்மண் தெரிவதில்லை / திண்டிவனம் / திருக்குறள் முனுசாமி / வக்கீல் / ஜெயிலிலே / கிண்டலாக / பகை வளர்த்துக் / கிளம்பாமலா / காம / அவமானப்படுத்துகிற / தெளிவுடன் / மந்திரிசபை / முகம் / சும்மா / பேசினீர் / கீர்த்தி / நாடார் / reconstructed closing exchange",corrected_against_scan,"All nine scans were inspected; the title, opening frame, names, party abbreviations, speaker labels, page joins, badly fragmented final exchange, and printed date were restored in the canonical Tamil source before translation."
katturaigal/karuthalikkum.md,"கனம் / மகாநாடு / கொலு நடத்தினார் / தட்டிக் கொடுத்துக்கொண்டு / கோடிபுண்ணியம்","the Honourable / conference / staged his grand display / keep placated / a crore blessings",difficult_term,"Period honorifics, political idiom, and colloquial satire are translated contextually; the fictional status of the dialogue and party abbreviations are explained in the translator notes."
katturaigal/1858-1948.md,"‘45’","[unresolved word or printed symbol in the Stringer Lawrence passage]",needs_scan_check,"The isolated reading remains unclear even after scan inspection; the English draft retains it literally and does not infer missing text."
katturaigal/theriyathavargal.md,". தெரியாதவர்கள் / ஆடுநறே / அநீநியாகளை விரட்டிய அசகாய குராகள் / கனம்கள் / 25 & / வாகள் / இ்க்கவ்க / பாத்திரம்ஏ.ந்தி / தர்ங்களாகவே / உண்மையைக் சண்டு / ஆடத் தெரியாதவன் / திராவிடதாடு","5. தெரியாதவர்கள் / ஆடுகிறே / அந்நியர்களை விரட்டிய அசகாய சூரர்கள் / கனங்கள் / 25% / இவர்கள் / இயற்கையின் / பாத்திரம் ஏந்தி / தாங்களாகவே / உண்மையைக் கண்டு / ஆடத் தெரியாதவள் / திராவிட நாடு",corrected_against_scan,"All nine scans were inspected; the heading number, damaged words, ration percentage, final gender, publication name, and stray scan artifacts were repaired in the canonical Tamil source before translation."
katturaigal/thiruchiyil_thooku.md,"Image 7 absent from OCR Markdown; ௫ டுக்கும் / அற்பணித்த / பத்தியையோ / புருஷர் களை க் / வநதிருக்கிறான் / மஜைவில் / சித்தரிக்கப்பட்டி ருக்கிறார் / காகித்தைக் / 19% 0௦1௦00","Full Image 7 transcription restored; நாட்டுக்கும் / அர்ப்பணித்த / பக்தியையோ / புருஷர்களைக் / வந்திருக்கிறான் / மறைவில் / சித்தரிக்கப்பட்டிருக்கிறார் / காகிதத்தைக் / light comedy",corrected_against_scan,"All seven scans were reconciled. The entirely omitted final scan, including the conclusion and 12.9.48 publication note, was manually restored before translation."
katturaigal/thiruthani.md,"title slash / எ.எல்.சி. கிருஷ்ணசர்மி / மழியலை / டூல்லி / அஆகஸ்டு / தாக்$தை / கார்நாடக / தித்திரம் / ரோவை / 7911 / தாம்ரேட் / 2-5-52","title exclamation / எல்.சி. கிருஷ்ணசாமி / மறியலை / டில்லி / ஆகஸ்டு / தாக்கீதை / கர்நாடக / சித்திரம் / நேருவை / 1911 / காம்ரேட் / 3-5-53",corrected_against_scan,"All thirteen scans were inspected. Names, dates, place names, page-edge joins, resolution clauses, publication date, and obvious OCR artifacts were reconciled before translation."
katturaigal/thiruvottu.md,"opening quote damage / ௨எர் ஊராப் / ஸ்டாங்கா / 39% / இடைப்பது / 18 அவுன்ஸ் / சத விஇிதம் / பங்€டு and பங்&டு / duplicated அமைச்சர்கள் / 9% கோடி / fragmented closing title","opening dialogue restored / ஊர் ஊராப் / ஸ்ட்ராங்கா / section break / கிடைப்பது / 12 அவுன்ஸ் / சதவிகிதம் / பங்கீடு / duplicate removed / 9½ கோடி / திருவோட்டுத் திக்விஜயம்",corrected_against_scan,"All eleven scans were reviewed, with particular attention to colloquial dialogue, procurement statistics, duplicated prose, agrarian terms, import cost, and the closing pun."
katturaigal/pazhaya_company.md,"Image 1: பழைய கம்பெனி!; Image 2: Roosevelt chronology beginning 1936/1940/1920/1945","Two unrelated articles joined at the Image 1/Image 2 boundary",needs_source_recovery,"Image 1 discusses Congress efforts to overturn Muslim League ministries and ends mid-sentence. Image 2 begins mid-chronology in an unrelated Roosevelt obituary, followed by ten continuous Roosevelt pages. Translation is withheld until both missing portions are recovered and the articles are separated."
katturaigal/singam_sirunari_1.md,"Image 16 ends: அந்த நகர அமைப்பு எங்ஙனம் இருக்கும் என்பதை நாமறியோம்,","Article stops mid-sentence; Part 2 is absent",needs_source_recovery,"All sixteen Part 1 images are sequential, but the argument does not conclude. The mapped singam_sirunari_2.html source contains only site navigation, so the article must not be translated until its continuation is recovered."
sorpozhivugal/nan_kanda_nehru.md,"கிறையிலிருந்து / னநாயக / ஐவஹர்லால் / 1965-ம் அண்டு / காங்கிர்சில் / ஓருவர் / அள் / அதரவா / ஓத்துக்கொள்கிறேன் / அதரவு / 1267 / தி. மு. ௧. / பக்குவப்பட்டி ருக்கிறார்கள் / மகிழ்ச்சியடை கிறேன் / இறை சென்றீர்களே / கடமைப்பட்டி ருக்கிறோம் / பாராட்டி யுமிருக்கிறேன் / விரும்பு கிறேன் / அனால் / நடந்துகொண்டி ருந்த / முடி கிறது","சிறையிலிருந்து / ஜனநாயக / ஜவஹர்லால் / 1965-ம் ஆண்டு / காங்கிரசில் / ஒருவர் / ஆள் / ஆதரவா / ஒத்துக்கொள்கிறேன் / ஆதரவு / 1967 / தி. மு. க. / பக்குவப்பட்டிருக்கிறார்கள் / மகிழ்ச்சியடைகிறேன் / சிறை சென்றீர்களே / கடமைப்பட்டிருக்கிறோம் / பாராட்டியுமிருக்கிறேன் / விரும்புகிறேன் / ஆனால் / நடந்துகொண்டிருந்த / முடிகிறது",corrected_against_scan,"All fifteen scans were checked for continuity. The opening page join, names, dates, party abbreviation, isolated page noise, broken word joins, and clear character substitutions were repaired; the speech begins with Nehru's death and ends formally with the 1967 appeal and thanks."
sorpozhivugal/280868.md,"61-page bilingual legislative debate processed with tam-only OCR","English speeches require English/Tamil re-OCR and page-level reconstruction",requires_retranscription,"The Tamil editorial summaries are partly readable, but most English floor speeches are mixed-script noise. Translation is withheld until the full debate can be preserved faithfully."
sorpozhivugal/satta_17_02_1959.md,"Survival quotation / IPC 295-A quotation / four procedural English lines / Writing on the wall / repeated மூறை, மூடியும், ௬வர் substitutions / (ரர்ோ(4்௦)","Survival of the fittest / full printed IPC 295-A passage / exact speaker interventions / Writing on the wall / முறை, முடியும், சுவர் / (intention)",corrected_against_scan,"All eighteen scans were checked for continuity, and a tam+eng OCR pass was used only as supporting evidence. The printed IPC quotation spells 'intension', and the bill-history paragraph prints '1965' before referring to the 1956 private member's bill; both source readings are retained rather than silently emended."
sorpozhivugal/200268.md,"36-page combined Governor's Address debate; three blank OCR pages and multiple severely damaged speaker exchanges","Requires complete tam+eng re-OCR and page-by-page speaker reconstruction",requires_retranscription,"The opening and closing survive, but missing internal pages and non-lexical passages make the debate unsafe to translate. It remains one canonical multipart work and is held until its full Tamil source can be recovered."
sorpozhivugal/nithi080358.md,"39-page canonical multipart budget debate with dense numeral/glyph noise on at least 12 pages","Requires full tam+eng re-OCR and scan reconciliation before translation",requires_retranscription,"The multipart merge is correct and no scan is blank, but important quotations, figures, transitions and the closing argument contain enough corruption that a translation would silently omit or invent content."
sorpozhivugal/200367.md,"Damaged English accounting labels and Tamil line clusters on Images 7, 10, 12 and 14","Vote on Account; Budget documents; Land Revenue Surcharge; Union Excise Duties; Ways and Means Advance; Open Market Loan; overdrafts; Maintenance Expenditure; Negative Closing Cash Balance; National Development Council; Priorities; Balanced Budget; deficit financing; Non-Plan Account; full Tamil continuity restored",corrected_against_scan,"All fourteen scans were checked for sequence. A tam+eng OCR pass supported visual reconciliation; fiscal years, amounts, central/state planning passages, investment allocations and unforeseen non-plan liabilities were restored before translation."
sorpozhivugal/280268.md,"16-page 1968-69 budget speech with major internal corruption and an incomplete ending","Requires full tam+eng re-OCR plus recovery of the continuation after Image 16",requires_retranscription,"Important agricultural, taxation, debt-relief and dearness-allowance passages cannot be translated faithfully from the present OCR. The source ends mid-argument and remains pending as one canonical work."
sorpozhivugal/velludai.md,"Image 9: (1400401816); 1/2 அடி நீளமுள்ள","(Moderate); 12 அடி நீளமுள்ள",corrected_against_scan,"All fourteen scans form one complete speech and were checked for sequence and continuity. Image 9 was visually verified: the English parenthetical is Moderate and the Sabarimala report describes a twelve-foot snake. Additional split-word, name and punctuation errors were corrected conservatively before translation."
sorpozhivugal/110667.md,"Four combined parts; 54 numbered budget paragraphs; pervasive malformed Tamil, numeral noise and lost English terms","Requires complete tam+eng re-OCR and page-by-page fiscal reconciliation",requires_retranscription,"The current source has substantial corruption even in the title, date, opening policy statement and final acknowledgements. Its apparent character count is not evidence of usable continuity; translation is withheld to prevent invented financial wording and figures."
sorpozhivugal/200368.md,"22-page police-department debate; damaged opening, English quotations, speaker labels and final page","Requires complete tam+eng re-OCR and page-by-page speaker reconciliation",requires_retranscription,"No scan is explicitly blank, but substantial clauses are replaced by disconnected glyphs throughout the work. Image 22 is especially damaged and does not provide a reliably readable conclusion, so translation is withheld."
sorpozhivugal/200868.md,"16-page supplementary-grants debate; damaged English rules, labour-policy quotations and industrial figures","Requires complete tam+eng re-OCR and page-by-page fiscal reconciliation",requires_retranscription,"The Tamil debate is partly readable, but key English clauses have become mixed-script noise and several amounts and names are malformed. Translation is withheld because those passages materially determine Anna's replies."
sorpozhivugal/250367.md,"Heading: 1967 Legislative Assembly (Prevention of Disqualifications) Bill; body: paddy procurement, food prices and consultative committee","Verify source identity and recover missing clauses on Images 2-3 and 16",incorrect_or_incomplete_mapping,"The surviving body is mostly a coherent food-policy reply, but it does not match the printed subject heading and several page transitions are damaged. Translation is withheld until the canonical identity and full text are established."
nadagangal/vazhakku_vapas_1.md,"Images 2, 4, 5 and 8-11 previously contained no OCR text; Image 1 omitted குற்: சிவநேசன்; Image 9 rendered அக்கிரமங்கள் as Latin noise","All seven blank sections recovered; missing accused-name line and damaged dialogue restored",corrected_against_scan,"Normalized tam+eng OCR restored the complete eleven-page sequence and dated ending without replacing existing nonblank pages. Speaker labels, mythology names, legal sections and key damaged transitions were reconciled against the scans before translation."
nadagangal/popular_store_1.md,"Image 8 previously contained no OCR text; சுயமரியாதை and சுயமரியாதைக்காரர் were corrupted into numerous forms throughout Images 1-10","Image 8 restored; Self-Respect vocabulary, names, speaker labels and damaged transitions restored",corrected_against_scan,"Normalized tam+eng OCR restored the complete ten-page sequence and 1945 ending. The Image 7-to-9 transition was visually checked, and recurring movement terminology, names, colloquial dialogue and stage directions were reconciled before translation."
nadagangal/irakkam_oru_1.md,"Images 5-10 previously contained no OCR text","All ten images checked visually; six blank sections recovered and damaged speaker labels and final economic argument reconciled to scans",corrected_against_scan,"Complete ten-page sequence verified. Corrected கருணாத்மா, அதிக செலவில்லை, காதலுக்காக, அதிக கஷ்ட நஷ்டம், கடனை தீர்த்து, காசி க்ஷேத்ரமகாத்மியம், மாஸ்கோ மணத்தின் மாண்பு, and all சீ.ம. labels from the images. Genuine colloquial and historical wording is retained and documented in translator notes."
katturaigal/kutram_sol.md,"OCR debris and broken joins across the 17-image sequence, including கூற்றம் சொல்கிறார்கள், சாவ நாசம், வேறு ஆசாரம், சியாந்தின், தாசிக்குப் பிறகு, ஏகாதிபத்யத்தை, and வரி வகுலிக்காமல்","குற்றம் சொல்கிறார்கள், சாவு நாசம், வேறு ஆதாரம், சியாங்கின், நாசிக்குப் பிறகு, ஏகாதிபத்தியத்தை, and வரி வசூலிக்காமல்",corrected_against_scan,"Complete image sequence and page transitions checked; title, quotations, names, political terms, word joins, punctuation, and scan debris were reconciled against the scans. Printed historical diction and the printed (1) marker were retained."
katturaigal/pamba_ramayan.md,"Two-column OCR damaged names and reading order, including சந்திரவகி, இரதநூபுரசக்காவாளபுரம், உடன் பிறந்தவன், சம்புகளைக், சிதையைக், and isolated வித்யாதரன்","சந்திரவதி, இரதநூபுரசக்கரவாளபுரம், உடன் பிறந்தவள், சம்புகனைக், சீதையைக், with வித்யாதரன் restored to its sentence",corrected_against_scan,"All eleven scan pages and page transitions checked. Names, dropped words, column-order displacement, dialogue punctuation, and narrative relationships were restored from the images; period diction and colloquial speech were retained."
katturaigal/sorgathil_naragam.md,"Fourteen-image OCR included ரன்ன பிழைப்படி, அளானாளோ, கதனகாவா, page-footer debris, ௧௬ நீலமலர், சகொண்டோனானான், சரழிக்கச் and final ஆஷ்","என்ன பிழைப்படி, ஆளானாளோ, கனகாவா, footer removed, கண் நீலமலர், கொண்டோனானான், சீரழிக்கச் and the printed final divider",corrected_against_scan,"The two-part source sequence and the scan locations containing material corruption were visually reconciled. Obvious character substitutions, broken joins, punctuation debris and the final divider were restored; printed diction and the article's satirical mythological claims were retained."
katturaigal/periyar_namakku.md,"Twenty-one-image OCR included 56/பாரிச, மூன்னேற்ற, மூறை, page-opening ட debris, ௮ட்டமிட்டு/ிட தாகக், அள்புக்கும், மூதலாக, பூரிபபடைவது, பயமூம்கொண்டு, கூட்டச சக்தி and நற்பணிபு(வதை","38/பரிசு, முன்னேற்ற, முறை, debris removed, திட்டமிட்டு/விட்டதாகக், அன்புக்கும், முதலாக, பூரிப்படைவது, பயமும் கொண்டு, கூட்டுச் சக்தி and நற்பணி புரிவதை",corrected_against_scan,"All 21 scans were checked for sequence continuity and legibility. The printed title, article number, organization names, damaged page openings, obvious substitutions and punctuation debris were restored while period political vocabulary and spellings such as போர்ஜரி, பிரச்னை and வர்ணாஸ்ரமம் were retained."
katturaigal/lawrance.md,"Fifteen-image OCR included புச்சை/சகப்பு, தருக்கர், 1946/7858/1988, பெக் லாரன்சு, கஇளைவ், 8ழ்க்கொண்டுவர, page-opening ர/ட debris, damaged House of Lords dialogue, பெங்கஞார்/ஆ்திரம்/ஐநீநூறு and வரத்து தகளிலே/இல்ன நஷ்டக்","பச்சை/சிகப்பு, தக்கர், 1948/1858/1948, பெதிக் லாரன்சு, கிளைவ், கீழ்க்கொண்டுவர, debris removed, dialogue restored, பெங்களூர்/ஆந்திரம்/ஐந்நூறு and வார்த்தைகளிலே/இலாப நஷ்டக்",corrected_against_scan,"All fifteen scans are continuous and were visually reviewed. Meaning-bearing names, dates, historical terms, dialogue, and economic vocabulary were restored. One line in Image 13 concerning places of residence and durbar assistance remains difficult to read; no unsupported factual detail from that fragment was inserted into the translation."
katturaigal/vaelai_kodungal.md,"The 18-image folder fuses வேலை கொடுங்கள் with நம்பிக்கை இல்லை! at the printed boundary on Image 4; OCR also read 18½ as 788 and contains the unclear printed phrase வாழ் வளிக்கும்; அதிகரிக்கும்","Canonical source ends at 7.11.1948 on Image 4; later work excluded; 18½ restored; unclear phrase retained and interpreted conservatively only in translation",corrected_against_scan,"Images 1-4 were visually checked and the complete first article was separated at its printed date. Images 5-18 belong to நம்பிக்கை இல்லை! and are not part of this canonical work. The visibly defective or incomplete phrase வாழ் வளிக்கும்; அதிகரிக்கும் remains verbatim in Tamil and is disclosed in translator notes."
katturaigal/thoothukudi_maanadu.md,"Seventeen-image OCR included article number 32, சுண்டு களித்தவர், முடி குட்டி, தரைமார், ௮ணுக்குண்டு, பமுதானால், சுவனிக்க, வளர்நீத, 2௦ years and repeated character substitutions","35, கண்டு களித்தவர், முடி சூட்டி, துரைமார், அணுக்குண்டு, பழுதானால், கவனிக்க, வளர்ந்த and 25 years, with other obvious substitutions restored",corrected_against_scan,"The complete 17-page sequence and printed ending were visually verified. Meaning-bearing numbers, names, political vocabulary and damaged word forms were corrected from the scans; period spellings, rhetorical repetitions and political terminology were retained."
katturaigal/unnodu_piranthal.md,"Twenty-one-image OCR included article number 28, உளரே, அளாக்கிட, கலாம், உளறு, இீவட்டி, அதிக்கம், அளவதந்தார், சுண்டும், கிளம்பிணார், லால்பகதார், இரப்பை வளர்ந்த and damaged punctuation","58, ஊரே, ஆளாக்கிட, கலகம், ஊறு, தீவட்டி, ஆதிக்கம், ஆளவந்தார், கண்டும், கிளம்பினார், லால்பகதூர் and புரை வளர்ந்த, with punctuation restored",corrected_against_scan,"All 21 scans form a continuous signed article ending 7-2-65 at Kanchi. Material character substitutions, the printed article number, names and meaning-bearing phrases were visually reconciled; Anna's forceful repetitions and period political vocabulary were retained."
katturaigal/vanthathu_vibathu.md,"The folder has 25 scans but Image 25 is an unrelated article ending 3.12.50; OCR included புதிப, மற்றுபம், நீதிக்கரக, ஐஸ்டிஸ், சுபநல, ஆதிபத்பம், விழிப்புணார்ச்சி, உத்போக and date 90.7.50","Canonical work is Images 1-24 ending 30.7.50; Image 25 excluded; புதிய, மற்றும், நீதிக்காக, ஜஸ்டிஸ், சுயநல, ஆதிபத்தியம், விழிப்புணர்ச்சி, உத்யோக and 30.7.50 restored",corrected_against_scan,"Images 1-24 form the complete article. Image 25 is visibly the final fragment of another article and is excluded. Material legal terms, names, date, and character substitutions were reconciled against the scans while period spellings were retained."
katturaigal/balapadam.md,"Eighteen-page OCR included குற்ற:ரில்லாத, ஆரியத்தக்கு, பதனி, கமிழ் மக்கள், குத்திரர், 1949, துழைந்தபோது, திராவிடாகள், damaged dialogue labels and date 29.8...48","குற்றமில்லாத, ஆரியத்துக்கு, பதவி, தமிழ் மக்கள், சூத்திரர், 1948, நுழைந்தபோது, திராவிடர்கள், dialogue labels and 29.8.48 restored",corrected_against_scan,"All 18 scans are continuous. The title on Image 1, textbook year on Image 8, quoted historical terms, dialogue speakers, and publication date on Image 18 were visually checked; period vocabulary and claims were retained without modernization."
katturaigal/panditharin_perurai.md,"Twenty scans fused பண்டிதரின் பேருரை! with the unrelated தாயகம்!; OCR reduced three printed English Nehru quotations to mixed-character garbage and damaged names, political labels and dialogue","Canonical article restricted to Images 1-19; Image 20 excluded; all three English quotations restored verbatim from Images 10-12; material Tamil substitutions and labels corrected",corrected_against_scan,"Images 1-19 are continuous and end with நன்றி. Image 20 visibly begins the separate title தாயகம்! and ends with its own 1.8.48 citation. The canonical first article has no printed date in its scan sequence."
katturaigal/indhumathamum.md,"Eighteen-page OCR damaged the Sanskrit quotation, Rig Vedic numbering and names, devotional quotations, temple and newspaper names, political terms, dates, and numerous Tamil character forms; it also inserted a spurious sentence before the Dinamani quotation","All 18 scans retained as one continuous essay; material Tamil readings, the numbered list, Dinamani date 21-5-42, serialized publication dates and Nakkiran pen-name citation restored; spurious inserted sentence removed",corrected_against_scan,"Images 1-18 form a continuous serialized article. The opening title and final citation were visually confirmed, with high-risk passages on Images 2, 11, 14, 15 and 18 checked directly; period spelling and the author's original argument were preserved."
katturaigal/uthamar_sinthiya.md,"Twenty-four-page OCR inserted large garbage blocks and page numbers, damaged Greek names, ordinary Tamil words, courtroom dialogue, the 220/281 vote passage, the stipend request, the Socrates-Gandhi comparison, and the final date","All 24 scans retained as one continuous article; garbage removed; material names, dialogue, vote figures, execution passage, Gandhi comparison, Jayaprakash Narayan quotation and 8.2.48 Dravida Nadu citation restored",corrected_against_scan,"Every scan from Images 1-24 was visually reviewed. The source is continuous from the numbered title through the printed publication line; no missing or unrelated page was found. Period vocabulary, reported figures and rhetorical punctuation were retained."
katturaigal/vaanulaga_veethi.md,"The folder contains 25 image files, but Images 7 and 8 duplicate the printed pages in Images 5 and 6; the OCR source omitted Image 25 and contained material substitutions including கவிக்கு as கலைக்கு, விமானம் as அனுமான், பயணம் as பபணம், and துராத்மா as வகர","Images 7-8 omitted as duplicate captures; 23 unique printed pages retained; Image 25 conclusion and 28.11.48 citation restored; material substitutions and broken page joins corrected",corrected_against_scan,"The full image sequence was visually reconciled. Duplicate provenance is documented rather than reproduced as repeated article text. The recovered final scan completes the concluding sentence and supplies the Dravida Nadu publication line. Period terminology, astronomical figures and rhetoric remain as printed."
katturaigal/ponnoli.md,"Nineteen-page OCR damaged the printed article number 36, Ashoka, Buddhist disciples, personal and institutional names, several argument-bearing phrases, page joins, Sanskrit-derived political vocabulary, and the final 14.1.53 citation","All 19 scans retained as one continuous article; title number, names, damaged words, split joins and publication date restored; extraction marks removed",corrected_against_scan,"The sequence runs continuously from the printed title through the Dravida Nadu citation. High-risk opening and closing pages and the page 9-10 join were visually checked directly. Historical claims and period polemical vocabulary were retained as source-attributed material rather than silently modernized."
katturaigal/samanyama.md,"Eighteen-page OCR damaged the opening verse, Kamban quotation, personal names, Self-Respect abbreviations, newspaper headings and quotations, political vocabulary, word joins, and extensive punctuation; the final scan has no printed publication date","All 18 scans retained as one continuous article; material names, quotations, abbreviations, damaged words and joins restored; extraction noise removed; no date supplied",corrected_against_scan,"The opening and closing scans were directly reviewed and the sequence is continuous through the closing Kumaran quotation. The repeated and mutually contradictory newspaper descriptions are retained because they form the evidence criticized by the essay. Absence of a printed citation is documented rather than filled conjecturally."
katturaigal/puratchi_kanda.md,"The 21-image bundle contains a geopolitical sequence ending 14.1.49 followed by a separate article on Periyar and Maniammai; scan 21 ends mid-article after Maniammai sets out to serve Periyar. OCR also damaged headings, ages and the 28.6.49 Viduthalai citation.","All available text translated as one canonical file with internal headings preserved; title repetition, Periyar's age 72, Maniammai's age 26, seventy-first birthday reference and 28.6.49 citation corrected from scans; missing continuation explicitly marked.",incomplete_source,"No scan after Image 21 exists in this canonical source folder. The bilingual document translates every available line but does not invent the absent conclusion. Broader uncertain OCR wording remains visible in the verbatim Tamil source and is not silently normalized."
sorpozhivugal/thee_paravattum_2_1.md,"The crawled _2_1 page supplied only scans 1-14 and stopped midway through Somasundara Bharatiar's reply because the continuation page's navigation points to an unrelated speech URL.","Direct recovery from https://www.annavinpadaippugal.info/sorpozhivugal/thee_paravattum_2_2.htm supplied scans 15-28; all 28 scans form one continuous debate ending with the chairman's conclusion. The title, 6-00 time and section 5 heading were corrected against scans 1-2.",recovered_source,"The apparent _2_3 continuation returns 404 and is not needed: scan 28 closes with the chairman's explicit final sentence and printer's rule. Recovered scans are stored as 015-recovered.png through 028-recovered.png in the canonical image folder."
sorpozhivugal/may_thinam.md,"The 15-page OCR damaged the title and several argument-bearing terms and names, including சத்தியலோகம், கூட்டுச் சக்தி, சம உரிமை, Hamburg, கிரீசில், சுயமரியாதை பாஷை, Section 144 and the closing திராவிடருக்கே.","All 15 scans retained as one continuous speech; 16 material readings corrected against the corresponding scans; the 1-5-1946 opening and complete May Day closing message preserved.",corrected_against_scan,"Representative joins and all high-risk readings were visually checked. Historical claims, international examples, caste terminology and Anna's Aryan–Dravidian analogy remain source-attributed and are not silently modernized."
sorpozhivugal/nila_ucha290861.md,"The current Tamil-only OCR contains long mixed-script garbage passages in place of English constitutional and legal quotations, extensive dropped lines on Images 2-8, malformed section numbers, and damaged exemption and land-distribution arguments.","Re-OCR all 15 scans with Tamil and English models; restore the select-committee quotation, Articles 26 and 39 references, Uttar Pradesh judgment and all numerical/legal details before translation.",incomplete_ocr,"Visually sampled against the opening and affected pages while selecting the next translation. The file is withheld from translation because the present text cannot support a complete bilingual document."
sorpozhivugal/thimuka_thuvak.md,"The 15-page OCR fused the 17-9-1949 date with a spurious digit, confused the DMK abbreviation and 1934 date, dropped the end of Anna's scan-6 sentence, damaged key words on scan 13 and the closing freedom-of-speech appeal, and left one faint scan-14 sentence about banned-book covers uncertain.","All 15 scans retained as one continuous inaugural speech; eight material readings restored against scans, including the complete dropped clause என்று கூறிட வைத்தன; the scan-14 passage translated only to the extent securely legible.",corrected_against_scan,"Opening, closing, page 6 and page 14 were visually checked directly. The unclear scan-14 wording remains visible in the verbatim Tamil source and is explicitly noted rather than silently reconstructed."
sorpozhivugal/chennai151261.md,"The current OCR of the 15 December 1961 final Appropriation Bill speech has pervasive missing and non-lexical text in the editorial introduction and closing page, with damaged figures and sentence joins in the body.","Re-OCR all 15 scans with Tamil and English models and reconcile the printed date, fiscal terminology, named participants and complete closing paragraph.",incomplete_ocr,"Opening and closing were inspected during translation selection. The source is withheld because the current text cannot support a complete source-faithful bilingual document."
sorpozhivugal/aalunar_vivath.md,"The current OCR of the 6 May 1957 Governor's Address debate loses substantial policy clauses on Images 2-6 and renders the English Vinoba land-reform quotation on Image 7 as mixed-script noise.","Re-OCR all 16 scans with Tamil and English models; restore every budget/policy clause, the three-ministry discussion and the Vinoba quotation before translation.",incomplete_ocr,"Opening, middle and ending were inspected during translation selection. Although the conclusion is intact, the missing central arguments make full translation unsafe."
sorpozhivugal/annavin_thalaimai.md,"The current OCR misreads the printed date as 2.2-8-1937 and contains an unreadable Mohenjo-daro/Harappa parenthesis, malformed political names and terminology, lost text in the Congress Socialist discussion, and a broken closing editorial note.","Re-OCR all 16 scans bilingually; restore the printed 22-8-1937 date, every Roman-script name and parenthesis, Images 12-14 speaker exchanges, and the complete closing note before translation.",incomplete_ocr,"All OCR pages were read and the opening, middle corruption clusters and ending were checked during selection. The document is withheld because preserving the current Tamil verbatim would preserve material OCR errors, while silently repairing them without full scan reconciliation would violate source fidelity."
sorpozhivugal/moondravath111161.md,"The current OCR gives a malformed heading date and loses substantial text in the opening procedural argument, Planning Commission figures and quotation, infrastructure discussion, English Deputy Speaker intervention and final Finance Minister exchange.","Re-OCR all 16 scans with Tamil and English models; reconcile the printed date, 400/297/291 crore figures, Planning Commission status quotation, sector terminology and every closing speaker turn.",incomplete_ocr,"The opening pages and closing three pages were inspected during translation selection. Repeated missing clauses and mixed-script passages demonstrate that the current source cannot support a complete bilingual translation."
sorpozhivugal/poar_murasu_1.md,"The 17 supplied scans are readable overall, but the final scan stops in the middle of Anna's comparison between human reason and animal faculties; therefore the canonical speech itself is incomplete rather than merely suffering a local OCR error.","Find the pages following printed page 45 or another complete edition of the 1948 Kumbakonam speech, append the missing continuation, and then verify the full ending before translation.",incomplete_source,"The first and final scans were visually checked, the OCR ending was compared with Image 17, and the HTML page was inspected. No continuation file exists in the extracted archive."
sorpozhivugal/ara_nilaya.md,"The 19-page OCR introduced material numeral errors in the temple-torch count, working-capital example, shop-boy age and Independence date; misread Bharati's எந்திரங்கள்; and malformed three readings in the Image 17 Sivaratri passage.","All 19 scans retained as one continuous speech; eight material readings corrected directly against Images 5, 10, 12 and 17; dated opening and complete concluding appeal preserved.",corrected_against_scan,"Opening and closing continuity were verified, every page join was read, and all detected high-risk numeral and malformed-script readings were checked against the scans. Period spelling and non-material punctuation noise remain verbatim in the Tamil source."
sorpozhivugal/thozhil080460.md,"The current OCR loses multiple clauses in the heavy-versus-small-industry argument, survey and finance prerequisites, employment discussion, company/plant inventory, Salem mineral report and closing exchange; embedded English is repeatedly rendered as Tamil or mixed-script noise.","Re-OCR all 18 scans with Tamil and English models; restore the heading metadata, all amounts and percentages, industrial/company names, the library dialogue and the complete conclusion.",incomplete_ocr,"Opening, central corruption clusters and the final five scans were read during selection. The recurring omissions are too extensive for isolated curated overrides and prevent a complete source-faithful translation."
sorpozhivugal/manila_avai.md,"The 21-page OCR malformed the source-credit line, changed the second Rs 118 crore income-tax arrears reference to 178, and produced two invalid Tamil sequences in the Kerala regional-development passage.","All 21 scans retained as one continuous Council of States speech; five readings corrected directly against Images 1, 5 and 12; all printed fiscal figures, interruptions and the complete conclusion preserved.",corrected_against_scan,"Every page join was read; Images 1, 3, 5, 12, 15 and 19 were visually checked for metadata and high-risk figures. Large printed amounts were retained exactly, and period political claims were not silently modernised."
sorpozhivugal/porul.md,"The current OCR misreads the printed 19-2-1948 date and contains unrecovered Roman-script and Tamil passages: the biblical needle-and-camel quotation, a demographic percentage, banking/savings terms, an ownership calculation and part of the Nehru-capitalist exchange.","Re-OCR all 17 scans with Tamil and English models; restore the title metadata, complete biblical quotation, every percentage and amount, and the full Images 10-12 political-economic argument.",incomplete_ocr,"The opening and ending were visually checked and all OCR pages were read during selection. The central omissions are too extensive for isolated overrides, so the speech is withheld from translation."
sorpozhivugal/thambiyudayan.md,"The 20-page OCR malformed personal initials and seventeen Tamil readings, including the Image 1 assurance, Image 9 attack passage, Image 15 reference to ordinary people, Image 19 velvet-shirt recollection and the final repeated-times phrase.","All 20 scans retained as one continuous speech; seventeen readings corrected directly against Images 1, 7-10, 15 and 18-20; the dated opening, every anecdote and the complete appeal preserved.",corrected_against_scan,"Every page join was read and the material malformed readings were checked visually. Period spelling, rhetorical repetition and non-material punctuation remain verbatim in the Tamil source."
katturaigal/santhana_sapra.md,"The 25-page OCR damaged the title, both 1779 references, the 1847 anaesthesia date, the 1956 publication date, three Tamil words, the Image 11 Greece-to-Rome transition and the bold Image 23 advertisement.","All 25 scans retained as one continuous article; ten readings and dropped passages restored directly against Images 1-2, 5-6, 11-12, 20, 23 and 25; the full ending and publication credit preserved.",corrected_against_scan,"Every page join was read; the two material omission clusters were visually transcribed rather than inferred. Decorative scan artefacts, period spelling and non-material punctuation remain verbatim in the Tamil source."
katturaigal/maaji_kadavul.md,"The 20-page OCR corrupted the printed English names Diagoras and Melos, changed the Socrates verdict from 281 guilty and 220 not guilty to inconsistent figures, and malformed four Zeus or Hermes forms.","All 20 scans retained as one continuous article; eight material readings corrected directly against Images 2-5, 15 and 17; every entry in the former-gods catalogue and the dated ending preserved.",corrected_against_scan,"The restored English parentheticals Diagoras and Melos remain expected mixed-script review flags. Corrupted parenthetical English glosses beside other catalogue names are retained as printed OCR artefacts because the readable Tamil headings identify each entry and no silent reconstruction was made."
katturaigal/athen_nattil.md,"The two-part 27-scan OCR malformed Anytus's name in several places, dropped the child's full age question, damaged the servant's rebuke and conspirator summary, and corrupted several key words in the Gandhi-era conclusion.","Both OCR parts retained and combined in order; fifteen scan-backed phrase repairs plus one established token correction applied; full opening, historical transition, metaphors, Gandhi principles and dated ending preserved.",corrected_against_scan,"Every page join was read; high-risk names and damaged clauses were visually checked against scans from both parts. Period claims and non-material spelling remain verbatim."
katturaigal/raja_sir.md,"The 29-scan OCR corrupted the title, many prose readings and quoted verses, detached expense-table amounts from their labels, omitted most of scan 6's amount column, and rendered the final scan 5 label unreadably; that printed label is itself physically obscured although its Rs. 2,700 amount remains legible.","All 29 scans retained in order; seventy-seven scan-backed corrections restore the title, prose, quotations and recoverable catalogue entries; scan 6 was transcribed row by row and the complete argument, signature and 28 May 1944 publication credit are preserved.",corrected_against_scan,"Every scan was visually read. The physically obscured Rs. 2,700 label is explicitly marked unresolved in the English catalogue and is not conjecturally reconstructed in Tamil. Period spelling, dialect, polemic and Puranic claims remain verbatim."
katturaigal/kalvi_kazhagam.md,"The two-part OCR contained forty-eight scan-confirmed errors, including meaning-changing readings such as பாபனும் for பயனும், சுபநலமும் for சுயநலமும், and புண்பம்தரும் for புண்யம் தரும். The website's source-image sequence also has an internal textual gap: image 25 ends mid-clause after புதிய கருத்து பரவச் செய்ய, while image 26 begins with கோபங்கள் உண்டு. The final short image 27 had previously been omitted from OCR.","Both parts and all 27 available website images were visually reviewed; forty-eight corrections were applied against the scans and the final declaration plus 18 July 1948 publication credit were restored from image 27. The internal image 25-to-26 gap is marked editorially in the English translation and no missing Tamil is conjectured.",corrected_against_scan_with_source_gap,"Every available image and page join was checked. The website manifest maps consecutive source images 16-27, proving that the discontinuity is present in the published scan set rather than caused by local file ordering. Period spelling, rhetoric and political claims remain verbatim."
katturaigal/vetkapadugirom.md,"The two-part 34-scan OCR damaged the three-line title, dropped the phrase இந்தத் திருமண, changed முடிவை to மூடிவை and வேதனையை ஊட்டியது to வேதனையை எட்டியது, corrupted numerous initials and names in two committee lists, inserted ornamental glyphs as text, and lost the separator in the final 3.7.49 publication date.","All 34 scans and every part/page join were visually reviewed; scan-backed overrides restore the title, missing phrase, meaning-changing readings, recoverable names, resolutions and dated ending. The complete article and both signer lists are retained in one bilingual document.",corrected_against_scan,"No source-image gap was found. Period spelling, rhetorical repetition, political claims and unusual terms such as பாத்தியதை, வார்சு and அனிபெசண்ட் remain verbatim in Tamil; personal-name transliterations in English are conservative."
katturaigal/udan_piranthar_1.md,"The OCR-origin file contains only 19 scans and ends with the killing of Tiberius Gracchus; it omits the promised second brother, Gaius Gracchus, and the work's conclusion.","A complete four-part HTML counterpart is present at Kurunavalgal/udanpiranthar_iruvar.md. Use it as the recovery witness for the continuation after visually correcting the scan-backed opening, then produce one complete canonical bilingual work rather than translating the truncated OCR file.",incomplete_source_with_local_recovery,"The HTML counterpart supplies direct local recovery evidence, but the two independently extracted versions must be reconciled and duplicate inventory handling decided before completion."
katturaigal/nangal_kattada.md,"The 22-scan OCR corrupted the title, numerous Tamil words and punctuation, two printed English phrases (Standard of life and Minimum Labour Maximum Benefit), and several meaning-bearing readings including சூதாட்டம், நம்பி, இயந்திரக் கலப்பை, நிலம், வியர்வை and நேர்ந்ததுண்டு.","All 22 scans retained in sequence; ninety scan-backed correction events restore the title, complete Tamil argument, both English phrases and dated ending. The syntactically broken opening of the final scan is retained exactly as printed in Tamil and translated conservatively from its evident context.",corrected_against_scan,"Every scan and page join was visually reviewed. No missing image was found. Period spelling, rhetoric and politically or religiously charged claims remain verbatim; the final scan's printed syntactic discontinuity is documented rather than silently rewritten."
katturaigal/uruthi_koor.md,"The 22-scan OCR damaged the numbered title, several election-related words, the fox-and-tiger metaphor, A.K. Gopalan's initials, both occurrences of சூழ்நிலை, the golden-opportunity phrase and the final Dravida Nadu credit; it also introduced many spacing and punctuation artefacts.","All 22 scans and every page join were visually reviewed; ninety-three scan-backed correction events restore the complete argument, quoted General Council resolutions, agreement form and dated ending in one continuous Tamil source.",corrected_against_scan,"No missing source image or textual gap was found. The mixed-script initials A.K. are genuine printed text. Period forms including ஆறவுன்சு, மதறாஸ்வாலாக்கள், ஆம்லேட் and அபேட்சகர் remain verbatim rather than being silently modernised."
katturaigal/tn_tamilarukkae.md,"The two source files combine 27 scans covering three consecutive Viduthalai editorials dated 21-23 November 1939. OCR damaged dictionary headwords, author names, citations, several complete quotations and the Manu extracts. The website scan sequence repeats substantial passages in the first editorial and contains printed discontinuities, most visibly in the transition into the third editorial and between scans 14-15.","All 27 available scans and every page join were visually reviewed; 110 reproducible scan-backed correction events restore recoverable Tamil and printed English citations. All three editorials are retained in one bilingual document, while each distinct passage is translated once rather than reproducing the website's duplicated scan sequence.",corrected_against_scan_with_printed_discontinuities,"No absent local image was found. A later independent transcription was consulted only as a reading witness where it agreed with visible print; it was not used to invent text absent from the scans. Unclear honorific initials and conflicting bibliographic details remain conservative and are separately noted."
katturaigal/kudiyatchi_komaan.md,"The three-part OCR source contains 23 image assets. Part 1 images 6 and 7 are identical copies of one printed page; image 8 begins after the duplicated page with a discontinuous sentence, proving that an intervening printed page is absent. OCR also destroyed the opening word ரஷிய, changed 107 to 707, mangled Democracy and Demos into Tamil-numeral strings, and reduced a complete Part 3 sentence to meaningless fragments.","All 23 assets and every available page join were visually reviewed. Forty-eight reproducible scan-backed correction events restore the recoverable Tamil and printed English. The duplicated page remains in the retained Tamil image sequence, while the English translates its passage once and explicitly marks the unavailable continuation as a source lacuna.",corrected_against_scan_with_missing_page,"The exact missing page could not be recovered from the local website assets. Period forms and the printed attribution of Lionheart to Richard II remain verbatim; historical claims were not silently corrected."
sorpozhivugal/aalunar110860.md,"The 16-scan OCR lost the title, several speaker labels, names, figures, constitutional passages, English Assembly interventions and large portions of pages 2, 5, 7-10 and 13-16.","All 16 scans and every page join were visually reviewed; 198 reproducible scan-backed correction events restore one complete continuous Assembly speech and all printed English material.",corrected_against_scan,"No missing or duplicated scan was found and the raw OCR remains unchanged. Period spellings, political claims, Ramayana allusions and the final பேருரை wordplay are retained without silent modernisation."
sorpozhivugal/aluvalaga050960.md,"The 17-scan OCR severely corrupted passages across pages 3-16, including complete sentences, names, constitutional terminology and printed English quotations.","All 17 scans and every page join were visually reviewed; 154 reproducible scan-backed correction events restore the complete continuous speech and its five printed English items.",corrected_against_scan,"No missing or duplicated scan was found and the raw OCR remains unchanged. Period political descriptions, historical claims and printed spellings are retained without silent modernisation."
sorpozhivugal/paerunthu030959.md,"The 18-scan OCR changed speech number 37 to 87 and date 03.09.1959 to 08.09.1959; it also severely malformed the socialist-policy argument, compensation discussion, cash-flow comparison, speaker labels, printed English intervention and final phased-nationalisation appeal.","All 18 scans and every page join were visually reviewed; scan-backed corrections restore the printed metadata, continuous debate, speaker turns, English intervention and complete conclusion.",corrected_against_scan,"No missing or duplicated scan was found. Period spellings, political accusations, economic claims and the சமதர்மம் / சமயதர்மம் wordplay remain in the retained Tamil source without silent ideological modernisation."
nadagangal/kurumbukaran_1.md,"The seven-scan OCR entirely omitted Images 1, 3 and 6 and severely damaged dialogue, stage directions, mythological names and the publication line on the remaining images.","All seven scans and every page join were visually reviewed; scan-backed transcription restores the complete title, cast, dramatic dialogue, stage directions and dated ending.",corrected_against_scan,"The earlier recovery warning was disproved by direct inspection: Image 1 is the correct opening of Kurumbukaran, not a Bhagirathi page. Colloquial speech and period spellings remain verbatim."
nadagangal/kaasurar_1.md,"Images 5-7 were marked No OCR text detected although they contain Scenes 3-4, the allegorical key, political evidence, and publication date","Complete seven-image source including the explicitly unfinished ending",corrected_in_source,"All seven scans were visually checked and restored. The printed labels [முடிவுபெறாத சிறுநாடகம்] and (நாடகம் முடிவு பெறவில்லை.) establish intentional authorial incompleteness; they are retained rather than treated as an extraction gap."
nadagangal/kaasurar_1.md,"சாகல் சன்ஷா","A northern Indian business leader's name; scan reading is difficult and independent identification remains uncertain",printed_reading_retained,"The conservative scan reading is preserved in Tamil and transliterated as Sagal Sansha in English; it should be checked against the original periodical or a contemporary report before normalization."
nadagangal/bankak_bankaja_1.md,"Images 1, 2, 5, 7, 8, 9 and 10 were marked No OCR text detected; the four surviving OCR blocks also contained damaged names, dialogue labels and sentences","Complete eleven-image source restored and corrected against every scan",corrected_against_scan,"Transparent-page OCR failure omitted seven full pages. All eleven scans and page joins were visually reviewed; the title, seven scenes, dialogue, stage directions and publication date are now complete. Colloquial Tamil and the uncertain printed word சதயம் remain verbatim."
nadagangal/dhrogi_kaplan_1.md,"Images 6, 9 and 10 were marked No OCR text detected; surviving OCR corrupted Russian names, speaker labels, the conspiracy, factory diversion and the final stage direction","Complete eleven-image two-act source restored and corrected against every scan",corrected_against_scan,"All eleven scans and joins were visually reviewed. Three full pages, the missing phrase கண்களை மெல்லத் திறந்து, Russian names, dialogue labels and publication ending were restored. The partisan 1945 historical framing remains source text rather than being silently rewritten."
nadagangal/ilangogin_sabatham_1.md,"Images 1 and 5-7 were marked No OCR text detected; Image 9 lost the astrologer's confession and several speaker turns; surviving OCR damaged the military argument and religious critique","Complete eleven-image three-scene source restored and corrected against every scan",corrected_against_scan,"All eleven scans and page joins were visually reviewed. The title, opening sunset scene, renunciation vow, public-hall scene and omitted Image 9 confession were restored. Printed poetic compounds, caste-marked terms and the drama's political rhetoric remain source text."
sorpozhivugal/ooratchi240958.md,"Image 1 damaged date and substantial opening text","24.09.1958; தினம்; ஷரத்துக்களைப் பற்றிய; பொது விவாதமும்; ஏற்பாடாகியிருக்கும்; அவைகளில்; அமைச்சர் அவர்கள் கருதுவாரானால்; ஐந்து நாட்கள்; மற்றவர்களுக்கெல்லாம்; restored the complete final three lines",corrected_in_source,"Every listed reading and the page join were checked directly against Image 1. Printed legislative vocabulary and line-end word divisions were retained."
sorpozhivugal/ooratchi240958.md,"Image 2 damaged legislative prose and party references","மசோதாவாக; தலைவர்களும்; அவர்கள் அதிலே; முடிவுகள்; விவாத வடிவிலிருந்து; புதிய கருத்துக்களும்; நுணுக்கமான முறையில்; ஐயப்பாடு தோன்றுகிறது; குறிப்பிட்டுச் சொல்ல; கட்சியினர்; துவக்கியிருக்கும்",corrected_in_source,"Every listed reading and the joins with Images 1 and 3 were checked directly against Image 2. Printed phrasing and the quoted ministerial argument were retained."
sorpozhivugal/ooratchi240958.md,"Image 3 damaged the election argument and omitted most of its closing quotation","ஒரு இம்மியும்; தேர்ந்தெடுக்கவேண்டும்; நல்லபடி ஜனநாயகம்; கட்சியினரே; சபையிலே உள்ளவர்கள்தான்; நல்ல முறையிலே; கட்டையைப் பிரித்து; ஊறிப்போனவர்களால்தான்; restored the complete கம்பசூத்திரம் quotation through என்று எனக்கே",corrected_in_source,"Every listed reading and the joins with Images 2 and 4 were checked directly against Image 3. The printed institutional terms and argumentative repetitions were retained."
sorpozhivugal/ooratchi240958.md,"Image 4 damaged the rural-governance argument and political wordplay","கிடைத்த; நிர்வாகத் திறமை; எதிர்க்கட்சியிலே; சீராக்கப்பட்டு; கொண்டிருக்கிறார்கள்; அமுக்கப்பட்டு; கிராமப் புறத்திலே; தங்களைத் தாங்களே; யாராலோ; என்பதனால்தான்; சம ராஜ்யமும் காம ராஜ்யமும்; இருக்கிறார்கள் என்று",corrected_in_source,"Every listed reading and the joins with Images 3 and 5 were checked directly against Image 4. The printed சம ராஜ்யம் / காம ராஜ்யம் wordplay and பாத்தியதை were retained."
sorpozhivugal/ooratchi240958.md,"Image 5 damaged speaker labels, the parliamentary exchange, and omitted the closing self-government passage","வேண்டுமேதவிர; ஆன் எ பாயின்ட் ஆப் ஆர்டர்; சேர்த்திருப்பதாகத்தான்; திரு. சி. என். அண்ணாதுரை; சிரிப்பு; திருப்பிவிட்டுவிட்டால்; அவர்கள் செய்திருக்கும்; அதேசமயத்தில்; restored the complete passage from கிராமத்து மக்கள் through ஊராண்மைக் கழகங்கள்",corrected_in_source,"Every listed reading and the joins with Images 4 and 6 were checked directly against Image 5. The printed English interjection and duplicated form திருப்பிவிட்டுவிட்டால் were retained."
sorpozhivugal/ooratchi240958.md,"Image 6 damaged the local-election argument and replaced its ending with glyph noise","ஒப்படைக்கப்படவேண்டும்; பஞ்சாயத்துக்களை; நேரம் இல்லை; அள்ளி அள்ளி; கிராமத்தாரிடத்திலே; சர்க்காரைப்; செய்திருக்கும்படியாக; எதிர்க்கட்சித் தலைவர்; தேர்ந்தெடுப்பதற்குப்; 6 பேர்கள்; தேர்தலுக்குப் பிறகு; நான்கு பேர்கள்தானே; restored the complete passage from இப்படி ஆளைத் through அளிக்குமா என்று கேட்கிறேன்; removed stray ஊரை",corrected_in_source,"Every listed reading and the joins with Images 5 and 7 were checked directly against Image 6. The printed figures and election-abduction examples were retained without inference."
sorpozhivugal/ooratchi240958.md,"Image 7 damaged names and democratic argument and omitted its lower exchange","உயர்திரு. சி. சுப்பிரமணியம்; ஜனநாயக; ஒரு சிலர்; நடந்து கொண்ட; தொள்ளாயிரத்து தொண்ணூத் தொன்பது; restored Anna's சீதை ராவணனால் exchange; restored the Speaker's complete intervention ending சொல்லிக்கொள்ளுகிறேன்",corrected_in_source,"Every listed reading and the joins with Images 6 and 8 were checked directly against Image 7. The unusual printed numerical phrasing தொள்ளாயிரத்து தொண்ணூத் தொன்பது was retained without normalization."
sorpozhivugal/ooratchi240958.md,"Image 8 damaged the Sitaraman exchange, omitted the English ruling, and lost legislative analysis","சீதையை; சீதாராமர்களைத்; சிரிப்பு; திரு. எஸ். நாகராஜ மணிகர்; On a point of order; கீமாயணம்; restored Mr. SPEAKER's two English sentences; ஒத்து வரவில்லை; ஆட்சியாளர்கள் சொல்வார்களோ; restored the complete passage from ஏற்படுவதற்கு அடிப்படையான through மசோதாக்கள்",corrected_in_source,"Every listed reading and the joins with Images 7 and 9 were checked directly against Image 8. Printed Tamil-English switching and the கீமாயணம் / சீதாராமர் wordplay were retained."
sorpozhivugal/ooratchi240958.md,"Image 9 damaged representation figures and its concluding delegation argument","கிராம மக்கள்; இன்றுமுதல்; உயர்ந்திருக்கிறது; தேர்ந்தெடுக்கப்பட்ட; கட்சியல்லாத; மசோதாப்படி; 500 பேரால்; பஞ்சாயத்தில்; restored ஆட்சியாளர்கள் என்ன செய்யப்போகிறார்கள் through படிப்படியாக அதிகாரங்களை; கனம் நிதி அமைச்சர்; நிர்வாகத்தில் பழக்கப்பட்டவர்கள் / பழக்கப்படாதவர்கள்",corrected_in_source,"Every listed reading and the joins with Images 8 and 10 were checked directly against Image 9. The printed comparison between one lakh and 500 electors was retained."
sorpozhivugal/ooratchi240958.md,"Image 10 damaged both page joins, ministerial labels, and legislative prose","பழக்கப்படாதவர்களுக்கு; கிராம மக்களுக்கு; முறையில்; கொண்டுவரவேண்டுமென்பதற்காகத்தான்; பொறுக்குக் கமிட்டி பரிசீலனை; உயர்திரு. சி. சுப்பிரமணியம்; குறிப்பிட்டுவிட்டதால்; பரிசீலனை; நடக்கவேண்டியதில்லை; தீர்மானிக்கப்பட்டிருக்காது; கனம் நிதி அமைச்சர்; restored Anna's closing sentence through விவாதிப்பதற்கு",corrected_in_source,"Every listed reading and the joins with Images 9 and 11 were checked directly against Image 10. The minister's distinction between debate and unsupported amendment was retained."
sorpozhivugal/ooratchi240958.md,"Image 11 damaged the 7,000-panchayat argument and omitted most of a bilingual point of order","சமாதானத்தை ஏற்படுத்தக்கூடியவையாகவோ; கிராம மக்கள்; ஊராண்மைக் கழகங்களை; ஒவ்வொன்றிலும்; பொது நலக் காரியங்களைத்; நிர்வாகத் திறன்; திரு. டி. எல். சசிவர்ண தேவர்; Sir, on a point of order; restored the complete file-reading intervention and Speaker response; restored Anna's challenge through இது வரையில்",corrected_in_source,"Every listed reading and the joins with Images 10 and 12 were checked directly against Image 11. The printed 7,000 figure and Tamil-English intervention were retained."
sorpozhivugal/ooratchi240958.md,"Image 12 opened with glyph noise and damaged the accountability and democratic-training argument","removed opening glyph noise; எத்தனை பேர்; ஒழுங்கீனத்திற்காக; தலைவர்களின் பேரில்; கையாடல்கள்; மோசமாக நடந்து; இரண்டு வர்க்கத்திலே; குந்தகப்பட்டுவிடாது; பஞ்சாயத்துக்களுக்கு வர; ஒதுங்கி; தயவை நாடக்கூடியவர்கள்; ஊராண்மைக் கழக தலைவர்கள்; ஜனநாயகத்தில்; கிராமப்புறங்கள்தான்; 1907-ஆம் ஆண்டு; மாண்டேகு",corrected_in_source,"Every listed reading and the joins with Images 11 and 13 were checked directly against Image 12. The accountability questions and historical chronology were retained."
sorpozhivugal/ooratchi240958.md,"Image 13 damaged historical names, decentralisation terms, and most of its closing paragraph","செம்ஸ்போர்ட்; கவர்ன்மென்ட் ஆப் இந்தியா ரெஸல்யூஷன், 1918; 1918-ஆம் ஆண்டு; டீசென்ட்ரலைஸேஷன்; சென்ட்ரலைஸேஷன்; என்னைப் பொறுத்த வரையில்; வட்டங்களுக்கு; ராம ராஜ்யத்தை; restored the complete passage from எண்ணிப் பார்ப்பார்களானால் through அர்த்தமல்ல",corrected_in_source,"Every listed reading and the joins with Images 12 and 14 were checked directly against Image 13. The printed English-derived terminology and historical chronology were retained."
sorpozhivugal/ooratchi240958.md,"Image 14 damaged the select-committee argument and replaced an English statutory quotation with mixed glyphs","வலியுறுத்திப் பார்த்தோம்; பேசி முடிவு செய்யப்பட்டுவிட்டது; இதற்குள்ள நியாயத்திற்கு; நப்பாசையால்தான்; உணர்ந்திருக்கிறோம்; கிராம மக்களிடத்தில்; கிராமத்தாருக்கு; கம்யூனிட்டி பிராஜக்ட்; நேஷனல் எக்ஸ்டென்ஷன்; ஆசை காட்டுவதைவிட; restored the complete The Government may entrust quotation and May implies may not also",corrected_in_source,"Every listed reading and the joins with Images 13 and 15 were checked directly against Image 14. The English statutory wording was transcribed verbatim from the scan."
sorpozhivugal/ooratchi240958.md,"Image 15 damaged the may/shall distinction and omitted most of the matching-grant tax argument","May entrust; The Government shall entrust on representation by the panchayat union; May / shall; கிராம மக்களிடத்தில்; மாட்சிங் கிராண்ட்; restored the complete mother-and-medicine analogy; 12 நயா பைசா; 30 நயா பைசா; 150 பேருக்கு மேலாக; restored the full tax passage through வீட்டுவரியை ஒரு ரூபாய் என்பதை",corrected_in_source,"Every listed reading and the joins with Images 14 and 16 were checked directly against Image 15. English legal wording and all printed tax figures were retained."
sorpozhivugal/ooratchi240958.md,"Image 16 damaged labels, replaced an English commission quotation with glyphs, and lost its closing proposal","பஞ்சாயத்து; உயர்திரு. சி. சுப்பிரமணியம்; டேக்ஸேஷன் என்க்கொயரி கமிஷன்; restored the complete The Taxation Enquiry Commission quotation; கிராமத்தார்கள்; குறிப்பிட்டிருக்கின்றது; தாராளமான முறையில்; மான்யங்களைக்; திட்டங்களின் பேரில்; கலப்பு உரங்களைத் தயார் செய்து; restored the closing தாராள மனப்பான்மை request",corrected_in_source,"Every listed reading and the joins with Images 15 and 17 were checked directly against Image 16. The English report wording and Tamil policy examples were retained."
sorpozhivugal/ooratchi240958.md,"Image 17 damaged financial figures, village housing, and the community-development transition","வீட்டு வரி; 1,000 பேர்கள்; ரூ. 1,250; இரண்டு புதிய வீடுகள் / 20 பழைய வீடுகள்; காட்சிகளைத்தான்; கிராமத்தார்களுக்குக்; ஏமாற்றம்தான்; கம்யூனிட்டி டெவலப்மென்ட் ஸ்கீம்; கம்யூனிட்டி பிராஜெக்ட்; கோபமூட்டவோ; restored the complete transition from நாட்டிலே கம்யூனிட்டி through ஆட்சியும்",corrected_in_source,"Every listed reading and the joins with Images 16 and 18 were checked directly against Image 17. The printed 1,000-person and Rs. 1,250 example replaced incorrect OCR figures."
sorpozhivugal/ooratchi240958.md,"Image 18 damaged matching-grant calculations and omitted the final experiential-learning passage","ஆட்சிமுறை வேண்டுமானால்; வசதிகளை உண்டாக்க; மாட்சிங் கிராண்ட்; கிடைக்கலாம்; கணக்கிட முடியும்; கிராமப்புறங்களிலே; பார்வை எனக்குத் தெரிகின்றது; முதலமைச்சர்களாக; படிக்காதவர்கள்; கிராம மக்கள்; restored the complete passage from வானத்தைப் பார்த்து through அவர்களுக்கு ஏற்பட்டிருக்கிற பயிற்சியை",corrected_in_source,"Every listed reading and the join with Image 19 were checked directly against Image 18. Printed fiscal reasoning and agricultural examples were retained."
sorpozhivugal/ooratchi240958.md,"Image 19 damaged the closing debate and speaker exchange","சட்ட நுணுக்கத்தைப் போல இல்லை; நல்லறிவை; மாற்றிக்கொள்ளத் தக்க; மேலெழுந்தவாரியாகச்; உயர்திரு. சி. சுப்பிரமணியம்; சாமர்த்தியக் குறைவு; திரு. சி. என். அண்ணாதுரை; ஒரே ரகத்தைச்; அக்கறை; கிராம மக்களிடத்தில்; அவர்களும் ஓட்டர்கள் என்ற காரணத்தினால்; restored the complete final sentence",corrected_in_source,"Every listed reading and the ending were checked directly against Image 19. The printed ஓட்டர்கள் remark was confirmed from a magnified crop and retained without reinterpretation."
sorpozhivugal/pothuvaelai_niru.md,"All 21 pages contained recurring internal word breaks, punctuation intrusions, spurious glyphs, damaged names and party labels, and meaning-changing substitutions","பொது வேலை நிறுத்தம்; பிப்ரவரி; மைசூர்; பீர்மேடு; ம. பொ. சிவஞான கிராமணியார்; ப. ஜீவானந்தம்; பிரஜா சோஷலிஸ்டு; திராவிட பார்லிமெண்டரி கட்சி; திருவண்ணாமலை; அழகப்ப செட்டியார்; தேவிகுளம்; பி. டி. இராசன்; restored the complete Lady Godiva passage and final appeal",corrected_in_source,"All 21 scans were visually checked. Scan-absent glyphs were removed; printed names, dates, figures, historical references, old-form vocabulary, rhetoric, and page joins were retained. The source is ready for bilingual translation."
sorpozhivugal/budget1958.md,"Images 1-4 damaged the speech number, speaker label, budget framing, public-compliance and press passages, Assembly comparisons, democratic-restraint argument, and constituency complaints; Image 2 contained a full spurious mixed-glyph line and several dropped sentences","உரை : 13; திரு. சி. என். அண்ணாதுரை; வரவு-செலவுத் திட்டம்; தன்மைகளை; பெரும்பாலானவை; இந்தியத் துணைக் கண்டம்; நிர்வாக இயந்திரம்; திரிலோக் சிங்; கவர்னர் பிரகாசா; பொறுப்பை உணர்ந்து; restored the complete newspaper, administrative machinery and opposition-conduct passages",corrected_in_source,"Images 1-4 were visually checked and reconstructed as continuous scan transcriptions. This is a partial fidelity pass; Images 5-22 remain under explicit source-recovery hold and must be verified before translation."
sorpozhivugal/budget1958.md,"Images 5-8 contained dropped clauses, mixed-script noise, damaged figures, broken economic terminology, and two unreadable English quotations","என் பேதை நெஞ்சம்; கிராமங்களுக்குச்; ஆத்திரப்படுவானேன்; இங்கிதம் தெரியாமல்; வேலையில்லாத் திண்டாட்டம்; குடிதண்ணீர் வசதி; கொள்கை அடிப்படையில்; The Finance Minister in his budget speech; 10, 12; 3 மடங்குக்கு மேல்; அஜீரணம்; உபரி (Surplus); துண்டு விழும் (Deficit); Deficit budget is not bad. It is a virtue also",corrected_in_source,"Images 5-8 were visually checked and reconstructed as continuous scan transcriptions. Printed figures and English wording were retained. The document remains under explicit recovery hold because Images 9-22 still require visual verification."
sorpozhivugal/budget1958.md,"Images 9-12 contained severe mixed-script noise, omitted taxation arguments, misplaced lower-margin text, damaged English fiscal terms, and corrupted percentages","இட்லர்; பற்றாக்குறை பட்ஜெட்; பொருளாதார அரிச்சுவடி; Progressive taxation - Regressive taxation; Direct taxation - Indirect taxation; ஒரே கட்ட விற்பனை வரி; food grains; food stuffs; தனிச்சிறப்பு; தற்காலிகமாக; பம்பாய் மாநிலம்; 40 சதவிகிதம்",corrected_in_source,"Images 9-12 were visually checked and reconstructed in reading order. The food grains / food stuffs sentence displaced into the lower margin was restored, and printed fiscal terminology and figures were retained. The document remains under explicit recovery hold because Images 13-22 still require visual verification."
sorpozhivugal/budget1958.md,"Images 13-16 lost most policy reasoning, four English source quotations, plan-period comparisons, tax-evasion figures, and the community-project argument; Image 16 was low-contrast","சமயதர்மம் / சமதர்மம்; ஐந்தாண்டுத் திட்டம்; ஸ்ரீமன் நாராயணன்; Economic Review; printed avoidence spelling retained; Evasion of direct taxes in India; Rs. 200 to 300 crores; 60 கோடி; The common man has not been able to feel the glow of freedom; அரிகேன் விளக்கு; டியூப் விளக்கு; வெள்ளை ஏகாதிபத்தியம் / பழுப்பு ஏகாதிபத்தியம்; Community Projects National Extension Services",corrected_in_source,"Images 13-16 were visually checked and reconstructed as continuous scan transcriptions. Four printed English quotations were restored verbatim, including source spelling and line-break hyphenation. The document remains under explicit recovery hold because Images 17-22 still require visual verification."
sorpozhivugal/budget1958.md,"Images 17-22 contained dropped scheme criteria, corrupted seed-farm and irrigation figures, severe constituency-passage loss, and a damaged closing cooperation offer","38 / 136 விதைப் பண்ணைகள்; 50 / 38 / முப்பத்தாறு; ரூ. 55 இலட்சம்; ரூ. 1,23,00,000; பாலாறு; சென்னை / மைசூர் பேச்சுவார்த்தைகள்; அரிகேன் விளக்கு / டியூப் விளக்கு; நிம்மதி கலந்த ஏழையின் புன்னகை; இராமாயண அணில்; தற்காலிகமாகப் பாராட்டுகிறேன்",corrected_in_source,"Images 17-22 were visually checked and reconstructed as continuous scan transcriptions. Printed figures, page joins, the Palar constituency passage, and the full closing statement were restored. With Images 1-22 verified, the source-recovery hold is cleared and the document is ready for complete bilingual translation."
sorpozhivugal/nadaga_valarchi.md,"Images 1-3 contained a damaged centenary heading, broken words, meaning-changing substitutions in the art-and-propaganda discussion, and flattened list punctuation","நூற்றாண்டு விழா; இரட்டிப்பாக்குகின்ற; ஜனநாயக நாடு; கலையைக் கலைக்காகப் பயன்படுத்த வேண்டும்; பிரசாரத்திற்குப் பயன்படுமானால்; கோயில்கள் / திருக்குளங்கள் / காவியங்கள் / சட்டமன்றப் பேருரைகள் / இல்லறம்",corrected_in_source,"Images 1-3 were visually checked against the scans. This is a partial fidelity pass; Images 4-21 remain under explicit source-recovery hold and must be verified before translation."
