file,chosen,html_bytes,ocr_bytes,html_path,ocr_path
katturaigal/1858-1948.md,ocr,1279,270779,/Users/pugazhendhirajendran/Documents/Codex/2026-07-09/https-www-annavinpadaippugal-info/outputs/annavin_text_extractor/md_pages/katturaigal/1858-1948.md,/Users/pugazhendhirajendran/Documents/Codex/2026-07-09/https-www-annavinpadaippugal-info/outputs/annavin_text_extractor/ocr_text_corrected/katturaigal/1858-1948.md
katturaigal/4-5-7-10.md,ocr,779,22832,/Users/pugazhendhirajendran/Documents/Codex/2026-07-09/https-www-annavinpadaippugal-info/outputs/annavin_text_extractor/md_pages/katturaigal/4-5-7-10.md,/Users/pugazhendhirajendran/Documents/Codex/2026-07-09/https-www-annavinpadaippugal-info/outputs/annavin_text_extractor/ocr_text_corrected/katturaigal/4-5-7-10.md
katturaigal/aachariyar_adaintha.md,ocr,812,55722,/Users/pugazhendhirajendran/Documents/Codex/2026-07-09/https-www-annavinpadaippugal-info/outputs/annavin_text_extractor/md_pages/katturaigal/aachariyar_adaintha.md,/Users/pugazhendhirajendran/Documents/Codex/2026-07-09/https-www-annavinpadaippugal-info/outputs/annavin_text_extractor/ocr_text_corrected/katturaigal/aachariyar_adaintha.md
katturaigal/aachariyarin_aarudam.md,ocr,815,32658,/Users/pugazhendhirajendran/Documents/Codex/2026-07-09/https-www-annavinpadaippugal-info/outputs/annavin_text_extractor/md_pages/katturaigal/aachariyarin_aarudam.md,/Users/pugazhendhirajendran/Documents/Codex/2026-07-09/https-www-annavinpadaippugal-info/outputs/annavin_text_extractor/ocr_text_corrected/katturaigal/aachariyarin_aarudam.md
katturaigal/aaduraattey.md,ocr,788,3759,/Users/pugazhendhirajendran/Documents/Codex/2026-07-09/https-www-annavinpadaippugal-info/outputs/annavin_text_extractor/md_pages/katturaigal/aaduraattey.md,/Users/pugazhendhirajendran/Documents/Codex/2026-07-09/https-www-annavinpadaippugal-info/outputs/annavin_text_extractor/ocr_text_corrected/katturaigal/aaduraattey.md
katturaigal/aakiramippai.md,ocr,752,6926,/Users/pugazhendhirajendran/Documents/Codex/2026-07-09/https-www-annavinpadaippugal-info/outputs/annavin_text_extractor/md_pages/katturaigal/aakiramippai.md,/Users/pugazhendhirajendran/Documents/Codex/2026-07-09/https-www-annavinpadaippugal-info/outputs/annavin_text_extractor/ocr_text_corrected/katturaigal/aakiramippai.md
katturaigal/aal_thaedu.md,ocr,785,22279,/Users/pugazhendhirajendran/Documents/Codex/2026-07-09/https-www-annavinpadaippugal-info/outputs/annavin_text_extractor/md_pages/katturaigal/aal_thaedu.md,/Users/pugazhendhirajendran/Documents/Codex/2026-07-09/https-www-annavinpadaippugal-info/outputs/annavin_text_extractor/ocr_text_corrected/katturaigal/aal_thaedu.md
katturaigal/aamai_vaegam.md,ocr,791,5819,/Users/pugazhendhirajendran/Documents/Codex/2026-07-09/https-www-annavinpadaippugal-info/outputs/annavin_text_extractor/md_pages/katturaigal/aamai_vaegam.md,/Users/pugazhendhirajendran/Documents/Codex/2026-07-09/https-www-annavinpadaippugal-info/outputs/annavin_text_extractor/ocr_text_corrected/katturaigal/aamai_vaegam.md
katturaigal/aanalum.md,ocr,776,16934,/Users/pugazhendhirajendran/Documents/Codex/2026-07-09/https-www-annavinpadaippugal-info/outputs/annavin_text_extractor/md_pages/katturaigal/aanalum.md,/Users/pugazhendhirajendran/Documents/Codex/2026-07-09/https-www-annavinpadaippugal-info/outputs/annavin_text_extractor/ocr_text_corrected/katturaigal/aanalum.md
katturaigal/aandu14.md,ocr,776,10926,/Users/pugazhendhirajendran/Documents/Codex/2026-07-09/https-www-annavinpadaippugal-info/outputs/annavin_text_extractor/md_pages/katturaigal/aandu14.md,/Users/pugazhendhirajendran/Documents/Codex/2026-07-09/https-www-annavinpadaippugal-info/outputs/annavin_text_extractor/ocr_text_corrected/katturaigal/aandu14.md
katturaigal/aangilampol.md,ocr,788,3713,/Users/pugazhendhirajendran/Documents/Codex/2026-07-09/https-www-annavinpadaippugal-info/outputs/annavin_text_extractor/md_pages/katturaigal/aangilampol.md,/Users/pugazhendhirajendran/Documents/Codex/2026-07-09/https-www-annavinpadaippugal-info/outputs/annavin_text_extractor/ocr_text_corrected/katturaigal/aangilampol.md
katturaigal/aariyamaayai.htm.md,ocr,1339,275810,/Users/pugazhendhirajendran/Documents/Codex/2026-07-09/https-www-annavinpadaippugal-info/outputs/annavin_text_extractor/md_pages/katturaigal/aariyamaayai.htm.md,/Users/pugazhendhirajendran/Documents/Codex/2026-07-09/https-www-annavinpadaippugal-info/outputs/annavin_text_extractor/ocr_text_corrected/katturaigal/aariyamaayai.htm.md
katturaigal/aariyamaayai.md,ocr,694,47031,/Users/pugazhendhirajendran/Documents/Codex/2026-07-09/https-www-annavinpadaippugal-info/outputs/annavin_text_extractor/md_pages/katturaigal/aariyamaayai.md,/Users/pugazhendhirajendran/Documents/Codex/2026-07-09/https-www-annavinpadaippugal-info/outputs/annavin_text_extractor/ocr_text_corrected/katturaigal/aariyamaayai.md
katturaigal/aariyar_samayam.md,ocr,800,54680,/Users/pugazhendhirajendran/Documents/Codex/2026-07-09/https-www-annavinpadaippugal-info/outputs/annavin_text_extractor/md_pages/katturaigal/aariyar_samayam.md,/Users/pugazhendhirajendran/Documents/Codex/2026-07-09/https-www-annavinpadaippugal-info/outputs/annavin_text_extractor/ocr_text_corrected/katturaigal/aariyar_samayam.md
katturaigal/aaruthal_kooru.md,ocr,797,2828,/Users/pugazhendhirajendran/Documents/Codex/2026-07-09/https-www-annavinpadaippugal-info/outputs/annavin_text_extractor/md_pages/katturaigal/aaruthal_kooru.md,/Users/pugazhendhirajendran/Documents/Codex/2026-07-09/https-www-annavinpadaippugal-info/outputs/annavin_text_extractor/ocr_text_corrected/katturaigal/aaruthal_kooru.md
katturaigal/aaruthal_perattum.md,ocr,806,10546,/Users/pugazhendhirajendran/Documents/Codex/2026-07-09/https-www-annavinpadaippugal-info/outputs/annavin_text_extractor/md_pages/katturaigal/aaruthal_perattum.md,/Users/pugazhendhirajendran/Documents/Codex/2026-07-09/https-www-annavinpadaippugal-info/outputs/annavin_text_extractor/ocr_text_corrected/katturaigal/aaruthal_perattum.md
katturaigal/aasai_vetkam.md,ocr,791,33780,/Users/pugazhendhirajendran/Documents/Codex/2026-07-09/https-www-annavinpadaippugal-info/outputs/annavin_text_extractor/md_pages/katturaigal/aasai_vetkam.md,/Users/pugazhendhirajendran/Documents/Codex/2026-07-09/https-www-annavinpadaippugal-info/outputs/annavin_text_extractor/ocr_text_corrected/katturaigal/aasai_vetkam.md
katturaigal/aatchi_mozhi.md,ocr,791,4397,/Users/pugazhendhirajendran/Documents/Codex/2026-07-09/https-www-annavinpadaippugal-info/outputs/annavin_text_extractor/md_pages/katturaigal/aatchi_mozhi.md,/Users/pugazhendhirajendran/Documents/Codex/2026-07-09/https-www-annavinpadaippugal-info/outputs/annavin_text_extractor/ocr_text_corrected/katturaigal/aatchi_mozhi.md
katturaigal/aathiramum.md,ocr,785,27433,/Users/pugazhendhirajendran/Documents/Codex/2026-07-09/https-www-annavinpadaippugal-info/outputs/annavin_text_extractor/md_pages/katturaigal/aathiramum.md,/Users/pugazhendhirajendran/Documents/Codex/2026-07-09/https-www-annavinpadaippugal-info/outputs/annavin_text_extractor/ocr_text_corrected/katturaigal/aathiramum.md
katturaigal/abaya_arivippu.md,ocr,797,62105,/Users/pugazhendhirajendran/Documents/Codex/2026-07-09/https-www-annavinpadaippugal-info/outputs/annavin_text_extractor/md_pages/katturaigal/abaya_arivippu.md,/Users/pugazhendhirajendran/Documents/Codex/2026-07-09/https-www-annavinpadaippugal-info/outputs/annavin_text_extractor/ocr_text_corrected/katturaigal/abaya_arivippu.md
katturaigal/abethavetham.md,ocr,791,37377,/Users/pugazhendhirajendran/Documents/Codex/2026-07-09/https-www-annavinpadaippugal-info/outputs/annavin_text_extractor/md_pages/katturaigal/abethavetham.md,/Users/pugazhendhirajendran/Documents/Codex/2026-07-09/https-www-annavinpadaippugal-info/outputs/annavin_text_extractor/ocr_text_corrected/katturaigal/abethavetham.md
katturaigal/adakkumurai_att.md,ocr,800,26633,/Users/pugazhendhirajendran/Documents/Codex/2026-07-09/https-www-annavinpadaippugal-info/outputs/annavin_text_extractor/md_pages/katturaigal/adakkumurai_att.md,/Users/pugazhendhirajendran/Documents/Codex/2026-07-09/https-www-annavinpadaippugal-info/outputs/annavin_text_extractor/ocr_text_corrected/katturaigal/adakkumurai_att.md
katturaigal/aduthakkattam.md,ocr,794,4753,/Users/pugazhendhirajendran/Documents/Codex/2026-07-09/https-www-annavinpadaippugal-info/outputs/annavin_text_extractor/md_pages/katturaigal/aduthakkattam.md,/Users/pugazhendhirajendran/Documents/Codex/2026-07-09/https-www-annavinpadaippugal-info/outputs/annavin_text_extractor/ocr_text_corrected/katturaigal/aduthakkattam.md
katturaigal/aen_azhamattar.md,ocr,797,25385,/Users/pugazhendhirajendran/Documents/Codex/2026-07-09/https-www-annavinpadaippugal-info/outputs/annavin_text_extractor/md_pages/katturaigal/aen_azhamattar.md,/Users/pugazhendhirajendran/Documents/Codex/2026-07-09/https-www-annavinpadaippugal-info/outputs/annavin_text_extractor/ocr_text_corrected/katturaigal/aen_azhamattar.md
katturaigal/aen_intha_acham.md,ocr,800,43544,/Users/pugazhendhirajendran/Documents/Codex/2026-07-09/https-www-annavinpadaippugal-info/outputs/annavin_text_extractor/md_pages/katturaigal/aen_intha_acham.md,/Users/pugazhendhirajendran/Documents/Codex/2026-07-09/https-www-annavinpadaippugal-info/outputs/annavin_text_extractor/ocr_text_corrected/katturaigal/aen_intha_acham.md
katturaigal/ahathu_koodathu.md,ocr,800,4683,/Users/pugazhendhirajendran/Documents/Codex/2026-07-09/https-www-annavinpadaippugal-info/outputs/annavin_text_extractor/md_pages/katturaigal/ahathu_koodathu.md,/Users/pugazhendhirajendran/Documents/Codex/2026-07-09/https-www-annavinpadaippugal-info/outputs/annavin_text_extractor/ocr_text_corrected/katturaigal/ahathu_koodathu.md
katturaigal/ahimsavilasam.md,ocr,794,16353,/Users/pugazhendhirajendran/Documents/Codex/2026-07-09/https-www-annavinpadaippugal-info/outputs/annavin_text_extractor/md_pages/katturaigal/ahimsavilasam.md,/Users/pugazhendhirajendran/Documents/Codex/2026-07-09/https-www-annavinpadaippugal-info/outputs/annavin_text_extractor/ocr_text_corrected/katturaigal/ahimsavilasam.md
katturaigal/alagarsamy_kudumba.md,ocr,809,11221,/Users/pugazhendhirajendran/Documents/Codex/2026-07-09/https-www-annavinpadaippugal-info/outputs/annavin_text_extractor/md_pages/katturaigal/alagarsamy_kudumba.md,/Users/pugazhendhirajendran/Documents/Codex/2026-07-09/https-www-annavinpadaippugal-info/outputs/annavin_text_extractor/ocr_text_corrected/katturaigal/alagarsamy_kudumba.md
katturaigal/alladugirar.md,ocr,788,27023,/Users/pugazhendhirajendran/Documents/Codex/2026-07-09/https-www-annavinpadaippugal-info/outputs/annavin_text_extractor/md_pages/katturaigal/alladugirar.md,/Users/pugazhendhirajendran/Documents/Codex/2026-07-09/https-www-annavinpadaippugal-info/outputs/annavin_text_extractor/ocr_text_corrected/katturaigal/alladugirar.md
katturaigal/anbin_pinaippu.md,ocr,797,52249,/Users/pugazhendhirajendran/Documents/Codex/2026-07-09/https-www-annavinpadaippugal-info/outputs/annavin_text_extractor/md_pages/katturaigal/anbin_pinaippu.md,/Users/pugazhendhirajendran/Documents/Codex/2026-07-09/https-www-annavinpadaippugal-info/outputs/annavin_text_extractor/ocr_text_corrected/katturaigal/anbin_pinaippu.md
katturaigal/andho_alagarsamy.md,ocr,803,12564,/Users/pugazhendhirajendran/Documents/Codex/2026-07-09/https-www-annavinpadaippugal-info/outputs/annavin_text_extractor/md_pages/katturaigal/andho_alagarsamy.md,/Users/pugazhendhirajendran/Documents/Codex/2026-07-09/https-www-annavinpadaippugal-info/outputs/annavin_text_extractor/ocr_text_corrected/katturaigal/andho_alagarsamy.md
katturaigal/andrae_kilambiya.md,ocr,803,26677,/Users/pugazhendhirajendran/Documents/Codex/2026-07-09/https-www-annavinpadaippugal-info/outputs/annavin_text_extractor/md_pages/katturaigal/andrae_kilambiya.md,/Users/pugazhendhirajendran/Documents/Codex/2026-07-09/https-www-annavinpadaippugal-info/outputs/annavin_text_extractor/ocr_text_corrected/katturaigal/andrae_kilambiya.md
katturaigal/anna_munnurai.md,ocr,797,17386,/Users/pugazhendhirajendran/Documents/Codex/2026-07-09/https-www-annavinpadaippugal-info/outputs/annavin_text_extractor/md_pages/katturaigal/anna_munnurai.md,/Users/pugazhendhirajendran/Documents/Codex/2026-07-09/https-www-annavinpadaippugal-info/outputs/annavin_text_extractor/ocr_text_corrected/katturaigal/anna_munnurai.md
katturaigal/annan_tharum.md,ocr,791,10122,/Users/pugazhendhirajendran/Documents/Codex/2026-07-09/https-www-annavinpadaippugal-info/outputs/annavin_text_extractor/md_pages/katturaigal/annan_tharum.md,/Users/pugazhendhirajendran/Documents/Codex/2026-07-09/https-www-annavinpadaippugal-info/outputs/annavin_text_extractor/ocr_text_corrected/katturaigal/annan_tharum.md
katturaigal/annavin_vazhthu.md,ocr,800,6319,/Users/pugazhendhirajendran/Documents/Codex/2026-07-09/https-www-annavinpadaippugal-info/outputs/annavin_text_extractor/md_pages/katturaigal/annavin_vazhthu.md,/Users/pugazhendhirajendran/Documents/Codex/2026-07-09/https-www-annavinpadaippugal-info/outputs/annavin_text_extractor/ocr_text_corrected/katturaigal/annavin_vazhthu.md
katturaigal/antha_annakavadi.md,ocr,803,14774,/Users/pugazhendhirajendran/Documents/Codex/2026-07-09/https-www-annavinpadaippugal-info/outputs/annavin_text_extractor/md_pages/katturaigal/antha_annakavadi.md,/Users/pugazhendhirajendran/Documents/Codex/2026-07-09/https-www-annavinpadaippugal-info/outputs/annavin_text_extractor/ocr_text_corrected/katturaigal/antha_annakavadi.md
katturaigal/antha_ganniyam.md,ocr,797,32589,/Users/pugazhendhirajendran/Documents/Codex/2026-07-09/https-www-annavinpadaippugal-info/outputs/annavin_text_extractor/md_pages/katturaigal/antha_ganniyam.md,/Users/pugazhendhirajendran/Documents/Codex/2026-07-09/https-www-annavinpadaippugal-info/outputs/annavin_text_extractor/ocr_text_corrected/katturaigal/antha_ganniyam.md
katturaigal/antha_naadagam.md,ocr,797,17196,/Users/pugazhendhirajendran/Documents/Codex/2026-07-09/https-www-annavinpadaippugal-info/outputs/annavin_text_extractor/md_pages/katturaigal/antha_naadagam.md,/Users/pugazhendhirajendran/Documents/Codex/2026-07-09/https-www-annavinpadaippugal-info/outputs/annavin_text_extractor/ocr_text_corrected/katturaigal/antha_naadagam.md
katturaigal/antha_thunivu.md,ocr,794,47535,/Users/pugazhendhirajendran/Documents/Codex/2026-07-09/https-www-annavinpadaippugal-info/outputs/annavin_text_extractor/md_pages/katturaigal/antha_thunivu.md,/Users/pugazhendhirajendran/Documents/Codex/2026-07-09/https-www-annavinpadaippugal-info/outputs/annavin_text_extractor/ocr_text_corrected/katturaigal/antha_thunivu.md
katturaigal/anthamaan.md,ocr,782,63801,/Users/pugazhendhirajendran/Documents/Codex/2026-07-09/https-www-annavinpadaippugal-info/outputs/annavin_text_extractor/md_pages/katturaigal/anthamaan.md,/Users/pugazhendhirajendran/Documents/Codex/2026-07-09/https-www-annavinpadaippugal-info/outputs/annavin_text_extractor/ocr_text_corrected/katturaigal/anthamaan.md
katturaigal/anthanalukkaga.md,ocr,797,12065,/Users/pugazhendhirajendran/Documents/Codex/2026-07-09/https-www-annavinpadaippugal-info/outputs/annavin_text_extractor/md_pages/katturaigal/anthanalukkaga.md,/Users/pugazhendhirajendran/Documents/Codex/2026-07-09/https-www-annavinpadaippugal-info/outputs/annavin_text_extractor/ocr_text_corrected/katturaigal/anthanalukkaga.md
katturaigal/anthikalambagam.md,ocr,2609,472623,/Users/pugazhendhirajendran/Documents/Codex/2026-07-09/https-www-annavinpadaippugal-info/outputs/annavin_text_extractor/md_pages/katturaigal/anthikalambagam.md,/Users/pugazhendhirajendran/Documents/Codex/2026-07-09/https-www-annavinpadaippugal-info/outputs/annavin_text_extractor/ocr_text_corrected/katturaigal/anthikalambagam.md
katturaigal/anthiya_kaalam.md,ocr,797,29319,/Users/pugazhendhirajendran/Documents/Codex/2026-07-09/https-www-annavinpadaippugal-info/outputs/annavin_text_extractor/md_pages/katturaigal/anthiya_kaalam.md,/Users/pugazhendhirajendran/Documents/Codex/2026-07-09/https-www-annavinpadaippugal-info/outputs/annavin_text_extractor/ocr_text_corrected/katturaigal/anthiya_kaalam.md
katturaigal/anugundu.md,ocr,779,9112,/Users/pugazhendhirajendran/Documents/Codex/2026-07-09/https-www-annavinpadaippugal-info/outputs/annavin_text_extractor/md_pages/katturaigal/anugundu.md,/Users/pugazhendhirajendran/Documents/Codex/2026-07-09/https-www-annavinpadaippugal-info/outputs/annavin_text_extractor/ocr_text_corrected/katturaigal/anugundu.md
katturaigal/anuman_kathai.md,ocr,794,7174,/Users/pugazhendhirajendran/Documents/Codex/2026-07-09/https-www-annavinpadaippugal-info/outputs/annavin_text_extractor/md_pages/katturaigal/anuman_kathai.md,/Users/pugazhendhirajendran/Documents/Codex/2026-07-09/https-www-annavinpadaippugal-info/outputs/annavin_text_extractor/ocr_text_corrected/katturaigal/anuman_kathai.md
katturaigal/anuthabam.md,ocr,782,1732,/Users/pugazhendhirajendran/Documents/Codex/2026-07-09/https-www-annavinpadaippugal-info/outputs/annavin_text_extractor/md_pages/katturaigal/anuthabam.md,/Users/pugazhendhirajendran/Documents/Codex/2026-07-09/https-www-annavinpadaippugal-info/outputs/annavin_text_extractor/ocr_text_corrected/katturaigal/anuthabam.md
katturaigal/arapor_kurippu.md,ocr,797,59325,/Users/pugazhendhirajendran/Documents/Codex/2026-07-09/https-www-annavinpadaippugal-info/outputs/annavin_text_extractor/md_pages/katturaigal/arapor_kurippu.md,/Users/pugazhendhirajendran/Documents/Codex/2026-07-09/https-www-annavinpadaippugal-info/outputs/annavin_text_extractor/ocr_text_corrected/katturaigal/arapor_kurippu.md
katturaigal/arappoar.md,ocr,779,6747,/Users/pugazhendhirajendran/Documents/Codex/2026-07-09/https-www-annavinpadaippugal-info/outputs/annavin_text_extractor/md_pages/katturaigal/arappoar.md,/Users/pugazhendhirajendran/Documents/Codex/2026-07-09/https-www-annavinpadaippugal-info/outputs/annavin_text_extractor/ocr_text_corrected/katturaigal/arappoar.md
katturaigal/arappoar_velha.md,ocr,797,5566,/Users/pugazhendhirajendran/Documents/Codex/2026-07-09/https-www-annavinpadaippugal-info/outputs/annavin_text_extractor/md_pages/katturaigal/arappoar_velha.md,/Users/pugazhendhirajendran/Documents/Codex/2026-07-09/https-www-annavinpadaippugal-info/outputs/annavin_text_extractor/ocr_text_corrected/katturaigal/arappoar_velha.md
katturaigal/arappor_thodangi.md,ocr,803,8213,/Users/pugazhendhirajendran/Documents/Codex/2026-07-09/https-www-annavinpadaippugal-info/outputs/annavin_text_extractor/md_pages/katturaigal/arappor_thodangi.md,/Users/pugazhendhirajendran/Documents/Codex/2026-07-09/https-www-annavinpadaippugal-info/outputs/annavin_text_extractor/ocr_text_corrected/katturaigal/arappor_thodangi.md
katturaigal/arisiyiyal.md,ocr,785,18264,/Users/pugazhendhirajendran/Documents/Codex/2026-07-09/https-www-annavinpadaippugal-info/outputs/annavin_text_extractor/md_pages/katturaigal/arisiyiyal.md,/Users/pugazhendhirajendran/Documents/Codex/2026-07-09/https-www-annavinpadaippugal-info/outputs/annavin_text_extractor/ocr_text_corrected/katturaigal/arisiyiyal.md
katturaigal/arivukovvathathu.md,ocr,803,17365,/Users/pugazhendhirajendran/Documents/Codex/2026-07-09/https-www-annavinpadaippugal-info/outputs/annavin_text_extractor/md_pages/katturaigal/arivukovvathathu.md,/Users/pugazhendhirajendran/Documents/Codex/2026-07-09/https-www-annavinpadaippugal-info/outputs/annavin_text_extractor/ocr_text_corrected/katturaigal/arivukovvathathu.md
katturaigal/ariyamayil.md,ocr,785,34973,/Users/pugazhendhirajendran/Documents/Codex/2026-07-09/https-www-annavinpadaippugal-info/outputs/annavin_text_extractor/md_pages/katturaigal/ariyamayil.md,/Users/pugazhendhirajendran/Documents/Codex/2026-07-09/https-www-annavinpadaippugal-info/outputs/annavin_text_extractor/ocr_text_corrected/katturaigal/ariyamayil.md
katturaigal/arputham_paareer.md,ocr,803,22662,/Users/pugazhendhirajendran/Documents/Codex/2026-07-09/https-www-annavinpadaippugal-info/outputs/annavin_text_extractor/md_pages/katturaigal/arputham_paareer.md,/Users/pugazhendhirajendran/Documents/Codex/2026-07-09/https-www-annavinpadaippugal-info/outputs/annavin_text_extractor/ocr_text_corrected/katturaigal/arputham_paareer.md
katturaigal/arumai_arumai.md,ocr,794,2029,/Users/pugazhendhirajendran/Documents/Codex/2026-07-09/https-www-annavinpadaippugal-info/outputs/annavin_text_extractor/md_pages/katturaigal/arumai_arumai.md,/Users/pugazhendhirajendran/Documents/Codex/2026-07-09/https-www-annavinpadaippugal-info/outputs/annavin_text_extractor/ocr_text_corrected/katturaigal/arumai_arumai.md
katturaigal/arutperunjothi.md,ocr,797,22066,/Users/pugazhendhirajendran/Documents/Codex/2026-07-09/https-www-annavinpadaippugal-info/outputs/annavin_text_extractor/md_pages/katturaigal/arutperunjothi.md,/Users/pugazhendhirajendran/Documents/Codex/2026-07-09/https-www-annavinpadaippugal-info/outputs/annavin_text_extractor/ocr_text_corrected/katturaigal/arutperunjothi.md
katturaigal/asath_avaesam.md,ocr,797,26961,/Users/pugazhendhirajendran/Documents/Codex/2026-07-09/https-www-annavinpadaippugal-info/outputs/annavin_text_extractor/md_pages/katturaigal/asath_avaesam.md,/Users/pugazhendhirajendran/Documents/Codex/2026-07-09/https-www-annavinpadaippugal-info/outputs/annavin_text_extractor/ocr_text_corrected/katturaigal/asath_avaesam.md
katturaigal/ashraf.md,ocr,773,8100,/Users/pugazhendhirajendran/Documents/Codex/2026-07-09/https-www-annavinpadaippugal-info/outputs/annavin_text_extractor/md_pages/katturaigal/ashraf.md,/Users/pugazhendhirajendran/Documents/Codex/2026-07-09/https-www-annavinpadaippugal-info/outputs/annavin_text_extractor/ocr_text_corrected/katturaigal/ashraf.md
katturaigal/athae_idathil.md,ocr,794,9832,/Users/pugazhendhirajendran/Documents/Codex/2026-07-09/https-www-annavinpadaippugal-info/outputs/annavin_text_extractor/md_pages/katturaigal/athae_idathil.md,/Users/pugazhendhirajendran/Documents/Codex/2026-07-09/https-www-annavinpadaippugal-info/outputs/annavin_text_extractor/ocr_text_corrected/katturaigal/athae_idathil.md
katturaigal/athisaya_nayanar.md,ocr,803,32151,/Users/pugazhendhirajendran/Documents/Codex/2026-07-09/https-www-annavinpadaippugal-info/outputs/annavin_text_extractor/md_pages/katturaigal/athisaya_nayanar.md,/Users/pugazhendhirajendran/Documents/Codex/2026-07-09/https-www-annavinpadaippugal-info/outputs/annavin_text_extractor/ocr_text_corrected/katturaigal/athisaya_nayanar.md
katturaigal/athisayamalla.md,ocr,794,15069,/Users/pugazhendhirajendran/Documents/Codex/2026-07-09/https-www-annavinpadaippugal-info/outputs/annavin_text_extractor/md_pages/katturaigal/athisayamalla.md,/Users/pugazhendhirajendran/Documents/Codex/2026-07-09/https-www-annavinpadaippugal-info/outputs/annavin_text_extractor/ocr_text_corrected/katturaigal/athisayamalla.md
katturaigal/atli_nirnaya.md,ocr,791,60440,/Users/pugazhendhirajendran/Documents/Codex/2026-07-09/https-www-annavinpadaippugal-info/outputs/annavin_text_extractor/md_pages/katturaigal/atli_nirnaya.md,/Users/pugazhendhirajendran/Documents/Codex/2026-07-09/https-www-annavinpadaippugal-info/outputs/annavin_text_extractor/ocr_text_corrected/katturaigal/atli_nirnaya.md
katturaigal/atraithingal.md,ocr,752,10663,/Users/pugazhendhirajendran/Documents/Codex/2026-07-09/https-www-annavinpadaippugal-info/outputs/annavin_text_extractor/md_pages/katturaigal/atraithingal.md,/Users/pugazhendhirajendran/Documents/Codex/2026-07-09/https-www-annavinpadaippugal-info/outputs/annavin_text_extractor/ocr_text_corrected/katturaigal/atraithingal.md
katturaigal/august.md,ocr,773,11347,/Users/pugazhendhirajendran/Documents/Codex/2026-07-09/https-www-annavinpadaippugal-info/outputs/annavin_text_extractor/md_pages/katturaigal/august.md,/Users/pugazhendhirajendran/Documents/Codex/2026-07-09/https-www-annavinpadaippugal-info/outputs/annavin_text_extractor/ocr_text_corrected/katturaigal/august.md
katturaigal/augustil_kidai.md,ocr,797,23127,/Users/pugazhendhirajendran/Documents/Codex/2026-07-09/https-www-annavinpadaippugal-info/outputs/annavin_text_extractor/md_pages/katturaigal/augustil_kidai.md,/Users/pugazhendhirajendran/Documents/Codex/2026-07-09/https-www-annavinpadaippugal-info/outputs/annavin_text_extractor/ocr_text_corrected/katturaigal/augustil_kidai.md
katturaigal/avamanachinna.md,ocr,794,25406,/Users/pugazhendhirajendran/Documents/Codex/2026-07-09/https-www-annavinpadaippugal-info/outputs/annavin_text_extractor/md_pages/katturaigal/avamanachinna.md,/Users/pugazhendhirajendran/Documents/Codex/2026-07-09/https-www-annavinpadaippugal-info/outputs/annavin_text_extractor/ocr_text_corrected/katturaigal/avamanachinna.md
katturaigal/avan_manithan.md,ocr,794,11037,/Users/pugazhendhirajendran/Documents/Codex/2026-07-09/https-www-annavinpadaippugal-info/outputs/annavin_text_extractor/md_pages/katturaigal/avan_manithan.md,/Users/pugazhendhirajendran/Documents/Codex/2026-07-09/https-www-annavinpadaippugal-info/outputs/annavin_text_extractor/ocr_text_corrected/katturaigal/avan_manithan.md
katturaigal/avanum_manithan.md,ocr,800,16658,/Users/pugazhendhirajendran/Documents/Codex/2026-07-09/https-www-annavinpadaippugal-info/outputs/annavin_text_extractor/md_pages/katturaigal/avanum_manithan.md,/Users/pugazhendhirajendran/Documents/Codex/2026-07-09/https-www-annavinpadaippugal-info/outputs/annavin_text_extractor/ocr_text_corrected/katturaigal/avanum_manithan.md
katturaigal/avar_kana_virumbiya.md,ocr,812,32640,/Users/pugazhendhirajendran/Documents/Codex/2026-07-09/https-www-annavinpadaippugal-info/outputs/annavin_text_extractor/md_pages/katturaigal/avar_kana_virumbiya.md,/Users/pugazhendhirajendran/Documents/Codex/2026-07-09/https-www-annavinpadaippugal-info/outputs/annavin_text_extractor/ocr_text_corrected/katturaigal/avar_kana_virumbiya.md
katturaigal/avarathu_sanj.md,ocr,794,33262,/Users/pugazhendhirajendran/Documents/Codex/2026-07-09/https-www-annavinpadaippugal-info/outputs/annavin_text_extractor/md_pages/katturaigal/avarathu_sanj.md,/Users/pugazhendhirajendran/Documents/Codex/2026-07-09/https-www-annavinpadaippugal-info/outputs/annavin_text_extractor/ocr_text_corrected/katturaigal/avarathu_sanj.md
katturaigal/avargal_sindhip.md,ocr,800,42266,/Users/pugazhendhirajendran/Documents/Codex/2026-07-09/https-www-annavinpadaippugal-info/outputs/annavin_text_extractor/md_pages/katturaigal/avargal_sindhip.md,/Users/pugazhendhirajendran/Documents/Codex/2026-07-09/https-www-annavinpadaippugal-info/outputs/annavin_text_extractor/ocr_text_corrected/katturaigal/avargal_sindhip.md
katturaigal/avarudaya_araichi.md,ocr,806,73568,/Users/pugazhendhirajendran/Documents/Codex/2026-07-09/https-www-annavinpadaippugal-info/outputs/annavin_text_extractor/md_pages/katturaigal/avarudaya_araichi.md,/Users/pugazhendhirajendran/Documents/Codex/2026-07-09/https-www-annavinpadaippugal-info/outputs/annavin_text_extractor/ocr_text_corrected/katturaigal/avarudaya_araichi.md
katturaigal/avarum_thamizhar.md,ocr,803,28476,/Users/pugazhendhirajendran/Documents/Codex/2026-07-09/https-www-annavinpadaippugal-info/outputs/annavin_text_extractor/md_pages/katturaigal/avarum_thamizhar.md,/Users/pugazhendhirajendran/Documents/Codex/2026-07-09/https-www-annavinpadaippugal-info/outputs/annavin_text_extractor/ocr_text_corrected/katturaigal/avarum_thamizhar.md
katturaigal/avungsan.md,ocr,779,27394,/Users/pugazhendhirajendran/Documents/Codex/2026-07-09/https-www-annavinpadaippugal-info/outputs/annavin_text_extractor/md_pages/katturaigal/avungsan.md,/Users/pugazhendhirajendran/Documents/Codex/2026-07-09/https-www-annavinpadaippugal-info/outputs/annavin_text_extractor/ocr_text_corrected/katturaigal/avungsan.md
katturaigal/ayvar_vazhakku.md,ocr,797,5060,/Users/pugazhendhirajendran/Documents/Codex/2026-07-09/https-www-annavinpadaippugal-info/outputs/annavin_text_extractor/md_pages/katturaigal/ayvar_vazhakku.md,/Users/pugazhendhirajendran/Documents/Codex/2026-07-09/https-www-annavinpadaippugal-info/outputs/annavin_text_extractor/ocr_text_corrected/katturaigal/ayvar_vazhakku.md
katturaigal/ayyo_athuvum.md,ocr,791,3211,/Users/pugazhendhirajendran/Documents/Codex/2026-07-09/https-www-annavinpadaippugal-info/outputs/annavin_text_extractor/md_pages/katturaigal/ayyo_athuvum.md,/Users/pugazhendhirajendran/Documents/Codex/2026-07-09/https-www-annavinpadaippugal-info/outputs/annavin_text_extractor/ocr_text_corrected/katturaigal/ayyo_athuvum.md
katturaigal/ayyo_yazh.md,ocr,782,2975,/Users/pugazhendhirajendran/Documents/Codex/2026-07-09/https-www-annavinpadaippugal-info/outputs/annavin_text_extractor/md_pages/katturaigal/ayyo_yazh.md,/Users/pugazhendhirajendran/Documents/Codex/2026-07-09/https-www-annavinpadaippugal-info/outputs/annavin_text_extractor/ocr_text_corrected/katturaigal/ayyo_yazh.md
katturaigal/azhagana_silai.md,ocr,797,11624,/Users/pugazhendhirajendran/Documents/Codex/2026-07-09/https-www-annavinpadaippugal-info/outputs/annavin_text_extractor/md_pages/katturaigal/azhagana_silai.md,/Users/pugazhendhirajendran/Documents/Codex/2026-07-09/https-www-annavinpadaippugal-info/outputs/annavin_text_extractor/ocr_text_corrected/katturaigal/azhagana_silai.md
katturaigal/bajagovindam.md,ocr,791,27359,/Users/pugazhendhirajendran/Documents/Codex/2026-07-09/https-www-annavinpadaippugal-info/outputs/annavin_text_extractor/md_pages/katturaigal/bajagovindam.md,/Users/pugazhendhirajendran/Documents/Codex/2026-07-09/https-www-annavinpadaippugal-info/outputs/annavin_text_extractor/ocr_text_corrected/katturaigal/bajagovindam.md
katturaigal/balae_aal.md,ocr,782,8465,/Users/pugazhendhirajendran/Documents/Codex/2026-07-09/https-www-annavinpadaippugal-info/outputs/annavin_text_extractor/md_pages/katturaigal/balae_aal.md,/Users/pugazhendhirajendran/Documents/Codex/2026-07-09/https-www-annavinpadaippugal-info/outputs/annavin_text_extractor/ocr_text_corrected/katturaigal/balae_aal.md
katturaigal/balapadam.md,ocr,782,76718,/Users/pugazhendhirajendran/Documents/Codex/2026-07-09/https-www-annavinpadaippugal-info/outputs/annavin_text_extractor/md_pages/katturaigal/balapadam.md,/Users/pugazhendhirajendran/Documents/Codex/2026-07-09/https-www-annavinpadaippugal-info/outputs/annavin_text_extractor/ocr_text_corrected/katturaigal/balapadam.md
katturaigal/bali.md,ocr,767,51282,/Users/pugazhendhirajendran/Documents/Codex/2026-07-09/https-www-annavinpadaippugal-info/outputs/annavin_text_extractor/md_pages/katturaigal/bali.md,/Users/pugazhendhirajendran/Documents/Codex/2026-07-09/https-www-annavinpadaippugal-info/outputs/annavin_text_extractor/ocr_text_corrected/katturaigal/bali.md
katturaigal/barnatsha_vaemumam.md,ocr,809,34395,/Users/pugazhendhirajendran/Documents/Codex/2026-07-09/https-www-annavinpadaippugal-info/outputs/annavin_text_extractor/md_pages/katturaigal/barnatsha_vaemumam.md,/Users/pugazhendhirajendran/Documents/Codex/2026-07-09/https-www-annavinpadaippugal-info/outputs/annavin_text_extractor/ocr_text_corrected/katturaigal/barnatsha_vaemumam.md
katturaigal/bernatsha.md,ocr,782,11430,/Users/pugazhendhirajendran/Documents/Codex/2026-07-09/https-www-annavinpadaippugal-info/outputs/annavin_text_extractor/md_pages/katturaigal/bernatsha.md,/Users/pugazhendhirajendran/Documents/Codex/2026-07-09/https-www-annavinpadaippugal-info/outputs/annavin_text_extractor/ocr_text_corrected/katturaigal/bernatsha.md
katturaigal/bharathan_ezhuthiya.md,ocr,812,20839,/Users/pugazhendhirajendran/Documents/Codex/2026-07-09/https-www-annavinpadaippugal-info/outputs/annavin_text_extractor/md_pages/katturaigal/bharathan_ezhuthiya.md,/Users/pugazhendhirajendran/Documents/Codex/2026-07-09/https-www-annavinpadaippugal-info/outputs/annavin_text_extractor/ocr_text_corrected/katturaigal/bharathan_ezhuthiya.md
katturaigal/bharathan_ezhuthiya2.md,ocr,815,14361,/Users/pugazhendhirajendran/Documents/Codex/2026-07-09/https-www-annavinpadaippugal-info/outputs/annavin_text_extractor/md_pages/katturaigal/bharathan_ezhuthiya2.md,/Users/pugazhendhirajendran/Documents/Codex/2026-07-09/https-www-annavinpadaippugal-info/outputs/annavin_text_extractor/ocr_text_corrected/katturaigal/bharathan_ezhuthiya2.md
katturaigal/bharathazhvar.md,ocr,794,9623,/Users/pugazhendhirajendran/Documents/Codex/2026-07-09/https-www-annavinpadaippugal-info/outputs/annavin_text_extractor/md_pages/katturaigal/bharathazhvar.md,/Users/pugazhendhirajendran/Documents/Codex/2026-07-09/https-www-annavinpadaippugal-info/outputs/annavin_text_extractor/ocr_text_corrected/katturaigal/bharathazhvar.md
katturaigal/boodevar.md,ocr,779,44055,/Users/pugazhendhirajendran/Documents/Codex/2026-07-09/https-www-annavinpadaippugal-info/outputs/annavin_text_extractor/md_pages/katturaigal/boodevar.md,/Users/pugazhendhirajendran/Documents/Codex/2026-07-09/https-www-annavinpadaippugal-info/outputs/annavin_text_extractor/ocr_text_corrected/katturaigal/boodevar.md
katturaigal/burma_tharum.md,ocr,791,22886,/Users/pugazhendhirajendran/Documents/Codex/2026-07-09/https-www-annavinpadaippugal-info/outputs/annavin_text_extractor/md_pages/katturaigal/burma_tharum.md,/Users/pugazhendhirajendran/Documents/Codex/2026-07-09/https-www-annavinpadaippugal-info/outputs/annavin_text_extractor/ocr_text_corrected/katturaigal/burma_tharum.md
katturaigal/burmavai_paarungal.md,ocr,809,22127,/Users/pugazhendhirajendran/Documents/Codex/2026-07-09/https-www-annavinpadaippugal-info/outputs/annavin_text_extractor/md_pages/katturaigal/burmavai_paarungal.md,/Users/pugazhendhirajendran/Documents/Codex/2026-07-09/https-www-annavinpadaippugal-info/outputs/annavin_text_extractor/ocr_text_corrected/katturaigal/burmavai_paarungal.md
katturaigal/cdnaayagam.md,ocr,785,2692,/Users/pugazhendhirajendran/Documents/Codex/2026-07-09/https-www-annavinpadaippugal-info/outputs/annavin_text_extractor/md_pages/katturaigal/cdnaayagam.md,/Users/pugazhendhirajendran/Documents/Codex/2026-07-09/https-www-annavinpadaippugal-info/outputs/annavin_text_extractor/ocr_text_corrected/katturaigal/cdnaayagam.md
katturaigal/chandiran_marai.md,ocr,800,8041,/Users/pugazhendhirajendran/Documents/Codex/2026-07-09/https-www-annavinpadaippugal-info/outputs/annavin_text_extractor/md_pages/katturaigal/chandiran_marai.md,/Users/pugazhendhirajendran/Documents/Codex/2026-07-09/https-www-annavinpadaippugal-info/outputs/annavin_text_extractor/ocr_text_corrected/katturaigal/chandiran_marai.md
katturaigal/cheche.md,ocr,773,16896,/Users/pugazhendhirajendran/Documents/Codex/2026-07-09/https-www-annavinpadaippugal-info/outputs/annavin_text_extractor/md_pages/katturaigal/cheche.md,/Users/pugazhendhirajendran/Documents/Codex/2026-07-09/https-www-annavinpadaippugal-info/outputs/annavin_text_extractor/ocr_text_corrected/katturaigal/cheche.md
katturaigal/chennayil_bamba.md,ocr,800,3854,/Users/pugazhendhirajendran/Documents/Codex/2026-07-09/https-www-annavinpadaippugal-info/outputs/annavin_text_extractor/md_pages/katturaigal/chennayil_bamba.md,/Users/pugazhendhirajendran/Documents/Codex/2026-07-09/https-www-annavinpadaippugal-info/outputs/annavin_text_extractor/ocr_text_corrected/katturaigal/chennayil_bamba.md
katturaigal/chennayil_thozhar.md,ocr,806,2551,/Users/pugazhendhirajendran/Documents/Codex/2026-07-09/https-www-annavinpadaippugal-info/outputs/annavin_text_extractor/md_pages/katturaigal/chennayil_thozhar.md,/Users/pugazhendhirajendran/Documents/Codex/2026-07-09/https-www-annavinpadaippugal-info/outputs/annavin_text_extractor/ocr_text_corrected/katturaigal/chennayil_thozhar.md
katturaigal/corp_alangolam.md,ocr,797,20214,/Users/pugazhendhirajendran/Documents/Codex/2026-07-09/https-www-annavinpadaippugal-info/outputs/annavin_text_extractor/md_pages/katturaigal/corp_alangolam.md,/Users/pugazhendhirajendran/Documents/Codex/2026-07-09/https-www-annavinpadaippugal-info/outputs/annavin_text_extractor/ocr_text_corrected/katturaigal/corp_alangolam.md
katturaigal/culcutta_kaichal.md,ocr,803,25426,/Users/pugazhendhirajendran/Documents/Codex/2026-07-09/https-www-annavinpadaippugal-info/outputs/annavin_text_extractor/md_pages/katturaigal/culcutta_kaichal.md,/Users/pugazhendhirajendran/Documents/Codex/2026-07-09/https-www-annavinpadaippugal-info/outputs/annavin_text_extractor/ocr_text_corrected/katturaigal/culcutta_kaichal.md
katturaigal/culcutta_rasagulla.md,ocr,809,20339,/Users/pugazhendhirajendran/Documents/Codex/2026-07-09/https-www-annavinpadaippugal-info/outputs/annavin_text_extractor/md_pages/katturaigal/culcutta_rasagulla.md,/Users/pugazhendhirajendran/Documents/Codex/2026-07-09/https-www-annavinpadaippugal-info/outputs/annavin_text_extractor/ocr_text_corrected/katturaigal/culcutta_rasagulla.md
katturaigal/cyprus.md,ocr,773,7429,/Users/pugazhendhirajendran/Documents/Codex/2026-07-09/https-www-annavinpadaippugal-info/outputs/annavin_text_extractor/md_pages/katturaigal/cyprus.md,/Users/pugazhendhirajendran/Documents/Codex/2026-07-09/https-www-annavinpadaippugal-info/outputs/annavin_text_extractor/ocr_text_corrected/katturaigal/cyprus.md
katturaigal/dalmiyapuram.md,ocr,794,14635,/Users/pugazhendhirajendran/Documents/Codex/2026-07-09/https-www-annavinpadaippugal-info/outputs/annavin_text_extractor/md_pages/katturaigal/dalmiyapuram.md,/Users/pugazhendhirajendran/Documents/Codex/2026-07-09/https-www-annavinpadaippugal-info/outputs/annavin_text_extractor/ocr_text_corrected/katturaigal/dalmiyapuram.md
katturaigal/delhi_kuttu.md,ocr,788,20833,/Users/pugazhendhirajendran/Documents/Codex/2026-07-09/https-www-annavinpadaippugal-info/outputs/annavin_text_extractor/md_pages/katturaigal/delhi_kuttu.md,/Users/pugazhendhirajendran/Documents/Codex/2026-07-09/https-www-annavinpadaippugal-info/outputs/annavin_text_extractor/ocr_text_corrected/katturaigal/delhi_kuttu.md
katturaigal/devaleelaigal.md,ocr,711,33607,/Users/pugazhendhirajendran/Documents/Codex/2026-07-09/https-www-annavinpadaippugal-info/outputs/annavin_text_extractor/md_pages/katturaigal/devaleelaigal.md,/Users/pugazhendhirajendran/Documents/Codex/2026-07-09/https-www-annavinpadaippugal-info/outputs/annavin_text_extractor/ocr_text_corrected/katturaigal/devaleelaigal.md
katturaigal/dhayavu_dhatchanyam.md,ocr,812,30395,/Users/pugazhendhirajendran/Documents/Codex/2026-07-09/https-www-annavinpadaippugal-info/outputs/annavin_text_extractor/md_pages/katturaigal/dhayavu_dhatchanyam.md,/Users/pugazhendhirajendran/Documents/Codex/2026-07-09/https-www-annavinpadaippugal-info/outputs/annavin_text_extractor/ocr_text_corrected/katturaigal/dhayavu_dhatchanyam.md
katturaigal/ditto.md,ocr,770,21527,/Users/pugazhendhirajendran/Documents/Codex/2026-07-09/https-www-annavinpadaippugal-info/outputs/annavin_text_extractor/md_pages/katturaigal/ditto.md,/Users/pugazhendhirajendran/Documents/Codex/2026-07-09/https-www-annavinpadaippugal-info/outputs/annavin_text_extractor/ocr_text_corrected/katturaigal/ditto.md
katturaigal/dravida_munnetra.md,ocr,803,53270,/Users/pugazhendhirajendran/Documents/Codex/2026-07-09/https-www-annavinpadaippugal-info/outputs/annavin_text_extractor/md_pages/katturaigal/dravida_munnetra.md,/Users/pugazhendhirajendran/Documents/Codex/2026-07-09/https-www-annavinpadaippugal-info/outputs/annavin_text_extractor/ocr_text_corrected/katturaigal/dravida_munnetra.md
katturaigal/dravidamaniyin.md,ocr,797,2658,/Users/pugazhendhirajendran/Documents/Codex/2026-07-09/https-www-annavinpadaippugal-info/outputs/annavin_text_extractor/md_pages/katturaigal/dravidamaniyin.md,/Users/pugazhendhirajendran/Documents/Codex/2026-07-09/https-www-annavinpadaippugal-info/outputs/annavin_text_extractor/ocr_text_corrected/katturaigal/dravidamaniyin.md
katturaigal/dravidarum.md,ocr,785,33641,/Users/pugazhendhirajendran/Documents/Codex/2026-07-09/https-www-annavinpadaippugal-info/outputs/annavin_text_extractor/md_pages/katturaigal/dravidarum.md,/Users/pugazhendhirajendran/Documents/Codex/2026-07-09/https-www-annavinpadaippugal-info/outputs/annavin_text_extractor/ocr_text_corrected/katturaigal/dravidarum.md
katturaigal/edakku_panni.md,ocr,791,26205,/Users/pugazhendhirajendran/Documents/Codex/2026-07-09/https-www-annavinpadaippugal-info/outputs/annavin_text_extractor/md_pages/katturaigal/edakku_panni.md,/Users/pugazhendhirajendran/Documents/Codex/2026-07-09/https-www-annavinpadaippugal-info/outputs/annavin_text_extractor/ocr_text_corrected/katturaigal/edakku_panni.md
katturaigal/ellam_eesan.md,ocr,788,10446,/Users/pugazhendhirajendran/Documents/Codex/2026-07-09/https-www-annavinpadaippugal-info/outputs/annavin_text_extractor/md_pages/katturaigal/ellam_eesan.md,/Users/pugazhendhirajendran/Documents/Codex/2026-07-09/https-www-annavinpadaippugal-info/outputs/annavin_text_extractor/ocr_text_corrected/katturaigal/ellam_eesan.md
katturaigal/en_nandri.md,ocr,782,976,/Users/pugazhendhirajendran/Documents/Codex/2026-07-09/https-www-annavinpadaippugal-info/outputs/annavin_text_extractor/md_pages/katturaigal/en_nandri.md,/Users/pugazhendhirajendran/Documents/Codex/2026-07-09/https-www-annavinpadaippugal-info/outputs/annavin_text_extractor/ocr_text_corrected/katturaigal/en_nandri.md
katturaigal/en_vaazhthu.md,ocr,788,6863,/Users/pugazhendhirajendran/Documents/Codex/2026-07-09/https-www-annavinpadaippugal-info/outputs/annavin_text_extractor/md_pages/katturaigal/en_vaazhthu.md,/Users/pugazhendhirajendran/Documents/Codex/2026-07-09/https-www-annavinpadaippugal-info/outputs/annavin_text_extractor/ocr_text_corrected/katturaigal/en_vaazhthu.md
katturaigal/enathu_vaendugol.md,ocr,803,14277,/Users/pugazhendhirajendran/Documents/Codex/2026-07-09/https-www-annavinpadaippugal-info/outputs/annavin_text_extractor/md_pages/katturaigal/enathu_vaendugol.md,/Users/pugazhendhirajendran/Documents/Codex/2026-07-09/https-www-annavinpadaippugal-info/outputs/annavin_text_extractor/ocr_text_corrected/katturaigal/enathu_vaendugol.md
katturaigal/engae_engae.md,ocr,788,47633,/Users/pugazhendhirajendran/Documents/Codex/2026-07-09/https-www-annavinpadaippugal-info/outputs/annavin_text_extractor/md_pages/katturaigal/engae_engae.md,/Users/pugazhendhirajendran/Documents/Codex/2026-07-09/https-www-annavinpadaippugal-info/outputs/annavin_text_extractor/ocr_text_corrected/katturaigal/engae_engae.md
katturaigal/engum_erodu.md,ocr,788,30329,/Users/pugazhendhirajendran/Documents/Codex/2026-07-09/https-www-annavinpadaippugal-info/outputs/annavin_text_extractor/md_pages/katturaigal/engum_erodu.md,/Users/pugazhendhirajendran/Documents/Codex/2026-07-09/https-www-annavinpadaippugal-info/outputs/annavin_text_extractor/ocr_text_corrected/katturaigal/engum_erodu.md
katturaigal/erode_kaana.md,ocr,788,6824,/Users/pugazhendhirajendran/Documents/Codex/2026-07-09/https-www-annavinpadaippugal-info/outputs/annavin_text_extractor/md_pages/katturaigal/erode_kaana.md,/Users/pugazhendhirajendran/Documents/Codex/2026-07-09/https-www-annavinpadaippugal-info/outputs/annavin_text_extractor/ocr_text_corrected/katturaigal/erode_kaana.md
katturaigal/ethanum_pithanum.md,ocr,803,12757,/Users/pugazhendhirajendran/Documents/Codex/2026-07-09/https-www-annavinpadaippugal-info/outputs/annavin_text_extractor/md_pages/katturaigal/ethanum_pithanum.md,/Users/pugazhendhirajendran/Documents/Codex/2026-07-09/https-www-annavinpadaippugal-info/outputs/annavin_text_extractor/ocr_text_corrected/katturaigal/ethanum_pithanum.md
katturaigal/ethu.md,ocr,767,20157,/Users/pugazhendhirajendran/Documents/Codex/2026-07-09/https-www-annavinpadaippugal-info/outputs/annavin_text_extractor/md_pages/katturaigal/ethu.md,/Users/pugazhendhirajendran/Documents/Codex/2026-07-09/https-www-annavinpadaippugal-info/outputs/annavin_text_extractor/ocr_text_corrected/katturaigal/ethu.md
katturaigal/ezhil_dravidam.md,ocr,797,5802,/Users/pugazhendhirajendran/Documents/Codex/2026-07-09/https-www-annavinpadaippugal-info/outputs/annavin_text_extractor/md_pages/katturaigal/ezhil_dravidam.md,/Users/pugazhendhirajendran/Documents/Codex/2026-07-09/https-www-annavinpadaippugal-info/outputs/annavin_text_extractor/ocr_text_corrected/katturaigal/ezhil_dravidam.md
katturaigal/ezhugirathu.md,ocr,788,41158,/Users/pugazhendhirajendran/Documents/Codex/2026-07-09/https-www-annavinpadaippugal-info/outputs/annavin_text_extractor/md_pages/katturaigal/ezhugirathu.md,/Users/pugazhendhirajendran/Documents/Codex/2026-07-09/https-www-annavinpadaippugal-info/outputs/annavin_text_extractor/ocr_text_corrected/katturaigal/ezhugirathu.md
katturaigal/ezhuthalar_manadu.md,ocr,806,8860,/Users/pugazhendhirajendran/Documents/Codex/2026-07-09/https-www-annavinpadaippugal-info/outputs/annavin_text_extractor/md_pages/katturaigal/ezhuthalar_manadu.md,/Users/pugazhendhirajendran/Documents/Codex/2026-07-09/https-www-annavinpadaippugal-info/outputs/annavin_text_extractor/ocr_text_corrected/katturaigal/ezhuthalar_manadu.md
katturaigal/farook.md,ocr,773,5163,/Users/pugazhendhirajendran/Documents/Codex/2026-07-09/https-www-annavinpadaippugal-info/outputs/annavin_text_extractor/md_pages/katturaigal/farook.md,/Users/pugazhendhirajendran/Documents/Codex/2026-07-09/https-www-annavinpadaippugal-info/outputs/annavin_text_extractor/ocr_text_corrected/katturaigal/farook.md
katturaigal/ganabaadi.md,ocr,782,43103,/Users/pugazhendhirajendran/Documents/Codex/2026-07-09/https-www-annavinpadaippugal-info/outputs/annavin_text_extractor/md_pages/katturaigal/ganabaadi.md,/Users/pugazhendhirajendran/Documents/Codex/2026-07-09/https-www-annavinpadaippugal-info/outputs/annavin_text_extractor/ocr_text_corrected/katturaigal/ganabaadi.md
katturaigal/ganavaan.md,ocr,779,22760,/Users/pugazhendhirajendran/Documents/Codex/2026-07-09/https-www-annavinpadaippugal-info/outputs/annavin_text_extractor/md_pages/katturaigal/ganavaan.md,/Users/pugazhendhirajendran/Documents/Codex/2026-07-09/https-www-annavinpadaippugal-info/outputs/annavin_text_extractor/ocr_text_corrected/katturaigal/ganavaan.md
katturaigal/gandhi_ramasamy.md,ocr,800,50257,/Users/pugazhendhirajendran/Documents/Codex/2026-07-09/https-www-annavinpadaippugal-info/outputs/annavin_text_extractor/md_pages/katturaigal/gandhi_ramasamy.md,/Users/pugazhendhirajendran/Documents/Codex/2026-07-09/https-www-annavinpadaippugal-info/outputs/annavin_text_extractor/ocr_text_corrected/katturaigal/gandhi_ramasamy.md
katturaigal/gangai_karayil.md,ocr,797,13479,/Users/pugazhendhirajendran/Documents/Codex/2026-07-09/https-www-annavinpadaippugal-info/outputs/annavin_text_extractor/md_pages/katturaigal/gangai_karayil.md,/Users/pugazhendhirajendran/Documents/Codex/2026-07-09/https-www-annavinpadaippugal-info/outputs/annavin_text_extractor/ocr_text_corrected/katturaigal/gangai_karayil.md
katturaigal/governor_ezhutha.md,ocr,803,11533,/Users/pugazhendhirajendran/Documents/Codex/2026-07-09/https-www-annavinpadaippugal-info/outputs/annavin_text_extractor/md_pages/katturaigal/governor_ezhutha.md,/Users/pugazhendhirajendran/Documents/Codex/2026-07-09/https-www-annavinpadaippugal-info/outputs/annavin_text_extractor/ocr_text_corrected/katturaigal/governor_ezhutha.md
katturaigal/guruboojai.md,ocr,785,33581,/Users/pugazhendhirajendran/Documents/Codex/2026-07-09/https-www-annavinpadaippugal-info/outputs/annavin_text_extractor/md_pages/katturaigal/guruboojai.md,/Users/pugazhendhirajendran/Documents/Codex/2026-07-09/https-www-annavinpadaippugal-info/outputs/annavin_text_extractor/ocr_text_corrected/katturaigal/guruboojai.md
katturaigal/hindi_aalai.md,ocr,791,15112,/Users/pugazhendhirajendran/Documents/Codex/2026-07-09/https-www-annavinpadaippugal-info/outputs/annavin_text_extractor/md_pages/katturaigal/hindi_aalai.md,/Users/pugazhendhirajendran/Documents/Codex/2026-07-09/https-www-annavinpadaippugal-info/outputs/annavin_text_extractor/ocr_text_corrected/katturaigal/hindi_aalai.md
katturaigal/hindi_ethirpor.md,ocr,800,11223,/Users/pugazhendhirajendran/Documents/Codex/2026-07-09/https-www-annavinpadaippugal-info/outputs/annavin_text_extractor/md_pages/katturaigal/hindi_ethirpor.md,/Users/pugazhendhirajendran/Documents/Codex/2026-07-09/https-www-annavinpadaippugal-info/outputs/annavin_text_extractor/ocr_text_corrected/katturaigal/hindi_ethirpor.md
katturaigal/hindi_kattaya.md,ocr,797,5898,/Users/pugazhendhirajendran/Documents/Codex/2026-07-09/https-www-annavinpadaippugal-info/outputs/annavin_text_extractor/md_pages/katturaigal/hindi_kattaya.md,/Users/pugazhendhirajendran/Documents/Codex/2026-07-09/https-www-annavinpadaippugal-info/outputs/annavin_text_extractor/ocr_text_corrected/katturaigal/hindi_kattaya.md
katturaigal/hindi_nilamai.md,ocr,797,4245,/Users/pugazhendhirajendran/Documents/Codex/2026-07-09/https-www-annavinpadaippugal-info/outputs/annavin_text_extractor/md_pages/katturaigal/hindi_nilamai.md,/Users/pugazhendhirajendran/Documents/Codex/2026-07-09/https-www-annavinpadaippugal-info/outputs/annavin_text_extractor/ocr_text_corrected/katturaigal/hindi_nilamai.md
katturaigal/hindi_pothu.md,ocr,791,29362,/Users/pugazhendhirajendran/Documents/Codex/2026-07-09/https-www-annavinpadaippugal-info/outputs/annavin_text_extractor/md_pages/katturaigal/hindi_pothu.md,/Users/pugazhendhirajendran/Documents/Codex/2026-07-09/https-www-annavinpadaippugal-info/outputs/annavin_text_extractor/ocr_text_corrected/katturaigal/hindi_pothu.md
katturaigal/hindi_thinippu.md,ocr,797,2315,/Users/pugazhendhirajendran/Documents/Codex/2026-07-09/https-www-annavinpadaippugal-info/outputs/annavin_text_extractor/md_pages/katturaigal/hindi_thinippu.md,/Users/pugazhendhirajendran/Documents/Codex/2026-07-09/https-www-annavinpadaippugal-info/outputs/annavin_text_extractor/ocr_text_corrected/katturaigal/hindi_thinippu.md
katturaigal/home_land.md,ocr,782,16041,/Users/pugazhendhirajendran/Documents/Codex/2026-07-09/https-www-annavinpadaippugal-info/outputs/annavin_text_extractor/md_pages/katturaigal/home_land.md,/Users/pugazhendhirajendran/Documents/Codex/2026-07-09/https-www-annavinpadaippugal-info/outputs/annavin_text_extractor/ocr_text_corrected/katturaigal/home_land.md
katturaigal/idanthedigal.md,ocr,791,43034,/Users/pugazhendhirajendran/Documents/Codex/2026-07-09/https-www-annavinpadaippugal-info/outputs/annavin_text_extractor/md_pages/katturaigal/idanthedigal.md,/Users/pugazhendhirajendran/Documents/Codex/2026-07-09/https-www-annavinpadaippugal-info/outputs/annavin_text_extractor/ocr_text_corrected/katturaigal/idanthedigal.md
katturaigal/idathu_paatham.md,ocr,797,10565,/Users/pugazhendhirajendran/Documents/Codex/2026-07-09/https-www-annavinpadaippugal-info/outputs/annavin_text_extractor/md_pages/katturaigal/idathu_paatham.md,/Users/pugazhendhirajendran/Documents/Codex/2026-07-09/https-www-annavinpadaippugal-info/outputs/annavin_text_extractor/ocr_text_corrected/katturaigal/idathu_paatham.md
katturaigal/idukki.md,ocr,773,33804,/Users/pugazhendhirajendran/Documents/Codex/2026-07-09/https-www-annavinpadaippugal-info/outputs/annavin_text_extractor/md_pages/katturaigal/idukki.md,/Users/pugazhendhirajendran/Documents/Codex/2026-07-09/https-www-annavinpadaippugal-info/outputs/annavin_text_extractor/ocr_text_corrected/katturaigal/idukki.md
katturaigal/ilamayil_muthumai.md,ocr,806,65926,/Users/pugazhendhirajendran/Documents/Codex/2026-07-09/https-www-annavinpadaippugal-info/outputs/annavin_text_extractor/md_pages/katturaigal/ilamayil_muthumai.md,/Users/pugazhendhirajendran/Documents/Codex/2026-07-09/https-www-annavinpadaippugal-info/outputs/annavin_text_extractor/ocr_text_corrected/katturaigal/ilamayil_muthumai.md
katturaigal/indhumathamum.md,ocr,794,91689,/Users/pugazhendhirajendran/Documents/Codex/2026-07-09/https-www-annavinpadaippugal-info/outputs/annavin_text_extractor/md_pages/katturaigal/indhumathamum.md,/Users/pugazhendhirajendran/Documents/Codex/2026-07-09/https-www-annavinpadaippugal-info/outputs/annavin_text_extractor/ocr_text_corrected/katturaigal/indhumathamum.md
katturaigal/indraya_nirvagam.md,ocr,803,5693,/Users/pugazhendhirajendran/Documents/Codex/2026-07-09/https-www-annavinpadaippugal-info/outputs/annavin_text_extractor/md_pages/katturaigal/indraya_nirvagam.md,/Users/pugazhendhirajendran/Documents/Codex/2026-07-09/https-www-annavinpadaippugal-info/outputs/annavin_text_extractor/ocr_text_corrected/katturaigal/indraya_nirvagam.md
katturaigal/irandu_theerpu.md,ocr,797,35923,/Users/pugazhendhirajendran/Documents/Codex/2026-07-09/https-www-annavinpadaippugal-info/outputs/annavin_text_extractor/md_pages/katturaigal/irandu_theerpu.md,/Users/pugazhendhirajendran/Documents/Codex/2026-07-09/https-www-annavinpadaippugal-info/outputs/annavin_text_extractor/ocr_text_corrected/katturaigal/irandu_theerpu.md
katturaigal/iru_vetrigal.md,ocr,791,8155,/Users/pugazhendhirajendran/Documents/Codex/2026-07-09/https-www-annavinpadaippugal-info/outputs/annavin_text_extractor/md_pages/katturaigal/iru_vetrigal.md,/Users/pugazhendhirajendran/Documents/Codex/2026-07-09/https-www-annavinpadaippugal-info/outputs/annavin_text_extractor/ocr_text_corrected/katturaigal/iru_vetrigal.md
katturaigal/irubathumoovar.md,ocr,797,17262,/Users/pugazhendhirajendran/Documents/Codex/2026-07-09/https-www-annavinpadaippugal-info/outputs/annavin_text_extractor/md_pages/katturaigal/irubathumoovar.md,/Users/pugazhendhirajendran/Documents/Codex/2026-07-09/https-www-annavinpadaippugal-info/outputs/annavin_text_extractor/ocr_text_corrected/katturaigal/irubathumoovar.md
katturaigal/irulagala.md,ocr,677,47712,/Users/pugazhendhirajendran/Documents/Codex/2026-07-09/https-www-annavinpadaippugal-info/outputs/annavin_text_extractor/md_pages/katturaigal/irulagala.md,/Users/pugazhendhirajendran/Documents/Codex/2026-07-09/https-www-annavinpadaippugal-info/outputs/annavin_text_extractor/ocr_text_corrected/katturaigal/irulagala.md
katturaigal/irulagala_2.md,ocr,683,43797,/Users/pugazhendhirajendran/Documents/Codex/2026-07-09/https-www-annavinpadaippugal-info/outputs/annavin_text_extractor/md_pages/katturaigal/irulagala_2.md,/Users/pugazhendhirajendran/Documents/Codex/2026-07-09/https-www-annavinpadaippugal-info/outputs/annavin_text_extractor/ocr_text_corrected/katturaigal/irulagala_2.md
katturaigal/irunda_indiavil.md,ocr,800,34380,/Users/pugazhendhirajendran/Documents/Codex/2026-07-09/https-www-annavinpadaippugal-info/outputs/annavin_text_extractor/md_pages/katturaigal/irunda_indiavil.md,/Users/pugazhendhirajendran/Documents/Codex/2026-07-09/https-www-annavinpadaippugal-info/outputs/annavin_text_extractor/ocr_text_corrected/katturaigal/irunda_indiavil.md
katturaigal/iruthaya_geetham.md,ocr,803,21736,/Users/pugazhendhirajendran/Documents/Codex/2026-07-09/https-www-annavinpadaippugal-info/outputs/annavin_text_extractor/md_pages/katturaigal/iruthaya_geetham.md,/Users/pugazhendhirajendran/Documents/Codex/2026-07-09/https-www-annavinpadaippugal-info/outputs/annavin_text_extractor/ocr_text_corrected/katturaigal/iruthaya_geetham.md
katturaigal/iruttil_prag.md,ocr,791,17087,/Users/pugazhendhirajendran/Documents/Codex/2026-07-09/https-www-annavinpadaippugal-info/outputs/annavin_text_extractor/md_pages/katturaigal/iruttil_prag.md,/Users/pugazhendhirajendran/Documents/Codex/2026-07-09/https-www-annavinpadaippugal-info/outputs/annavin_text_extractor/ocr_text_corrected/katturaigal/iruttil_prag.md
katturaigal/islama_isrela.md,ocr,794,47997,/Users/pugazhendhirajendran/Documents/Codex/2026-07-09/https-www-annavinpadaippugal-info/outputs/annavin_text_extractor/md_pages/katturaigal/islama_isrela.md,/Users/pugazhendhirajendran/Documents/Codex/2026-07-09/https-www-annavinpadaippugal-info/outputs/annavin_text_extractor/ocr_text_corrected/katturaigal/islama_isrela.md
katturaigal/itharkupaer.md,ocr,788,55055,/Users/pugazhendhirajendran/Documents/Codex/2026-07-09/https-www-annavinpadaippugal-info/outputs/annavin_text_extractor/md_pages/katturaigal/itharkupaer.md,/Users/pugazhendhirajendran/Documents/Codex/2026-07-09/https-www-annavinpadaippugal-info/outputs/annavin_text_extractor/ocr_text_corrected/katturaigal/itharkupaer.md
katturaigal/ithuthan_satta.md,ocr,797,24016,/Users/pugazhendhirajendran/Documents/Codex/2026-07-09/https-www-annavinpadaippugal-info/outputs/annavin_text_extractor/md_pages/katturaigal/ithuthan_satta.md,/Users/pugazhendhirajendran/Documents/Codex/2026-07-09/https-www-annavinpadaippugal-info/outputs/annavin_text_extractor/ocr_text_corrected/katturaigal/ithuthan_satta.md
katturaigal/ithuvatamilar.md,ocr,794,31990,/Users/pugazhendhirajendran/Documents/Codex/2026-07-09/https-www-annavinpadaippugal-info/outputs/annavin_text_extractor/md_pages/katturaigal/ithuvatamilar.md,/Users/pugazhendhirajendran/Documents/Codex/2026-07-09/https-www-annavinpadaippugal-info/outputs/annavin_text_extractor/ocr_text_corrected/katturaigal/ithuvatamilar.md
katturaigal/ivargalukku_avargal.md,ocr,812,55776,/Users/pugazhendhirajendran/Documents/Codex/2026-07-09/https-www-annavinpadaippugal-info/outputs/annavin_text_extractor/md_pages/katturaigal/ivargalukku_avargal.md,/Users/pugazhendhirajendran/Documents/Codex/2026-07-09/https-www-annavinpadaippugal-info/outputs/annavin_text_extractor/ocr_text_corrected/katturaigal/ivargalukku_avargal.md
katturaigal/iyakka_veerarai.md,ocr,800,2215,/Users/pugazhendhirajendran/Documents/Codex/2026-07-09/https-www-annavinpadaippugal-info/outputs/annavin_text_extractor/md_pages/katturaigal/iyakka_veerarai.md,/Users/pugazhendhirajendran/Documents/Codex/2026-07-09/https-www-annavinpadaippugal-info/outputs/annavin_text_extractor/ocr_text_corrected/katturaigal/iyakka_veerarai.md
katturaigal/iyakkam_namathu.md,ocr,800,9562,/Users/pugazhendhirajendran/Documents/Codex/2026-07-09/https-www-annavinpadaippugal-info/outputs/annavin_text_extractor/md_pages/katturaigal/iyakkam_namathu.md,/Users/pugazhendhirajendran/Documents/Codex/2026-07-09/https-www-annavinpadaippugal-info/outputs/annavin_text_extractor/ocr_text_corrected/katturaigal/iyakkam_namathu.md
katturaigal/iyarkai_oru.md,ocr,788,28938,/Users/pugazhendhirajendran/Documents/Codex/2026-07-09/https-www-annavinpadaippugal-info/outputs/annavin_text_extractor/md_pages/katturaigal/iyarkai_oru.md,/Users/pugazhendhirajendran/Documents/Codex/2026-07-09/https-www-annavinpadaippugal-info/outputs/annavin_text_extractor/ocr_text_corrected/katturaigal/iyarkai_oru.md
katturaigal/izhakkamaattom.md,ocr,797,10032,/Users/pugazhendhirajendran/Documents/Codex/2026-07-09/https-www-annavinpadaippugal-info/outputs/annavin_text_extractor/md_pages/katturaigal/izhakkamaattom.md,/Users/pugazhendhirajendran/Documents/Codex/2026-07-09/https-www-annavinpadaippugal-info/outputs/annavin_text_extractor/ocr_text_corrected/katturaigal/izhakkamaattom.md
katturaigal/jathi_muraikku.md,ocr,797,37245,/Users/pugazhendhirajendran/Documents/Codex/2026-07-09/https-www-annavinpadaippugal-info/outputs/annavin_text_extractor/md_pages/katturaigal/jathi_muraikku.md,/Users/pugazhendhirajendran/Documents/Codex/2026-07-09/https-www-annavinpadaippugal-info/outputs/annavin_text_extractor/ocr_text_corrected/katturaigal/jathi_muraikku.md
katturaigal/jeevamrutham.md,ocr,791,33548,/Users/pugazhendhirajendran/Documents/Codex/2026-07-09/https-www-annavinpadaippugal-info/outputs/annavin_text_extractor/md_pages/katturaigal/jeevamrutham.md,/Users/pugazhendhirajendran/Documents/Codex/2026-07-09/https-www-annavinpadaippugal-info/outputs/annavin_text_extractor/ocr_text_corrected/katturaigal/jeevamrutham.md
katturaigal/jiniva.md,ocr,773,18172,/Users/pugazhendhirajendran/Documents/Codex/2026-07-09/https-www-annavinpadaippugal-info/outputs/annavin_text_extractor/md_pages/katturaigal/jiniva.md,/Users/pugazhendhirajendran/Documents/Codex/2026-07-09/https-www-annavinpadaippugal-info/outputs/annavin_text_extractor/ocr_text_corrected/katturaigal/jiniva.md
katturaigal/jomo.md,ocr,767,6976,/Users/pugazhendhirajendran/Documents/Codex/2026-07-09/https-www-annavinpadaippugal-info/outputs/annavin_text_extractor/md_pages/katturaigal/jomo.md,/Users/pugazhendhirajendran/Documents/Codex/2026-07-09/https-www-annavinpadaippugal-info/outputs/annavin_text_extractor/ocr_text_corrected/katturaigal/jomo.md
katturaigal/jothyae.md,ocr,776,55539,/Users/pugazhendhirajendran/Documents/Codex/2026-07-09/https-www-annavinpadaippugal-info/outputs/annavin_text_extractor/md_pages/katturaigal/jothyae.md,/Users/pugazhendhirajendran/Documents/Codex/2026-07-09/https-www-annavinpadaippugal-info/outputs/annavin_text_extractor/ocr_text_corrected/katturaigal/jothyae.md
katturaigal/july.md,ocr,767,11112,/Users/pugazhendhirajendran/Documents/Codex/2026-07-09/https-www-annavinpadaippugal-info/outputs/annavin_text_extractor/md_pages/katturaigal/july.md,/Users/pugazhendhirajendran/Documents/Codex/2026-07-09/https-www-annavinpadaippugal-info/outputs/annavin_text_extractor/ocr_text_corrected/katturaigal/july.md
katturaigal/july13.md,ocr,773,2696,/Users/pugazhendhirajendran/Documents/Codex/2026-07-09/https-www-annavinpadaippugal-info/outputs/annavin_text_extractor/md_pages/katturaigal/july13.md,/Users/pugazhendhirajendran/Documents/Codex/2026-07-09/https-www-annavinpadaippugal-info/outputs/annavin_text_extractor/ocr_text_corrected/katturaigal/july13.md
katturaigal/july15_sanga.md,ocr,791,45943,/Users/pugazhendhirajendran/Documents/Codex/2026-07-09/https-www-annavinpadaippugal-info/outputs/annavin_text_extractor/md_pages/katturaigal/july15_sanga.md,/Users/pugazhendhirajendran/Documents/Codex/2026-07-09/https-www-annavinpadaippugal-info/outputs/annavin_text_extractor/ocr_text_corrected/katturaigal/july15_sanga.md
katturaigal/justice_katchi.md,ocr,666,44214,/Users/pugazhendhirajendran/Documents/Codex/2026-07-09/https-www-annavinpadaippugal-info/outputs/annavin_text_extractor/md_pages/katturaigal/justice_katchi.md,/Users/pugazhendhirajendran/Documents/Codex/2026-07-09/https-www-annavinpadaippugal-info/outputs/annavin_text_extractor/ocr_text_corrected/katturaigal/justice_katchi.md
katturaigal/kaalamae.md,ocr,779,45901,/Users/pugazhendhirajendran/Documents/Codex/2026-07-09/https-www-annavinpadaippugal-info/outputs/annavin_text_extractor/md_pages/katturaigal/kaalamae.md,/Users/pugazhendhirajendran/Documents/Codex/2026-07-09/https-www-annavinpadaippugal-info/outputs/annavin_text_extractor/ocr_text_corrected/katturaigal/kaalamae.md
katturaigal/kaanamalpona.md,ocr,791,24705,/Users/pugazhendhirajendran/Documents/Codex/2026-07-09/https-www-annavinpadaippugal-info/outputs/annavin_text_extractor/md_pages/katturaigal/kaanamalpona.md,/Users/pugazhendhirajendran/Documents/Codex/2026-07-09/https-www-annavinpadaippugal-info/outputs/annavin_text_extractor/ocr_text_corrected/katturaigal/kaanamalpona.md
katturaigal/kadai.md,ocr,770,47768,/Users/pugazhendhirajendran/Documents/Codex/2026-07-09/https-www-annavinpadaippugal-info/outputs/annavin_text_extractor/md_pages/katturaigal/kadai.md,/Users/pugazhendhirajendran/Documents/Codex/2026-07-09/https-www-annavinpadaippugal-info/outputs/annavin_text_extractor/ocr_text_corrected/katturaigal/kadai.md
katturaigal/kadamai_unarchi.md,ocr,800,6216,/Users/pugazhendhirajendran/Documents/Codex/2026-07-09/https-www-annavinpadaippugal-info/outputs/annavin_text_extractor/md_pages/katturaigal/kadamai_unarchi.md,/Users/pugazhendhirajendran/Documents/Codex/2026-07-09/https-www-annavinpadaippugal-info/outputs/annavin_text_extractor/ocr_text_corrected/katturaigal/kadamai_unarchi.md
katturaigal/kadavul_vilakkam.md,ocr,803,43560,/Users/pugazhendhirajendran/Documents/Codex/2026-07-09/https-www-annavinpadaippugal-info/outputs/annavin_text_extractor/md_pages/katturaigal/kadavul_vilakkam.md,/Users/pugazhendhirajendran/Documents/Codex/2026-07-09/https-www-annavinpadaippugal-info/outputs/annavin_text_extractor/ocr_text_corrected/katturaigal/kadavul_vilakkam.md
katturaigal/kaelviyum_bathilum091147.md,ocr,827,15338,/Users/pugazhendhirajendran/Documents/Codex/2026-07-09/https-www-annavinpadaippugal-info/outputs/annavin_text_extractor/md_pages/katturaigal/kaelviyum_bathilum091147.md,/Users/pugazhendhirajendran/Documents/Codex/2026-07-09/https-www-annavinpadaippugal-info/outputs/annavin_text_extractor/ocr_text_corrected/katturaigal/kaelviyum_bathilum091147.md
katturaigal/kaelviyum_bathilum201147.md,ocr,827,18703,/Users/pugazhendhirajendran/Documents/Codex/2026-07-09/https-www-annavinpadaippugal-info/outputs/annavin_text_extractor/md_pages/katturaigal/kaelviyum_bathilum201147.md,/Users/pugazhendhirajendran/Documents/Codex/2026-07-09/https-www-annavinpadaippugal-info/outputs/annavin_text_extractor/ocr_text_corrected/katturaigal/kaelviyum_bathilum201147.md
katturaigal/kaetathu_vaazhvu.md,ocr,803,23921,/Users/pugazhendhirajendran/Documents/Codex/2026-07-09/https-www-annavinpadaippugal-info/outputs/annavin_text_extractor/md_pages/katturaigal/kaetathu_vaazhvu.md,/Users/pugazhendhirajendran/Documents/Codex/2026-07-09/https-www-annavinpadaippugal-info/outputs/annavin_text_extractor/ocr_text_corrected/katturaigal/kaetathu_vaazhvu.md
katturaigal/kaeteergala.md,ocr,788,8007,/Users/pugazhendhirajendran/Documents/Codex/2026-07-09/https-www-annavinpadaippugal-info/outputs/annavin_text_extractor/md_pages/katturaigal/kaeteergala.md,/Users/pugazhendhirajendran/Documents/Codex/2026-07-09/https-www-annavinpadaippugal-info/outputs/annavin_text_extractor/ocr_text_corrected/katturaigal/kaeteergala.md
katturaigal/kaithari.md,ocr,779,26849,/Users/pugazhendhirajendran/Documents/Codex/2026-07-09/https-www-annavinpadaippugal-info/outputs/annavin_text_extractor/md_pages/katturaigal/kaithari.md,/Users/pugazhendhirajendran/Documents/Codex/2026-07-09/https-www-annavinpadaippugal-info/outputs/annavin_text_extractor/ocr_text_corrected/katturaigal/kaithari.md
katturaigal/kaiyil_oomai.md,ocr,791,25361,/Users/pugazhendhirajendran/Documents/Codex/2026-07-09/https-www-annavinpadaippugal-info/outputs/annavin_text_extractor/md_pages/katturaigal/kaiyil_oomai.md,/Users/pugazhendhirajendran/Documents/Codex/2026-07-09/https-www-annavinpadaippugal-info/outputs/annavin_text_extractor/ocr_text_corrected/katturaigal/kaiyil_oomai.md
katturaigal/kalai_oli.md,ocr,782,24667,/Users/pugazhendhirajendran/Documents/Codex/2026-07-09/https-www-annavinpadaippugal-info/outputs/annavin_text_extractor/md_pages/katturaigal/kalai_oli.md,/Users/pugazhendhirajendran/Documents/Codex/2026-07-09/https-www-annavinpadaippugal-info/outputs/annavin_text_extractor/ocr_text_corrected/katturaigal/kalai_oli.md
katturaigal/kalaivazhi.md,ocr,785,24017,/Users/pugazhendhirajendran/Documents/Codex/2026-07-09/https-www-annavinpadaippugal-info/outputs/annavin_text_extractor/md_pages/katturaigal/kalaivazhi.md,/Users/pugazhendhirajendran/Documents/Codex/2026-07-09/https-www-annavinpadaippugal-info/outputs/annavin_text_extractor/ocr_text_corrected/katturaigal/kalaivazhi.md
katturaigal/kalaiyum_padukolaiyum.md,ocr,818,19604,/Users/pugazhendhirajendran/Documents/Codex/2026-07-09/https-www-annavinpadaippugal-info/outputs/annavin_text_extractor/md_pages/katturaigal/kalaiyum_padukolaiyum.md,/Users/pugazhendhirajendran/Documents/Codex/2026-07-09/https-www-annavinpadaippugal-info/outputs/annavin_text_extractor/ocr_text_corrected/katturaigal/kalaiyum_padukolaiyum.md
katturaigal/kalanjiam_kaana.md,ocr,800,11800,/Users/pugazhendhirajendran/Documents/Codex/2026-07-09/https-www-annavinpadaippugal-info/outputs/annavin_text_extractor/md_pages/katturaigal/kalanjiam_kaana.md,/Users/pugazhendhirajendran/Documents/Codex/2026-07-09/https-www-annavinpadaippugal-info/outputs/annavin_text_extractor/ocr_text_corrected/katturaigal/kalanjiam_kaana.md
katturaigal/kalimannum.md,ocr,746,41090,/Users/pugazhendhirajendran/Documents/Codex/2026-07-09/https-www-annavinpadaippugal-info/outputs/annavin_text_extractor/md_pages/katturaigal/kalimannum.md,/Users/pugazhendhirajendran/Documents/Codex/2026-07-09/https-www-annavinpadaippugal-info/outputs/annavin_text_extractor/ocr_text_corrected/katturaigal/kalimannum.md
katturaigal/kalippum.md,ocr,779,24849,/Users/pugazhendhirajendran/Documents/Codex/2026-07-09/https-www-annavinpadaippugal-info/outputs/annavin_text_extractor/md_pages/katturaigal/kalippum.md,/Users/pugazhendhirajendran/Documents/Codex/2026-07-09/https-www-annavinpadaippugal-info/outputs/annavin_text_extractor/ocr_text_corrected/katturaigal/kalippum.md
katturaigal/kallakkudi_ara.md,ocr,797,25425,/Users/pugazhendhirajendran/Documents/Codex/2026-07-09/https-www-annavinpadaippugal-info/outputs/annavin_text_extractor/md_pages/katturaigal/kallakkudi_ara.md,/Users/pugazhendhirajendran/Documents/Codex/2026-07-09/https-www-annavinpadaippugal-info/outputs/annavin_text_extractor/ocr_text_corrected/katturaigal/kallakkudi_ara.md
katturaigal/kalyana.md,ocr,776,35925,/Users/pugazhendhirajendran/Documents/Codex/2026-07-09/https-www-annavinpadaippugal-info/outputs/annavin_text_extractor/md_pages/katturaigal/kalyana.md,/Users/pugazhendhirajendran/Documents/Codex/2026-07-09/https-www-annavinpadaippugal-info/outputs/annavin_text_extractor/ocr_text_corrected/katturaigal/kalyana.md
katturaigal/kamarajar_sambavam.md,ocr,809,44357,/Users/pugazhendhirajendran/Documents/Codex/2026-07-09/https-www-annavinpadaippugal-info/outputs/annavin_text_extractor/md_pages/katturaigal/kamarajar_sambavam.md,/Users/pugazhendhirajendran/Documents/Codex/2026-07-09/https-www-annavinpadaippugal-info/outputs/annavin_text_extractor/ocr_text_corrected/katturaigal/kamarajar_sambavam.md
katturaigal/kambar_maanadu.md,ocr,797,5576,/Users/pugazhendhirajendran/Documents/Codex/2026-07-09/https-www-annavinpadaippugal-info/outputs/annavin_text_extractor/md_pages/katturaigal/kambar_maanadu.md,/Users/pugazhendhirajendran/Documents/Codex/2026-07-09/https-www-annavinpadaippugal-info/outputs/annavin_text_extractor/ocr_text_corrected/katturaigal/kambar_maanadu.md
katturaigal/kambar_vizha.md,ocr,791,50200,/Users/pugazhendhirajendran/Documents/Codex/2026-07-09/https-www-annavinpadaippugal-info/outputs/annavin_text_extractor/md_pages/katturaigal/kambar_vizha.md,/Users/pugazhendhirajendran/Documents/Codex/2026-07-09/https-www-annavinpadaippugal-info/outputs/annavin_text_extractor/ocr_text_corrected/katturaigal/kambar_vizha.md
katturaigal/kambarasam.md,ocr,2663,561003,/Users/pugazhendhirajendran/Documents/Codex/2026-07-09/https-www-annavinpadaippugal-info/outputs/annavin_text_extractor/md_pages/katturaigal/kambarasam.md,/Users/pugazhendhirajendran/Documents/Codex/2026-07-09/https-www-annavinpadaippugal-info/outputs/annavin_text_extractor/ocr_text_corrected/katturaigal/kambarasam.md
katturaigal/kanchiyil_hindi.md,ocr,800,23810,/Users/pugazhendhirajendran/Documents/Codex/2026-07-09/https-www-annavinpadaippugal-info/outputs/annavin_text_extractor/md_pages/katturaigal/kanchiyil_hindi.md,/Users/pugazhendhirajendran/Documents/Codex/2026-07-09/https-www-annavinpadaippugal-info/outputs/annavin_text_extractor/ocr_text_corrected/katturaigal/kanchiyil_hindi.md
katturaigal/kandathum_kaet.md,ocr,797,25293,/Users/pugazhendhirajendran/Documents/Codex/2026-07-09/https-www-annavinpadaippugal-info/outputs/annavin_text_extractor/md_pages/katturaigal/kandathum_kaet.md,/Users/pugazhendhirajendran/Documents/Codex/2026-07-09/https-www-annavinpadaippugal-info/outputs/annavin_text_extractor/ocr_text_corrected/katturaigal/kandathum_kaet.md
katturaigal/kandhazhi.md,ocr,782,57792,/Users/pugazhendhirajendran/Documents/Codex/2026-07-09/https-www-annavinpadaippugal-info/outputs/annavin_text_extractor/md_pages/katturaigal/kandhazhi.md,/Users/pugazhendhirajendran/Documents/Codex/2026-07-09/https-www-annavinpadaippugal-info/outputs/annavin_text_extractor/ocr_text_corrected/katturaigal/kandhazhi.md
katturaigal/kannadi_veetil.md,ocr,800,36438,/Users/pugazhendhirajendran/Documents/Codex/2026-07-09/https-www-annavinpadaippugal-info/outputs/annavin_text_extractor/md_pages/katturaigal/kannadi_veetil.md,/Users/pugazhendhirajendran/Documents/Codex/2026-07-09/https-www-annavinpadaippugal-info/outputs/annavin_text_extractor/ocr_text_corrected/katturaigal/kannadi_veetil.md
katturaigal/kanneer_thuligal.md,ocr,803,68835,/Users/pugazhendhirajendran/Documents/Codex/2026-07-09/https-www-annavinpadaippugal-info/outputs/annavin_text_extractor/md_pages/katturaigal/kanneer_thuligal.md,/Users/pugazhendhirajendran/Documents/Codex/2026-07-09/https-www-annavinpadaippugal-info/outputs/annavin_text_extractor/ocr_text_corrected/katturaigal/kanneer_thuligal.md
katturaigal/karunguzhiyar.md,ocr,794,42553,/Users/pugazhendhirajendran/Documents/Codex/2026-07-09/https-www-annavinpadaippugal-info/outputs/annavin_text_extractor/md_pages/katturaigal/karunguzhiyar.md,/Users/pugazhendhirajendran/Documents/Codex/2026-07-09/https-www-annavinpadaippugal-info/outputs/annavin_text_extractor/ocr_text_corrected/katturaigal/karunguzhiyar.md
katturaigal/karuthalikkum.md,ocr,794,32175,/Users/pugazhendhirajendran/Documents/Codex/2026-07-09/https-www-annavinpadaippugal-info/outputs/annavin_text_extractor/md_pages/katturaigal/karuthalikkum.md,/Users/pugazhendhirajendran/Documents/Codex/2026-07-09/https-www-annavinpadaippugal-info/outputs/annavin_text_extractor/ocr_text_corrected/katturaigal/karuthalikkum.md
katturaigal/karuthu_alaya.md,ocr,794,12526,/Users/pugazhendhirajendran/Documents/Codex/2026-07-09/https-www-annavinpadaippugal-info/outputs/annavin_text_extractor/md_pages/katturaigal/karuthu_alaya.md,/Users/pugazhendhirajendran/Documents/Codex/2026-07-09/https-www-annavinpadaippugal-info/outputs/annavin_text_extractor/ocr_text_corrected/katturaigal/karuthu_alaya.md
katturaigal/katchiyil_kadavul.md,ocr,806,48595,/Users/pugazhendhirajendran/Documents/Codex/2026-07-09/https-www-annavinpadaippugal-info/outputs/annavin_text_extractor/md_pages/katturaigal/katchiyil_kadavul.md,/Users/pugazhendhirajendran/Documents/Codex/2026-07-09/https-www-annavinpadaippugal-info/outputs/annavin_text_extractor/ocr_text_corrected/katturaigal/katchiyil_kadavul.md
katturaigal/kathamba_kesari.md,ocr,803,10805,/Users/pugazhendhirajendran/Documents/Codex/2026-07-09/https-www-annavinpadaippugal-info/outputs/annavin_text_extractor/md_pages/katturaigal/kathamba_kesari.md,/Users/pugazhendhirajendran/Documents/Codex/2026-07-09/https-www-annavinpadaippugal-info/outputs/annavin_text_extractor/ocr_text_corrected/katturaigal/kathamba_kesari.md
katturaigal/kathiresarukku.md,ocr,797,45844,/Users/pugazhendhirajendran/Documents/Codex/2026-07-09/https-www-annavinpadaippugal-info/outputs/annavin_text_extractor/md_pages/katturaigal/kathiresarukku.md,/Users/pugazhendhirajendran/Documents/Codex/2026-07-09/https-www-annavinpadaippugal-info/outputs/annavin_text_extractor/ocr_text_corrected/katturaigal/kathiresarukku.md
katturaigal/kattaiviral.md,ocr,788,31983,/Users/pugazhendhirajendran/Documents/Codex/2026-07-09/https-www-annavinpadaippugal-info/outputs/annavin_text_extractor/md_pages/katturaigal/kattaiviral.md,/Users/pugazhendhirajendran/Documents/Codex/2026-07-09/https-www-annavinpadaippugal-info/outputs/annavin_text_extractor/ocr_text_corrected/katturaigal/kattaiviral.md
katturaigal/kaviyarasi.md,ocr,785,7430,/Users/pugazhendhirajendran/Documents/Codex/2026-07-09/https-www-annavinpadaippugal-info/outputs/annavin_text_extractor/md_pages/katturaigal/kaviyarasi.md,/Users/pugazhendhirajendran/Documents/Codex/2026-07-09/https-www-annavinpadaippugal-info/outputs/annavin_text_extractor/ocr_text_corrected/katturaigal/kaviyarasi.md
katturaigal/kazhaga_nilai.md,ocr,794,13675,/Users/pugazhendhirajendran/Documents/Codex/2026-07-09/https-www-annavinpadaippugal-info/outputs/annavin_text_extractor/md_pages/katturaigal/kazhaga_nilai.md,/Users/pugazhendhirajendran/Documents/Codex/2026-07-09/https-www-annavinpadaippugal-info/outputs/annavin_text_extractor/ocr_text_corrected/katturaigal/kazhaga_nilai.md
katturaigal/kazhaga_pani.md,ocr,791,19686,/Users/pugazhendhirajendran/Documents/Codex/2026-07-09/https-www-annavinpadaippugal-info/outputs/annavin_text_extractor/md_pages/katturaigal/kazhaga_pani.md,/Users/pugazhendhirajendran/Documents/Codex/2026-07-09/https-www-annavinpadaippugal-info/outputs/annavin_text_extractor/ocr_text_corrected/katturaigal/kazhaga_pani.md
katturaigal/kazhagakural.md,ocr,791,12477,/Users/pugazhendhirajendran/Documents/Codex/2026-07-09/https-www-annavinpadaippugal-info/outputs/annavin_text_extractor/md_pages/katturaigal/kazhagakural.md,/Users/pugazhendhirajendran/Documents/Codex/2026-07-09/https-www-annavinpadaippugal-info/outputs/annavin_text_extractor/ocr_text_corrected/katturaigal/kazhagakural.md
katturaigal/kazhagamum.md,ocr,785,2275,/Users/pugazhendhirajendran/Documents/Codex/2026-07-09/https-www-annavinpadaippugal-info/outputs/annavin_text_extractor/md_pages/katturaigal/kazhagamum.md,/Users/pugazhendhirajendran/Documents/Codex/2026-07-09/https-www-annavinpadaippugal-info/outputs/annavin_text_extractor/ocr_text_corrected/katturaigal/kazhagamum.md
katturaigal/keelatchebam.md,ocr,791,59855,/Users/pugazhendhirajendran/Documents/Codex/2026-07-09/https-www-annavinpadaippugal-info/outputs/annavin_text_extractor/md_pages/katturaigal/keelatchebam.md,/Users/pugazhendhirajendran/Documents/Codex/2026-07-09/https-www-annavinpadaippugal-info/outputs/annavin_text_extractor/ocr_text_corrected/katturaigal/keelatchebam.md
katturaigal/keezhae_vizhuntha.md,ocr,806,7431,/Users/pugazhendhirajendran/Documents/Codex/2026-07-09/https-www-annavinpadaippugal-info/outputs/annavin_text_extractor/md_pages/katturaigal/keezhae_vizhuntha.md,/Users/pugazhendhirajendran/Documents/Codex/2026-07-09/https-www-annavinpadaippugal-info/outputs/annavin_text_extractor/ocr_text_corrected/katturaigal/keezhae_vizhuntha.md
katturaigal/koattai_sarigirathu.md,ocr,812,40499,/Users/pugazhendhirajendran/Documents/Codex/2026-07-09/https-www-annavinpadaippugal-info/outputs/annavin_text_extractor/md_pages/katturaigal/koattai_sarigirathu.md,/Users/pugazhendhirajendran/Documents/Codex/2026-07-09/https-www-annavinpadaippugal-info/outputs/annavin_text_extractor/ocr_text_corrected/katturaigal/koattai_sarigirathu.md
katturaigal/koattaikullae.md,ocr,794,14470,/Users/pugazhendhirajendran/Documents/Codex/2026-07-09/https-www-annavinpadaippugal-info/outputs/annavin_text_extractor/md_pages/katturaigal/koattaikullae.md,/Users/pugazhendhirajendran/Documents/Codex/2026-07-09/https-www-annavinpadaippugal-info/outputs/annavin_text_extractor/ocr_text_corrected/katturaigal/koattaikullae.md
katturaigal/koluppommai.md,ocr,788,10699,/Users/pugazhendhirajendran/Documents/Codex/2026-07-09/https-www-annavinpadaippugal-info/outputs/annavin_text_extractor/md_pages/katturaigal/koluppommai.md,/Users/pugazhendhirajendran/Documents/Codex/2026-07-09/https-www-annavinpadaippugal-info/outputs/annavin_text_extractor/ocr_text_corrected/katturaigal/koluppommai.md
katturaigal/koluthuvathu.md,ocr,791,9151,/Users/pugazhendhirajendran/Documents/Codex/2026-07-09/https-www-annavinpadaippugal-info/outputs/annavin_text_extractor/md_pages/katturaigal/koluthuvathu.md,/Users/pugazhendhirajendran/Documents/Codex/2026-07-09/https-www-annavinpadaippugal-info/outputs/annavin_text_extractor/ocr_text_corrected/katturaigal/koluthuvathu.md
katturaigal/kothanar.md,ocr,779,28389,/Users/pugazhendhirajendran/Documents/Codex/2026-07-09/https-www-annavinpadaippugal-info/outputs/annavin_text_extractor/md_pages/katturaigal/kothanar.md,/Users/pugazhendhirajendran/Documents/Codex/2026-07-09/https-www-annavinpadaippugal-info/outputs/annavin_text_extractor/ocr_text_corrected/katturaigal/kothanar.md
katturaigal/kovai_vaareer.md,ocr,794,12427,/Users/pugazhendhirajendran/Documents/Codex/2026-07-09/https-www-annavinpadaippugal-info/outputs/annavin_text_extractor/md_pages/katturaigal/kovai_vaareer.md,/Users/pugazhendhirajendran/Documents/Codex/2026-07-09/https-www-annavinpadaippugal-info/outputs/annavin_text_extractor/ocr_text_corrected/katturaigal/kovai_vaareer.md
katturaigal/kovil_karai.md,ocr,788,3606,/Users/pugazhendhirajendran/Documents/Codex/2026-07-09/https-www-annavinpadaippugal-info/outputs/annavin_text_extractor/md_pages/katturaigal/kovil_karai.md,/Users/pugazhendhirajendran/Documents/Codex/2026-07-09/https-www-annavinpadaippugal-info/outputs/annavin_text_extractor/ocr_text_corrected/katturaigal/kovil_karai.md
katturaigal/kudiyatchi_komaan.md,ocr,797,100382,/Users/pugazhendhirajendran/Documents/Codex/2026-07-09/https-www-annavinpadaippugal-info/outputs/annavin_text_extractor/md_pages/katturaigal/kudiyatchi_komaan.md,/Users/pugazhendhirajendran/Documents/Codex/2026-07-09/https-www-annavinpadaippugal-info/outputs/annavin_text_extractor/ocr_text_corrected/katturaigal/kudiyatchi_komaan.md
katturaigal/kumbakonathil.md,ocr,797,5730,/Users/pugazhendhirajendran/Documents/Codex/2026-07-09/https-www-annavinpadaippugal-info/outputs/annavin_text_extractor/md_pages/katturaigal/kumbakonathil.md,/Users/pugazhendhirajendran/Documents/Codex/2026-07-09/https-www-annavinpadaippugal-info/outputs/annavin_text_extractor/ocr_text_corrected/katturaigal/kumbakonathil.md
katturaigal/kuppai_maettu.md,ocr,794,44760,/Users/pugazhendhirajendran/Documents/Codex/2026-07-09/https-www-annavinpadaippugal-info/outputs/annavin_text_extractor/md_pages/katturaigal/kuppai_maettu.md,/Users/pugazhendhirajendran/Documents/Codex/2026-07-09/https-www-annavinpadaippugal-info/outputs/annavin_text_extractor/ocr_text_corrected/katturaigal/kuppai_maettu.md
katturaigal/kutrala_neer.md,ocr,791,35362,/Users/pugazhendhirajendran/Documents/Codex/2026-07-09/https-www-annavinpadaippugal-info/outputs/annavin_text_extractor/md_pages/katturaigal/kutrala_neer.md,/Users/pugazhendhirajendran/Documents/Codex/2026-07-09/https-www-annavinpadaippugal-info/outputs/annavin_text_extractor/ocr_text_corrected/katturaigal/kutrala_neer.md
katturaigal/kutram_sol.md,ocr,785,66078,/Users/pugazhendhirajendran/Documents/Codex/2026-07-09/https-www-annavinpadaippugal-info/outputs/annavin_text_extractor/md_pages/katturaigal/kutram_sol.md,/Users/pugazhendhirajendran/Documents/Codex/2026-07-09/https-www-annavinpadaippugal-info/outputs/annavin_text_extractor/ocr_text_corrected/katturaigal/kutram_sol.md
katturaigal/kutrathoorar.md,ocr,791,30330,/Users/pugazhendhirajendran/Documents/Codex/2026-07-09/https-www-annavinpadaippugal-info/outputs/annavin_text_extractor/md_pages/katturaigal/kutrathoorar.md,/Users/pugazhendhirajendran/Documents/Codex/2026-07-09/https-www-annavinpadaippugal-info/outputs/annavin_text_extractor/ocr_text_corrected/katturaigal/kutrathoorar.md
katturaigal/latchiya_varalaru.md,ocr,1406,269608,/Users/pugazhendhirajendran/Documents/Codex/2026-07-09/https-www-annavinpadaippugal-info/outputs/annavin_text_extractor/md_pages/katturaigal/latchiya_varalaru.md,/Users/pugazhendhirajendran/Documents/Codex/2026-07-09/https-www-annavinpadaippugal-info/outputs/annavin_text_extractor/ocr_text_corrected/katturaigal/latchiya_varalaru.md
katturaigal/lawrance.md,ocr,779,70103,/Users/pugazhendhirajendran/Documents/Codex/2026-07-09/https-www-annavinpadaippugal-info/outputs/annavin_text_extractor/md_pages/katturaigal/lawrance.md,/Users/pugazhendhirajendran/Documents/Codex/2026-07-09/https-www-annavinpadaippugal-info/outputs/annavin_text_extractor/ocr_text_corrected/katturaigal/lawrance.md
katturaigal/londanile.md,ocr,782,21960,/Users/pugazhendhirajendran/Documents/Codex/2026-07-09/https-www-annavinpadaippugal-info/outputs/annavin_text_extractor/md_pages/katturaigal/londanile.md,/Users/pugazhendhirajendran/Documents/Codex/2026-07-09/https-www-annavinpadaippugal-info/outputs/annavin_text_extractor/ocr_text_corrected/katturaigal/londanile.md
katturaigal/maahana_manavar.md,ocr,803,3452,/Users/pugazhendhirajendran/Documents/Codex/2026-07-09/https-www-annavinpadaippugal-info/outputs/annavin_text_extractor/md_pages/katturaigal/maahana_manavar.md,/Users/pugazhendhirajendran/Documents/Codex/2026-07-09/https-www-annavinpadaippugal-info/outputs/annavin_text_extractor/ocr_text_corrected/katturaigal/maahana_manavar.md
katturaigal/maaji_kadavul.md,ocr,794,79674,/Users/pugazhendhirajendran/Documents/Codex/2026-07-09/https-www-annavinpadaippugal-info/outputs/annavin_text_extractor/md_pages/katturaigal/maaji_kadavul.md,/Users/pugazhendhirajendran/Documents/Codex/2026-07-09/https-www-annavinpadaippugal-info/outputs/annavin_text_extractor/ocr_text_corrected/katturaigal/maaji_kadavul.md
katturaigal/macharya_minnal.md,ocr,800,36951,/Users/pugazhendhirajendran/Documents/Codex/2026-07-09/https-www-annavinpadaippugal-info/outputs/annavin_text_extractor/md_pages/katturaigal/macharya_minnal.md,/Users/pugazhendhirajendran/Documents/Codex/2026-07-09/https-www-annavinpadaippugal-info/outputs/annavin_text_extractor/ocr_text_corrected/katturaigal/macharya_minnal.md
katturaigal/madhakalvi.md,ocr,785,29745,/Users/pugazhendhirajendran/Documents/Codex/2026-07-09/https-www-annavinpadaippugal-info/outputs/annavin_text_extractor/md_pages/katturaigal/madhakalvi.md,/Users/pugazhendhirajendran/Documents/Codex/2026-07-09/https-www-annavinpadaippugal-info/outputs/annavin_text_extractor/ocr_text_corrected/katturaigal/madhakalvi.md
katturaigal/magizhchi_nandri.md,ocr,803,29284,/Users/pugazhendhirajendran/Documents/Codex/2026-07-09/https-www-annavinpadaippugal-info/outputs/annavin_text_extractor/md_pages/katturaigal/magizhchi_nandri.md,/Users/pugazhendhirajendran/Documents/Codex/2026-07-09/https-www-annavinpadaippugal-info/outputs/annavin_text_extractor/ocr_text_corrected/katturaigal/magizhchi_nandri.md
katturaigal/magizhgirom200355.md,ocr,806,1686,/Users/pugazhendhirajendran/Documents/Codex/2026-07-09/https-www-annavinpadaippugal-info/outputs/annavin_text_extractor/md_pages/katturaigal/magizhgirom200355.md,/Users/pugazhendhirajendran/Documents/Codex/2026-07-09/https-www-annavinpadaippugal-info/outputs/annavin_text_extractor/ocr_text_corrected/katturaigal/magizhgirom200355.md
katturaigal/magizhvin_maraivu.md,ocr,806,4277,/Users/pugazhendhirajendran/Documents/Codex/2026-07-09/https-www-annavinpadaippugal-info/outputs/annavin_text_extractor/md_pages/katturaigal/magizhvin_maraivu.md,/Users/pugazhendhirajendran/Documents/Codex/2026-07-09/https-www-annavinpadaippugal-info/outputs/annavin_text_extractor/ocr_text_corrected/katturaigal/magizhvin_maraivu.md
katturaigal/maji_kadavulgal1.md,ocr,742,64484,/Users/pugazhendhirajendran/Documents/Codex/2026-07-09/https-www-annavinpadaippugal-info/outputs/annavin_text_extractor/md_pages/katturaigal/maji_kadavulgal1.md,/Users/pugazhendhirajendran/Documents/Codex/2026-07-09/https-www-annavinpadaippugal-info/outputs/annavin_text_extractor/ocr_text_corrected/katturaigal/maji_kadavulgal1.md
katturaigal/maji_kadavulgal10.md,ocr,746,66591,/Users/pugazhendhirajendran/Documents/Codex/2026-07-09/https-www-annavinpadaippugal-info/outputs/annavin_text_extractor/md_pages/katturaigal/maji_kadavulgal10.md,/Users/pugazhendhirajendran/Documents/Codex/2026-07-09/https-www-annavinpadaippugal-info/outputs/annavin_text_extractor/ocr_text_corrected/katturaigal/maji_kadavulgal10.md
katturaigal/maji_kadavulgal11.md,ocr,746,61522,/Users/pugazhendhirajendran/Documents/Codex/2026-07-09/https-www-annavinpadaippugal-info/outputs/annavin_text_extractor/md_pages/katturaigal/maji_kadavulgal11.md,/Users/pugazhendhirajendran/Documents/Codex/2026-07-09/https-www-annavinpadaippugal-info/outputs/annavin_text_extractor/ocr_text_corrected/katturaigal/maji_kadavulgal11.md
katturaigal/maji_kadavulgal12.md,ocr,746,63249,/Users/pugazhendhirajendran/Documents/Codex/2026-07-09/https-www-annavinpadaippugal-info/outputs/annavin_text_extractor/md_pages/katturaigal/maji_kadavulgal12.md,/Users/pugazhendhirajendran/Documents/Codex/2026-07-09/https-www-annavinpadaippugal-info/outputs/annavin_text_extractor/ocr_text_corrected/katturaigal/maji_kadavulgal12.md
katturaigal/maji_kadavulgal14.md,ocr,746,42252,/Users/pugazhendhirajendran/Documents/Codex/2026-07-09/https-www-annavinpadaippugal-info/outputs/annavin_text_extractor/md_pages/katturaigal/maji_kadavulgal14.md,/Users/pugazhendhirajendran/Documents/Codex/2026-07-09/https-www-annavinpadaippugal-info/outputs/annavin_text_extractor/ocr_text_corrected/katturaigal/maji_kadavulgal14.md
katturaigal/maji_kadavulgal2.md,ocr,742,66420,/Users/pugazhendhirajendran/Documents/Codex/2026-07-09/https-www-annavinpadaippugal-info/outputs/annavin_text_extractor/md_pages/katturaigal/maji_kadavulgal2.md,/Users/pugazhendhirajendran/Documents/Codex/2026-07-09/https-www-annavinpadaippugal-info/outputs/annavin_text_extractor/ocr_text_corrected/katturaigal/maji_kadavulgal2.md
katturaigal/maji_kadavulgal3.md,ocr,742,71880,/Users/pugazhendhirajendran/Documents/Codex/2026-07-09/https-www-annavinpadaippugal-info/outputs/annavin_text_extractor/md_pages/katturaigal/maji_kadavulgal3.md,/Users/pugazhendhirajendran/Documents/Codex/2026-07-09/https-www-annavinpadaippugal-info/outputs/annavin_text_extractor/ocr_text_corrected/katturaigal/maji_kadavulgal3.md
katturaigal/maji_kadavulgal4.md,ocr,742,71747,/Users/pugazhendhirajendran/Documents/Codex/2026-07-09/https-www-annavinpadaippugal-info/outputs/annavin_text_extractor/md_pages/katturaigal/maji_kadavulgal4.md,/Users/pugazhendhirajendran/Documents/Codex/2026-07-09/https-www-annavinpadaippugal-info/outputs/annavin_text_extractor/ocr_text_corrected/katturaigal/maji_kadavulgal4.md
katturaigal/maji_kadavulgal5.md,ocr,742,70361,/Users/pugazhendhirajendran/Documents/Codex/2026-07-09/https-www-annavinpadaippugal-info/outputs/annavin_text_extractor/md_pages/katturaigal/maji_kadavulgal5.md,/Users/pugazhendhirajendran/Documents/Codex/2026-07-09/https-www-annavinpadaippugal-info/outputs/annavin_text_extractor/ocr_text_corrected/katturaigal/maji_kadavulgal5.md
katturaigal/maji_kadavulgal6.md,ocr,742,69569,/Users/pugazhendhirajendran/Documents/Codex/2026-07-09/https-www-annavinpadaippugal-info/outputs/annavin_text_extractor/md_pages/katturaigal/maji_kadavulgal6.md,/Users/pugazhendhirajendran/Documents/Codex/2026-07-09/https-www-annavinpadaippugal-info/outputs/annavin_text_extractor/ocr_text_corrected/katturaigal/maji_kadavulgal6.md
katturaigal/maji_kadavulgal7.md,ocr,742,68819,/Users/pugazhendhirajendran/Documents/Codex/2026-07-09/https-www-annavinpadaippugal-info/outputs/annavin_text_extractor/md_pages/katturaigal/maji_kadavulgal7.md,/Users/pugazhendhirajendran/Documents/Codex/2026-07-09/https-www-annavinpadaippugal-info/outputs/annavin_text_extractor/ocr_text_corrected/katturaigal/maji_kadavulgal7.md
katturaigal/maji_kadavulgal8.md,ocr,742,67542,/Users/pugazhendhirajendran/Documents/Codex/2026-07-09/https-www-annavinpadaippugal-info/outputs/annavin_text_extractor/md_pages/katturaigal/maji_kadavulgal8.md,/Users/pugazhendhirajendran/Documents/Codex/2026-07-09/https-www-annavinpadaippugal-info/outputs/annavin_text_extractor/ocr_text_corrected/katturaigal/maji_kadavulgal8.md
katturaigal/maji_kadavulgal9.md,ocr,742,66068,/Users/pugazhendhirajendran/Documents/Codex/2026-07-09/https-www-annavinpadaippugal-info/outputs/annavin_text_extractor/md_pages/katturaigal/maji_kadavulgal9.md,/Users/pugazhendhirajendran/Documents/Codex/2026-07-09/https-www-annavinpadaippugal-info/outputs/annavin_text_extractor/ocr_text_corrected/katturaigal/maji_kadavulgal9.md
katturaigal/makkatpanbu.md,ocr,788,24032,/Users/pugazhendhirajendran/Documents/Codex/2026-07-09/https-www-annavinpadaippugal-info/outputs/annavin_text_extractor/md_pages/katturaigal/makkatpanbu.md,/Users/pugazhendhirajendran/Documents/Codex/2026-07-09/https-www-annavinpadaippugal-info/outputs/annavin_text_extractor/ocr_text_corrected/katturaigal/makkatpanbu.md
katturaigal/malai_naattil.md,ocr,794,8635,/Users/pugazhendhirajendran/Documents/Codex/2026-07-09/https-www-annavinpadaippugal-info/outputs/annavin_text_extractor/md_pages/katturaigal/malai_naattil.md,/Users/pugazhendhirajendran/Documents/Codex/2026-07-09/https-www-annavinpadaippugal-info/outputs/annavin_text_extractor/ocr_text_corrected/katturaigal/malai_naattil.md
katturaigal/manavar_thanthai.md,ocr,803,13346,/Users/pugazhendhirajendran/Documents/Codex/2026-07-09/https-www-annavinpadaippugal-info/outputs/annavin_text_extractor/md_pages/katturaigal/manavar_thanthai.md,/Users/pugazhendhirajendran/Documents/Codex/2026-07-09/https-www-annavinpadaippugal-info/outputs/annavin_text_extractor/ocr_text_corrected/katturaigal/manavar_thanthai.md
katturaigal/mandapa_maanadu.md,ocr,800,24561,/Users/pugazhendhirajendran/Documents/Codex/2026-07-09/https-www-annavinpadaippugal-info/outputs/annavin_text_extractor/md_pages/katturaigal/mandapa_maanadu.md,/Users/pugazhendhirajendran/Documents/Codex/2026-07-09/https-www-annavinpadaippugal-info/outputs/annavin_text_extractor/ocr_text_corrected/katturaigal/mandapa_maanadu.md
katturaigal/mangammal.md,ocr,782,39827,/Users/pugazhendhirajendran/Documents/Codex/2026-07-09/https-www-annavinpadaippugal-info/outputs/annavin_text_extractor/md_pages/katturaigal/mangammal.md,/Users/pugazhendhirajendran/Documents/Codex/2026-07-09/https-www-annavinpadaippugal-info/outputs/annavin_text_extractor/ocr_text_corrected/katturaigal/mangammal.md
katturaigal/mannikkamudiyatha.md,ocr,806,25822,/Users/pugazhendhirajendran/Documents/Codex/2026-07-09/https-www-annavinpadaippugal-info/outputs/annavin_text_extractor/md_pages/katturaigal/mannikkamudiyatha.md,/Users/pugazhendhirajendran/Documents/Codex/2026-07-09/https-www-annavinpadaippugal-info/outputs/annavin_text_extractor/ocr_text_corrected/katturaigal/mannikkamudiyatha.md
katturaigal/manuvin_aatchiya.md,ocr,803,4703,/Users/pugazhendhirajendran/Documents/Codex/2026-07-09/https-www-annavinpadaippugal-info/outputs/annavin_text_extractor/md_pages/katturaigal/manuvin_aatchiya.md,/Users/pugazhendhirajendran/Documents/Codex/2026-07-09/https-www-annavinpadaippugal-info/outputs/annavin_text_extractor/ocr_text_corrected/katturaigal/manuvin_aatchiya.md
katturaigal/mapusiponvizha.md,ocr,797,3656,/Users/pugazhendhirajendran/Documents/Codex/2026-07-09/https-www-annavinpadaippugal-info/outputs/annavin_text_extractor/md_pages/katturaigal/mapusiponvizha.md,/Users/pugazhendhirajendran/Documents/Codex/2026-07-09/https-www-annavinpadaippugal-info/outputs/annavin_text_extractor/ocr_text_corrected/katturaigal/mapusiponvizha.md
katturaigal/maraintha_marath.md,ocr,803,11378,/Users/pugazhendhirajendran/Documents/Codex/2026-07-09/https-www-annavinpadaippugal-info/outputs/annavin_text_extractor/md_pages/katturaigal/maraintha_marath.md,/Users/pugazhendhirajendran/Documents/Codex/2026-07-09/https-www-annavinpadaippugal-info/outputs/annavin_text_extractor/ocr_text_corrected/katturaigal/maraintha_marath.md
katturaigal/marainthar.md,ocr,785,1903,/Users/pugazhendhirajendran/Documents/Codex/2026-07-09/https-www-annavinpadaippugal-info/outputs/annavin_text_extractor/md_pages/katturaigal/marainthar.md,/Users/pugazhendhirajendran/Documents/Codex/2026-07-09/https-www-annavinpadaippugal-info/outputs/annavin_text_extractor/ocr_text_corrected/katturaigal/marainthar.md
katturaigal/marainthayo.md,ocr,788,14505,/Users/pugazhendhirajendran/Documents/Codex/2026-07-09/https-www-annavinpadaippugal-info/outputs/annavin_text_extractor/md_pages/katturaigal/marainthayo.md,/Users/pugazhendhirajendran/Documents/Codex/2026-07-09/https-www-annavinpadaippugal-info/outputs/annavin_text_extractor/ocr_text_corrected/katturaigal/marainthayo.md
katturaigal/maraivu.md,ocr,776,1776,/Users/pugazhendhirajendran/Documents/Codex/2026-07-09/https-www-annavinpadaippugal-info/outputs/annavin_text_extractor/md_pages/katturaigal/maraivu.md,/Users/pugazhendhirajendran/Documents/Codex/2026-07-09/https-www-annavinpadaippugal-info/outputs/annavin_text_extractor/ocr_text_corrected/katturaigal/maraivu.md
katturaigal/marakka_mudiyatha.md,ocr,806,11604,/Users/pugazhendhirajendran/Documents/Codex/2026-07-09/https-www-annavinpadaippugal-info/outputs/annavin_text_extractor/md_pages/katturaigal/marakka_mudiyatha.md,/Users/pugazhendhirajendran/Documents/Codex/2026-07-09/https-www-annavinpadaippugal-info/outputs/annavin_text_extractor/ocr_text_corrected/katturaigal/marakka_mudiyatha.md
katturaigal/marana_sasanam.md,ocr,797,57078,/Users/pugazhendhirajendran/Documents/Codex/2026-07-09/https-www-annavinpadaippugal-info/outputs/annavin_text_extractor/md_pages/katturaigal/marana_sasanam.md,/Users/pugazhendhirajendran/Documents/Codex/2026-07-09/https-www-annavinpadaippugal-info/outputs/annavin_text_extractor/ocr_text_corrected/katturaigal/marana_sasanam.md
katturaigal/marappom_manni.md,ocr,797,29797,/Users/pugazhendhirajendran/Documents/Codex/2026-07-09/https-www-annavinpadaippugal-info/outputs/annavin_text_extractor/md_pages/katturaigal/marappom_manni.md,/Users/pugazhendhirajendran/Documents/Codex/2026-07-09/https-www-annavinpadaippugal-info/outputs/annavin_text_extractor/ocr_text_corrected/katturaigal/marappom_manni.md
katturaigal/mathuvilakku_naadag.md,ocr,812,15947,/Users/pugazhendhirajendran/Documents/Codex/2026-07-09/https-www-annavinpadaippugal-info/outputs/annavin_text_extractor/md_pages/katturaigal/mathuvilakku_naadag.md,/Users/pugazhendhirajendran/Documents/Codex/2026-07-09/https-www-annavinpadaippugal-info/outputs/annavin_text_extractor/ocr_text_corrected/katturaigal/mathuvilakku_naadag.md
katturaigal/mathuvilakku_satta.md,ocr,809,31745,/Users/pugazhendhirajendran/Documents/Codex/2026-07-09/https-www-annavinpadaippugal-info/outputs/annavin_text_extractor/md_pages/katturaigal/mathuvilakku_satta.md,/Users/pugazhendhirajendran/Documents/Codex/2026-07-09/https-www-annavinpadaippugal-info/outputs/annavin_text_extractor/ocr_text_corrected/katturaigal/mathuvilakku_satta.md
katturaigal/mayana_kaandam.md,ocr,797,14125,/Users/pugazhendhirajendran/Documents/Codex/2026-07-09/https-www-annavinpadaippugal-info/outputs/annavin_text_extractor/md_pages/katturaigal/mayana_kaandam.md,/Users/pugazhendhirajendran/Documents/Codex/2026-07-09/https-www-annavinpadaippugal-info/outputs/annavin_text_extractor/ocr_text_corrected/katturaigal/mayana_kaandam.md
katturaigal/mazhai.md,ocr,650,46314,/Users/pugazhendhirajendran/Documents/Codex/2026-07-09/https-www-annavinpadaippugal-info/outputs/annavin_text_extractor/md_pages/katturaigal/mazhai.md,/Users/pugazhendhirajendran/Documents/Codex/2026-07-09/https-www-annavinpadaippugal-info/outputs/annavin_text_extractor/ocr_text_corrected/katturaigal/mazhai.md
katturaigal/mazhu_aenthiya.md,ocr,797,8632,/Users/pugazhendhirajendran/Documents/Codex/2026-07-09/https-www-annavinpadaippugal-info/outputs/annavin_text_extractor/md_pages/katturaigal/mazhu_aenthiya.md,/Users/pugazhendhirajendran/Documents/Codex/2026-07-09/https-www-annavinpadaippugal-info/outputs/annavin_text_extractor/ocr_text_corrected/katturaigal/mazhu_aenthiya.md
katturaigal/meenambur.md,ocr,782,7311,/Users/pugazhendhirajendran/Documents/Codex/2026-07-09/https-www-annavinpadaippugal-info/outputs/annavin_text_extractor/md_pages/katturaigal/meenambur.md,/Users/pugazhendhirajendran/Documents/Codex/2026-07-09/https-www-annavinpadaippugal-info/outputs/annavin_text_extractor/ocr_text_corrected/katturaigal/meenambur.md
katturaigal/meendum_kama.md,ocr,791,17695,/Users/pugazhendhirajendran/Documents/Codex/2026-07-09/https-www-annavinpadaippugal-info/outputs/annavin_text_extractor/md_pages/katturaigal/meendum_kama.md,/Users/pugazhendhirajendran/Documents/Codex/2026-07-09/https-www-annavinpadaippugal-info/outputs/annavin_text_extractor/ocr_text_corrected/katturaigal/meendum_kama.md
katturaigal/mohana_muhari.md,ocr,794,50215,/Users/pugazhendhirajendran/Documents/Codex/2026-07-09/https-www-annavinpadaippugal-info/outputs/annavin_text_extractor/md_pages/katturaigal/mohana_muhari.md,/Users/pugazhendhirajendran/Documents/Codex/2026-07-09/https-www-annavinpadaippugal-info/outputs/annavin_text_extractor/ocr_text_corrected/katturaigal/mohana_muhari.md
katturaigal/moksesae.md,ocr,779,1628,/Users/pugazhendhirajendran/Documents/Codex/2026-07-09/https-www-annavinpadaippugal-info/outputs/annavin_text_extractor/md_pages/katturaigal/moksesae.md,/Users/pugazhendhirajendran/Documents/Codex/2026-07-09/https-www-annavinpadaippugal-info/outputs/annavin_text_extractor/ocr_text_corrected/katturaigal/moksesae.md
katturaigal/moodanambikai.md,ocr,794,37521,/Users/pugazhendhirajendran/Documents/Codex/2026-07-09/https-www-annavinpadaippugal-info/outputs/annavin_text_extractor/md_pages/katturaigal/moodanambikai.md,/Users/pugazhendhirajendran/Documents/Codex/2026-07-09/https-www-annavinpadaippugal-info/outputs/annavin_text_extractor/ocr_text_corrected/katturaigal/moodanambikai.md
katturaigal/moodatheer.md,ocr,785,3859,/Users/pugazhendhirajendran/Documents/Codex/2026-07-09/https-www-annavinpadaippugal-info/outputs/annavin_text_extractor/md_pages/katturaigal/moodatheer.md,/Users/pugazhendhirajendran/Documents/Codex/2026-07-09/https-www-annavinpadaippugal-info/outputs/annavin_text_extractor/ocr_text_corrected/katturaigal/moodatheer.md
katturaigal/moodupani.md,ocr,782,15715,/Users/pugazhendhirajendran/Documents/Codex/2026-07-09/https-www-annavinpadaippugal-info/outputs/annavin_text_extractor/md_pages/katturaigal/moodupani.md,/Users/pugazhendhirajendran/Documents/Codex/2026-07-09/https-www-annavinpadaippugal-info/outputs/annavin_text_extractor/ocr_text_corrected/katturaigal/moodupani.md
katturaigal/moodupani_vilaga.md,ocr,803,18045,/Users/pugazhendhirajendran/Documents/Codex/2026-07-09/https-www-annavinpadaippugal-info/outputs/annavin_text_extractor/md_pages/katturaigal/moodupani_vilaga.md,/Users/pugazhendhirajendran/Documents/Codex/2026-07-09/https-www-annavinpadaippugal-info/outputs/annavin_text_extractor/ocr_text_corrected/katturaigal/moodupani_vilaga.md
katturaigal/mooliyanar.md,ocr,785,16225,/Users/pugazhendhirajendran/Documents/Codex/2026-07-09/https-www-annavinpadaippugal-info/outputs/annavin_text_extractor/md_pages/katturaigal/mooliyanar.md,/Users/pugazhendhirajendran/Documents/Codex/2026-07-09/https-www-annavinpadaippugal-info/outputs/annavin_text_extractor/ocr_text_corrected/katturaigal/mooliyanar.md
katturaigal/moondrarai_kodi.md,ocr,800,7941,/Users/pugazhendhirajendran/Documents/Codex/2026-07-09/https-www-annavinpadaippugal-info/outputs/annavin_text_extractor/md_pages/katturaigal/moondrarai_kodi.md,/Users/pugazhendhirajendran/Documents/Codex/2026-07-09/https-www-annavinpadaippugal-info/outputs/annavin_text_extractor/ocr_text_corrected/katturaigal/moondrarai_kodi.md
katturaigal/moothavar.md,ocr,782,18057,/Users/pugazhendhirajendran/Documents/Codex/2026-07-09/https-www-annavinpadaippugal-info/outputs/annavin_text_extractor/md_pages/katturaigal/moothavar.md,/Users/pugazhendhirajendran/Documents/Codex/2026-07-09/https-www-annavinpadaippugal-info/outputs/annavin_text_extractor/ocr_text_corrected/katturaigal/moothavar.md
katturaigal/moscovin_puthu.md,ocr,797,28612,/Users/pugazhendhirajendran/Documents/Codex/2026-07-09/https-www-annavinpadaippugal-info/outputs/annavin_text_extractor/md_pages/katturaigal/moscovin_puthu.md,/Users/pugazhendhirajendran/Documents/Codex/2026-07-09/https-www-annavinpadaippugal-info/outputs/annavin_text_extractor/ocr_text_corrected/katturaigal/moscovin_puthu.md
katturaigal/mozhipor_veerang.md,ocr,803,2067,/Users/pugazhendhirajendran/Documents/Codex/2026-07-09/https-www-annavinpadaippugal-info/outputs/annavin_text_extractor/md_pages/katturaigal/mozhipor_veerang.md,/Users/pugazhendhirajendran/Documents/Codex/2026-07-09/https-www-annavinpadaippugal-info/outputs/annavin_text_extractor/ocr_text_corrected/katturaigal/mozhipor_veerang.md
katturaigal/mozhiporattam.md,ocr,794,18025,/Users/pugazhendhirajendran/Documents/Codex/2026-07-09/https-www-annavinpadaippugal-info/outputs/annavin_text_extractor/md_pages/katturaigal/mozhiporattam.md,/Users/pugazhendhirajendran/Documents/Codex/2026-07-09/https-www-annavinpadaippugal-info/outputs/annavin_text_extractor/ocr_text_corrected/katturaigal/mozhiporattam.md
katturaigal/mu_karunanithi.md,ocr,797,1318,/Users/pugazhendhirajendran/Documents/Codex/2026-07-09/https-www-annavinpadaippugal-info/outputs/annavin_text_extractor/md_pages/katturaigal/mu_karunanithi.md,/Users/pugazhendhirajendran/Documents/Codex/2026-07-09/https-www-annavinpadaippugal-info/outputs/annavin_text_extractor/ocr_text_corrected/katturaigal/mu_karunanithi.md
katturaigal/mugathilae_kari.md,ocr,800,11029,/Users/pugazhendhirajendran/Documents/Codex/2026-07-09/https-www-annavinpadaippugal-info/outputs/annavin_text_extractor/md_pages/katturaigal/mugathilae_kari.md,/Users/pugazhendhirajendran/Documents/Codex/2026-07-09/https-www-annavinpadaippugal-info/outputs/annavin_text_extractor/ocr_text_corrected/katturaigal/mugathilae_kari.md
katturaigal/munnani_padai.md,ocr,794,60166,/Users/pugazhendhirajendran/Documents/Codex/2026-07-09/https-www-annavinpadaippugal-info/outputs/annavin_text_extractor/md_pages/katturaigal/munnani_padai.md,/Users/pugazhendhirajendran/Documents/Codex/2026-07-09/https-www-annavinpadaippugal-info/outputs/annavin_text_extractor/ocr_text_corrected/katturaigal/munnani_padai.md
katturaigal/munshi_marg.md,ocr,788,33124,/Users/pugazhendhirajendran/Documents/Codex/2026-07-09/https-www-annavinpadaippugal-info/outputs/annavin_text_extractor/md_pages/katturaigal/munshi_marg.md,/Users/pugazhendhirajendran/Documents/Codex/2026-07-09/https-www-annavinpadaippugal-info/outputs/annavin_text_extractor/ocr_text_corrected/katturaigal/munshi_marg.md
katturaigal/murasum.md,ocr,776,6180,/Users/pugazhendhirajendran/Documents/Codex/2026-07-09/https-www-annavinpadaippugal-info/outputs/annavin_text_extractor/md_pages/katturaigal/murasum.md,/Users/pugazhendhirajendran/Documents/Codex/2026-07-09/https-www-annavinpadaippugal-info/outputs/annavin_text_extractor/ocr_text_corrected/katturaigal/murasum.md
katturaigal/musadhik.md,ocr,779,3946,/Users/pugazhendhirajendran/Documents/Codex/2026-07-09/https-www-annavinpadaippugal-info/outputs/annavin_text_extractor/md_pages/katturaigal/musadhik.md,/Users/pugazhendhirajendran/Documents/Codex/2026-07-09/https-www-annavinpadaippugal-info/outputs/annavin_text_extractor/ocr_text_corrected/katturaigal/musadhik.md
katturaigal/muthal_kanik.md,ocr,791,3246,/Users/pugazhendhirajendran/Documents/Codex/2026-07-09/https-www-annavinpadaippugal-info/outputs/annavin_text_extractor/md_pages/katturaigal/muthal_kanik.md,/Users/pugazhendhirajendran/Documents/Codex/2026-07-09/https-www-annavinpadaippugal-info/outputs/annavin_text_extractor/ocr_text_corrected/katturaigal/muthal_kanik.md
katturaigal/muthal_thaakku.md,ocr,797,13579,/Users/pugazhendhirajendran/Documents/Codex/2026-07-09/https-www-annavinpadaippugal-info/outputs/annavin_text_extractor/md_pages/katturaigal/muthal_thaakku.md,/Users/pugazhendhirajendran/Documents/Codex/2026-07-09/https-www-annavinpadaippugal-info/outputs/annavin_text_extractor/ocr_text_corrected/katturaigal/muthal_thaakku.md
katturaigal/muthalamaicharin_murari.md,ocr,824,21712,/Users/pugazhendhirajendran/Documents/Codex/2026-07-09/https-www-annavinpadaippugal-info/outputs/annavin_text_extractor/md_pages/katturaigal/muthalamaicharin_murari.md,/Users/pugazhendhirajendran/Documents/Codex/2026-07-09/https-www-annavinpadaippugal-info/outputs/annavin_text_extractor/ocr_text_corrected/katturaigal/muthalamaicharin_murari.md
katturaigal/muthamizhukku.md,ocr,794,3536,/Users/pugazhendhirajendran/Documents/Codex/2026-07-09/https-www-annavinpadaippugal-info/outputs/annavin_text_extractor/md_pages/katturaigal/muthamizhukku.md,/Users/pugazhendhirajendran/Documents/Codex/2026-07-09/https-www-annavinpadaippugal-info/outputs/annavin_text_extractor/ocr_text_corrected/katturaigal/muthamizhukku.md
katturaigal/mysore_sarkarukku.md,ocr,806,6979,/Users/pugazhendhirajendran/Documents/Codex/2026-07-09/https-www-annavinpadaippugal-info/outputs/annavin_text_extractor/md_pages/katturaigal/mysore_sarkarukku.md,/Users/pugazhendhirajendran/Documents/Codex/2026-07-09/https-www-annavinpadaippugal-info/outputs/annavin_text_extractor/ocr_text_corrected/katturaigal/mysore_sarkarukku.md
katturaigal/naagai_mani.md,ocr,788,4011,/Users/pugazhendhirajendran/Documents/Codex/2026-07-09/https-www-annavinpadaippugal-info/outputs/annavin_text_extractor/md_pages/katturaigal/naagai_mani.md,/Users/pugazhendhirajendran/Documents/Codex/2026-07-09/https-www-annavinpadaippugal-info/outputs/annavin_text_extractor/ocr_text_corrected/katturaigal/naagai_mani.md
katturaigal/naattu_nilayum.md,ocr,797,42550,/Users/pugazhendhirajendran/Documents/Codex/2026-07-09/https-www-annavinpadaippugal-info/outputs/annavin_text_extractor/md_pages/katturaigal/naattu_nilayum.md,/Users/pugazhendhirajendran/Documents/Codex/2026-07-09/https-www-annavinpadaippugal-info/outputs/annavin_text_extractor/ocr_text_corrected/katturaigal/naattu_nilayum.md
katturaigal/nadaga_pera.md,ocr,788,4309,/Users/pugazhendhirajendran/Documents/Codex/2026-07-09/https-www-annavinpadaippugal-info/outputs/annavin_text_extractor/md_pages/katturaigal/nadaga_pera.md,/Users/pugazhendhirajendran/Documents/Codex/2026-07-09/https-www-annavinpadaippugal-info/outputs/annavin_text_extractor/ocr_text_corrected/katturaigal/nadaga_pera.md
katturaigal/nadamaadum.md,ocr,785,2658,/Users/pugazhendhirajendran/Documents/Codex/2026-07-09/https-www-annavinpadaippugal-info/outputs/annavin_text_extractor/md_pages/katturaigal/nadamaadum.md,/Users/pugazhendhirajendran/Documents/Codex/2026-07-09/https-www-annavinpadaippugal-info/outputs/annavin_text_extractor/ocr_text_corrected/katturaigal/nadamaadum.md
katturaigal/nadathiselgirar.md,ocr,800,24951,/Users/pugazhendhirajendran/Documents/Codex/2026-07-09/https-www-annavinpadaippugal-info/outputs/annavin_text_extractor/md_pages/katturaigal/nadathiselgirar.md,/Users/pugazhendhirajendran/Documents/Codex/2026-07-09/https-www-annavinpadaippugal-info/outputs/annavin_text_extractor/ocr_text_corrected/katturaigal/nadathiselgirar.md
katturaigal/nadengum.md,ocr,782,3292,/Users/pugazhendhirajendran/Documents/Codex/2026-07-09/https-www-annavinpadaippugal-info/outputs/annavin_text_extractor/md_pages/katturaigal/nadengum.md,/Users/pugazhendhirajendran/Documents/Codex/2026-07-09/https-www-annavinpadaippugal-info/outputs/annavin_text_extractor/ocr_text_corrected/katturaigal/nadengum.md
katturaigal/nadigar_sanga.md,ocr,794,13868,/Users/pugazhendhirajendran/Documents/Codex/2026-07-09/https-www-annavinpadaippugal-info/outputs/annavin_text_extractor/md_pages/katturaigal/nadigar_sanga.md,/Users/pugazhendhirajendran/Documents/Codex/2026-07-09/https-www-annavinpadaippugal-info/outputs/annavin_text_extractor/ocr_text_corrected/katturaigal/nadigar_sanga.md
katturaigal/nagai_veedu.md,ocr,788,18388,/Users/pugazhendhirajendran/Documents/Codex/2026-07-09/https-www-annavinpadaippugal-info/outputs/annavin_text_extractor/md_pages/katturaigal/nagai_veedu.md,/Users/pugazhendhirajendran/Documents/Codex/2026-07-09/https-www-annavinpadaippugal-info/outputs/annavin_text_extractor/ocr_text_corrected/katturaigal/nagai_veedu.md
katturaigal/nagaratchi_thaerthal.md,ocr,815,26107,/Users/pugazhendhirajendran/Documents/Codex/2026-07-09/https-www-annavinpadaippugal-info/outputs/annavin_text_extractor/md_pages/katturaigal/nagaratchi_thaerthal.md,/Users/pugazhendhirajendran/Documents/Codex/2026-07-09/https-www-annavinpadaippugal-info/outputs/annavin_text_extractor/ocr_text_corrected/katturaigal/nagaratchi_thaerthal.md
katturaigal/nalla_yosanai.md,ocr,794,18923,/Users/pugazhendhirajendran/Documents/Codex/2026-07-09/https-www-annavinpadaippugal-info/outputs/annavin_text_extractor/md_pages/katturaigal/nalla_yosanai.md,/Users/pugazhendhirajendran/Documents/Codex/2026-07-09/https-www-annavinpadaippugal-info/outputs/annavin_text_extractor/ocr_text_corrected/katturaigal/nalla_yosanai.md
katturaigal/nallatchi_kanbom.md,ocr,803,3988,/Users/pugazhendhirajendran/Documents/Codex/2026-07-09/https-www-annavinpadaippugal-info/outputs/annavin_text_extractor/md_pages/katturaigal/nallatchi_kanbom.md,/Users/pugazhendhirajendran/Documents/Codex/2026-07-09/https-www-annavinpadaippugal-info/outputs/annavin_text_extractor/ocr_text_corrected/katturaigal/nallatchi_kanbom.md
katturaigal/nallathalla.md,ocr,788,10723,/Users/pugazhendhirajendran/Documents/Codex/2026-07-09/https-www-annavinpadaippugal-info/outputs/annavin_text_extractor/md_pages/katturaigal/nallathalla.md,/Users/pugazhendhirajendran/Documents/Codex/2026-07-09/https-www-annavinpadaippugal-info/outputs/annavin_text_extractor/ocr_text_corrected/katturaigal/nallathalla.md
katturaigal/nam_annavin.md,ocr,788,1867,/Users/pugazhendhirajendran/Documents/Codex/2026-07-09/https-www-annavinpadaippugal-info/outputs/annavin_text_extractor/md_pages/katturaigal/nam_annavin.md,/Users/pugazhendhirajendran/Documents/Codex/2026-07-09/https-www-annavinpadaippugal-info/outputs/annavin_text_extractor/ocr_text_corrected/katturaigal/nam_annavin.md
katturaigal/namaparvathi.md,ocr,791,52027,/Users/pugazhendhirajendran/Documents/Codex/2026-07-09/https-www-annavinpadaippugal-info/outputs/annavin_text_extractor/md_pages/katturaigal/namaparvathi.md,/Users/pugazhendhirajendran/Documents/Codex/2026-07-09/https-www-annavinpadaippugal-info/outputs/annavin_text_extractor/ocr_text_corrected/katturaigal/namaparvathi.md
katturaigal/namathu_asai.md,ocr,791,30320,/Users/pugazhendhirajendran/Documents/Codex/2026-07-09/https-www-annavinpadaippugal-info/outputs/annavin_text_extractor/md_pages/katturaigal/namathu_asai.md,/Users/pugazhendhirajendran/Documents/Codex/2026-07-09/https-www-annavinpadaippugal-info/outputs/annavin_text_extractor/ocr_text_corrected/katturaigal/namathu_asai.md
katturaigal/namathu_geethai.md,ocr,800,36622,/Users/pugazhendhirajendran/Documents/Codex/2026-07-09/https-www-annavinpadaippugal-info/outputs/annavin_text_extractor/md_pages/katturaigal/namathu_geethai.md,/Users/pugazhendhirajendran/Documents/Codex/2026-07-09/https-www-annavinpadaippugal-info/outputs/annavin_text_extractor/ocr_text_corrected/katturaigal/namathu_geethai.md
katturaigal/namathu_paathai.md,ocr,800,12923,/Users/pugazhendhirajendran/Documents/Codex/2026-07-09/https-www-annavinpadaippugal-info/outputs/annavin_text_extractor/md_pages/katturaigal/namathu_paathai.md,/Users/pugazhendhirajendran/Documents/Codex/2026-07-09/https-www-annavinpadaippugal-info/outputs/annavin_text_extractor/ocr_text_corrected/katturaigal/namathu_paathai.md
katturaigal/namathu_poar_paathai.md,ocr,910,81234,/Users/pugazhendhirajendran/Documents/Codex/2026-07-09/https-www-annavinpadaippugal-info/outputs/annavin_text_extractor/md_pages/katturaigal/namathu_poar_paathai.md,/Users/pugazhendhirajendran/Documents/Codex/2026-07-09/https-www-annavinpadaippugal-info/outputs/annavin_text_extractor/ocr_text_corrected/katturaigal/namathu_poar_paathai.md
katturaigal/nambikai_natch.md,ocr,797,10721,/Users/pugazhendhirajendran/Documents/Codex/2026-07-09/https-www-annavinpadaippugal-info/outputs/annavin_text_extractor/md_pages/katturaigal/nambikai_natch.md,/Users/pugazhendhirajendran/Documents/Codex/2026-07-09/https-www-annavinpadaippugal-info/outputs/annavin_text_extractor/ocr_text_corrected/katturaigal/nambikai_natch.md
katturaigal/namellam.md,ocr,779,37249,/Users/pugazhendhirajendran/Documents/Codex/2026-07-09/https-www-annavinpadaippugal-info/outputs/annavin_text_extractor/md_pages/katturaigal/namellam.md,/Users/pugazhendhirajendran/Documents/Codex/2026-07-09/https-www-annavinpadaippugal-info/outputs/annavin_text_extractor/ocr_text_corrected/katturaigal/namellam.md
katturaigal/nammai_nambatha.md,ocr,800,11593,/Users/pugazhendhirajendran/Documents/Codex/2026-07-09/https-www-annavinpadaippugal-info/outputs/annavin_text_extractor/md_pages/katturaigal/nammai_nambatha.md,/Users/pugazhendhirajendran/Documents/Codex/2026-07-09/https-www-annavinpadaippugal-info/outputs/annavin_text_extractor/ocr_text_corrected/katturaigal/nammai_nambatha.md
katturaigal/nanbargal_kaetpatharkku01.md,ocr,799,54582,/Users/pugazhendhirajendran/Documents/Codex/2026-07-09/https-www-annavinpadaippugal-info/outputs/annavin_text_extractor/md_pages/katturaigal/nanbargal_kaetpatharkku01.md,/Users/pugazhendhirajendran/Documents/Codex/2026-07-09/https-www-annavinpadaippugal-info/outputs/annavin_text_extractor/ocr_text_corrected/katturaigal/nanbargal_kaetpatharkku01.md
katturaigal/nanbargal_kaetpatharkku02.md,ocr,799,45489,/Users/pugazhendhirajendran/Documents/Codex/2026-07-09/https-www-annavinpadaippugal-info/outputs/annavin_text_extractor/md_pages/katturaigal/nanbargal_kaetpatharkku02.md,/Users/pugazhendhirajendran/Documents/Codex/2026-07-09/https-www-annavinpadaippugal-info/outputs/annavin_text_extractor/ocr_text_corrected/katturaigal/nanbargal_kaetpatharkku02.md
katturaigal/nanbargal_kaetpatharkku03.md,ocr,799,42051,/Users/pugazhendhirajendran/Documents/Codex/2026-07-09/https-www-annavinpadaippugal-info/outputs/annavin_text_extractor/md_pages/katturaigal/nanbargal_kaetpatharkku03.md,/Users/pugazhendhirajendran/Documents/Codex/2026-07-09/https-www-annavinpadaippugal-info/outputs/annavin_text_extractor/ocr_text_corrected/katturaigal/nanbargal_kaetpatharkku03.md
katturaigal/nanbargal_kaetpatharkku04.md,ocr,799,3769,/Users/pugazhendhirajendran/Documents/Codex/2026-07-09/https-www-annavinpadaippugal-info/outputs/annavin_text_extractor/md_pages/katturaigal/nanbargal_kaetpatharkku04.md,/Users/pugazhendhirajendran/Documents/Codex/2026-07-09/https-www-annavinpadaippugal-info/outputs/annavin_text_extractor/ocr_text_corrected/katturaigal/nanbargal_kaetpatharkku04.md
katturaigal/nanbargal_kaetpatharkku05.md,ocr,799,42706,/Users/pugazhendhirajendran/Documents/Codex/2026-07-09/https-www-annavinpadaippugal-info/outputs/annavin_text_extractor/md_pages/katturaigal/nanbargal_kaetpatharkku05.md,/Users/pugazhendhirajendran/Documents/Codex/2026-07-09/https-www-annavinpadaippugal-info/outputs/annavin_text_extractor/ocr_text_corrected/katturaigal/nanbargal_kaetpatharkku05.md
katturaigal/nandri_170357.md,ocr,794,3816,/Users/pugazhendhirajendran/Documents/Codex/2026-07-09/https-www-annavinpadaippugal-info/outputs/annavin_text_extractor/md_pages/katturaigal/nandri_170357.md,/Users/pugazhendhirajendran/Documents/Codex/2026-07-09/https-www-annavinpadaippugal-info/outputs/annavin_text_extractor/ocr_text_corrected/katturaigal/nandri_170357.md
katturaigal/nandriyum_varav.md,ocr,800,5019,/Users/pugazhendhirajendran/Documents/Codex/2026-07-09/https-www-annavinpadaippugal-info/outputs/annavin_text_extractor/md_pages/katturaigal/nandriyum_varav.md,/Users/pugazhendhirajendran/Documents/Codex/2026-07-09/https-www-annavinpadaippugal-info/outputs/annavin_text_extractor/ocr_text_corrected/katturaigal/nandriyum_varav.md
katturaigal/nangal_kattada.md,ocr,797,92872,/Users/pugazhendhirajendran/Documents/Codex/2026-07-09/https-www-annavinpadaippugal-info/outputs/annavin_text_extractor/md_pages/katturaigal/nangal_kattada.md,/Users/pugazhendhirajendran/Documents/Codex/2026-07-09/https-www-annavinpadaippugal-info/outputs/annavin_text_extractor/ocr_text_corrected/katturaigal/nangal_kattada.md
katturaigal/nangu_naatkal.md,ocr,794,5368,/Users/pugazhendhirajendran/Documents/Codex/2026-07-09/https-www-annavinpadaippugal-info/outputs/annavin_text_extractor/md_pages/katturaigal/nangu_naatkal.md,/Users/pugazhendhirajendran/Documents/Codex/2026-07-09/https-www-annavinpadaippugal-info/outputs/annavin_text_extractor/ocr_text_corrected/katturaigal/nangu_naatkal.md
katturaigal/navenna.md,ocr,776,7373,/Users/pugazhendhirajendran/Documents/Codex/2026-07-09/https-www-annavinpadaippugal-info/outputs/annavin_text_extractor/md_pages/katturaigal/navenna.md,/Users/pugazhendhirajendran/Documents/Codex/2026-07-09/https-www-annavinpadaippugal-info/outputs/annavin_text_extractor/ocr_text_corrected/katturaigal/navenna.md
katturaigal/neethimandra_anna.md,ocr,806,39248,/Users/pugazhendhirajendran/Documents/Codex/2026-07-09/https-www-annavinpadaippugal-info/outputs/annavin_text_extractor/md_pages/katturaigal/neethimandra_anna.md,/Users/pugazhendhirajendran/Documents/Codex/2026-07-09/https-www-annavinpadaippugal-info/outputs/annavin_text_extractor/ocr_text_corrected/katturaigal/neethimandra_anna.md
katturaigal/neethiyum.md,ocr,782,8217,/Users/pugazhendhirajendran/Documents/Codex/2026-07-09/https-www-annavinpadaippugal-info/outputs/annavin_text_extractor/md_pages/katturaigal/neethiyum.md,/Users/pugazhendhirajendran/Documents/Codex/2026-07-09/https-www-annavinpadaippugal-info/outputs/annavin_text_extractor/ocr_text_corrected/katturaigal/neethiyum.md
katturaigal/nehruvin_maeru.md,ocr,797,39381,/Users/pugazhendhirajendran/Documents/Codex/2026-07-09/https-www-annavinpadaippugal-info/outputs/annavin_text_extractor/md_pages/katturaigal/nehruvin_maeru.md,/Users/pugazhendhirajendran/Documents/Codex/2026-07-09/https-www-annavinpadaippugal-info/outputs/annavin_text_extractor/ocr_text_corrected/katturaigal/nehruvin_maeru.md
katturaigal/nerungivit.md,ocr,785,32398,/Users/pugazhendhirajendran/Documents/Codex/2026-07-09/https-www-annavinpadaippugal-info/outputs/annavin_text_extractor/md_pages/katturaigal/nerungivit.md,/Users/pugazhendhirajendran/Documents/Codex/2026-07-09/https-www-annavinpadaippugal-info/outputs/annavin_text_extractor/ocr_text_corrected/katturaigal/nerungivit.md
katturaigal/ninaivil_nilaithar.md,ocr,809,10368,/Users/pugazhendhirajendran/Documents/Codex/2026-07-09/https-www-annavinpadaippugal-info/outputs/annavin_text_extractor/md_pages/katturaigal/ninaivil_nilaithar.md,/Users/pugazhendhirajendran/Documents/Codex/2026-07-09/https-www-annavinpadaippugal-info/outputs/annavin_text_extractor/ocr_text_corrected/katturaigal/ninaivil_nilaithar.md
katturaigal/ninaivu_nilai.md,ocr,755,12051,/Users/pugazhendhirajendran/Documents/Codex/2026-07-09/https-www-annavinpadaippugal-info/outputs/annavin_text_extractor/md_pages/katturaigal/ninaivu_nilai.md,/Users/pugazhendhirajendran/Documents/Codex/2026-07-09/https-www-annavinpadaippugal-info/outputs/annavin_text_extractor/ocr_text_corrected/katturaigal/ninaivu_nilai.md
katturaigal/nirubarin_nilai.md,ocr,800,64140,/Users/pugazhendhirajendran/Documents/Codex/2026-07-09/https-www-annavinpadaippugal-info/outputs/annavin_text_extractor/md_pages/katturaigal/nirubarin_nilai.md,/Users/pugazhendhirajendran/Documents/Codex/2026-07-09/https-www-annavinpadaippugal-info/outputs/annavin_text_extractor/ocr_text_corrected/katturaigal/nirubarin_nilai.md
katturaigal/noyaligal.md,ocr,782,11131,/Users/pugazhendhirajendran/Documents/Codex/2026-07-09/https-www-annavinpadaippugal-info/outputs/annavin_text_extractor/md_pages/katturaigal/noyaligal.md,/Users/pugazhendhirajendran/Documents/Codex/2026-07-09/https-www-annavinpadaippugal-info/outputs/annavin_text_extractor/ocr_text_corrected/katturaigal/noyaligal.md
katturaigal/nsk.md,ocr,764,26860,/Users/pugazhendhirajendran/Documents/Codex/2026-07-09/https-www-annavinpadaippugal-info/outputs/annavin_text_extractor/md_pages/katturaigal/nsk.md,/Users/pugazhendhirajendran/Documents/Codex/2026-07-09/https-www-annavinpadaippugal-info/outputs/annavin_text_extractor/ocr_text_corrected/katturaigal/nsk.md
katturaigal/october_15.md,ocr,785,7596,/Users/pugazhendhirajendran/Documents/Codex/2026-07-09/https-www-annavinpadaippugal-info/outputs/annavin_text_extractor/md_pages/katturaigal/october_15.md,/Users/pugazhendhirajendran/Documents/Codex/2026-07-09/https-www-annavinpadaippugal-info/outputs/annavin_text_extractor/ocr_text_corrected/katturaigal/october_15.md
katturaigal/oli_thanthar.md,ocr,791,8634,/Users/pugazhendhirajendran/Documents/Codex/2026-07-09/https-www-annavinpadaippugal-info/outputs/annavin_text_extractor/md_pages/katturaigal/oli_thanthar.md,/Users/pugazhendhirajendran/Documents/Codex/2026-07-09/https-www-annavinpadaippugal-info/outputs/annavin_text_extractor/ocr_text_corrected/katturaigal/oli_thanthar.md
katturaigal/oorsirikkum.md,ocr,788,28271,/Users/pugazhendhirajendran/Documents/Codex/2026-07-09/https-www-annavinpadaippugal-info/outputs/annavin_text_extractor/md_pages/katturaigal/oorsirikkum.md,/Users/pugazhendhirajendran/Documents/Codex/2026-07-09/https-www-annavinpadaippugal-info/outputs/annavin_text_extractor/ocr_text_corrected/katturaigal/oorsirikkum.md
katturaigal/orae_nilavu.md,ocr,788,33470,/Users/pugazhendhirajendran/Documents/Codex/2026-07-09/https-www-annavinpadaippugal-info/outputs/annavin_text_extractor/md_pages/katturaigal/orae_nilavu.md,/Users/pugazhendhirajendran/Documents/Codex/2026-07-09/https-www-annavinpadaippugal-info/outputs/annavin_text_extractor/ocr_text_corrected/katturaigal/orae_nilavu.md
katturaigal/oraeoru.md,ocr,776,33395,/Users/pugazhendhirajendran/Documents/Codex/2026-07-09/https-www-annavinpadaippugal-info/outputs/annavin_text_extractor/md_pages/katturaigal/oraeoru.md,/Users/pugazhendhirajendran/Documents/Codex/2026-07-09/https-www-annavinpadaippugal-info/outputs/annavin_text_extractor/ocr_text_corrected/katturaigal/oraeoru.md
katturaigal/oru_ponnedu.md,ocr,788,10871,/Users/pugazhendhirajendran/Documents/Codex/2026-07-09/https-www-annavinpadaippugal-info/outputs/annavin_text_extractor/md_pages/katturaigal/oru_ponnedu.md,/Users/pugazhendhirajendran/Documents/Codex/2026-07-09/https-www-annavinpadaippugal-info/outputs/annavin_text_extractor/ocr_text_corrected/katturaigal/oru_ponnedu.md
katturaigal/oviya_mannarukku.md,ocr,803,6302,/Users/pugazhendhirajendran/Documents/Codex/2026-07-09/https-www-annavinpadaippugal-info/outputs/annavin_text_extractor/md_pages/katturaigal/oviya_mannarukku.md,/Users/pugazhendhirajendran/Documents/Codex/2026-07-09/https-www-annavinpadaippugal-info/outputs/annavin_text_extractor/ocr_text_corrected/katturaigal/oviya_mannarukku.md
katturaigal/paalaivana_malar.md,ocr,803,28640,/Users/pugazhendhirajendran/Documents/Codex/2026-07-09/https-www-annavinpadaippugal-info/outputs/annavin_text_extractor/md_pages/katturaigal/paalaivana_malar.md,/Users/pugazhendhirajendran/Documents/Codex/2026-07-09/https-www-annavinpadaippugal-info/outputs/annavin_text_extractor/ocr_text_corrected/katturaigal/paalaivana_malar.md
katturaigal/paanjalasabai.md,ocr,794,11115,/Users/pugazhendhirajendran/Documents/Codex/2026-07-09/https-www-annavinpadaippugal-info/outputs/annavin_text_extractor/md_pages/katturaigal/paanjalasabai.md,/Users/pugazhendhirajendran/Documents/Codex/2026-07-09/https-www-annavinpadaippugal-info/outputs/annavin_text_extractor/ocr_text_corrected/katturaigal/paanjalasabai.md
katturaigal/paathivazhi.md,ocr,788,29509,/Users/pugazhendhirajendran/Documents/Codex/2026-07-09/https-www-annavinpadaippugal-info/outputs/annavin_text_extractor/md_pages/katturaigal/paathivazhi.md,/Users/pugazhendhirajendran/Documents/Codex/2026-07-09/https-www-annavinpadaippugal-info/outputs/annavin_text_extractor/ocr_text_corrected/katturaigal/paathivazhi.md
katturaigal/padikkathae.md,ocr,788,18618,/Users/pugazhendhirajendran/Documents/Codex/2026-07-09/https-www-annavinpadaippugal-info/outputs/annavin_text_extractor/md_pages/katturaigal/padikkathae.md,/Users/pugazhendhirajendran/Documents/Codex/2026-07-09/https-www-annavinpadaippugal-info/outputs/annavin_text_extractor/ocr_text_corrected/katturaigal/padikkathae.md
katturaigal/pakarkollai.md,ocr,788,52040,/Users/pugazhendhirajendran/Documents/Codex/2026-07-09/https-www-annavinpadaippugal-info/outputs/annavin_text_extractor/md_pages/katturaigal/pakarkollai.md,/Users/pugazhendhirajendran/Documents/Codex/2026-07-09/https-www-annavinpadaippugal-info/outputs/annavin_text_extractor/ocr_text_corrected/katturaigal/pakarkollai.md
katturaigal/pal_thirinthathu.md,ocr,803,61306,/Users/pugazhendhirajendran/Documents/Codex/2026-07-09/https-www-annavinpadaippugal-info/outputs/annavin_text_extractor/md_pages/katturaigal/pal_thirinthathu.md,/Users/pugazhendhirajendran/Documents/Codex/2026-07-09/https-www-annavinpadaippugal-info/outputs/annavin_text_extractor/ocr_text_corrected/katturaigal/pal_thirinthathu.md
katturaigal/pallakku_boomi.md,ocr,797,21905,/Users/pugazhendhirajendran/Documents/Codex/2026-07-09/https-www-annavinpadaippugal-info/outputs/annavin_text_extractor/md_pages/katturaigal/pallakku_boomi.md,/Users/pugazhendhirajendran/Documents/Codex/2026-07-09/https-www-annavinpadaippugal-info/outputs/annavin_text_extractor/ocr_text_corrected/katturaigal/pallakku_boomi.md
katturaigal/palliyarayil_param.md,ocr,809,55246,/Users/pugazhendhirajendran/Documents/Codex/2026-07-09/https-www-annavinpadaippugal-info/outputs/annavin_text_extractor/md_pages/katturaigal/palliyarayil_param.md,/Users/pugazhendhirajendran/Documents/Codex/2026-07-09/https-www-annavinpadaippugal-info/outputs/annavin_text_extractor/ocr_text_corrected/katturaigal/palliyarayil_param.md
katturaigal/pamba_ramayan.md,ocr,794,66648,/Users/pugazhendhirajendran/Documents/Codex/2026-07-09/https-www-annavinpadaippugal-info/outputs/annavin_text_extractor/md_pages/katturaigal/pamba_ramayan.md,/Users/pugazhendhirajendran/Documents/Codex/2026-07-09/https-www-annavinpadaippugal-info/outputs/annavin_text_extractor/ocr_text_corrected/katturaigal/pamba_ramayan.md
katturaigal/panabanam.md,ocr,782,38205,/Users/pugazhendhirajendran/Documents/Codex/2026-07-09/https-www-annavinpadaippugal-info/outputs/annavin_text_extractor/md_pages/katturaigal/panabanam.md,/Users/pugazhendhirajendran/Documents/Codex/2026-07-09/https-www-annavinpadaippugal-info/outputs/annavin_text_extractor/ocr_text_corrected/katturaigal/panabanam.md
katturaigal/panathottam.md,ocr,1521,295530,/Users/pugazhendhirajendran/Documents/Codex/2026-07-09/https-www-annavinpadaippugal-info/outputs/annavin_text_extractor/md_pages/katturaigal/panathottam.md,/Users/pugazhendhirajendran/Documents/Codex/2026-07-09/https-www-annavinpadaippugal-info/outputs/annavin_text_extractor/ocr_text_corrected/katturaigal/panathottam.md
katturaigal/pandithar_maraivu.md,ocr,806,2979,/Users/pugazhendhirajendran/Documents/Codex/2026-07-09/https-www-annavinpadaippugal-info/outputs/annavin_text_extractor/md_pages/katturaigal/pandithar_maraivu.md,/Users/pugazhendhirajendran/Documents/Codex/2026-07-09/https-www-annavinpadaippugal-info/outputs/annavin_text_extractor/ocr_text_corrected/katturaigal/pandithar_maraivu.md
katturaigal/panditharin_perurai.md,ocr,812,76722,/Users/pugazhendhirajendran/Documents/Codex/2026-07-09/https-www-annavinpadaippugal-info/outputs/annavin_text_extractor/md_pages/katturaigal/panditharin_perurai.md,/Users/pugazhendhirajendran/Documents/Codex/2026-07-09/https-www-annavinpadaippugal-info/outputs/annavin_text_extractor/ocr_text_corrected/katturaigal/panditharin_perurai.md
katturaigal/panditharukku_vaendu.md,ocr,815,7554,/Users/pugazhendhirajendran/Documents/Codex/2026-07-09/https-www-annavinpadaippugal-info/outputs/annavin_text_extractor/md_pages/katturaigal/panditharukku_vaendu.md,/Users/pugazhendhirajendran/Documents/Codex/2026-07-09/https-www-annavinpadaippugal-info/outputs/annavin_text_extractor/ocr_text_corrected/katturaigal/panditharukku_vaendu.md
katturaigal/parakkum_kuthirai.md,ocr,806,3014,/Users/pugazhendhirajendran/Documents/Codex/2026-07-09/https-www-annavinpadaippugal-info/outputs/annavin_text_extractor/md_pages/katturaigal/parakkum_kuthirai.md,/Users/pugazhendhirajendran/Documents/Codex/2026-07-09/https-www-annavinpadaippugal-info/outputs/annavin_text_extractor/ocr_text_corrected/katturaigal/parakkum_kuthirai.md
katturaigal/paranthathu.md,ocr,791,7536,/Users/pugazhendhirajendran/Documents/Codex/2026-07-09/https-www-annavinpadaippugal-info/outputs/annavin_text_extractor/md_pages/katturaigal/paranthathu.md,/Users/pugazhendhirajendran/Documents/Codex/2026-07-09/https-www-annavinpadaippugal-info/outputs/annavin_text_extractor/ocr_text_corrected/katturaigal/paranthathu.md
katturaigal/parasakthi.md,ocr,785,20243,/Users/pugazhendhirajendran/Documents/Codex/2026-07-09/https-www-annavinpadaippugal-info/outputs/annavin_text_extractor/md_pages/katturaigal/parasakthi.md,/Users/pugazhendhirajendran/Documents/Codex/2026-07-09/https-www-annavinpadaippugal-info/outputs/annavin_text_extractor/ocr_text_corrected/katturaigal/parasakthi.md
katturaigal/parattu5256.md,ocr,788,4616,/Users/pugazhendhirajendran/Documents/Codex/2026-07-09/https-www-annavinpadaippugal-info/outputs/annavin_text_extractor/md_pages/katturaigal/parattu5256.md,/Users/pugazhendhirajendran/Documents/Codex/2026-07-09/https-www-annavinpadaippugal-info/outputs/annavin_text_extractor/ocr_text_corrected/katturaigal/parattu5256.md
katturaigal/parattu_211056.md,ocr,797,18224,/Users/pugazhendhirajendran/Documents/Codex/2026-07-09/https-www-annavinpadaippugal-info/outputs/annavin_text_extractor/md_pages/katturaigal/parattu_211056.md,/Users/pugazhendhirajendran/Documents/Codex/2026-07-09/https-www-annavinpadaippugal-info/outputs/annavin_text_extractor/ocr_text_corrected/katturaigal/parattu_211056.md
katturaigal/parivarathin.md,ocr,791,31432,/Users/pugazhendhirajendran/Documents/Codex/2026-07-09/https-www-annavinpadaippugal-info/outputs/annavin_text_extractor/md_pages/katturaigal/parivarathin.md,/Users/pugazhendhirajendran/Documents/Codex/2026-07-09/https-www-annavinpadaippugal-info/outputs/annavin_text_extractor/ocr_text_corrected/katturaigal/parivarathin.md
katturaigal/parpanargalum.md,ocr,794,11495,/Users/pugazhendhirajendran/Documents/Codex/2026-07-09/https-www-annavinpadaippugal-info/outputs/annavin_text_extractor/md_pages/katturaigal/parpanargalum.md,/Users/pugazhendhirajendran/Documents/Codex/2026-07-09/https-www-annavinpadaippugal-info/outputs/annavin_text_extractor/ocr_text_corrected/katturaigal/parpanargalum.md
katturaigal/pathandugal.md,ocr,788,10598,/Users/pugazhendhirajendran/Documents/Codex/2026-07-09/https-www-annavinpadaippugal-info/outputs/annavin_text_extractor/md_pages/katturaigal/pathandugal.md,/Users/pugazhendhirajendran/Documents/Codex/2026-07-09/https-www-annavinpadaippugal-info/outputs/annavin_text_extractor/ocr_text_corrected/katturaigal/pathandugal.md
katturaigal/pathinainthu.md,ocr,791,12467,/Users/pugazhendhirajendran/Documents/Codex/2026-07-09/https-www-annavinpadaippugal-info/outputs/annavin_text_extractor/md_pages/katturaigal/pathinainthu.md,/Users/pugazhendhirajendran/Documents/Codex/2026-07-09/https-www-annavinpadaippugal-info/outputs/annavin_text_extractor/ocr_text_corrected/katturaigal/pathinainthu.md
katturaigal/pazhaya_agar.md,ocr,791,14572,/Users/pugazhendhirajendran/Documents/Codex/2026-07-09/https-www-annavinpadaippugal-info/outputs/annavin_text_extractor/md_pages/katturaigal/pazhaya_agar.md,/Users/pugazhendhirajendran/Documents/Codex/2026-07-09/https-www-annavinpadaippugal-info/outputs/annavin_text_extractor/ocr_text_corrected/katturaigal/pazhaya_agar.md
katturaigal/pazhaya_company.md,ocr,800,45903,/Users/pugazhendhirajendran/Documents/Codex/2026-07-09/https-www-annavinpadaippugal-info/outputs/annavin_text_extractor/md_pages/katturaigal/pazhaya_company.md,/Users/pugazhendhirajendran/Documents/Codex/2026-07-09/https-www-annavinpadaippugal-info/outputs/annavin_text_extractor/ocr_text_corrected/katturaigal/pazhaya_company.md
katturaigal/penninam.md,ocr,779,53202,/Users/pugazhendhirajendran/Documents/Codex/2026-07-09/https-www-annavinpadaippugal-info/outputs/annavin_text_extractor/md_pages/katturaigal/penninam.md,/Users/pugazhendhirajendran/Documents/Codex/2026-07-09/https-www-annavinpadaippugal-info/outputs/annavin_text_extractor/ocr_text_corrected/katturaigal/penninam.md
katturaigal/periya_idathu_thiru.md,ocr,812,24443,/Users/pugazhendhirajendran/Documents/Codex/2026-07-09/https-www-annavinpadaippugal-info/outputs/annavin_text_extractor/md_pages/katturaigal/periya_idathu_thiru.md,/Users/pugazhendhirajendran/Documents/Codex/2026-07-09/https-www-annavinpadaippugal-info/outputs/annavin_text_extractor/ocr_text_corrected/katturaigal/periya_idathu_thiru.md
katturaigal/periyapuranaputhayal.md,ocr,1460,288719,/Users/pugazhendhirajendran/Documents/Codex/2026-07-09/https-www-annavinpadaippugal-info/outputs/annavin_text_extractor/md_pages/katturaigal/periyapuranaputhayal.md,/Users/pugazhendhirajendran/Documents/Codex/2026-07-09/https-www-annavinpadaippugal-info/outputs/annavin_text_extractor/ocr_text_corrected/katturaigal/periyapuranaputhayal.md
katturaigal/periyar_namakku.md,ocr,800,68314,/Users/pugazhendhirajendran/Documents/Codex/2026-07-09/https-www-annavinpadaippugal-info/outputs/annavin_text_extractor/md_pages/katturaigal/periyar_namakku.md,/Users/pugazhendhirajendran/Documents/Codex/2026-07-09/https-www-annavinpadaippugal-info/outputs/annavin_text_extractor/ocr_text_corrected/katturaigal/periyar_namakku.md
katturaigal/periyarum_pirarum.md,ocr,806,32428,/Users/pugazhendhirajendran/Documents/Codex/2026-07-09/https-www-annavinpadaippugal-info/outputs/annavin_text_extractor/md_pages/katturaigal/periyarum_pirarum.md,/Users/pugazhendhirajendran/Documents/Codex/2026-07-09/https-www-annavinpadaippugal-info/outputs/annavin_text_extractor/ocr_text_corrected/katturaigal/periyarum_pirarum.md
katturaigal/pernathath.md,ocr,785,7126,/Users/pugazhendhirajendran/Documents/Codex/2026-07-09/https-www-annavinpadaippugal-info/outputs/annavin_text_extractor/md_pages/katturaigal/pernathath.md,/Users/pugazhendhirajendran/Documents/Codex/2026-07-09/https-www-annavinpadaippugal-info/outputs/annavin_text_extractor/ocr_text_corrected/katturaigal/pernathath.md
katturaigal/perumaikuriya_para.md,ocr,809,9902,/Users/pugazhendhirajendran/Documents/Codex/2026-07-09/https-www-annavinpadaippugal-info/outputs/annavin_text_extractor/md_pages/katturaigal/perumaikuriya_para.md,/Users/pugazhendhirajendran/Documents/Codex/2026-07-09/https-www-annavinpadaippugal-info/outputs/annavin_text_extractor/ocr_text_corrected/katturaigal/perumaikuriya_para.md
katturaigal/perumpulavar.md,ocr,791,2897,/Users/pugazhendhirajendran/Documents/Codex/2026-07-09/https-www-annavinpadaippugal-info/outputs/annavin_text_extractor/md_pages/katturaigal/perumpulavar.md,/Users/pugazhendhirajendran/Documents/Codex/2026-07-09/https-www-annavinpadaippugal-info/outputs/annavin_text_extractor/ocr_text_corrected/katturaigal/perumpulavar.md
katturaigal/peyyena.md,ocr,776,27781,/Users/pugazhendhirajendran/Documents/Codex/2026-07-09/https-www-annavinpadaippugal-info/outputs/annavin_text_extractor/md_pages/katturaigal/peyyena.md,/Users/pugazhendhirajendran/Documents/Codex/2026-07-09/https-www-annavinpadaippugal-info/outputs/annavin_text_extractor/ocr_text_corrected/katturaigal/peyyena.md
katturaigal/pillayin_pinam.md,ocr,797,16352,/Users/pugazhendhirajendran/Documents/Codex/2026-07-09/https-www-annavinpadaippugal-info/outputs/annavin_text_extractor/md_pages/katturaigal/pillayin_pinam.md,/Users/pugazhendhirajendran/Documents/Codex/2026-07-09/https-www-annavinpadaippugal-info/outputs/annavin_text_extractor/ocr_text_corrected/katturaigal/pillayin_pinam.md
katturaigal/pirarsothai.md,ocr,788,21271,/Users/pugazhendhirajendran/Documents/Codex/2026-07-09/https-www-annavinpadaippugal-info/outputs/annavin_text_extractor/md_pages/katturaigal/pirarsothai.md,/Users/pugazhendhirajendran/Documents/Codex/2026-07-09/https-www-annavinpadaippugal-info/outputs/annavin_text_extractor/ocr_text_corrected/katturaigal/pirarsothai.md
katturaigal/piravi_muthalali.md,ocr,803,30674,/Users/pugazhendhirajendran/Documents/Codex/2026-07-09/https-www-annavinpadaippugal-info/outputs/annavin_text_extractor/md_pages/katturaigal/piravi_muthalali.md,/Users/pugazhendhirajendran/Documents/Codex/2026-07-09/https-www-annavinpadaippugal-info/outputs/annavin_text_extractor/ocr_text_corrected/katturaigal/piravi_muthalali.md
katturaigal/pitham_theliya.md,ocr,797,15299,/Users/pugazhendhirajendran/Documents/Codex/2026-07-09/https-www-annavinpadaippugal-info/outputs/annavin_text_extractor/md_pages/katturaigal/pitham_theliya.md,/Users/pugazhendhirajendran/Documents/Codex/2026-07-09/https-www-annavinpadaippugal-info/outputs/annavin_text_extractor/ocr_text_corrected/katturaigal/pitham_theliya.md
katturaigal/pon_vaathu.md,ocr,785,14691,/Users/pugazhendhirajendran/Documents/Codex/2026-07-09/https-www-annavinpadaippugal-info/outputs/annavin_text_extractor/md_pages/katturaigal/pon_vaathu.md,/Users/pugazhendhirajendran/Documents/Codex/2026-07-09/https-www-annavinpadaippugal-info/outputs/annavin_text_extractor/ocr_text_corrected/katturaigal/pon_vaathu.md
katturaigal/pongal_virunthu.md,ocr,800,2855,/Users/pugazhendhirajendran/Documents/Codex/2026-07-09/https-www-annavinpadaippugal-info/outputs/annavin_text_extractor/md_pages/katturaigal/pongal_virunthu.md,/Users/pugazhendhirajendran/Documents/Codex/2026-07-09/https-www-annavinpadaippugal-info/outputs/annavin_text_extractor/ocr_text_corrected/katturaigal/pongal_virunthu.md
katturaigal/ponnoli.md,ocr,776,87624,/Users/pugazhendhirajendran/Documents/Codex/2026-07-09/https-www-annavinpadaippugal-info/outputs/annavin_text_extractor/md_pages/katturaigal/ponnoli.md,/Users/pugazhendhirajendran/Documents/Codex/2026-07-09/https-www-annavinpadaippugal-info/outputs/annavin_text_extractor/ocr_text_corrected/katturaigal/ponnoli.md
katturaigal/poongatru.md,ocr,782,6971,/Users/pugazhendhirajendran/Documents/Codex/2026-07-09/https-www-annavinpadaippugal-info/outputs/annavin_text_extractor/md_pages/katturaigal/poongatru.md,/Users/pugazhendhirajendran/Documents/Codex/2026-07-09/https-www-annavinpadaippugal-info/outputs/annavin_text_extractor/ocr_text_corrected/katturaigal/poongatru.md
katturaigal/pothu_seyalalar.md,ocr,800,8675,/Users/pugazhendhirajendran/Documents/Codex/2026-07-09/https-www-annavinpadaippugal-info/outputs/annavin_text_extractor/md_pages/katturaigal/pothu_seyalalar.md,/Users/pugazhendhirajendran/Documents/Codex/2026-07-09/https-www-annavinpadaippugal-info/outputs/annavin_text_extractor/ocr_text_corrected/katturaigal/pothu_seyalalar.md
katturaigal/power_soda.md,ocr,785,11941,/Users/pugazhendhirajendran/Documents/Codex/2026-07-09/https-www-annavinpadaippugal-info/outputs/annavin_text_extractor/md_pages/katturaigal/power_soda.md,/Users/pugazhendhirajendran/Documents/Codex/2026-07-09/https-www-annavinpadaippugal-info/outputs/annavin_text_extractor/ocr_text_corrected/katturaigal/power_soda.md
katturaigal/prarthanai.md,ocr,785,14970,/Users/pugazhendhirajendran/Documents/Codex/2026-07-09/https-www-annavinpadaippugal-info/outputs/annavin_text_extractor/md_pages/katturaigal/prarthanai.md,/Users/pugazhendhirajendran/Documents/Codex/2026-07-09/https-www-annavinpadaippugal-info/outputs/annavin_text_extractor/ocr_text_corrected/katturaigal/prarthanai.md
katturaigal/pulinigar.md,ocr,782,60189,/Users/pugazhendhirajendran/Documents/Codex/2026-07-09/https-www-annavinpadaippugal-info/outputs/annavin_text_extractor/md_pages/katturaigal/pulinigar.md,/Users/pugazhendhirajendran/Documents/Codex/2026-07-09/https-www-annavinpadaippugal-info/outputs/annavin_text_extractor/ocr_text_corrected/katturaigal/pulinigar.md
katturaigal/puliyana_kathai.md,ocr,800,18610,/Users/pugazhendhirajendran/Documents/Codex/2026-07-09/https-www-annavinpadaippugal-info/outputs/annavin_text_extractor/md_pages/katturaigal/puliyana_kathai.md,/Users/pugazhendhirajendran/Documents/Codex/2026-07-09/https-www-annavinpadaippugal-info/outputs/annavin_text_extractor/ocr_text_corrected/katturaigal/puliyana_kathai.md
katturaigal/punnagai.md,ocr,683,19871,/Users/pugazhendhirajendran/Documents/Codex/2026-07-09/https-www-annavinpadaippugal-info/outputs/annavin_text_extractor/md_pages/katturaigal/punnagai.md,/Users/pugazhendhirajendran/Documents/Codex/2026-07-09/https-www-annavinpadaippugal-info/outputs/annavin_text_extractor/ocr_text_corrected/katturaigal/punnagai.md
katturaigal/punnagaiyum_peru.md,ocr,803,51341,/Users/pugazhendhirajendran/Documents/Codex/2026-07-09/https-www-annavinpadaippugal-info/outputs/annavin_text_extractor/md_pages/katturaigal/punnagaiyum_peru.md,/Users/pugazhendhirajendran/Documents/Codex/2026-07-09/https-www-annavinpadaippugal-info/outputs/annavin_text_extractor/ocr_text_corrected/katturaigal/punnagaiyum_peru.md
katturaigal/puntheera.md,ocr,782,27132,/Users/pugazhendhirajendran/Documents/Codex/2026-07-09/https-www-annavinpadaippugal-info/outputs/annavin_text_extractor/md_pages/katturaigal/puntheera.md,/Users/pugazhendhirajendran/Documents/Codex/2026-07-09/https-www-annavinpadaippugal-info/outputs/annavin_text_extractor/ocr_text_corrected/katturaigal/puntheera.md
katturaigal/puranakala_panjam.md,ocr,806,46779,/Users/pugazhendhirajendran/Documents/Codex/2026-07-09/https-www-annavinpadaippugal-info/outputs/annavin_text_extractor/md_pages/katturaigal/puranakala_panjam.md,/Users/pugazhendhirajendran/Documents/Codex/2026-07-09/https-www-annavinpadaippugal-info/outputs/annavin_text_extractor/ocr_text_corrected/katturaigal/puranakala_panjam.md
katturaigal/puranama.md,ocr,779,41823,/Users/pugazhendhirajendran/Documents/Codex/2026-07-09/https-www-annavinpadaippugal-info/outputs/annavin_text_extractor/md_pages/katturaigal/puranama.md,/Users/pugazhendhirajendran/Documents/Codex/2026-07-09/https-www-annavinpadaippugal-info/outputs/annavin_text_extractor/ocr_text_corrected/katturaigal/puranama.md
katturaigal/puratchi_kanda.md,ocr,797,93368,/Users/pugazhendhirajendran/Documents/Codex/2026-07-09/https-www-annavinpadaippugal-info/outputs/annavin_text_extractor/md_pages/katturaigal/puratchi_kanda.md,/Users/pugazhendhirajendran/Documents/Codex/2026-07-09/https-www-annavinpadaippugal-info/outputs/annavin_text_extractor/ocr_text_corrected/katturaigal/puratchi_kanda.md
katturaigal/puthia_thiruppam.md,ocr,803,63867,/Users/pugazhendhirajendran/Documents/Codex/2026-07-09/https-www-annavinpadaippugal-info/outputs/annavin_text_extractor/md_pages/katturaigal/puthia_thiruppam.md,/Users/pugazhendhirajendran/Documents/Codex/2026-07-09/https-www-annavinpadaippugal-info/outputs/annavin_text_extractor/ocr_text_corrected/katturaigal/puthia_thiruppam.md
katturaigal/puthiya_ani.md,ocr,788,11426,/Users/pugazhendhirajendran/Documents/Codex/2026-07-09/https-www-annavinpadaippugal-info/outputs/annavin_text_extractor/md_pages/katturaigal/puthiya_ani.md,/Users/pugazhendhirajendran/Documents/Codex/2026-07-09/https-www-annavinpadaippugal-info/outputs/annavin_text_extractor/ocr_text_corrected/katturaigal/puthiya_ani.md
katturaigal/puthiyapera.md,ocr,788,48426,/Users/pugazhendhirajendran/Documents/Codex/2026-07-09/https-www-annavinpadaippugal-info/outputs/annavin_text_extractor/md_pages/katturaigal/puthiyapera.md,/Users/pugazhendhirajendran/Documents/Codex/2026-07-09/https-www-annavinpadaippugal-info/outputs/annavin_text_extractor/ocr_text_corrected/katturaigal/puthiyapera.md
katturaigal/puthuppothanai.md,ocr,800,16582,/Users/pugazhendhirajendran/Documents/Codex/2026-07-09/https-www-annavinpadaippugal-info/outputs/annavin_text_extractor/md_pages/katturaigal/puthuppothanai.md,/Users/pugazhendhirajendran/Documents/Codex/2026-07-09/https-www-annavinpadaippugal-info/outputs/annavin_text_extractor/ocr_text_corrected/katturaigal/puthuppothanai.md
katturaigal/puthuthittam.md,ocr,791,41088,/Users/pugazhendhirajendran/Documents/Codex/2026-07-09/https-www-annavinpadaippugal-info/outputs/annavin_text_extractor/md_pages/katturaigal/puthuthittam.md,/Users/pugazhendhirajendran/Documents/Codex/2026-07-09/https-www-annavinpadaippugal-info/outputs/annavin_text_extractor/ocr_text_corrected/katturaigal/puthuthittam.md
katturaigal/puthuvali.md,ocr,782,4087,/Users/pugazhendhirajendran/Documents/Codex/2026-07-09/https-www-annavinpadaippugal-info/outputs/annavin_text_extractor/md_pages/katturaigal/puthuvali.md,/Users/pugazhendhirajendran/Documents/Codex/2026-07-09/https-www-annavinpadaippugal-info/outputs/annavin_text_extractor/ocr_text_corrected/katturaigal/puthuvali.md
katturaigal/puthvazhvu.md,ocr,785,20768,/Users/pugazhendhirajendran/Documents/Codex/2026-07-09/https-www-annavinpadaippugal-info/outputs/annavin_text_extractor/md_pages/katturaigal/puthvazhvu.md,/Users/pugazhendhirajendran/Documents/Codex/2026-07-09/https-www-annavinpadaippugal-info/outputs/annavin_text_extractor/ocr_text_corrected/katturaigal/puthvazhvu.md
katturaigal/raja_annama.md,ocr,788,1537,/Users/pugazhendhirajendran/Documents/Codex/2026-07-09/https-www-annavinpadaippugal-info/outputs/annavin_text_extractor/md_pages/katturaigal/raja_annama.md,/Users/pugazhendhirajendran/Documents/Codex/2026-07-09/https-www-annavinpadaippugal-info/outputs/annavin_text_extractor/ocr_text_corrected/katturaigal/raja_annama.md
katturaigal/raja_sir.md,ocr,779,85305,/Users/pugazhendhirajendran/Documents/Codex/2026-07-09/https-www-annavinpadaippugal-info/outputs/annavin_text_extractor/md_pages/katturaigal/raja_sir.md,/Users/pugazhendhirajendran/Documents/Codex/2026-07-09/https-www-annavinpadaippugal-info/outputs/annavin_text_extractor/ocr_text_corrected/katturaigal/raja_sir.md
katturaigal/rashya_sirikirathu.md,ocr,809,16282,/Users/pugazhendhirajendran/Documents/Codex/2026-07-09/https-www-annavinpadaippugal-info/outputs/annavin_text_extractor/md_pages/katturaigal/rashya_sirikirathu.md,/Users/pugazhendhirajendran/Documents/Codex/2026-07-09/https-www-annavinpadaippugal-info/outputs/annavin_text_extractor/ocr_text_corrected/katturaigal/rashya_sirikirathu.md
katturaigal/ravana_kaviathirku.md,ocr,809,35877,/Users/pugazhendhirajendran/Documents/Codex/2026-07-09/https-www-annavinpadaippugal-info/outputs/annavin_text_extractor/md_pages/katturaigal/ravana_kaviathirku.md,/Users/pugazhendhirajendran/Documents/Codex/2026-07-09/https-www-annavinpadaippugal-info/outputs/annavin_text_extractor/ocr_text_corrected/katturaigal/ravana_kaviathirku.md
katturaigal/ravana_kaviyam.md,ocr,797,32190,/Users/pugazhendhirajendran/Documents/Codex/2026-07-09/https-www-annavinpadaippugal-info/outputs/annavin_text_extractor/md_pages/katturaigal/ravana_kaviyam.md,/Users/pugazhendhirajendran/Documents/Codex/2026-07-09/https-www-annavinpadaippugal-info/outputs/annavin_text_extractor/ocr_text_corrected/katturaigal/ravana_kaviyam.md
katturaigal/ravishthan.md,ocr,785,24974,/Users/pugazhendhirajendran/Documents/Codex/2026-07-09/https-www-annavinpadaippugal-info/outputs/annavin_text_extractor/md_pages/katturaigal/ravishthan.md,/Users/pugazhendhirajendran/Documents/Codex/2026-07-09/https-www-annavinpadaippugal-info/outputs/annavin_text_extractor/ocr_text_corrected/katturaigal/ravishthan.md
katturaigal/ribbon_mandapathu.md,ocr,806,28920,/Users/pugazhendhirajendran/Documents/Codex/2026-07-09/https-www-annavinpadaippugal-info/outputs/annavin_text_extractor/md_pages/katturaigal/ribbon_mandapathu.md,/Users/pugazhendhirajendran/Documents/Codex/2026-07-09/https-www-annavinpadaippugal-info/outputs/annavin_text_extractor/ocr_text_corrected/katturaigal/ribbon_mandapathu.md
katturaigal/romapuri_ranigal.md,ocr,1808,387301,/Users/pugazhendhirajendran/Documents/Codex/2026-07-09/https-www-annavinpadaippugal-info/outputs/annavin_text_extractor/md_pages/katturaigal/romapuri_ranigal.md,/Users/pugazhendhirajendran/Documents/Codex/2026-07-09/https-www-annavinpadaippugal-info/outputs/annavin_text_extractor/ocr_text_corrected/nadagangal/romapuri_ranigal.md
katturaigal/saeravaarum.md,ocr,788,15137,/Users/pugazhendhirajendran/Documents/Codex/2026-07-09/https-www-annavinpadaippugal-info/outputs/annavin_text_extractor/md_pages/katturaigal/saeravaarum.md,/Users/pugazhendhirajendran/Documents/Codex/2026-07-09/https-www-annavinpadaippugal-info/outputs/annavin_text_extractor/ocr_text_corrected/katturaigal/saeravaarum.md
katturaigal/saiva_vainava.md,ocr,794,21252,/Users/pugazhendhirajendran/Documents/Codex/2026-07-09/https-www-annavinpadaippugal-info/outputs/annavin_text_extractor/md_pages/katturaigal/saiva_vainava.md,/Users/pugazhendhirajendran/Documents/Codex/2026-07-09/https-www-annavinpadaippugal-info/outputs/annavin_text_extractor/ocr_text_corrected/katturaigal/saiva_vainava.md
katturaigal/sakkaraneri.md,ocr,788,58781,/Users/pugazhendhirajendran/Documents/Codex/2026-07-09/https-www-annavinpadaippugal-info/outputs/annavin_text_extractor/md_pages/katturaigal/sakkaraneri.md,/Users/pugazhendhirajendran/Documents/Codex/2026-07-09/https-www-annavinpadaippugal-info/outputs/annavin_text_extractor/ocr_text_corrected/katturaigal/sakkaraneri.md
katturaigal/samanyama.md,ocr,782,83133,/Users/pugazhendhirajendran/Documents/Codex/2026-07-09/https-www-annavinpadaippugal-info/outputs/annavin_text_extractor/md_pages/katturaigal/samanyama.md,/Users/pugazhendhirajendran/Documents/Codex/2026-07-09/https-www-annavinpadaippugal-info/outputs/annavin_text_extractor/ocr_text_corrected/katturaigal/samanyama.md
katturaigal/samaya_vila.md,ocr,788,40138,/Users/pugazhendhirajendran/Documents/Codex/2026-07-09/https-www-annavinpadaippugal-info/outputs/annavin_text_extractor/md_pages/katturaigal/samaya_vila.md,/Users/pugazhendhirajendran/Documents/Codex/2026-07-09/https-www-annavinpadaippugal-info/outputs/annavin_text_extractor/ocr_text_corrected/katturaigal/samaya_vila.md
katturaigal/samayasancheevi.md,ocr,800,14110,/Users/pugazhendhirajendran/Documents/Codex/2026-07-09/https-www-annavinpadaippugal-info/outputs/annavin_text_extractor/md_pages/katturaigal/samayasancheevi.md,/Users/pugazhendhirajendran/Documents/Codex/2026-07-09/https-www-annavinpadaippugal-info/outputs/annavin_text_extractor/ocr_text_corrected/katturaigal/samayasancheevi.md
katturaigal/sampath_thara.md,ocr,794,3265,/Users/pugazhendhirajendran/Documents/Codex/2026-07-09/https-www-annavinpadaippugal-info/outputs/annavin_text_extractor/md_pages/katturaigal/sampath_thara.md,/Users/pugazhendhirajendran/Documents/Codex/2026-07-09/https-www-annavinpadaippugal-info/outputs/annavin_text_extractor/ocr_text_corrected/katturaigal/sampath_thara.md
katturaigal/santhana_sapra.md,ocr,797,77060,/Users/pugazhendhirajendran/Documents/Codex/2026-07-09/https-www-annavinpadaippugal-info/outputs/annavin_text_extractor/md_pages/katturaigal/santhana_sapra.md,/Users/pugazhendhirajendran/Documents/Codex/2026-07-09/https-www-annavinpadaippugal-info/outputs/annavin_text_extractor/ocr_text_corrected/katturaigal/santhana_sapra.md
katturaigal/santharpas.md,ocr,785,26701,/Users/pugazhendhirajendran/Documents/Codex/2026-07-09/https-www-annavinpadaippugal-info/outputs/annavin_text_extractor/md_pages/katturaigal/santharpas.md,/Users/pugazhendhirajendran/Documents/Codex/2026-07-09/https-www-annavinpadaippugal-info/outputs/annavin_text_extractor/ocr_text_corrected/katturaigal/santharpas.md
katturaigal/sarintha_samrajyam_1.md,ocr,815,19366,/Users/pugazhendhirajendran/Documents/Codex/2026-07-09/https-www-annavinpadaippugal-info/outputs/annavin_text_extractor/md_pages/katturaigal/sarintha_samrajyam_1.md,/Users/pugazhendhirajendran/Documents/Codex/2026-07-09/https-www-annavinpadaippugal-info/outputs/annavin_text_extractor/ocr_text_corrected/katturaigal/sarintha_samrajyam_1.md
katturaigal/sarkar_vidumurai.md,ocr,803,33073,/Users/pugazhendhirajendran/Documents/Codex/2026-07-09/https-www-annavinpadaippugal-info/outputs/annavin_text_extractor/md_pages/katturaigal/sarkar_vidumurai.md,/Users/pugazhendhirajendran/Documents/Codex/2026-07-09/https-www-annavinpadaippugal-info/outputs/annavin_text_extractor/ocr_text_corrected/katturaigal/sarkar_vidumurai.md
katturaigal/satta_maruppum.md,ocr,797,14668,/Users/pugazhendhirajendran/Documents/Codex/2026-07-09/https-www-annavinpadaippugal-info/outputs/annavin_text_extractor/md_pages/katturaigal/satta_maruppum.md,/Users/pugazhendhirajendran/Documents/Codex/2026-07-09/https-www-annavinpadaippugal-info/outputs/annavin_text_extractor/ocr_text_corrected/katturaigal/satta_maruppum.md
katturaigal/savundappan.md,ocr,788,2697,/Users/pugazhendhirajendran/Documents/Codex/2026-07-09/https-www-annavinpadaippugal-info/outputs/annavin_text_extractor/md_pages/katturaigal/savundappan.md,/Users/pugazhendhirajendran/Documents/Codex/2026-07-09/https-www-annavinpadaippugal-info/outputs/annavin_text_extractor/ocr_text_corrected/katturaigal/savundappan.md
katturaigal/seena_sivappagirathu.md,ocr,815,50188,/Users/pugazhendhirajendran/Documents/Codex/2026-07-09/https-www-annavinpadaippugal-info/outputs/annavin_text_extractor/md_pages/katturaigal/seena_sivappagirathu.md,/Users/pugazhendhirajendran/Documents/Codex/2026-07-09/https-www-annavinpadaippugal-info/outputs/annavin_text_extractor/ocr_text_corrected/katturaigal/seena_sivappagirathu.md
katturaigal/seerum_seeman.md,ocr,794,37627,/Users/pugazhendhirajendran/Documents/Codex/2026-07-09/https-www-annavinpadaippugal-info/outputs/annavin_text_extractor/md_pages/katturaigal/seerum_seeman.md,/Users/pugazhendhirajendran/Documents/Codex/2026-07-09/https-www-annavinpadaippugal-info/outputs/annavin_text_extractor/ocr_text_corrected/katturaigal/seerum_seeman.md
katturaigal/sengodi_nizhalilae.md,ocr,809,13912,/Users/pugazhendhirajendran/Documents/Codex/2026-07-09/https-www-annavinpadaippugal-info/outputs/annavin_text_extractor/md_pages/katturaigal/sengodi_nizhalilae.md,/Users/pugazhendhirajendran/Documents/Codex/2026-07-09/https-www-annavinpadaippugal-info/outputs/annavin_text_extractor/ocr_text_corrected/katturaigal/sengodi_nizhalilae.md
katturaigal/silanthiyum.md,ocr,788,47697,/Users/pugazhendhirajendran/Documents/Codex/2026-07-09/https-www-annavinpadaippugal-info/outputs/annavin_text_extractor/md_pages/katturaigal/silanthiyum.md,/Users/pugazhendhirajendran/Documents/Codex/2026-07-09/https-www-annavinpadaippugal-info/outputs/annavin_text_extractor/ocr_text_corrected/katturaigal/silanthiyum.md
katturaigal/singam_sirunari_1.md,ocr,806,54030,/Users/pugazhendhirajendran/Documents/Codex/2026-07-09/https-www-annavinpadaippugal-info/outputs/annavin_text_extractor/md_pages/katturaigal/singam_sirunari_1.md,/Users/pugazhendhirajendran/Documents/Codex/2026-07-09/https-www-annavinpadaippugal-info/outputs/annavin_text_extractor/ocr_text_corrected/katturaigal/singam_sirunari_1.md
katturaigal/sinthanai_chirpi.md,ocr,803,36758,/Users/pugazhendhirajendran/Documents/Codex/2026-07-09/https-www-annavinpadaippugal-info/outputs/annavin_text_extractor/md_pages/katturaigal/sinthanai_chirpi.md,/Users/pugazhendhirajendran/Documents/Codex/2026-07-09/https-www-annavinpadaippugal-info/outputs/annavin_text_extractor/ocr_text_corrected/katturaigal/sinthanai_chirpi.md
katturaigal/sinthanai_kalan.md,ocr,800,8248,/Users/pugazhendhirajendran/Documents/Codex/2026-07-09/https-www-annavinpadaippugal-info/outputs/annavin_text_extractor/md_pages/katturaigal/sinthanai_kalan.md,/Users/pugazhendhirajendran/Documents/Codex/2026-07-09/https-www-annavinpadaippugal-info/outputs/annavin_text_extractor/ocr_text_corrected/katturaigal/sinthanai_kalan.md
katturaigal/sir_cv_ramanukku.md,ocr,803,21013,/Users/pugazhendhirajendran/Documents/Codex/2026-07-09/https-www-annavinpadaippugal-info/outputs/annavin_text_extractor/md_pages/katturaigal/sir_cv_ramanukku.md,/Users/pugazhendhirajendran/Documents/Codex/2026-07-09/https-www-annavinpadaippugal-info/outputs/annavin_text_extractor/ocr_text_corrected/katturaigal/sir_cv_ramanukku.md
katturaigal/sir_paathro.md,ocr,788,4704,/Users/pugazhendhirajendran/Documents/Codex/2026-07-09/https-www-annavinpadaippugal-info/outputs/annavin_text_extractor/md_pages/katturaigal/sir_paathro.md,/Users/pugazhendhirajendran/Documents/Codex/2026-07-09/https-www-annavinpadaippugal-info/outputs/annavin_text_extractor/ocr_text_corrected/katturaigal/sir_paathro.md
katturaigal/sir_polish.md,ocr,785,10204,/Users/pugazhendhirajendran/Documents/Codex/2026-07-09/https-www-annavinpadaippugal-info/outputs/annavin_text_extractor/md_pages/katturaigal/sir_polish.md,/Users/pugazhendhirajendran/Documents/Codex/2026-07-09/https-www-annavinpadaippugal-info/outputs/annavin_text_extractor/ocr_text_corrected/katturaigal/sir_polish.md
katturaigal/sirantha_nanbar.md,ocr,800,18390,/Users/pugazhendhirajendran/Documents/Codex/2026-07-09/https-www-annavinpadaippugal-info/outputs/annavin_text_extractor/md_pages/katturaigal/sirantha_nanbar.md,/Users/pugazhendhirajendran/Documents/Codex/2026-07-09/https-www-annavinpadaippugal-info/outputs/annavin_text_extractor/ocr_text_corrected/katturaigal/sirantha_nanbar.md
katturaigal/sirunarikku.md,ocr,788,22633,/Users/pugazhendhirajendran/Documents/Codex/2026-07-09/https-www-annavinpadaippugal-info/outputs/annavin_text_extractor/md_pages/katturaigal/sirunarikku.md,/Users/pugazhendhirajendran/Documents/Codex/2026-07-09/https-www-annavinpadaippugal-info/outputs/annavin_text_extractor/ocr_text_corrected/katturaigal/sirunarikku.md
katturaigal/sirunariyin.md,ocr,788,26960,/Users/pugazhendhirajendran/Documents/Codex/2026-07-09/https-www-annavinpadaippugal-info/outputs/annavin_text_extractor/md_pages/katturaigal/sirunariyin.md,/Users/pugazhendhirajendran/Documents/Codex/2026-07-09/https-www-annavinpadaippugal-info/outputs/annavin_text_extractor/ocr_text_corrected/katturaigal/sirunariyin.md
katturaigal/sorgathil_naragam.md,ocr,597,67785,/Users/pugazhendhirajendran/Documents/Codex/2026-07-09/https-www-annavinpadaippugal-info/outputs/annavin_text_extractor/md_pages/katturaigal/sorgathil_naragam.md,/Users/pugazhendhirajendran/Documents/Codex/2026-07-09/https-www-annavinpadaippugal-info/outputs/annavin_text_extractor/ocr_text_corrected/katturaigal/sorgathil_naragam.md
katturaigal/sorgavasal.md,ocr,785,15746,/Users/pugazhendhirajendran/Documents/Codex/2026-07-09/https-www-annavinpadaippugal-info/outputs/annavin_text_extractor/md_pages/katturaigal/sorgavasal.md,/Users/pugazhendhirajendran/Documents/Codex/2026-07-09/https-www-annavinpadaippugal-info/outputs/annavin_text_extractor/ocr_text_corrected/katturaigal/sorgavasal.md
katturaigal/sothanayil_vetri.md,ocr,803,8744,/Users/pugazhendhirajendran/Documents/Codex/2026-07-09/https-www-annavinpadaippugal-info/outputs/annavin_text_extractor/md_pages/katturaigal/sothanayil_vetri.md,/Users/pugazhendhirajendran/Documents/Codex/2026-07-09/https-www-annavinpadaippugal-info/outputs/annavin_text_extractor/ocr_text_corrected/katturaigal/sothanayil_vetri.md
katturaigal/suzhalum_sak.md,ocr,791,8541,/Users/pugazhendhirajendran/Documents/Codex/2026-07-09/https-www-annavinpadaippugal-info/outputs/annavin_text_extractor/md_pages/katturaigal/suzhalum_sak.md,/Users/pugazhendhirajendran/Documents/Codex/2026-07-09/https-www-annavinpadaippugal-info/outputs/annavin_text_extractor/ocr_text_corrected/katturaigal/suzhalum_sak.md
katturaigal/swamigalin.md,ocr,785,51532,/Users/pugazhendhirajendran/Documents/Codex/2026-07-09/https-www-annavinpadaippugal-info/outputs/annavin_text_extractor/md_pages/katturaigal/swamigalin.md,/Users/pugazhendhirajendran/Documents/Codex/2026-07-09/https-www-annavinpadaippugal-info/outputs/annavin_text_extractor/ocr_text_corrected/katturaigal/swamigalin.md
katturaigal/tahro_tahro.md,ocr,788,40663,/Users/pugazhendhirajendran/Documents/Codex/2026-07-09/https-www-annavinpadaippugal-info/outputs/annavin_text_extractor/md_pages/katturaigal/tahro_tahro.md,/Users/pugazhendhirajendran/Documents/Codex/2026-07-09/https-www-annavinpadaippugal-info/outputs/annavin_text_extractor/ocr_text_corrected/katturaigal/tahro_tahro.md
katturaigal/tamil_muzhakkam.md,ocr,800,9233,/Users/pugazhendhirajendran/Documents/Codex/2026-07-09/https-www-annavinpadaippugal-info/outputs/annavin_text_extractor/md_pages/katturaigal/tamil_muzhakkam.md,/Users/pugazhendhirajendran/Documents/Codex/2026-07-09/https-www-annavinpadaippugal-info/outputs/annavin_text_extractor/ocr_text_corrected/katturaigal/tamil_muzhakkam.md
katturaigal/tamilan_thodu_kuri.md,ocr,809,3421,/Users/pugazhendhirajendran/Documents/Codex/2026-07-09/https-www-annavinpadaippugal-info/outputs/annavin_text_extractor/md_pages/katturaigal/tamilan_thodu_kuri.md,/Users/pugazhendhirajendran/Documents/Codex/2026-07-09/https-www-annavinpadaippugal-info/outputs/annavin_text_extractor/ocr_text_corrected/katturaigal/tamilan_thodu_kuri.md
katturaigal/tamilan_thodutha.md,ocr,803,20088,/Users/pugazhendhirajendran/Documents/Codex/2026-07-09/https-www-annavinpadaippugal-info/outputs/annavin_text_extractor/md_pages/katturaigal/tamilan_thodutha.md,/Users/pugazhendhirajendran/Documents/Codex/2026-07-09/https-www-annavinpadaippugal-info/outputs/annavin_text_extractor/ocr_text_corrected/katturaigal/tamilan_thodutha.md
katturaigal/televishion.md,ocr,788,33630,/Users/pugazhendhirajendran/Documents/Codex/2026-07-09/https-www-annavinpadaippugal-info/outputs/annavin_text_extractor/md_pages/katturaigal/televishion.md,/Users/pugazhendhirajendran/Documents/Codex/2026-07-09/https-www-annavinpadaippugal-info/outputs/annavin_text_extractor/ocr_text_corrected/katturaigal/televishion.md
katturaigal/thalaivarin.md,ocr,788,21422,/Users/pugazhendhirajendran/Documents/Codex/2026-07-09/https-www-annavinpadaippugal-info/outputs/annavin_text_extractor/md_pages/katturaigal/thalaivarin.md,/Users/pugazhendhirajendran/Documents/Codex/2026-07-09/https-www-annavinpadaippugal-info/outputs/annavin_text_extractor/ocr_text_corrected/katturaigal/thalaivarin.md
katturaigal/thalamuthu.md,ocr,785,8782,/Users/pugazhendhirajendran/Documents/Codex/2026-07-09/https-www-annavinpadaippugal-info/outputs/annavin_text_extractor/md_pages/katturaigal/thalamuthu.md,/Users/pugazhendhirajendran/Documents/Codex/2026-07-09/https-www-annavinpadaippugal-info/outputs/annavin_text_extractor/ocr_text_corrected/katturaigal/thalamuthu.md
katturaigal/thanae_seyya.md,ocr,791,13889,/Users/pugazhendhirajendran/Documents/Codex/2026-07-09/https-www-annavinpadaippugal-info/outputs/annavin_text_extractor/md_pages/katturaigal/thanae_seyya.md,/Users/pugazhendhirajendran/Documents/Codex/2026-07-09/https-www-annavinpadaippugal-info/outputs/annavin_text_extractor/ocr_text_corrected/katturaigal/thanae_seyya.md
katturaigal/thanga_vayalil.md,ocr,797,19037,/Users/pugazhendhirajendran/Documents/Codex/2026-07-09/https-www-annavinpadaippugal-info/outputs/annavin_text_extractor/md_pages/katturaigal/thanga_vayalil.md,/Users/pugazhendhirajendran/Documents/Codex/2026-07-09/https-www-annavinpadaippugal-info/outputs/annavin_text_extractor/ocr_text_corrected/katturaigal/thanga_vayalil.md
katturaigal/thanjayil_puyal.md,ocr,800,27417,/Users/pugazhendhirajendran/Documents/Codex/2026-07-09/https-www-annavinpadaippugal-info/outputs/annavin_text_extractor/md_pages/katturaigal/thanjayil_puyal.md,/Users/pugazhendhirajendran/Documents/Codex/2026-07-09/https-www-annavinpadaippugal-info/outputs/annavin_text_extractor/ocr_text_corrected/katturaigal/thanjayil_puyal.md
katturaigal/tharkala_samayam.md,ocr,803,32225,/Users/pugazhendhirajendran/Documents/Codex/2026-07-09/https-www-annavinpadaippugal-info/outputs/annavin_text_extractor/md_pages/katturaigal/tharkala_samayam.md,/Users/pugazhendhirajendran/Documents/Codex/2026-07-09/https-www-annavinpadaippugal-info/outputs/annavin_text_extractor/ocr_text_corrected/katturaigal/tharkala_samayam.md
katturaigal/thatha_katta.md,ocr,791,17993,/Users/pugazhendhirajendran/Documents/Codex/2026-07-09/https-www-annavinpadaippugal-info/outputs/annavin_text_extractor/md_pages/katturaigal/thatha_katta.md,/Users/pugazhendhirajendran/Documents/Codex/2026-07-09/https-www-annavinpadaippugal-info/outputs/annavin_text_extractor/ocr_text_corrected/katturaigal/thatha_katta.md
katturaigal/thayangathae.md,ocr,791,7939,/Users/pugazhendhirajendran/Documents/Codex/2026-07-09/https-www-annavinpadaippugal-info/outputs/annavin_text_extractor/md_pages/katturaigal/thayangathae.md,/Users/pugazhendhirajendran/Documents/Codex/2026-07-09/https-www-annavinpadaippugal-info/outputs/annavin_text_extractor/ocr_text_corrected/katturaigal/thayangathae.md
katturaigal/theera_thuyaram.md,ocr,800,3576,/Users/pugazhendhirajendran/Documents/Codex/2026-07-09/https-www-annavinpadaippugal-info/outputs/annavin_text_extractor/md_pages/katturaigal/theera_thuyaram.md,/Users/pugazhendhirajendran/Documents/Codex/2026-07-09/https-www-annavinpadaippugal-info/outputs/annavin_text_extractor/ocr_text_corrected/katturaigal/theera_thuyaram.md
katturaigal/theeviram_kolveer.md,ocr,809,3817,/Users/pugazhendhirajendran/Documents/Codex/2026-07-09/https-www-annavinpadaippugal-info/outputs/annavin_text_extractor/md_pages/katturaigal/theeviram_kolveer.md,/Users/pugazhendhirajendran/Documents/Codex/2026-07-09/https-www-annavinpadaippugal-info/outputs/annavin_text_extractor/ocr_text_corrected/katturaigal/theeviram_kolveer.md
katturaigal/theiveega_mooligai.md,ocr,809,22475,/Users/pugazhendhirajendran/Documents/Codex/2026-07-09/https-www-annavinpadaippugal-info/outputs/annavin_text_extractor/md_pages/katturaigal/theiveega_mooligai.md,/Users/pugazhendhirajendran/Documents/Codex/2026-07-09/https-www-annavinpadaippugal-info/outputs/annavin_text_extractor/ocr_text_corrected/katturaigal/theiveega_mooligai.md
katturaigal/thenali_poi.md,ocr,788,27261,/Users/pugazhendhirajendran/Documents/Codex/2026-07-09/https-www-annavinpadaippugal-info/outputs/annavin_text_extractor/md_pages/katturaigal/thenali_poi.md,/Users/pugazhendhirajendran/Documents/Codex/2026-07-09/https-www-annavinpadaippugal-info/outputs/annavin_text_extractor/ocr_text_corrected/katturaigal/thenali_poi.md
katturaigal/thendran_veesattum.md,ocr,809,7571,/Users/pugazhendhirajendran/Documents/Codex/2026-07-09/https-www-annavinpadaippugal-info/outputs/annavin_text_extractor/md_pages/katturaigal/thendran_veesattum.md,/Users/pugazhendhirajendran/Documents/Codex/2026-07-09/https-www-annavinpadaippugal-info/outputs/annavin_text_extractor/ocr_text_corrected/katturaigal/thendran_veesattum.md
katturaigal/thennattu_poar.md,ocr,797,16975,/Users/pugazhendhirajendran/Documents/Codex/2026-07-09/https-www-annavinpadaippugal-info/outputs/annavin_text_extractor/md_pages/katturaigal/thennattu_poar.md,/Users/pugazhendhirajendran/Documents/Codex/2026-07-09/https-www-annavinpadaippugal-info/outputs/annavin_text_extractor/ocr_text_corrected/katturaigal/thennattu_poar.md
katturaigal/theriyathavargal.md,ocr,803,29929,/Users/pugazhendhirajendran/Documents/Codex/2026-07-09/https-www-annavinpadaippugal-info/outputs/annavin_text_extractor/md_pages/katturaigal/theriyathavargal.md,/Users/pugazhendhirajendran/Documents/Codex/2026-07-09/https-www-annavinpadaippugal-info/outputs/annavin_text_extractor/ocr_text_corrected/katturaigal/theriyathavargal.md
katturaigal/thiruchiyil_thooku.md,ocr,809,22812,/Users/pugazhendhirajendran/Documents/Codex/2026-07-09/https-www-annavinpadaippugal-info/outputs/annavin_text_extractor/md_pages/katturaigal/thiruchiyil_thooku.md,/Users/pugazhendhirajendran/Documents/Codex/2026-07-09/https-www-annavinpadaippugal-info/outputs/annavin_text_extractor/ocr_text_corrected/katturaigal/thiruchiyil_thooku.md
katturaigal/thiruthani.md,ocr,785,35070,/Users/pugazhendhirajendran/Documents/Codex/2026-07-09/https-www-annavinpadaippugal-info/outputs/annavin_text_extractor/md_pages/katturaigal/thiruthani.md,/Users/pugazhendhirajendran/Documents/Codex/2026-07-09/https-www-annavinpadaippugal-info/outputs/annavin_text_extractor/ocr_text_corrected/katturaigal/thiruthani.md
katturaigal/thiruvangur_thivan.md,ocr,809,15605,/Users/pugazhendhirajendran/Documents/Codex/2026-07-09/https-www-annavinpadaippugal-info/outputs/annavin_text_extractor/md_pages/katturaigal/thiruvangur_thivan.md,/Users/pugazhendhirajendran/Documents/Codex/2026-07-09/https-www-annavinpadaippugal-info/outputs/annavin_text_extractor/ocr_text_corrected/katturaigal/thiruvangur_thivan.md
katturaigal/thiruvottu.md,ocr,785,49973,/Users/pugazhendhirajendran/Documents/Codex/2026-07-09/https-www-annavinpadaippugal-info/outputs/annavin_text_extractor/md_pages/katturaigal/thiruvottu.md,/Users/pugazhendhirajendran/Documents/Codex/2026-07-09/https-www-annavinpadaippugal-info/outputs/annavin_text_extractor/ocr_text_corrected/katturaigal/thiruvottu.md
katturaigal/thivelara_thinaral.md,ocr,809,40753,/Users/pugazhendhirajendran/Documents/Codex/2026-07-09/https-www-annavinpadaippugal-info/outputs/annavin_text_extractor/md_pages/katturaigal/thivelara_thinaral.md,/Users/pugazhendhirajendran/Documents/Codex/2026-07-09/https-www-annavinpadaippugal-info/outputs/annavin_text_extractor/ocr_text_corrected/katturaigal/thivelara_thinaral.md
katturaigal/thiyaga_parambarai.md,ocr,809,24169,/Users/pugazhendhirajendran/Documents/Codex/2026-07-09/https-www-annavinpadaippugal-info/outputs/annavin_text_extractor/md_pages/katturaigal/thiyaga_parambarai.md,/Users/pugazhendhirajendran/Documents/Codex/2026-07-09/https-www-annavinpadaippugal-info/outputs/annavin_text_extractor/ocr_text_corrected/katturaigal/thiyaga_parambarai.md
katturaigal/thookumaedai_yar.md,ocr,803,12042,/Users/pugazhendhirajendran/Documents/Codex/2026-07-09/https-www-annavinpadaippugal-info/outputs/annavin_text_extractor/md_pages/katturaigal/thookumaedai_yar.md,/Users/pugazhendhirajendran/Documents/Codex/2026-07-09/https-www-annavinpadaippugal-info/outputs/annavin_text_extractor/ocr_text_corrected/katturaigal/thookumaedai_yar.md
katturaigal/thookumaedayil_matro.md,ocr,815,3670,/Users/pugazhendhirajendran/Documents/Codex/2026-07-09/https-www-annavinpadaippugal-info/outputs/annavin_text_extractor/md_pages/katturaigal/thookumaedayil_matro.md,/Users/pugazhendhirajendran/Documents/Codex/2026-07-09/https-www-annavinpadaippugal-info/outputs/annavin_text_extractor/ocr_text_corrected/katturaigal/thookumaedayil_matro.md
katturaigal/thookumedai.md,ocr,788,27597,/Users/pugazhendhirajendran/Documents/Codex/2026-07-09/https-www-annavinpadaippugal-info/outputs/annavin_text_extractor/md_pages/katturaigal/thookumedai.md,/Users/pugazhendhirajendran/Documents/Codex/2026-07-09/https-www-annavinpadaippugal-info/outputs/annavin_text_extractor/ocr_text_corrected/katturaigal/thookumedai.md
katturaigal/thoondil_echarik.md,ocr,803,28984,/Users/pugazhendhirajendran/Documents/Codex/2026-07-09/https-www-annavinpadaippugal-info/outputs/annavin_text_extractor/md_pages/katturaigal/thoondil_echarik.md,/Users/pugazhendhirajendran/Documents/Codex/2026-07-09/https-www-annavinpadaippugal-info/outputs/annavin_text_extractor/ocr_text_corrected/katturaigal/thoondil_echarik.md
katturaigal/thoothukudi.md,ocr,788,35212,/Users/pugazhendhirajendran/Documents/Codex/2026-07-09/https-www-annavinpadaippugal-info/outputs/annavin_text_extractor/md_pages/katturaigal/thoothukudi.md,/Users/pugazhendhirajendran/Documents/Codex/2026-07-09/https-www-annavinpadaippugal-info/outputs/annavin_text_extractor/ocr_text_corrected/katturaigal/thoothukudi.md
katturaigal/thoothukudi_maanadu.md,ocr,812,71553,/Users/pugazhendhirajendran/Documents/Codex/2026-07-09/https-www-annavinpadaippugal-info/outputs/annavin_text_extractor/md_pages/katturaigal/thoothukudi_maanadu.md,/Users/pugazhendhirajendran/Documents/Codex/2026-07-09/https-www-annavinpadaippugal-info/outputs/annavin_text_extractor/ocr_text_corrected/katturaigal/thoothukudi_maanadu.md
katturaigal/thoppiyai.md,ocr,782,46809,/Users/pugazhendhirajendran/Documents/Codex/2026-07-09/https-www-annavinpadaippugal-info/outputs/annavin_text_extractor/md_pages/katturaigal/thoppiyai.md,/Users/pugazhendhirajendran/Documents/Codex/2026-07-09/https-www-annavinpadaippugal-info/outputs/annavin_text_extractor/ocr_text_corrected/katturaigal/thoppiyai.md
katturaigal/thozhar_daniel.md,ocr,797,2091,/Users/pugazhendhirajendran/Documents/Codex/2026-07-09/https-www-annavinpadaippugal-info/outputs/annavin_text_extractor/md_pages/katturaigal/thozhar_daniel.md,/Users/pugazhendhirajendran/Documents/Codex/2026-07-09/https-www-annavinpadaippugal-info/outputs/annavin_text_extractor/ocr_text_corrected/katturaigal/thozhar_daniel.md
katturaigal/thozhar_k.md,ocr,782,1678,/Users/pugazhendhirajendran/Documents/Codex/2026-07-09/https-www-annavinpadaippugal-info/outputs/annavin_text_extractor/md_pages/katturaigal/thozhar_k.md,/Users/pugazhendhirajendran/Documents/Codex/2026-07-09/https-www-annavinpadaippugal-info/outputs/annavin_text_extractor/ocr_text_corrected/katturaigal/thozhar_k.md
katturaigal/thozhar_mu_ka.md,ocr,794,2268,/Users/pugazhendhirajendran/Documents/Codex/2026-07-09/https-www-annavinpadaippugal-info/outputs/annavin_text_extractor/md_pages/katturaigal/thozhar_mu_ka.md,/Users/pugazhendhirajendran/Documents/Codex/2026-07-09/https-www-annavinpadaippugal-info/outputs/annavin_text_extractor/ocr_text_corrected/katturaigal/thozhar_mu_ka.md
katturaigal/thozhar_tm.md,ocr,785,4063,/Users/pugazhendhirajendran/Documents/Codex/2026-07-09/https-www-annavinpadaippugal-info/outputs/annavin_text_extractor/md_pages/katturaigal/thozhar_tm.md,/Users/pugazhendhirajendran/Documents/Codex/2026-07-09/https-www-annavinpadaippugal-info/outputs/annavin_text_extractor/ocr_text_corrected/katturaigal/thozhar_tm.md
katturaigal/thudaithukolga.md,ocr,797,12852,/Users/pugazhendhirajendran/Documents/Codex/2026-07-09/https-www-annavinpadaippugal-info/outputs/annavin_text_extractor/md_pages/katturaigal/thudaithukolga.md,/Users/pugazhendhirajendran/Documents/Codex/2026-07-09/https-www-annavinpadaippugal-info/outputs/annavin_text_extractor/ocr_text_corrected/katturaigal/thudaithukolga.md
katturaigal/thugiluritha.md,ocr,791,30842,/Users/pugazhendhirajendran/Documents/Codex/2026-07-09/https-www-annavinpadaippugal-info/outputs/annavin_text_extractor/md_pages/katturaigal/thugiluritha.md,/Users/pugazhendhirajendran/Documents/Codex/2026-07-09/https-www-annavinpadaippugal-info/outputs/annavin_text_extractor/ocr_text_corrected/katturaigal/thugiluritha.md
katturaigal/thuravi.md,ocr,776,14175,/Users/pugazhendhirajendran/Documents/Codex/2026-07-09/https-www-annavinpadaippugal-info/outputs/annavin_text_extractor/md_pages/katturaigal/thuravi.md,/Users/pugazhendhirajendran/Documents/Codex/2026-07-09/https-www-annavinpadaippugal-info/outputs/annavin_text_extractor/ocr_text_corrected/katturaigal/thuravi.md
katturaigal/tn_tamilarukkae.md,ocr,682,116486,/Users/pugazhendhirajendran/Documents/Codex/2026-07-09/https-www-annavinpadaippugal-info/outputs/annavin_text_extractor/md_pages/katturaigal/tn_tamilarukkae.md,/Users/pugazhendhirajendran/Documents/Codex/2026-07-09/https-www-annavinpadaippugal-info/outputs/annavin_text_extractor/ocr_text_corrected/katturaigal/tn_tamilarukkae.md
katturaigal/udan_piranthar_1.md,ocr,803,92379,/Users/pugazhendhirajendran/Documents/Codex/2026-07-09/https-www-annavinpadaippugal-info/outputs/annavin_text_extractor/md_pages/katturaigal/udan_piranthar_1.md,/Users/pugazhendhirajendran/Documents/Codex/2026-07-09/https-www-annavinpadaippugal-info/outputs/annavin_text_extractor/ocr_text_corrected/katturaigal/udan_piranthar_1.md
katturaigal/udhagayil.md,ocr,782,31248,/Users/pugazhendhirajendran/Documents/Codex/2026-07-09/https-www-annavinpadaippugal-info/outputs/annavin_text_extractor/md_pages/katturaigal/udhagayil.md,/Users/pugazhendhirajendran/Documents/Codex/2026-07-09/https-www-annavinpadaippugal-info/outputs/annavin_text_extractor/ocr_text_corrected/katturaigal/udhagayil.md
katturaigal/ulaga_periyar.md,ocr,674,193136,/Users/pugazhendhirajendran/Documents/Codex/2026-07-09/https-www-annavinpadaippugal-info/outputs/annavin_text_extractor/md_pages/katturaigal/ulaga_periyar.md,/Users/pugazhendhirajendran/Documents/Codex/2026-07-09/https-www-annavinpadaippugal-info/outputs/annavin_text_extractor/ocr_text_corrected/katturaigal/ulaga_periyar.md
katturaigal/ulla_uram.md,ocr,782,63764,/Users/pugazhendhirajendran/Documents/Codex/2026-07-09/https-www-annavinpadaippugal-info/outputs/annavin_text_extractor/md_pages/katturaigal/ulla_uram.md,/Users/pugazhendhirajendran/Documents/Codex/2026-07-09/https-www-annavinpadaippugal-info/outputs/annavin_text_extractor/ocr_text_corrected/katturaigal/ulla_uram.md
katturaigal/unnodu_piranthal.md,ocr,803,72532,/Users/pugazhendhirajendran/Documents/Codex/2026-07-09/https-www-annavinpadaippugal-info/outputs/annavin_text_extractor/md_pages/katturaigal/unnodu_piranthal.md,/Users/pugazhendhirajendran/Documents/Codex/2026-07-09/https-www-annavinpadaippugal-info/outputs/annavin_text_extractor/ocr_text_corrected/katturaigal/unnodu_piranthal.md
katturaigal/urchagam_vaen.md,ocr,794,6841,/Users/pugazhendhirajendran/Documents/Codex/2026-07-09/https-www-annavinpadaippugal-info/outputs/annavin_text_extractor/md_pages/katturaigal/urchagam_vaen.md,/Users/pugazhendhirajendran/Documents/Codex/2026-07-09/https-www-annavinpadaippugal-info/outputs/annavin_text_extractor/ocr_text_corrected/katturaigal/urchagam_vaen.md
katturaigal/urimai_murasoli.md,ocr,800,10988,/Users/pugazhendhirajendran/Documents/Codex/2026-07-09/https-www-annavinpadaippugal-info/outputs/annavin_text_extractor/md_pages/katturaigal/urimai_murasoli.md,/Users/pugazhendhirajendran/Documents/Codex/2026-07-09/https-www-annavinpadaippugal-info/outputs/annavin_text_extractor/ocr_text_corrected/katturaigal/urimai_murasoli.md
katturaigal/urimaipor_vetri.md,ocr,803,24986,/Users/pugazhendhirajendran/Documents/Codex/2026-07-09/https-www-annavinpadaippugal-info/outputs/annavin_text_extractor/md_pages/katturaigal/urimaipor_vetri.md,/Users/pugazhendhirajendran/Documents/Codex/2026-07-09/https-www-annavinpadaippugal-info/outputs/annavin_text_extractor/ocr_text_corrected/katturaigal/urimaipor_vetri.md
katturaigal/uruthi_koor.md,ocr,788,96020,/Users/pugazhendhirajendran/Documents/Codex/2026-07-09/https-www-annavinpadaippugal-info/outputs/annavin_text_extractor/md_pages/katturaigal/uruthi_koor.md,/Users/pugazhendhirajendran/Documents/Codex/2026-07-09/https-www-annavinpadaippugal-info/outputs/annavin_text_extractor/ocr_text_corrected/katturaigal/uruthi_koor.md
katturaigal/uruvana_seyal.md,ocr,794,27573,/Users/pugazhendhirajendran/Documents/Codex/2026-07-09/https-www-annavinpadaippugal-info/outputs/annavin_text_extractor/md_pages/katturaigal/uruvana_seyal.md,/Users/pugazhendhirajendran/Documents/Codex/2026-07-09/https-www-annavinpadaippugal-info/outputs/annavin_text_extractor/ocr_text_corrected/katturaigal/uruvana_seyal.md
katturaigal/uthamar_sinthiya.md,ocr,803,75323,/Users/pugazhendhirajendran/Documents/Codex/2026-07-09/https-www-annavinpadaippugal-info/outputs/annavin_text_extractor/md_pages/katturaigal/uthamar_sinthiya.md,/Users/pugazhendhirajendran/Documents/Codex/2026-07-09/https-www-annavinpadaippugal-info/outputs/annavin_text_extractor/ocr_text_corrected/katturaigal/uthamar_sinthiya.md
katturaigal/uthamarai_izhanthom.md,ocr,812,46588,/Users/pugazhendhirajendran/Documents/Codex/2026-07-09/https-www-annavinpadaippugal-info/outputs/annavin_text_extractor/md_pages/katturaigal/uthamarai_izhanthom.md,/Users/pugazhendhirajendran/Documents/Codex/2026-07-09/https-www-annavinpadaippugal-info/outputs/annavin_text_extractor/ocr_text_corrected/katturaigal/uthamarai_izhanthom.md
katturaigal/vaadagai_vandi.md,ocr,797,23323,/Users/pugazhendhirajendran/Documents/Codex/2026-07-09/https-www-annavinpadaippugal-info/outputs/annavin_text_extractor/md_pages/katturaigal/vaadagai_vandi.md,/Users/pugazhendhirajendran/Documents/Codex/2026-07-09/https-www-annavinpadaippugal-info/outputs/annavin_text_extractor/ocr_text_corrected/katturaigal/vaadagai_vandi.md
katturaigal/vaai_thiravatheer.md,ocr,806,30617,/Users/pugazhendhirajendran/Documents/Codex/2026-07-09/https-www-annavinpadaippugal-info/outputs/annavin_text_extractor/md_pages/katturaigal/vaai_thiravatheer.md,/Users/pugazhendhirajendran/Documents/Codex/2026-07-09/https-www-annavinpadaippugal-info/outputs/annavin_text_extractor/ocr_text_corrected/katturaigal/vaai_thiravatheer.md
katturaigal/vaanulaga_veethi.md,ocr,803,76915,/Users/pugazhendhirajendran/Documents/Codex/2026-07-09/https-www-annavinpadaippugal-info/outputs/annavin_text_extractor/md_pages/katturaigal/vaanulaga_veethi.md,/Users/pugazhendhirajendran/Documents/Codex/2026-07-09/https-www-annavinpadaippugal-info/outputs/annavin_text_extractor/ocr_text_corrected/katturaigal/vaanulaga_veethi.md
katturaigal/vaarsu.md,ocr,773,29520,/Users/pugazhendhirajendran/Documents/Codex/2026-07-09/https-www-annavinpadaippugal-info/outputs/annavin_text_extractor/md_pages/katturaigal/vaarsu.md,/Users/pugazhendhirajendran/Documents/Codex/2026-07-09/https-www-annavinpadaippugal-info/outputs/annavin_text_extractor/ocr_text_corrected/katturaigal/vaarsu.md
katturaigal/vaayai_moodi.md,ocr,791,8334,/Users/pugazhendhirajendran/Documents/Codex/2026-07-09/https-www-annavinpadaippugal-info/outputs/annavin_text_extractor/md_pages/katturaigal/vaayai_moodi.md,/Users/pugazhendhirajendran/Documents/Codex/2026-07-09/https-www-annavinpadaippugal-info/outputs/annavin_text_extractor/ocr_text_corrected/katturaigal/vaayai_moodi.md
katturaigal/vaazhkai_vizha.md,ocr,797,1551,/Users/pugazhendhirajendran/Documents/Codex/2026-07-09/https-www-annavinpadaippugal-info/outputs/annavin_text_extractor/md_pages/katturaigal/vaazhkai_vizha.md,/Users/pugazhendhirajendran/Documents/Codex/2026-07-09/https-www-annavinpadaippugal-info/outputs/annavin_text_extractor/ocr_text_corrected/katturaigal/vaazhkai_vizha.md
katturaigal/vaeguthae.md,ocr,782,20161,/Users/pugazhendhirajendran/Documents/Codex/2026-07-09/https-www-annavinpadaippugal-info/outputs/annavin_text_extractor/md_pages/katturaigal/vaeguthae.md,/Users/pugazhendhirajendran/Documents/Codex/2026-07-09/https-www-annavinpadaippugal-info/outputs/annavin_text_extractor/ocr_text_corrected/katturaigal/vaeguthae.md
katturaigal/vaelai_kodungal.md,ocr,800,71064,/Users/pugazhendhirajendran/Documents/Codex/2026-07-09/https-www-annavinpadaippugal-info/outputs/annavin_text_extractor/md_pages/katturaigal/vaelai_kodungal.md,/Users/pugazhendhirajendran/Documents/Codex/2026-07-09/https-www-annavinpadaippugal-info/outputs/annavin_text_extractor/ocr_text_corrected/katturaigal/vaelai_kodungal.md
katturaigal/vaendave_vaendam.md,ocr,806,3330,/Users/pugazhendhirajendran/Documents/Codex/2026-07-09/https-www-annavinpadaippugal-info/outputs/annavin_text_extractor/md_pages/katturaigal/vaendave_vaendam.md,/Users/pugazhendhirajendran/Documents/Codex/2026-07-09/https-www-annavinpadaippugal-info/outputs/annavin_text_extractor/ocr_text_corrected/katturaigal/vaendave_vaendam.md
katturaigal/vaendukoal1508.md,ocr,800,4047,/Users/pugazhendhirajendran/Documents/Codex/2026-07-09/https-www-annavinpadaippugal-info/outputs/annavin_text_extractor/md_pages/katturaigal/vaendukoal1508.md,/Users/pugazhendhirajendran/Documents/Codex/2026-07-09/https-www-annavinpadaippugal-info/outputs/annavin_text_extractor/ocr_text_corrected/katturaigal/vaendukoal1508.md
katturaigal/vaethalam.md,ocr,782,8400,/Users/pugazhendhirajendran/Documents/Codex/2026-07-09/https-www-annavinpadaippugal-info/outputs/annavin_text_extractor/md_pages/katturaigal/vaethalam.md,/Users/pugazhendhirajendran/Documents/Codex/2026-07-09/https-www-annavinpadaippugal-info/outputs/annavin_text_extractor/ocr_text_corrected/katturaigal/vaethalam.md
katturaigal/vaethanayai_pokki.md,ocr,806,59842,/Users/pugazhendhirajendran/Documents/Codex/2026-07-09/https-www-annavinpadaippugal-info/outputs/annavin_text_extractor/md_pages/katturaigal/vaethanayai_pokki.md,/Users/pugazhendhirajendran/Documents/Codex/2026-07-09/https-www-annavinpadaippugal-info/outputs/annavin_text_extractor/ocr_text_corrected/katturaigal/vaethanayai_pokki.md
katturaigal/vaguppu_thuv.md,ocr,791,4435,/Users/pugazhendhirajendran/Documents/Codex/2026-07-09/https-www-annavinpadaippugal-info/outputs/annavin_text_extractor/md_pages/katturaigal/vaguppu_thuv.md,/Users/pugazhendhirajendran/Documents/Codex/2026-07-09/https-www-annavinpadaippugal-info/outputs/annavin_text_extractor/ocr_text_corrected/katturaigal/vaguppu_thuv.md
katturaigal/vaguppurimai_por.md,ocr,803,3906,/Users/pugazhendhirajendran/Documents/Codex/2026-07-09/https-www-annavinpadaippugal-info/outputs/annavin_text_extractor/md_pages/katturaigal/vaguppurimai_por.md,/Users/pugazhendhirajendran/Documents/Codex/2026-07-09/https-www-annavinpadaippugal-info/outputs/annavin_text_extractor/ocr_text_corrected/katturaigal/vaguppurimai_por.md
katturaigal/valajavil.md,ocr,785,19095,/Users/pugazhendhirajendran/Documents/Codex/2026-07-09/https-www-annavinpadaippugal-info/outputs/annavin_text_extractor/md_pages/katturaigal/valajavil.md,/Users/pugazhendhirajendran/Documents/Codex/2026-07-09/https-www-annavinpadaippugal-info/outputs/annavin_text_extractor/ocr_text_corrected/katturaigal/valajavil.md
katturaigal/valam_irukirathu.md,ocr,803,42721,/Users/pugazhendhirajendran/Documents/Codex/2026-07-09/https-www-annavinpadaippugal-info/outputs/annavin_text_extractor/md_pages/katturaigal/valam_irukirathu.md,/Users/pugazhendhirajendran/Documents/Codex/2026-07-09/https-www-annavinpadaippugal-info/outputs/annavin_text_extractor/ocr_text_corrected/katturaigal/valam_irukirathu.md
katturaigal/valarppupen.md,ocr,788,21990,/Users/pugazhendhirajendran/Documents/Codex/2026-07-09/https-www-annavinpadaippugal-info/outputs/annavin_text_extractor/md_pages/katturaigal/valarppupen.md,/Users/pugazhendhirajendran/Documents/Codex/2026-07-09/https-www-annavinpadaippugal-info/outputs/annavin_text_extractor/ocr_text_corrected/katturaigal/valarppupen.md
katturaigal/vallal_marainthar.md,ocr,806,10215,/Users/pugazhendhirajendran/Documents/Codex/2026-07-09/https-www-annavinpadaippugal-info/outputs/annavin_text_extractor/md_pages/katturaigal/vallal_marainthar.md,/Users/pugazhendhirajendran/Documents/Codex/2026-07-09/https-www-annavinpadaippugal-info/outputs/annavin_text_extractor/ocr_text_corrected/katturaigal/vallal_marainthar.md
katturaigal/vanambadi_para.md,ocr,797,5103,/Users/pugazhendhirajendran/Documents/Codex/2026-07-09/https-www-annavinpadaippugal-info/outputs/annavin_text_extractor/md_pages/katturaigal/vanambadi_para.md,/Users/pugazhendhirajendran/Documents/Codex/2026-07-09/https-www-annavinpadaippugal-info/outputs/annavin_text_extractor/ocr_text_corrected/katturaigal/vanambadi_para.md
katturaigal/vanthathu_vibathu.md,ocr,806,73659,/Users/pugazhendhirajendran/Documents/Codex/2026-07-09/https-www-annavinpadaippugal-info/outputs/annavin_text_extractor/md_pages/katturaigal/vanthathu_vibathu.md,/Users/pugazhendhirajendran/Documents/Codex/2026-07-09/https-www-annavinpadaippugal-info/outputs/annavin_text_extractor/ocr_text_corrected/katturaigal/vanthathu_vibathu.md
katturaigal/varavaerkirom.md,ocr,797,7814,/Users/pugazhendhirajendran/Documents/Codex/2026-07-09/https-www-annavinpadaippugal-info/outputs/annavin_text_extractor/md_pages/katturaigal/varavaerkirom.md,/Users/pugazhendhirajendran/Documents/Codex/2026-07-09/https-www-annavinpadaippugal-info/outputs/annavin_text_extractor/ocr_text_corrected/katturaigal/varavaerkirom.md
katturaigal/varunthu_311048.md,ocr,800,1603,/Users/pugazhendhirajendran/Documents/Codex/2026-07-09/https-www-annavinpadaippugal-info/outputs/annavin_text_extractor/md_pages/katturaigal/varunthu_311048.md,/Users/pugazhendhirajendran/Documents/Codex/2026-07-09/https-www-annavinpadaippugal-info/outputs/annavin_text_extractor/ocr_text_corrected/katturaigal/varunthu_311048.md
katturaigal/varuthukirom_190948.md,ocr,812,2936,/Users/pugazhendhirajendran/Documents/Codex/2026-07-09/https-www-annavinpadaippugal-info/outputs/annavin_text_extractor/md_pages/katturaigal/varuthukirom_190948.md,/Users/pugazhendhirajendran/Documents/Codex/2026-07-09/https-www-annavinpadaippugal-info/outputs/annavin_text_extractor/ocr_text_corrected/katturaigal/varuthukirom_190948.md
katturaigal/vazhakkumandrathil.md,ocr,809,13078,/Users/pugazhendhirajendran/Documents/Codex/2026-07-09/https-www-annavinpadaippugal-info/outputs/annavin_text_extractor/md_pages/katturaigal/vazhakkumandrathil.md,/Users/pugazhendhirajendran/Documents/Codex/2026-07-09/https-www-annavinpadaippugal-info/outputs/annavin_text_extractor/ocr_text_corrected/katturaigal/vazhakkumandrathil.md
katturaigal/vazhga_arivagam.md,ocr,800,8306,/Users/pugazhendhirajendran/Documents/Codex/2026-07-09/https-www-annavinpadaippugal-info/outputs/annavin_text_extractor/md_pages/katturaigal/vazhga_arivagam.md,/Users/pugazhendhirajendran/Documents/Codex/2026-07-09/https-www-annavinpadaippugal-info/outputs/annavin_text_extractor/ocr_text_corrected/katturaigal/vazhga_arivagam.md
katturaigal/vazhga_natarajan.md,ocr,803,6617,/Users/pugazhendhirajendran/Documents/Codex/2026-07-09/https-www-annavinpadaippugal-info/outputs/annavin_text_extractor/md_pages/katturaigal/vazhga_natarajan.md,/Users/pugazhendhirajendran/Documents/Codex/2026-07-09/https-www-annavinpadaippugal-info/outputs/annavin_text_extractor/ocr_text_corrected/katturaigal/vazhga_natarajan.md
katturaigal/vazhga_thindivanam.md,ocr,809,3960,/Users/pugazhendhirajendran/Documents/Codex/2026-07-09/https-www-annavinpadaippugal-info/outputs/annavin_text_extractor/md_pages/katturaigal/vazhga_thindivanam.md,/Users/pugazhendhirajendran/Documents/Codex/2026-07-09/https-www-annavinpadaippugal-info/outputs/annavin_text_extractor/ocr_text_corrected/katturaigal/vazhga_thindivanam.md
katturaigal/vazhi_vazhi.md,ocr,788,23685,/Users/pugazhendhirajendran/Documents/Codex/2026-07-09/https-www-annavinpadaippugal-info/outputs/annavin_text_extractor/md_pages/katturaigal/vazhi_vazhi.md,/Users/pugazhendhirajendran/Documents/Codex/2026-07-09/https-www-annavinpadaippugal-info/outputs/annavin_text_extractor/ocr_text_corrected/katturaigal/vazhi_vazhi.md
katturaigal/vazhthinar.md,ocr,785,32102,/Users/pugazhendhirajendran/Documents/Codex/2026-07-09/https-www-annavinpadaippugal-info/outputs/annavin_text_extractor/md_pages/katturaigal/vazhthinar.md,/Users/pugazhendhirajendran/Documents/Codex/2026-07-09/https-www-annavinpadaippugal-info/outputs/annavin_text_extractor/ocr_text_corrected/katturaigal/vazhthinar.md
katturaigal/vazhthu_140160.md,ocr,797,2699,/Users/pugazhendhirajendran/Documents/Codex/2026-07-09/https-www-annavinpadaippugal-info/outputs/annavin_text_extractor/md_pages/katturaigal/vazhthu_140160.md,/Users/pugazhendhirajendran/Documents/Codex/2026-07-09/https-www-annavinpadaippugal-info/outputs/annavin_text_extractor/ocr_text_corrected/katturaigal/vazhthu_140160.md
katturaigal/vazhthugindrom180552.md,ocr,815,3986,/Users/pugazhendhirajendran/Documents/Codex/2026-07-09/https-www-annavinpadaippugal-info/outputs/annavin_text_extractor/md_pages/katturaigal/vazhthugindrom180552.md,/Users/pugazhendhirajendran/Documents/Codex/2026-07-09/https-www-annavinpadaippugal-info/outputs/annavin_text_extractor/ocr_text_corrected/katturaigal/vazhthugindrom180552.md
katturaigal/vazhthuhindraen.md,ocr,800,4860,/Users/pugazhendhirajendran/Documents/Codex/2026-07-09/https-www-annavinpadaippugal-info/outputs/annavin_text_extractor/md_pages/katturaigal/vazhthuhindraen.md,/Users/pugazhendhirajendran/Documents/Codex/2026-07-09/https-www-annavinpadaippugal-info/outputs/annavin_text_extractor/ocr_text_corrected/katturaigal/vazhthuhindraen.md
katturaigal/vazhvikkavae.md,ocr,791,9962,/Users/pugazhendhirajendran/Documents/Codex/2026-07-09/https-www-annavinpadaippugal-info/outputs/annavin_text_extractor/md_pages/katturaigal/vazhvikkavae.md,/Users/pugazhendhirajendran/Documents/Codex/2026-07-09/https-www-annavinpadaippugal-info/outputs/annavin_text_extractor/ocr_text_corrected/katturaigal/vazhvikkavae.md
katturaigal/vazhvin_latchiyam.md,ocr,806,14959,/Users/pugazhendhirajendran/Documents/Codex/2026-07-09/https-www-annavinpadaippugal-info/outputs/annavin_text_extractor/md_pages/katturaigal/vazhvin_latchiyam.md,/Users/pugazhendhirajendran/Documents/Codex/2026-07-09/https-www-annavinpadaippugal-info/outputs/annavin_text_extractor/ocr_text_corrected/katturaigal/vazhvin_latchiyam.md
katturaigal/vazhvu_oru.md,ocr,785,12602,/Users/pugazhendhirajendran/Documents/Codex/2026-07-09/https-www-annavinpadaippugal-info/outputs/annavin_text_extractor/md_pages/katturaigal/vazhvu_oru.md,/Users/pugazhendhirajendran/Documents/Codex/2026-07-09/https-www-annavinpadaippugal-info/outputs/annavin_text_extractor/ocr_text_corrected/katturaigal/vazhvu_oru.md
katturaigal/veeran_vidai.md,ocr,791,44295,/Users/pugazhendhirajendran/Documents/Codex/2026-07-09/https-www-annavinpadaippugal-info/outputs/annavin_text_extractor/md_pages/katturaigal/veeran_vidai.md,/Users/pugazhendhirajendran/Documents/Codex/2026-07-09/https-www-annavinpadaippugal-info/outputs/annavin_text_extractor/ocr_text_corrected/katturaigal/veeran_vidai.md
katturaigal/veerar_chidambara.md,ocr,806,15539,/Users/pugazhendhirajendran/Documents/Codex/2026-07-09/https-www-annavinpadaippugal-info/outputs/annavin_text_extractor/md_pages/katturaigal/veerar_chidambara.md,/Users/pugazhendhirajendran/Documents/Codex/2026-07-09/https-www-annavinpadaippugal-info/outputs/annavin_text_extractor/ocr_text_corrected/katturaigal/veerar_chidambara.md
katturaigal/veerar_veerarthan.md,ocr,806,19153,/Users/pugazhendhirajendran/Documents/Codex/2026-07-09/https-www-annavinpadaippugal-info/outputs/annavin_text_extractor/md_pages/katturaigal/veerar_veerarthan.md,/Users/pugazhendhirajendran/Documents/Codex/2026-07-09/https-www-annavinpadaippugal-info/outputs/annavin_text_extractor/ocr_text_corrected/katturaigal/veerar_veerarthan.md
katturaigal/vellai_sigappukodi.md,ocr,809,2824,/Users/pugazhendhirajendran/Documents/Codex/2026-07-09/https-www-annavinpadaippugal-info/outputs/annavin_text_extractor/md_pages/katturaigal/vellai_sigappukodi.md,/Users/pugazhendhirajendran/Documents/Codex/2026-07-09/https-www-annavinpadaippugal-info/outputs/annavin_text_extractor/ocr_text_corrected/katturaigal/vellai_sigappukodi.md
katturaigal/vellam_vazhi.md,ocr,791,34866,/Users/pugazhendhirajendran/Documents/Codex/2026-07-09/https-www-annavinpadaippugal-info/outputs/annavin_text_extractor/md_pages/katturaigal/vellam_vazhi.md,/Users/pugazhendhirajendran/Documents/Codex/2026-07-09/https-www-annavinpadaippugal-info/outputs/annavin_text_extractor/ocr_text_corrected/katturaigal/vellam_vazhi.md
katturaigal/velli_mulaikka.md,ocr,797,61212,/Users/pugazhendhirajendran/Documents/Codex/2026-07-09/https-www-annavinpadaippugal-info/outputs/annavin_text_extractor/md_pages/katturaigal/velli_mulaikka.md,/Users/pugazhendhirajendran/Documents/Codex/2026-07-09/https-www-annavinpadaippugal-info/outputs/annavin_text_extractor/ocr_text_corrected/katturaigal/velli_mulaikka.md
katturaigal/ventha_punnil.md,ocr,794,11261,/Users/pugazhendhirajendran/Documents/Codex/2026-07-09/https-www-annavinpadaippugal-info/outputs/annavin_text_extractor/md_pages/katturaigal/ventha_punnil.md,/Users/pugazhendhirajendran/Documents/Codex/2026-07-09/https-www-annavinpadaippugal-info/outputs/annavin_text_extractor/ocr_text_corrected/katturaigal/ventha_punnil.md
katturaigal/veri_vetri.md,ocr,785,5234,/Users/pugazhendhirajendran/Documents/Codex/2026-07-09/https-www-annavinpadaippugal-info/outputs/annavin_text_extractor/md_pages/katturaigal/veri_vetri.md,/Users/pugazhendhirajendran/Documents/Codex/2026-07-09/https-www-annavinpadaippugal-info/outputs/annavin_text_extractor/ocr_text_corrected/katturaigal/veri_vetri.md
katturaigal/vetkam.md,ocr,773,6345,/Users/pugazhendhirajendran/Documents/Codex/2026-07-09/https-www-annavinpadaippugal-info/outputs/annavin_text_extractor/md_pages/katturaigal/vetkam.md,/Users/pugazhendhirajendran/Documents/Codex/2026-07-09/https-www-annavinpadaippugal-info/outputs/annavin_text_extractor/ocr_text_corrected/katturaigal/vetkam.md
katturaigal/vetkama.md,ocr,776,12047,/Users/pugazhendhirajendran/Documents/Codex/2026-07-09/https-www-annavinpadaippugal-info/outputs/annavin_text_extractor/md_pages/katturaigal/vetkama.md,/Users/pugazhendhirajendran/Documents/Codex/2026-07-09/https-www-annavinpadaippugal-info/outputs/annavin_text_extractor/ocr_text_corrected/katturaigal/vetkama.md
katturaigal/vetkapada_vaendum.md,ocr,806,53240,/Users/pugazhendhirajendran/Documents/Codex/2026-07-09/https-www-annavinpadaippugal-info/outputs/annavin_text_extractor/md_pages/katturaigal/vetkapada_vaendum.md,/Users/pugazhendhirajendran/Documents/Codex/2026-07-09/https-www-annavinpadaippugal-info/outputs/annavin_text_extractor/ocr_text_corrected/katturaigal/vetkapada_vaendum.md
katturaigal/vetkapadugirom.md,ocr,678,92035,/Users/pugazhendhirajendran/Documents/Codex/2026-07-09/https-www-annavinpadaippugal-info/outputs/annavin_text_extractor/md_pages/katturaigal/vetkapadugirom.md,/Users/pugazhendhirajendran/Documents/Codex/2026-07-09/https-www-annavinpadaippugal-info/outputs/annavin_text_extractor/ocr_text_corrected/katturaigal/vetkapadugirom.md
katturaigal/vetrikalippu.md,ocr,791,22578,/Users/pugazhendhirajendran/Documents/Codex/2026-07-09/https-www-annavinpadaippugal-info/outputs/annavin_text_extractor/md_pages/katturaigal/vetrikalippu.md,/Users/pugazhendhirajendran/Documents/Codex/2026-07-09/https-www-annavinpadaippugal-info/outputs/annavin_text_extractor/ocr_text_corrected/katturaigal/vetrikalippu.md
katturaigal/vetriyil_veezhchi2_aditha.md,ocr,830,26340,/Users/pugazhendhirajendran/Documents/Codex/2026-07-09/https-www-annavinpadaippugal-info/outputs/annavin_text_extractor/md_pages/katturaigal/vetriyil_veezhchi2_aditha.md,/Users/pugazhendhirajendran/Documents/Codex/2026-07-09/https-www-annavinpadaippugal-info/outputs/annavin_text_extractor/ocr_text_corrected/katturaigal/vetriyil_veezhchi2_aditha.md
katturaigal/vetriyil_veezhchi_pune.md,ocr,821,39859,/Users/pugazhendhirajendran/Documents/Codex/2026-07-09/https-www-annavinpadaippugal-info/outputs/annavin_text_extractor/md_pages/katturaigal/vetriyil_veezhchi_pune.md,/Users/pugazhendhirajendran/Documents/Codex/2026-07-09/https-www-annavinpadaippugal-info/outputs/annavin_text_extractor/ocr_text_corrected/katturaigal/vetriyil_veezhchi_pune.md
katturaigal/viduthalai_veeran.md,ocr,806,10203,/Users/pugazhendhirajendran/Documents/Codex/2026-07-09/https-www-annavinpadaippugal-info/outputs/annavin_text_extractor/md_pages/katturaigal/viduthalai_veeran.md,/Users/pugazhendhirajendran/Documents/Codex/2026-07-09/https-www-annavinpadaippugal-info/outputs/annavin_text_extractor/ocr_text_corrected/katturaigal/viduthalai_veeran.md
katturaigal/viduthalaippor.md,ocr,770,159688,/Users/pugazhendhirajendran/Documents/Codex/2026-07-09/https-www-annavinpadaippugal-info/outputs/annavin_text_extractor/md_pages/katturaigal/viduthalaippor.md,/Users/pugazhendhirajendran/Documents/Codex/2026-07-09/https-www-annavinpadaippugal-info/outputs/annavin_text_extractor/ocr_text_corrected/katturaigal/viduthalaippor.md
katturaigal/viduthalaiyanar.md,ocr,800,12447,/Users/pugazhendhirajendran/Documents/Codex/2026-07-09/https-www-annavinpadaippugal-info/outputs/annavin_text_extractor/md_pages/katturaigal/viduthalaiyanar.md,/Users/pugazhendhirajendran/Documents/Codex/2026-07-09/https-www-annavinpadaippugal-info/outputs/annavin_text_extractor/ocr_text_corrected/katturaigal/viduthalaiyanar.md
katturaigal/vignana_olimun.md,ocr,797,16873,/Users/pugazhendhirajendran/Documents/Codex/2026-07-09/https-www-annavinpadaippugal-info/outputs/annavin_text_extractor/md_pages/katturaigal/vignana_olimun.md,/Users/pugazhendhirajendran/Documents/Codex/2026-07-09/https-www-annavinpadaippugal-info/outputs/annavin_text_extractor/ocr_text_corrected/katturaigal/vignana_olimun.md
katturaigal/vignanakkan.md,ocr,788,46280,/Users/pugazhendhirajendran/Documents/Codex/2026-07-09/https-www-annavinpadaippugal-info/outputs/annavin_text_extractor/md_pages/katturaigal/vignanakkan.md,/Users/pugazhendhirajendran/Documents/Codex/2026-07-09/https-www-annavinpadaippugal-info/outputs/annavin_text_extractor/ocr_text_corrected/katturaigal/vignanakkan.md
katturaigal/vignanam_viduthalai.md,ocr,812,35905,/Users/pugazhendhirajendran/Documents/Codex/2026-07-09/https-www-annavinpadaippugal-info/outputs/annavin_text_extractor/md_pages/katturaigal/vignanam_viduthalai.md,/Users/pugazhendhirajendran/Documents/Codex/2026-07-09/https-www-annavinpadaippugal-info/outputs/annavin_text_extractor/ocr_text_corrected/katturaigal/vignanam_viduthalai.md
katturaigal/vilambarachavadi.md,ocr,803,9356,/Users/pugazhendhirajendran/Documents/Codex/2026-07-09/https-www-annavinpadaippugal-info/outputs/annavin_text_extractor/md_pages/katturaigal/vilambarachavadi.md,/Users/pugazhendhirajendran/Documents/Codex/2026-07-09/https-www-annavinpadaippugal-info/outputs/annavin_text_extractor/ocr_text_corrected/katturaigal/vilambarachavadi.md
katturaigal/visaranai_nadathuga.md,ocr,812,37496,/Users/pugazhendhirajendran/Documents/Codex/2026-07-09/https-www-annavinpadaippugal-info/outputs/annavin_text_extractor/md_pages/katturaigal/visaranai_nadathuga.md,/Users/pugazhendhirajendran/Documents/Codex/2026-07-09/https-www-annavinpadaippugal-info/outputs/annavin_text_extractor/ocr_text_corrected/katturaigal/visaranai_nadathuga.md
katturaigal/vizhanaalil.md,ocr,788,27608,/Users/pugazhendhirajendran/Documents/Codex/2026-07-09/https-www-annavinpadaippugal-info/outputs/annavin_text_extractor/md_pages/katturaigal/vizhanaalil.md,/Users/pugazhendhirajendran/Documents/Codex/2026-07-09/https-www-annavinpadaippugal-info/outputs/annavin_text_extractor/ocr_text_corrected/katturaigal/vizhanaalil.md
katturaigal/yarukku_paathuk.md,ocr,800,15613,/Users/pugazhendhirajendran/Documents/Codex/2026-07-09/https-www-annavinpadaippugal-info/outputs/annavin_text_extractor/md_pages/katturaigal/yarukku_paathuk.md,/Users/pugazhendhirajendran/Documents/Codex/2026-07-09/https-www-annavinpadaippugal-info/outputs/annavin_text_extractor/ocr_text_corrected/katturaigal/yarukku_paathuk.md
katturaigal/yezhayaga.md,ocr,782,13856,/Users/pugazhendhirajendran/Documents/Codex/2026-07-09/https-www-annavinpadaippugal-info/outputs/annavin_text_extractor/md_pages/katturaigal/yezhayaga.md,/Users/pugazhendhirajendran/Documents/Codex/2026-07-09/https-www-annavinpadaippugal-info/outputs/annavin_text_extractor/ocr_text_corrected/katturaigal/yezhayaga.md
katturaigal/younoo.md,ocr,773,2087,/Users/pugazhendhirajendran/Documents/Codex/2026-07-09/https-www-annavinpadaippugal-info/outputs/annavin_text_extractor/md_pages/katturaigal/younoo.md,/Users/pugazhendhirajendran/Documents/Codex/2026-07-09/https-www-annavinpadaippugal-info/outputs/annavin_text_extractor/ocr_text_corrected/katturaigal/younoo.md
nadagangal/aadiyapatham.md,ocr,739,50840,/Users/pugazhendhirajendran/Documents/Codex/2026-07-09/https-www-annavinpadaippugal-info/outputs/annavin_text_extractor/md_pages/nadagangal/aadiyapatham.md,/Users/pugazhendhirajendran/Documents/Codex/2026-07-09/https-www-annavinpadaippugal-info/outputs/annavin_text_extractor/ocr_text_corrected/nadagangal/aadiyapatham.md
nadagangal/aalai_arumugam.md,ocr,520,30556,/Users/pugazhendhirajendran/Documents/Codex/2026-07-09/https-www-annavinpadaippugal-info/outputs/annavin_text_extractor/md_pages/nadagangal/aalai_arumugam.md,/Users/pugazhendhirajendran/Documents/Codex/2026-07-09/https-www-annavinpadaippugal-info/outputs/annavin_text_extractor/ocr_text_corrected/nadagangal/aalai_arumugam.md
nadagangal/aatrangaraiyinilae_1.md,ocr,741,16779,/Users/pugazhendhirajendran/Documents/Codex/2026-07-09/https-www-annavinpadaippugal-info/outputs/annavin_text_extractor/md_pages/nadagangal/aatrangaraiyinilae_1.md,/Users/pugazhendhirajendran/Documents/Codex/2026-07-09/https-www-annavinpadaippugal-info/outputs/annavin_text_extractor/ocr_text_corrected/nadagangal/aatrangaraiyinilae_1.md
nadagangal/ambal_kadatcham.md,ocr,576,46899,/Users/pugazhendhirajendran/Documents/Codex/2026-07-09/https-www-annavinpadaippugal-info/outputs/annavin_text_extractor/md_pages/nadagangal/ambal_kadatcham.md,/Users/pugazhendhirajendran/Documents/Codex/2026-07-09/https-www-annavinpadaippugal-info/outputs/annavin_text_extractor/ocr_text_corrected/nadagangal/ambal_kadatcham.md
nadagangal/avan_pithana.md,ocr,552,34072,/Users/pugazhendhirajendran/Documents/Codex/2026-07-09/https-www-annavinpadaippugal-info/outputs/annavin_text_extractor/md_pages/nadagangal/avan_pithana.md,/Users/pugazhendhirajendran/Documents/Codex/2026-07-09/https-www-annavinpadaippugal-info/outputs/annavin_text_extractor/ocr_text_corrected/nadagangal/avan_pithana.md
nadagangal/avanasiyar_1.md,ocr,801,3590,/Users/pugazhendhirajendran/Documents/Codex/2026-07-09/https-www-annavinpadaippugal-info/outputs/annavin_text_extractor/md_pages/nadagangal/avanasiyar_1.md,/Users/pugazhendhirajendran/Documents/Codex/2026-07-09/https-www-annavinpadaippugal-info/outputs/annavin_text_extractor/ocr_text_corrected/nadagangal/avanasiyar_1.md
nadagangal/avar_pesathathu_1.md,ocr,740,14559,/Users/pugazhendhirajendran/Documents/Codex/2026-07-09/https-www-annavinpadaippugal-info/outputs/annavin_text_extractor/md_pages/nadagangal/avar_pesathathu_1.md,/Users/pugazhendhirajendran/Documents/Codex/2026-07-09/https-www-annavinpadaippugal-info/outputs/annavin_text_extractor/ocr_text_corrected/nadagangal/avar_pesathathu_1.md
nadagangal/avargal_ullam_1.md,ocr,728,6007,/Users/pugazhendhirajendran/Documents/Codex/2026-07-09/https-www-annavinpadaippugal-info/outputs/annavin_text_extractor/md_pages/nadagangal/avargal_ullam_1.md,/Users/pugazhendhirajendran/Documents/Codex/2026-07-09/https-www-annavinpadaippugal-info/outputs/annavin_text_extractor/ocr_text_corrected/nadagangal/avargal_ullam_1.md
nadagangal/bagirathiyin_1.md,ocr,755,1439,/Users/pugazhendhirajendran/Documents/Codex/2026-07-09/https-www-annavinpadaippugal-info/outputs/annavin_text_extractor/md_pages/nadagangal/bagirathiyin_1.md,/Users/pugazhendhirajendran/Documents/Codex/2026-07-09/https-www-annavinpadaippugal-info/outputs/annavin_text_extractor/ocr_text_corrected/nadagangal/bagirathiyin_1.md
nadagangal/bajirao_1.md,ocr,678,7336,/Users/pugazhendhirajendran/Documents/Codex/2026-07-09/https-www-annavinpadaippugal-info/outputs/annavin_text_extractor/md_pages/nadagangal/bajirao_1.md,/Users/pugazhendhirajendran/Documents/Codex/2026-07-09/https-www-annavinpadaippugal-info/outputs/annavin_text_extractor/ocr_text_corrected/nadagangal/bajirao_1.md
nadagangal/bankak_bankaja_1.md,ocr,737,17123,/Users/pugazhendhirajendran/Documents/Codex/2026-07-09/https-www-annavinpadaippugal-info/outputs/annavin_text_extractor/md_pages/nadagangal/bankak_bankaja_1.md,/Users/pugazhendhirajendran/Documents/Codex/2026-07-09/https-www-annavinpadaippugal-info/outputs/annavin_text_extractor/ocr_text_corrected/nadagangal/bankak_bankaja_1.md
nadagangal/bankar_1.md,ocr,757,22368,/Users/pugazhendhirajendran/Documents/Codex/2026-07-09/https-www-annavinpadaippugal-info/outputs/annavin_text_extractor/md_pages/nadagangal/bankar_1.md,/Users/pugazhendhirajendran/Documents/Codex/2026-07-09/https-www-annavinpadaippugal-info/outputs/annavin_text_extractor/ocr_text_corrected/nadagangal/bankar_1.md
nadagangal/bharatham_1.md,ocr,672,25824,/Users/pugazhendhirajendran/Documents/Codex/2026-07-09/https-www-annavinpadaippugal-info/outputs/annavin_text_extractor/md_pages/nadagangal/bharatham_1.md,/Users/pugazhendhirajendran/Documents/Codex/2026-07-09/https-www-annavinpadaippugal-info/outputs/annavin_text_extractor/ocr_text_corrected/nadagangal/bharatham_1.md
nadagangal/chandramohan.md,ocr,2658,309659,/Users/pugazhendhirajendran/Documents/Codex/2026-07-09/https-www-annavinpadaippugal-info/outputs/annavin_text_extractor/md_pages/nadagangal/chandramohan.md,/Users/pugazhendhirajendran/Documents/Codex/2026-07-09/https-www-annavinpadaippugal-info/outputs/annavin_text_extractor/ocr_text_corrected/nadagangal/chandramohan.md
nadagangal/chandrodhayam.md,ocr,1535,205771,/Users/pugazhendhirajendran/Documents/Codex/2026-07-09/https-www-annavinpadaippugal-info/outputs/annavin_text_extractor/md_pages/nadagangal/chandrodhayam.md,/Users/pugazhendhirajendran/Documents/Codex/2026-07-09/https-www-annavinpadaippugal-info/outputs/annavin_text_extractor/ocr_text_corrected/nadagangal/chandrodhayam.md
nadagangal/congresswala_1.md,ocr,725,13865,/Users/pugazhendhirajendran/Documents/Codex/2026-07-09/https-www-annavinpadaippugal-info/outputs/annavin_text_extractor/md_pages/nadagangal/congresswala_1.md,/Users/pugazhendhirajendran/Documents/Codex/2026-07-09/https-www-annavinpadaippugal-info/outputs/annavin_text_extractor/ocr_text_corrected/nadagangal/congresswala_1.md
nadagangal/dharmam_thalai_1.md,ocr,757,7858,/Users/pugazhendhirajendran/Documents/Codex/2026-07-09/https-www-annavinpadaippugal-info/outputs/annavin_text_extractor/md_pages/nadagangal/dharmam_thalai_1.md,/Users/pugazhendhirajendran/Documents/Codex/2026-07-09/https-www-annavinpadaippugal-info/outputs/annavin_text_extractor/ocr_text_corrected/nadagangal/dharmam_thalai_1.md
nadagangal/dhrogi_kaplan_1.md,ocr,728,34192,/Users/pugazhendhirajendran/Documents/Codex/2026-07-09/https-www-annavinpadaippugal-info/outputs/annavin_text_extractor/md_pages/nadagangal/dhrogi_kaplan_1.md,/Users/pugazhendhirajendran/Documents/Codex/2026-07-09/https-www-annavinpadaippugal-info/outputs/annavin_text_extractor/ocr_text_corrected/nadagangal/dhrogi_kaplan_1.md
nadagangal/enthan_thiru_1.md,ocr,761,11239,/Users/pugazhendhirajendran/Documents/Codex/2026-07-09/https-www-annavinpadaippugal-info/outputs/annavin_text_extractor/md_pages/nadagangal/enthan_thiru_1.md,/Users/pugazhendhirajendran/Documents/Codex/2026-07-09/https-www-annavinpadaippugal-info/outputs/annavin_text_extractor/ocr_text_corrected/nadagangal/enthan_thiru_1.md
nadagangal/gandhi_jayanthi_1.md,ocr,734,16401,/Users/pugazhendhirajendran/Documents/Codex/2026-07-09/https-www-annavinpadaippugal-info/outputs/annavin_text_extractor/md_pages/nadagangal/gandhi_jayanthi_1.md,/Users/pugazhendhirajendran/Documents/Codex/2026-07-09/https-www-annavinpadaippugal-info/outputs/annavin_text_extractor/ocr_text_corrected/nadagangal/gandhi_jayanthi_1.md
nadagangal/ilangogin_sabatham_1.md,ocr,755,27076,/Users/pugazhendhirajendran/Documents/Codex/2026-07-09/https-www-annavinpadaippugal-info/outputs/annavin_text_extractor/md_pages/nadagangal/ilangogin_sabatham_1.md,/Users/pugazhendhirajendran/Documents/Codex/2026-07-09/https-www-annavinpadaippugal-info/outputs/annavin_text_extractor/ocr_text_corrected/nadagangal/ilangogin_sabatham_1.md
nadagangal/inba_oli.md,ocr,2583,301952,/Users/pugazhendhirajendran/Documents/Codex/2026-07-09/https-www-annavinpadaippugal-info/outputs/annavin_text_extractor/md_pages/nadagangal/inba_oli.md,/Users/pugazhendhirajendran/Documents/Codex/2026-07-09/https-www-annavinpadaippugal-info/outputs/annavin_text_extractor/ocr_text_corrected/nadagangal/inba_oli.md
nadagangal/irakkam_oru_1.md,ocr,736,17049,/Users/pugazhendhirajendran/Documents/Codex/2026-07-09/https-www-annavinpadaippugal-info/outputs/annavin_text_extractor/md_pages/nadagangal/irakkam_oru_1.md,/Users/pugazhendhirajendran/Documents/Codex/2026-07-09/https-www-annavinpadaippugal-info/outputs/annavin_text_extractor/ocr_text_corrected/nadagangal/irakkam_oru_1.md
nadagangal/jananayaga_1.md,ocr,743,22692,/Users/pugazhendhirajendran/Documents/Codex/2026-07-09/https-www-annavinpadaippugal-info/outputs/annavin_text_extractor/md_pages/nadagangal/jananayaga_1.md,/Users/pugazhendhirajendran/Documents/Codex/2026-07-09/https-www-annavinpadaippugal-info/outputs/annavin_text_extractor/ocr_text_corrected/nadagangal/jananayaga_1.md
nadagangal/kaasurar_1.md,ocr,707,15138,/Users/pugazhendhirajendran/Documents/Codex/2026-07-09/https-www-annavinpadaippugal-info/outputs/annavin_text_extractor/md_pages/nadagangal/kaasurar_1.md,/Users/pugazhendhirajendran/Documents/Codex/2026-07-09/https-www-annavinpadaippugal-info/outputs/annavin_text_extractor/ocr_text_corrected/nadagangal/kaasurar_1.md
nadagangal/kadhal_jothi.md,ocr,3087,335000,/Users/pugazhendhirajendran/Documents/Codex/2026-07-09/https-www-annavinpadaippugal-info/outputs/annavin_text_extractor/md_pages/nadagangal/kadhal_jothi.md,/Users/pugazhendhirajendran/Documents/Codex/2026-07-09/https-www-annavinpadaippugal-info/outputs/annavin_text_extractor/ocr_text_corrected/nadagangal/kadhal_jothi.md
nadagangal/kailayam_1.md,ocr,725,11473,/Users/pugazhendhirajendran/Documents/Codex/2026-07-09/https-www-annavinpadaippugal-info/outputs/annavin_text_extractor/md_pages/nadagangal/kailayam_1.md,/Users/pugazhendhirajendran/Documents/Codex/2026-07-09/https-www-annavinpadaippugal-info/outputs/annavin_text_extractor/ocr_text_corrected/nadagangal/kailayam_1.md
nadagangal/kal_sumantha_1.md,ocr,733,6469,/Users/pugazhendhirajendran/Documents/Codex/2026-07-09/https-www-annavinpadaippugal-info/outputs/annavin_text_extractor/md_pages/nadagangal/kal_sumantha_1.md,/Users/pugazhendhirajendran/Documents/Codex/2026-07-09/https-www-annavinpadaippugal-info/outputs/annavin_text_extractor/ocr_text_corrected/nadagangal/kal_sumantha_1.md
nadagangal/kalappu_manam.md,ocr,513,26940,/Users/pugazhendhirajendran/Documents/Codex/2026-07-09/https-www-annavinpadaippugal-info/outputs/annavin_text_extractor/md_pages/nadagangal/kalappu_manam.md,/Users/pugazhendhirajendran/Documents/Codex/2026-07-09/https-www-annavinpadaippugal-info/outputs/annavin_text_extractor/ocr_text_corrected/nadagangal/kalappu_manam.md
nadagangal/kannayirathin.md,ocr,1364,95278,/Users/pugazhendhirajendran/Documents/Codex/2026-07-09/https-www-annavinpadaippugal-info/outputs/annavin_text_extractor/md_pages/nadagangal/kannayirathin.md,/Users/pugazhendhirajendran/Documents/Codex/2026-07-09/https-www-annavinpadaippugal-info/outputs/annavin_text_extractor/ocr_text_corrected/nadagangal/kannayirathin.md
nadagangal/kanneerthuli.md,ocr,557,47758,/Users/pugazhendhirajendran/Documents/Codex/2026-07-09/https-www-annavinpadaippugal-info/outputs/annavin_text_extractor/md_pages/nadagangal/kanneerthuli.md,/Users/pugazhendhirajendran/Documents/Codex/2026-07-09/https-www-annavinpadaippugal-info/outputs/annavin_text_extractor/ocr_text_corrected/nadagangal/kanneerthuli.md
nadagangal/kattaiviral_1.md,ocr,704,9472,/Users/pugazhendhirajendran/Documents/Codex/2026-07-09/https-www-annavinpadaippugal-info/outputs/annavin_text_extractor/md_pages/nadagangal/kattaiviral_1.md,/Users/pugazhendhirajendran/Documents/Codex/2026-07-09/https-www-annavinpadaippugal-info/outputs/annavin_text_extractor/ocr_text_corrected/nadagangal/kattaiviral_1.md
nadagangal/kurumbukaran_1.md,ocr,735,13235,/Users/pugazhendhirajendran/Documents/Codex/2026-07-09/https-www-annavinpadaippugal-info/outputs/annavin_text_extractor/md_pages/nadagangal/kurumbukaran_1.md,/Users/pugazhendhirajendran/Documents/Codex/2026-07-09/https-www-annavinpadaippugal-info/outputs/annavin_text_extractor/ocr_text_corrected/nadagangal/kurumbukaran_1.md
nadagangal/madamanmiyam_1.md,ocr,711,754,/Users/pugazhendhirajendran/Documents/Codex/2026-07-09/https-www-annavinpadaippugal-info/outputs/annavin_text_extractor/md_pages/nadagangal/madamanmiyam_1.md,/Users/pugazhendhirajendran/Documents/Codex/2026-07-09/https-www-annavinpadaippugal-info/outputs/annavin_text_extractor/ocr_text_corrected/nadagangal/madamanmiyam_1.md
nadagangal/magudabishegam_1.md,ocr,723,29329,/Users/pugazhendhirajendran/Documents/Codex/2026-07-09/https-www-annavinpadaippugal-info/outputs/annavin_text_extractor/md_pages/nadagangal/magudabishegam_1.md,/Users/pugazhendhirajendran/Documents/Codex/2026-07-09/https-www-annavinpadaippugal-info/outputs/annavin_text_extractor/ocr_text_corrected/nadagangal/magudabishegam_1.md
nadagangal/mangai_oorugai_1.md,ocr,743,7831,/Users/pugazhendhirajendran/Documents/Codex/2026-07-09/https-www-annavinpadaippugal-info/outputs/annavin_text_extractor/md_pages/nadagangal/mangai_oorugai_1.md,/Users/pugazhendhirajendran/Documents/Codex/2026-07-09/https-www-annavinpadaippugal-info/outputs/annavin_text_extractor/ocr_text_corrected/nadagangal/mangai_oorugai_1.md
nadagangal/mangalapuri_1.md,ocr,728,14321,/Users/pugazhendhirajendran/Documents/Codex/2026-07-09/https-www-annavinpadaippugal-info/outputs/annavin_text_extractor/md_pages/nadagangal/mangalapuri_1.md,/Users/pugazhendhirajendran/Documents/Codex/2026-07-09/https-www-annavinpadaippugal-info/outputs/annavin_text_extractor/ocr_text_corrected/nadagangal/mangalapuri_1.md
nadagangal/morarji_thesai.md,ocr,575,9249,/Users/pugazhendhirajendran/Documents/Codex/2026-07-09/https-www-annavinpadaippugal-info/outputs/annavin_text_extractor/md_pages/nadagangal/morarji_thesai.md,/Users/pugazhendhirajendran/Documents/Codex/2026-07-09/https-www-annavinpadaippugal-info/outputs/annavin_text_extractor/ocr_text_corrected/nadagangal/morarji_thesai.md
nadagangal/mudhalalithuva_1.md,ocr,785,8082,/Users/pugazhendhirajendran/Documents/Codex/2026-07-09/https-www-annavinpadaippugal-info/outputs/annavin_text_extractor/md_pages/nadagangal/mudhalalithuva_1.md,/Users/pugazhendhirajendran/Documents/Codex/2026-07-09/https-www-annavinpadaippugal-info/outputs/annavin_text_extractor/ocr_text_corrected/nadagangal/mudhalalithuva_1.md
nadagangal/nadanthathuthan_1.md,ocr,776,18566,/Users/pugazhendhirajendran/Documents/Codex/2026-07-09/https-www-annavinpadaippugal-info/outputs/annavin_text_extractor/md_pages/nadagangal/nadanthathuthan_1.md,/Users/pugazhendhirajendran/Documents/Codex/2026-07-09/https-www-annavinpadaippugal-info/outputs/annavin_text_extractor/ocr_text_corrected/nadagangal/nadanthathuthan_1.md
nadagangal/nankodai.md,ocr,523,43334,/Users/pugazhendhirajendran/Documents/Codex/2026-07-09/https-www-annavinpadaippugal-info/outputs/annavin_text_extractor/md_pages/nadagangal/nankodai.md,/Users/pugazhendhirajendran/Documents/Codex/2026-07-09/https-www-annavinpadaippugal-info/outputs/annavin_text_extractor/ocr_text_corrected/nadagangal/nankodai.md
nadagangal/neethidevan.md,ocr,1716,223961,/Users/pugazhendhirajendran/Documents/Codex/2026-07-09/https-www-annavinpadaippugal-info/outputs/annavin_text_extractor/md_pages/nadagangal/neethidevan.md,/Users/pugazhendhirajendran/Documents/Codex/2026-07-09/https-www-annavinpadaippugal-info/outputs/annavin_text_extractor/ocr_text_corrected/nadagangal/neethidevan.md
nadagangal/oar_iravu.md,ocr,2036,331254,/Users/pugazhendhirajendran/Documents/Codex/2026-07-09/https-www-annavinpadaippugal-info/outputs/annavin_text_extractor/md_pages/nadagangal/oar_iravu.md,/Users/pugazhendhirajendran/Documents/Codex/2026-07-09/https-www-annavinpadaippugal-info/outputs/annavin_text_extractor/ocr_text_corrected/nadagangal/oar_iravu.md
nadagangal/oorar_urayadal_1.md,ocr,731,23553,/Users/pugazhendhirajendran/Documents/Codex/2026-07-09/https-www-annavinpadaippugal-info/outputs/annavin_text_extractor/md_pages/nadagangal/oorar_urayadal_1.md,/Users/pugazhendhirajendran/Documents/Codex/2026-07-09/https-www-annavinpadaippugal-info/outputs/annavin_text_extractor/ocr_text_corrected/nadagangal/oorar_urayadal_1.md
nadagangal/orae_oru_vithi_1.md,ocr,757,2190,/Users/pugazhendhirajendran/Documents/Codex/2026-07-09/https-www-annavinpadaippugal-info/outputs/annavin_text_extractor/md_pages/nadagangal/orae_oru_vithi_1.md,/Users/pugazhendhirajendran/Documents/Codex/2026-07-09/https-www-annavinpadaippugal-info/outputs/annavin_text_extractor/ocr_text_corrected/nadagangal/orae_oru_vithi_1.md
nadagangal/paavayin.md,ocr,1166,141927,/Users/pugazhendhirajendran/Documents/Codex/2026-07-09/https-www-annavinpadaippugal-info/outputs/annavin_text_extractor/md_pages/nadagangal/paavayin.md,/Users/pugazhendhirajendran/Documents/Codex/2026-07-09/https-www-annavinpadaippugal-info/outputs/annavin_text_extractor/ocr_text_corrected/nadagangal/paavayin.md
nadagangal/periayamanithargal_1.md,ocr,749,37164,/Users/pugazhendhirajendran/Documents/Codex/2026-07-09/https-www-annavinpadaippugal-info/outputs/annavin_text_extractor/md_pages/nadagangal/periayamanithargal_1.md,/Users/pugazhendhirajendran/Documents/Codex/2026-07-09/https-www-annavinpadaippugal-info/outputs/annavin_text_extractor/ocr_text_corrected/nadagangal/periayamanithargal_1.md
nadagangal/popular_store_1.md,ocr,728,33530,/Users/pugazhendhirajendran/Documents/Codex/2026-07-09/https-www-annavinpadaippugal-info/outputs/annavin_text_extractor/md_pages/nadagangal/popular_store_1.md,/Users/pugazhendhirajendran/Documents/Codex/2026-07-09/https-www-annavinpadaippugal-info/outputs/annavin_text_extractor/ocr_text_corrected/nadagangal/popular_store_1.md
nadagangal/puthiya_cong_1.md,ocr,743,982,/Users/pugazhendhirajendran/Documents/Codex/2026-07-09/https-www-annavinpadaippugal-info/outputs/annavin_text_extractor/md_pages/nadagangal/puthiya_cong_1.md,/Users/pugazhendhirajendran/Documents/Codex/2026-07-09/https-www-annavinpadaippugal-info/outputs/annavin_text_extractor/ocr_text_corrected/nadagangal/puthiya_cong_1.md
nadagangal/ragavayanam_1.md,ocr,696,15675,/Users/pugazhendhirajendran/Documents/Codex/2026-07-09/https-www-annavinpadaippugal-info/outputs/annavin_text_extractor/md_pages/nadagangal/ragavayanam_1.md,/Users/pugazhendhirajendran/Documents/Codex/2026-07-09/https-www-annavinpadaippugal-info/outputs/annavin_text_extractor/ocr_text_corrected/nadagangal/ragavayanam_1.md
nadagangal/roam_erigirathu_1.md,ocr,728,8111,/Users/pugazhendhirajendran/Documents/Codex/2026-07-09/https-www-annavinpadaippugal-info/outputs/annavin_text_extractor/md_pages/nadagangal/roam_erigirathu_1.md,/Users/pugazhendhirajendran/Documents/Codex/2026-07-09/https-www-annavinpadaippugal-info/outputs/annavin_text_extractor/ocr_text_corrected/nadagangal/roam_erigirathu_1.md
nadagangal/rottithundu.md,ocr,941,75072,/Users/pugazhendhirajendran/Documents/Codex/2026-07-09/https-www-annavinpadaippugal-info/outputs/annavin_text_extractor/md_pages/nadagangal/rottithundu.md,/Users/pugazhendhirajendran/Documents/Codex/2026-07-09/https-www-annavinpadaippugal-info/outputs/annavin_text_extractor/ocr_text_corrected/nadagangal/rottithundu.md
nadagangal/sanmanam.md,ocr,526,27085,/Users/pugazhendhirajendran/Documents/Codex/2026-07-09/https-www-annavinpadaippugal-info/outputs/annavin_text_extractor/md_pages/nadagangal/sanmanam.md,/Users/pugazhendhirajendran/Documents/Codex/2026-07-09/https-www-annavinpadaippugal-info/outputs/annavin_text_extractor/ocr_text_corrected/nadagangal/sanmanam.md
nadagangal/seeman_1.md,ocr,743,826,/Users/pugazhendhirajendran/Documents/Codex/2026-07-09/https-www-annavinpadaippugal-info/outputs/annavin_text_extractor/md_pages/nadagangal/seeman_1.md,/Users/pugazhendhirajendran/Documents/Codex/2026-07-09/https-www-annavinpadaippugal-info/outputs/annavin_text_extractor/ocr_text_corrected/nadagangal/seeman_1.md
nadagangal/sellapillai_1.md,ocr,720,10872,/Users/pugazhendhirajendran/Documents/Codex/2026-07-09/https-www-annavinpadaippugal-info/outputs/annavin_text_extractor/md_pages/nadagangal/sellapillai_1.md,/Users/pugazhendhirajendran/Documents/Codex/2026-07-09/https-www-annavinpadaippugal-info/outputs/annavin_text_extractor/ocr_text_corrected/nadagangal/sellapillai_1.md
nadagangal/sorgavaasal.md,ocr,4034,563626,/Users/pugazhendhirajendran/Documents/Codex/2026-07-09/https-www-annavinpadaippugal-info/outputs/annavin_text_extractor/md_pages/nadagangal/sorgavaasal.md,/Users/pugazhendhirajendran/Documents/Codex/2026-07-09/https-www-annavinpadaippugal-info/outputs/annavin_text_extractor/ocr_text_corrected/nadagangal/sorgavaasal.md
nadagangal/sumangalipooja_1.md,ocr,725,5246,/Users/pugazhendhirajendran/Documents/Codex/2026-07-09/https-www-annavinpadaippugal-info/outputs/annavin_text_extractor/md_pages/nadagangal/sumangalipooja_1.md,/Users/pugazhendhirajendran/Documents/Codex/2026-07-09/https-www-annavinpadaippugal-info/outputs/annavin_text_extractor/ocr_text_corrected/nadagangal/sumangalipooja_1.md
nadagangal/suyechai.md,ocr,560,21090,/Users/pugazhendhirajendran/Documents/Codex/2026-07-09/https-www-annavinpadaippugal-info/outputs/annavin_text_extractor/md_pages/nadagangal/suyechai.md,/Users/pugazhendhirajendran/Documents/Codex/2026-07-09/https-www-annavinpadaippugal-info/outputs/annavin_text_extractor/ocr_text_corrected/nadagangal/suyechai.md
nadagangal/vaelaikari.md,ocr,2064,297809,/Users/pugazhendhirajendran/Documents/Codex/2026-07-09/https-www-annavinpadaippugal-info/outputs/annavin_text_extractor/md_pages/nadagangal/vaelaikari.md,/Users/pugazhendhirajendran/Documents/Codex/2026-07-09/https-www-annavinpadaippugal-info/outputs/annavin_text_extractor/ocr_text_corrected/nadagangal/vaelaikari.md
nadagangal/vazhakku_vapas_1.md,ocr,719,16564,/Users/pugazhendhirajendran/Documents/Codex/2026-07-09/https-www-annavinpadaippugal-info/outputs/annavin_text_extractor/md_pages/nadagangal/vazhakku_vapas_1.md,/Users/pugazhendhirajendran/Documents/Codex/2026-07-09/https-www-annavinpadaippugal-info/outputs/annavin_text_extractor/ocr_text_corrected/nadagangal/vazhakku_vapas_1.md
nadagangal/yar_kaetka.md,ocr,564,38532,/Users/pugazhendhirajendran/Documents/Codex/2026-07-09/https-www-annavinpadaippugal-info/outputs/annavin_text_extractor/md_pages/nadagangal/yar_kaetka.md,/Users/pugazhendhirajendran/Documents/Codex/2026-07-09/https-www-annavinpadaippugal-info/outputs/annavin_text_extractor/ocr_text_corrected/nadagangal/yar_kaetka.md
sirukathaigal/1938-1940.md,ocr,572,68633,/Users/pugazhendhirajendran/Documents/Codex/2026-07-09/https-www-annavinpadaippugal-info/outputs/annavin_text_extractor/md_pages/sirukathaigal/1938-1940.md,/Users/pugazhendhirajendran/Documents/Codex/2026-07-09/https-www-annavinpadaippugal-info/outputs/annavin_text_extractor/ocr_text_corrected/sirukathaigal/1938-1940.md
sirukathaigal/aarumugam.md,ocr,693,8968,/Users/pugazhendhirajendran/Documents/Codex/2026-07-09/https-www-annavinpadaippugal-info/outputs/annavin_text_extractor/md_pages/sirukathaigal/aarumugam.md,/Users/pugazhendhirajendran/Documents/Codex/2026-07-09/https-www-annavinpadaippugal-info/outputs/annavin_text_extractor/ocr_text_corrected/sirukathaigal/aarumugam.md
sirukathaigal/aezhai.md,ocr,515,69192,/Users/pugazhendhirajendran/Documents/Codex/2026-07-09/https-www-annavinpadaippugal-info/outputs/annavin_text_extractor/md_pages/sirukathaigal/aezhai.md,/Users/pugazhendhirajendran/Documents/Codex/2026-07-09/https-www-annavinpadaippugal-info/outputs/annavin_text_extractor/ocr_text_corrected/sirukathaigal/aezhai.md
sirukathaigal/alladum_andavan.md,ocr,761,18599,/Users/pugazhendhirajendran/Documents/Codex/2026-07-09/https-www-annavinpadaippugal-info/outputs/annavin_text_extractor/md_pages/sirukathaigal/alladum_andavan.md,/Users/pugazhendhirajendran/Documents/Codex/2026-07-09/https-www-annavinpadaippugal-info/outputs/annavin_text_extractor/ocr_text_corrected/sirukathaigal/alladum_andavan.md
sirukathaigal/annadhanam.md,ocr,702,28074,/Users/pugazhendhirajendran/Documents/Codex/2026-07-09/https-www-annavinpadaippugal-info/outputs/annavin_text_extractor/md_pages/sirukathaigal/annadhanam.md,/Users/pugazhendhirajendran/Documents/Codex/2026-07-09/https-www-annavinpadaippugal-info/outputs/annavin_text_extractor/ocr_text_corrected/sirukathaigal/annadhanam.md
sirukathaigal/aruvadai.md,ocr,678,38431,/Users/pugazhendhirajendran/Documents/Codex/2026-07-09/https-www-annavinpadaippugal-info/outputs/annavin_text_extractor/md_pages/sirukathaigal/aruvadai.md,/Users/pugazhendhirajendran/Documents/Codex/2026-07-09/https-www-annavinpadaippugal-info/outputs/annavin_text_extractor/ocr_text_corrected/sirukathaigal/aruvadai.md
sirukathaigal/aval_mudivu.md,ocr,713,7705,/Users/pugazhendhirajendran/Documents/Codex/2026-07-09/https-www-annavinpadaippugal-info/outputs/annavin_text_extractor/md_pages/sirukathaigal/aval_mudivu.md,/Users/pugazhendhirajendran/Documents/Codex/2026-07-09/https-www-annavinpadaippugal-info/outputs/annavin_text_extractor/ocr_text_corrected/sirukathaigal/aval_mudivu.md
sirukathaigal/baktha_bakthath.md,ocr,777,30662,/Users/pugazhendhirajendran/Documents/Codex/2026-07-09/https-www-annavinpadaippugal-info/outputs/annavin_text_extractor/md_pages/sirukathaigal/baktha_bakthath.md,/Users/pugazhendhirajendran/Documents/Codex/2026-07-09/https-www-annavinpadaippugal-info/outputs/annavin_text_extractor/ocr_text_corrected/sirukathaigal/baktha_bakthath.md
sirukathaigal/bali.md,ocr,648,48927,/Users/pugazhendhirajendran/Documents/Codex/2026-07-09/https-www-annavinpadaippugal-info/outputs/annavin_text_extractor/md_pages/sirukathaigal/bali.md,/Users/pugazhendhirajendran/Documents/Codex/2026-07-09/https-www-annavinpadaippugal-info/outputs/annavin_text_extractor/ocr_text_corrected/sirukathaigal/bali.md
sirukathaigal/bama_vijayam.md,ocr,716,32971,/Users/pugazhendhirajendran/Documents/Codex/2026-07-09/https-www-annavinpadaippugal-info/outputs/annavin_text_extractor/md_pages/sirukathaigal/bama_vijayam.md,/Users/pugazhendhirajendran/Documents/Codex/2026-07-09/https-www-annavinpadaippugal-info/outputs/annavin_text_extractor/ocr_text_corrected/sirukathaigal/bama_vijayam.md
sirukathaigal/boobathiyin.md,ocr,789,30207,/Users/pugazhendhirajendran/Documents/Codex/2026-07-09/https-www-annavinpadaippugal-info/outputs/annavin_text_extractor/md_pages/sirukathaigal/boobathiyin.md,/Users/pugazhendhirajendran/Documents/Codex/2026-07-09/https-www-annavinpadaippugal-info/outputs/annavin_text_extractor/ocr_text_corrected/sirukathaigal/boobathiyin.md
sirukathaigal/brammanayakam.md,ocr,717,17958,/Users/pugazhendhirajendran/Documents/Codex/2026-07-09/https-www-annavinpadaippugal-info/outputs/annavin_text_extractor/md_pages/sirukathaigal/brammanayakam.md,/Users/pugazhendhirajendran/Documents/Codex/2026-07-09/https-www-annavinpadaippugal-info/outputs/annavin_text_extractor/ocr_text_corrected/sirukathaigal/brammanayakam.md
sirukathaigal/danabal_chettiyar.md,ocr,811,29063,/Users/pugazhendhirajendran/Documents/Codex/2026-07-09/https-www-annavinpadaippugal-info/outputs/annavin_text_extractor/md_pages/sirukathaigal/danabal_chettiyar.md,/Users/pugazhendhirajendran/Documents/Codex/2026-07-09/https-www-annavinpadaippugal-info/outputs/annavin_text_extractor/ocr_text_corrected/sirukathaigal/danabal_chettiyar.md
sirukathaigal/devathayin_thuyaram.md,ocr,767,28739,/Users/pugazhendhirajendran/Documents/Codex/2026-07-09/https-www-annavinpadaippugal-info/outputs/annavin_text_extractor/md_pages/sirukathaigal/devathayin_thuyaram.md,/Users/pugazhendhirajendran/Documents/Codex/2026-07-09/https-www-annavinpadaippugal-info/outputs/annavin_text_extractor/ocr_text_corrected/sirukathaigal/devathayin_thuyaram.md
sirukathaigal/engum_avan.md,ocr,716,24920,/Users/pugazhendhirajendran/Documents/Codex/2026-07-09/https-www-annavinpadaippugal-info/outputs/annavin_text_extractor/md_pages/sirukathaigal/engum_avan.md,/Users/pugazhendhirajendran/Documents/Codex/2026-07-09/https-www-annavinpadaippugal-info/outputs/annavin_text_extractor/ocr_text_corrected/sirukathaigal/engum_avan.md
sirukathaigal/ganavaan.md,ocr,678,60607,/Users/pugazhendhirajendran/Documents/Codex/2026-07-09/https-www-annavinpadaippugal-info/outputs/annavin_text_extractor/md_pages/sirukathaigal/ganavaan.md,/Users/pugazhendhirajendran/Documents/Codex/2026-07-09/https-www-annavinpadaippugal-info/outputs/annavin_text_extractor/ocr_text_corrected/sirukathaigal/ganavaan.md
sirukathaigal/imsaikku_aalana.md,ocr,616,15194,/Users/pugazhendhirajendran/Documents/Codex/2026-07-09/https-www-annavinpadaippugal-info/outputs/annavin_text_extractor/md_pages/sirukathaigal/imsaikku_aalana.md,/Users/pugazhendhirajendran/Documents/Codex/2026-07-09/https-www-annavinpadaippugal-info/outputs/annavin_text_extractor/ocr_text_corrected/sirukathaigal/imsaikku_aalana.md
sirukathaigal/iru_satchigal.md,ocr,731,9430,/Users/pugazhendhirajendran/Documents/Codex/2026-07-09/https-www-annavinpadaippugal-info/outputs/annavin_text_extractor/md_pages/sirukathaigal/iru_satchigal.md,/Users/pugazhendhirajendran/Documents/Codex/2026-07-09/https-www-annavinpadaippugal-info/outputs/annavin_text_extractor/ocr_text_corrected/sirukathaigal/iru_satchigal.md
sirukathaigal/irumbaram.md,ocr,548,17928,/Users/pugazhendhirajendran/Documents/Codex/2026-07-09/https-www-annavinpadaippugal-info/outputs/annavin_text_extractor/md_pages/sirukathaigal/irumbaram.md,/Users/pugazhendhirajendran/Documents/Codex/2026-07-09/https-www-annavinpadaippugal-info/outputs/annavin_text_extractor/ocr_text_corrected/sirukathaigal/irumbaram.md
sirukathaigal/iruparambaraigal.md,ocr,746,47583,/Users/pugazhendhirajendran/Documents/Codex/2026-07-09/https-www-annavinpadaippugal-info/outputs/annavin_text_extractor/md_pages/sirukathaigal/iruparambaraigal.md,/Users/pugazhendhirajendran/Documents/Codex/2026-07-09/https-www-annavinpadaippugal-info/outputs/annavin_text_extractor/ocr_text_corrected/sirukathaigal/iruparambaraigal.md
sirukathaigal/iruvar.md,ocr,672,16986,/Users/pugazhendhirajendran/Documents/Codex/2026-07-09/https-www-annavinpadaippugal-info/outputs/annavin_text_extractor/md_pages/sirukathaigal/iruvar.md,/Users/pugazhendhirajendran/Documents/Codex/2026-07-09/https-www-annavinpadaippugal-info/outputs/annavin_text_extractor/ocr_text_corrected/sirukathaigal/iruvar.md
sirukathaigal/ivargal_kutravaligala.md,ocr,799,4089,/Users/pugazhendhirajendran/Documents/Codex/2026-07-09/https-www-annavinpadaippugal-info/outputs/annavin_text_extractor/md_pages/sirukathaigal/ivargal_kutravaligala.md,/Users/pugazhendhirajendran/Documents/Codex/2026-07-09/https-www-annavinpadaippugal-info/outputs/annavin_text_extractor/ocr_text_corrected/sirukathaigal/ivargal_kutravaligala.md
sirukathaigal/justice_janaki.md,ocr,734,19633,/Users/pugazhendhirajendran/Documents/Codex/2026-07-09/https-www-annavinpadaippugal-info/outputs/annavin_text_extractor/md_pages/sirukathaigal/justice_janaki.md,/Users/pugazhendhirajendran/Documents/Codex/2026-07-09/https-www-annavinpadaippugal-info/outputs/annavin_text_extractor/ocr_text_corrected/sirukathaigal/justice_janaki.md
sirukathaigal/kadavulin_kavalai.md,ocr,743,14543,/Users/pugazhendhirajendran/Documents/Codex/2026-07-09/https-www-annavinpadaippugal-info/outputs/annavin_text_extractor/md_pages/sirukathaigal/kadavulin_kavalai.md,/Users/pugazhendhirajendran/Documents/Codex/2026-07-09/https-www-annavinpadaippugal-info/outputs/annavin_text_extractor/ocr_text_corrected/sirukathaigal/kadavulin_kavalai.md
sirukathaigal/kadvul_thandipar.md,ocr,772,4627,/Users/pugazhendhirajendran/Documents/Codex/2026-07-09/https-www-annavinpadaippugal-info/outputs/annavin_text_extractor/md_pages/sirukathaigal/kadvul_thandipar.md,/Users/pugazhendhirajendran/Documents/Codex/2026-07-09/https-www-annavinpadaippugal-info/outputs/annavin_text_extractor/ocr_text_corrected/sirukathaigal/kadvul_thandipar.md
sirukathaigal/kaikku_ettiyathu.md,ocr,752,43580,/Users/pugazhendhirajendran/Documents/Codex/2026-07-09/https-www-annavinpadaippugal-info/outputs/annavin_text_extractor/md_pages/sirukathaigal/kaikku_ettiyathu.md,/Users/pugazhendhirajendran/Documents/Codex/2026-07-09/https-www-annavinpadaippugal-info/outputs/annavin_text_extractor/ocr_text_corrected/sirukathaigal/kaikku_ettiyathu.md
sirukathaigal/kaithigal.md,ocr,687,19558,/Users/pugazhendhirajendran/Documents/Codex/2026-07-09/https-www-annavinpadaippugal-info/outputs/annavin_text_extractor/md_pages/sirukathaigal/kaithigal.md,/Users/pugazhendhirajendran/Documents/Codex/2026-07-09/https-www-annavinpadaippugal-info/outputs/annavin_text_extractor/ocr_text_corrected/sirukathaigal/kaithigal.md
sirukathaigal/kali_theertha.md,ocr,769,5432,/Users/pugazhendhirajendran/Documents/Codex/2026-07-09/https-www-annavinpadaippugal-info/outputs/annavin_text_extractor/md_pages/sirukathaigal/kali_theertha.md,/Users/pugazhendhirajendran/Documents/Codex/2026-07-09/https-www-annavinpadaippugal-info/outputs/annavin_text_extractor/ocr_text_corrected/sirukathaigal/kali_theertha.md
sirukathaigal/kalizhanthan.md,ocr,563,87713,/Users/pugazhendhirajendran/Documents/Codex/2026-07-09/https-www-annavinpadaippugal-info/outputs/annavin_text_extractor/md_pages/sirukathaigal/kalizhanthan.md,/Users/pugazhendhirajendran/Documents/Codex/2026-07-09/https-www-annavinpadaippugal-info/outputs/annavin_text_extractor/ocr_text_corrected/sirukathaigal/kalizhanthan.md
sirukathaigal/kallum_kannadi.md,ocr,808,39793,/Users/pugazhendhirajendran/Documents/Codex/2026-07-09/https-www-annavinpadaippugal-info/outputs/annavin_text_extractor/md_pages/sirukathaigal/kallum_kannadi.md,/Users/pugazhendhirajendran/Documents/Codex/2026-07-09/https-www-annavinpadaippugal-info/outputs/annavin_text_extractor/ocr_text_corrected/sirukathaigal/kallum_kannadi.md
sirukathaigal/kamakurangu.md,ocr,563,71790,/Users/pugazhendhirajendran/Documents/Codex/2026-07-09/https-www-annavinpadaippugal-info/outputs/annavin_text_extractor/md_pages/sirukathaigal/kamakurangu.md,/Users/pugazhendhirajendran/Documents/Codex/2026-07-09/https-www-annavinpadaippugal-info/outputs/annavin_text_extractor/ocr_text_corrected/sirukathaigal/kamakurangu.md
sirukathaigal/kanavil_keerathar.md,ocr,743,4269,/Users/pugazhendhirajendran/Documents/Codex/2026-07-09/https-www-annavinpadaippugal-info/outputs/annavin_text_extractor/md_pages/sirukathaigal/kanavil_keerathar.md,/Users/pugazhendhirajendran/Documents/Codex/2026-07-09/https-www-annavinpadaippugal-info/outputs/annavin_text_extractor/ocr_text_corrected/sirukathaigal/kanavil_keerathar.md
sirukathaigal/kanni_vithavai.md,ocr,548,71405,/Users/pugazhendhirajendran/Documents/Codex/2026-07-09/https-www-annavinpadaippugal-info/outputs/annavin_text_extractor/md_pages/sirukathaigal/kanni_vithavai.md,/Users/pugazhendhirajendran/Documents/Codex/2026-07-09/https-www-annavinpadaippugal-info/outputs/annavin_text_extractor/ocr_text_corrected/sirukathaigal/kanni_vithavai.md
sirukathaigal/karuppannasamy.md,ocr,812,42970,/Users/pugazhendhirajendran/Documents/Codex/2026-07-09/https-www-annavinpadaippugal-info/outputs/annavin_text_extractor/md_pages/sirukathaigal/karuppannasamy.md,/Users/pugazhendhirajendran/Documents/Codex/2026-07-09/https-www-annavinpadaippugal-info/outputs/annavin_text_extractor/ocr_text_corrected/sirukathaigal/karuppannasamy.md
sirukathaigal/kathiravan_kanneer.md,ocr,598,7146,/Users/pugazhendhirajendran/Documents/Codex/2026-07-09/https-www-annavinpadaippugal-info/outputs/annavin_text_extractor/md_pages/sirukathaigal/kathiravan_kanneer.md,/Users/pugazhendhirajendran/Documents/Codex/2026-07-09/https-www-annavinpadaippugal-info/outputs/annavin_text_extractor/ocr_text_corrected/sirukathaigal/kathiravan_kanneer.md
sirukathaigal/kokarko.md,ocr,687,24741,/Users/pugazhendhirajendran/Documents/Codex/2026-07-09/https-www-annavinpadaippugal-info/outputs/annavin_text_extractor/md_pages/sirukathaigal/kokarko.md,/Users/pugazhendhirajendran/Documents/Codex/2026-07-09/https-www-annavinpadaippugal-info/outputs/annavin_text_extractor/ocr_text_corrected/sirukathaigal/kokarko.md
sirukathaigal/kolaikari.md,ocr,693,5637,/Users/pugazhendhirajendran/Documents/Codex/2026-07-09/https-www-annavinpadaippugal-info/outputs/annavin_text_extractor/md_pages/sirukathaigal/kolaikari.md,/Users/pugazhendhirajendran/Documents/Codex/2026-07-09/https-www-annavinpadaippugal-info/outputs/annavin_text_extractor/ocr_text_corrected/sirukathaigal/kolaikari.md
sirukathaigal/krishnaleela.md,ocr,564,82393,/Users/pugazhendhirajendran/Documents/Codex/2026-07-09/https-www-annavinpadaippugal-info/outputs/annavin_text_extractor/md_pages/sirukathaigal/krishnaleela.md,/Users/pugazhendhirajendran/Documents/Codex/2026-07-09/https-www-annavinpadaippugal-info/outputs/annavin_text_extractor/ocr_text_corrected/sirukathaigal/krishnaleela.md
sirukathaigal/kumari_soorya.md,ocr,731,36776,/Users/pugazhendhirajendran/Documents/Codex/2026-07-09/https-www-annavinpadaippugal-info/outputs/annavin_text_extractor/md_pages/sirukathaigal/kumari_soorya.md,/Users/pugazhendhirajendran/Documents/Codex/2026-07-09/https-www-annavinpadaippugal-info/outputs/annavin_text_extractor/ocr_text_corrected/sirukathaigal/kumari_soorya.md
sirukathaigal/kuralappar.md,ocr,778,15069,/Users/pugazhendhirajendran/Documents/Codex/2026-07-09/https-www-annavinpadaippugal-info/outputs/annavin_text_extractor/md_pages/sirukathaigal/kuralappar.md,/Users/pugazhendhirajendran/Documents/Codex/2026-07-09/https-www-annavinpadaippugal-info/outputs/annavin_text_extractor/ocr_text_corrected/sirukathaigal/kuralappar.md
sirukathaigal/kutravaali_koondilae.md,ocr,874,16269,/Users/pugazhendhirajendran/Documents/Codex/2026-07-09/https-www-annavinpadaippugal-info/outputs/annavin_text_extractor/md_pages/sirukathaigal/kutravaali_koondilae.md,/Users/pugazhendhirajendran/Documents/Codex/2026-07-09/https-www-annavinpadaippugal-info/outputs/annavin_text_extractor/ocr_text_corrected/sirukathaigal/kutravaali_koondilae.md
sirukathaigal/kutravaali_yar.md,ocr,742,3901,/Users/pugazhendhirajendran/Documents/Codex/2026-07-09/https-www-annavinpadaippugal-info/outputs/annavin_text_extractor/md_pages/sirukathaigal/kutravaali_yar.md,/Users/pugazhendhirajendran/Documents/Codex/2026-07-09/https-www-annavinpadaippugal-info/outputs/annavin_text_extractor/ocr_text_corrected/sirukathaigal/kutravaali_yar.md
sirukathaigal/kutravali_koondukku.md,ocr,829,16294,/Users/pugazhendhirajendran/Documents/Codex/2026-07-09/https-www-annavinpadaippugal-info/outputs/annavin_text_extractor/md_pages/sirukathaigal/kutravali_koondukku.md,/Users/pugazhendhirajendran/Documents/Codex/2026-07-09/https-www-annavinpadaippugal-info/outputs/annavin_text_extractor/ocr_text_corrected/sirukathaigal/kutravali_koondukku.md
sirukathaigal/maadiveedu.md,ocr,547,6847,/Users/pugazhendhirajendran/Documents/Codex/2026-07-09/https-www-annavinpadaippugal-info/outputs/annavin_text_extractor/md_pages/sirukathaigal/maadiveedu.md,/Users/pugazhendhirajendran/Documents/Codex/2026-07-09/https-www-annavinpadaippugal-info/outputs/annavin_text_extractor/ocr_text_corrected/sirukathaigal/maadiveedu.md
sirukathaigal/maduraikku_ticket_illai.md,ocr,819,32838,/Users/pugazhendhirajendran/Documents/Codex/2026-07-09/https-www-annavinpadaippugal-info/outputs/annavin_text_extractor/md_pages/sirukathaigal/maduraikku_ticket_illai.md,/Users/pugazhendhirajendran/Documents/Codex/2026-07-09/https-www-annavinpadaippugal-info/outputs/annavin_text_extractor/ocr_text_corrected/sirukathaigal/maduraikku_ticket_illai.md
sirukathaigal/maelathikari.md,ocr,557,85355,/Users/pugazhendhirajendran/Documents/Codex/2026-07-09/https-www-annavinpadaippugal-info/outputs/annavin_text_extractor/md_pages/sirukathaigal/maelathikari.md,/Users/pugazhendhirajendran/Documents/Codex/2026-07-09/https-www-annavinpadaippugal-info/outputs/annavin_text_extractor/ocr_text_corrected/sirukathaigal/maelathikari.md
sirukathaigal/manitha_manthai.md,ocr,719,18335,/Users/pugazhendhirajendran/Documents/Codex/2026-07-09/https-www-annavinpadaippugal-info/outputs/annavin_text_extractor/md_pages/sirukathaigal/manitha_manthai.md,/Users/pugazhendhirajendran/Documents/Codex/2026-07-09/https-www-annavinpadaippugal-info/outputs/annavin_text_extractor/ocr_text_corrected/sirukathaigal/manitha_manthai.md
sirukathaigal/marathundu.md,ocr,708,7948,/Users/pugazhendhirajendran/Documents/Codex/2026-07-09/https-www-annavinpadaippugal-info/outputs/annavin_text_extractor/md_pages/sirukathaigal/marathundu.md,/Users/pugazhendhirajendran/Documents/Codex/2026-07-09/https-www-annavinpadaippugal-info/outputs/annavin_text_extractor/ocr_text_corrected/sirukathaigal/marathundu.md
sirukathaigal/moolakaranam.md,ocr,708,3550,/Users/pugazhendhirajendran/Documents/Codex/2026-07-09/https-www-annavinpadaippugal-info/outputs/annavin_text_extractor/md_pages/sirukathaigal/moolakaranam.md,/Users/pugazhendhirajendran/Documents/Codex/2026-07-09/https-www-annavinpadaippugal-info/outputs/annavin_text_extractor/ocr_text_corrected/sirukathaigal/moolakaranam.md
sirukathaigal/moondru_kadithangal.md,ocr,767,28241,/Users/pugazhendhirajendran/Documents/Codex/2026-07-09/https-www-annavinpadaippugal-info/outputs/annavin_text_extractor/md_pages/sirukathaigal/moondru_kadithangal.md,/Users/pugazhendhirajendran/Documents/Codex/2026-07-09/https-www-annavinpadaippugal-info/outputs/annavin_text_extractor/ocr_text_corrected/sirukathaigal/moondru_kadithangal.md
sirukathaigal/mugam_veluthathu.md,ocr,754,14454,/Users/pugazhendhirajendran/Documents/Codex/2026-07-09/https-www-annavinpadaippugal-info/outputs/annavin_text_extractor/md_pages/sirukathaigal/mugam_veluthathu.md,/Users/pugazhendhirajendran/Documents/Codex/2026-07-09/https-www-annavinpadaippugal-info/outputs/annavin_text_extractor/ocr_text_corrected/sirukathaigal/mugam_veluthathu.md
sirukathaigal/naakizhanthar.md,ocr,735,45083,/Users/pugazhendhirajendran/Documents/Codex/2026-07-09/https-www-annavinpadaippugal-info/outputs/annavin_text_extractor/md_pages/sirukathaigal/naakizhanthar.md,/Users/pugazhendhirajendran/Documents/Codex/2026-07-09/https-www-annavinpadaippugal-info/outputs/annavin_text_extractor/ocr_text_corrected/sirukathaigal/naakizhanthar.md
sirukathaigal/naan_manithananaen.md,ocr,758,24464,/Users/pugazhendhirajendran/Documents/Codex/2026-07-09/https-www-annavinpadaippugal-info/outputs/annavin_text_extractor/md_pages/sirukathaigal/naan_manithananaen.md,/Users/pugazhendhirajendran/Documents/Codex/2026-07-09/https-www-annavinpadaippugal-info/outputs/annavin_text_extractor/ocr_text_corrected/sirukathaigal/naan_manithananaen.md
sirukathaigal/nadodi.md,ocr,672,16862,/Users/pugazhendhirajendran/Documents/Codex/2026-07-09/https-www-annavinpadaippugal-info/outputs/annavin_text_extractor/md_pages/sirukathaigal/nadodi.md,/Users/pugazhendhirajendran/Documents/Codex/2026-07-09/https-www-annavinpadaippugal-info/outputs/annavin_text_extractor/ocr_text_corrected/sirukathaigal/nadodi.md
sirukathaigal/nagaithal_nangai.md,ocr,752,41130,/Users/pugazhendhirajendran/Documents/Codex/2026-07-09/https-www-annavinpadaippugal-info/outputs/annavin_text_extractor/md_pages/sirukathaigal/nagaithal_nangai.md,/Users/pugazhendhirajendran/Documents/Codex/2026-07-09/https-www-annavinpadaippugal-info/outputs/annavin_text_extractor/ocr_text_corrected/sirukathaigal/nagaithal_nangai.md
sirukathaigal/neethipathi_vakeel.md,ocr,822,105771,/Users/pugazhendhirajendran/Documents/Codex/2026-07-09/https-www-annavinpadaippugal-info/outputs/annavin_text_extractor/md_pages/sirukathaigal/neethipathi_vakeel.md,/Users/pugazhendhirajendran/Documents/Codex/2026-07-09/https-www-annavinpadaippugal-info/outputs/annavin_text_extractor/ocr_text_corrected/sirukathaigal/neethipathi_vakeel.md
sirukathaigal/nenjil_neruppu.md,ocr,758,31454,/Users/pugazhendhirajendran/Documents/Codex/2026-07-09/https-www-annavinpadaippugal-info/outputs/annavin_text_extractor/md_pages/sirukathaigal/nenjil_neruppu.md,/Users/pugazhendhirajendran/Documents/Codex/2026-07-09/https-www-annavinpadaippugal-info/outputs/annavin_text_extractor/ocr_text_corrected/sirukathaigal/nenjil_neruppu.md
sirukathaigal/oru_muttalin_kathai.md,ocr,609,55101,/Users/pugazhendhirajendran/Documents/Codex/2026-07-09/https-www-annavinpadaippugal-info/outputs/annavin_text_extractor/md_pages/sirukathaigal/oru_muttalin_kathai.md,/Users/pugazhendhirajendran/Documents/Codex/2026-07-09/https-www-annavinpadaippugal-info/outputs/annavin_text_extractor/ocr_text_corrected/sirukathaigal/oru_muttalin_kathai.md
sirukathaigal/oruvanthan.md,ocr,776,21701,/Users/pugazhendhirajendran/Documents/Codex/2026-07-09/https-www-annavinpadaippugal-info/outputs/annavin_text_extractor/md_pages/sirukathaigal/oruvanthan.md,/Users/pugazhendhirajendran/Documents/Codex/2026-07-09/https-www-annavinpadaippugal-info/outputs/annavin_text_extractor/ocr_text_corrected/sirukathaigal/oruvanthan.md
sirukathaigal/paei_oadi_poachu.md,ocr,760,9919,/Users/pugazhendhirajendran/Documents/Codex/2026-07-09/https-www-annavinpadaippugal-info/outputs/annavin_text_extractor/md_pages/sirukathaigal/paei_oadi_poachu.md,/Users/pugazhendhirajendran/Documents/Codex/2026-07-09/https-www-annavinpadaippugal-info/outputs/annavin_text_extractor/ocr_text_corrected/sirukathaigal/paei_oadi_poachu.md
sirukathaigal/paeran_bengalooril.md,ocr,770,36383,/Users/pugazhendhirajendran/Documents/Codex/2026-07-09/https-www-annavinpadaippugal-info/outputs/annavin_text_extractor/md_pages/sirukathaigal/paeran_bengalooril.md,/Users/pugazhendhirajendran/Documents/Codex/2026-07-09/https-www-annavinpadaippugal-info/outputs/annavin_text_extractor/ocr_text_corrected/sirukathaigal/paeran_bengalooril.md
sirukathaigal/palapalan.md,ocr,687,966,/Users/pugazhendhirajendran/Documents/Codex/2026-07-09/https-www-annavinpadaippugal-info/outputs/annavin_text_extractor/md_pages/sirukathaigal/palapalan.md,/Users/pugazhendhirajendran/Documents/Codex/2026-07-09/https-www-annavinpadaippugal-info/outputs/annavin_text_extractor/ocr_text_corrected/sirukathaigal/palapalan.md
sirukathaigal/pallilikkum.md,ocr,821,47999,/Users/pugazhendhirajendran/Documents/Codex/2026-07-09/https-www-annavinpadaippugal-info/outputs/annavin_text_extractor/md_pages/sirukathaigal/pallilikkum.md,/Users/pugazhendhirajendran/Documents/Codex/2026-07-09/https-www-annavinpadaippugal-info/outputs/annavin_text_extractor/ocr_text_corrected/sirukathaigal/pallilikkum.md
sirukathaigal/palliyarayil_paramasivan.md,ocr,812,41482,/Users/pugazhendhirajendran/Documents/Codex/2026-07-09/https-www-annavinpadaippugal-info/outputs/annavin_text_extractor/md_pages/sirukathaigal/palliyarayil_paramasivan.md,/Users/pugazhendhirajendran/Documents/Codex/2026-07-09/https-www-annavinpadaippugal-info/outputs/annavin_text_extractor/ocr_text_corrected/sirukathaigal/palliyarayil_paramasivan.md
sirukathaigal/pavalapaspam.md,ocr,757,31179,/Users/pugazhendhirajendran/Documents/Codex/2026-07-09/https-www-annavinpadaippugal-info/outputs/annavin_text_extractor/md_pages/sirukathaigal/pavalapaspam.md,/Users/pugazhendhirajendran/Documents/Codex/2026-07-09/https-www-annavinpadaippugal-info/outputs/annavin_text_extractor/ocr_text_corrected/sirukathaigal/pavalapaspam.md
sirukathaigal/pithalai_alla.md,ocr,789,52115,/Users/pugazhendhirajendran/Documents/Codex/2026-07-09/https-www-annavinpadaippugal-info/outputs/annavin_text_extractor/md_pages/sirukathaigal/pithalai_alla.md,/Users/pugazhendhirajendran/Documents/Codex/2026-07-09/https-www-annavinpadaippugal-info/outputs/annavin_text_extractor/ocr_text_corrected/sirukathaigal/pithalai_alla.md
sirukathaigal/police_ponnusamy.md,ocr,838,9307,/Users/pugazhendhirajendran/Documents/Codex/2026-07-09/https-www-annavinpadaippugal-info/outputs/annavin_text_extractor/md_pages/sirukathaigal/police_ponnusamy.md,/Users/pugazhendhirajendran/Documents/Codex/2026-07-09/https-www-annavinpadaippugal-info/outputs/annavin_text_extractor/ocr_text_corrected/sirukathaigal/police_ponnusamy.md
sirukathaigal/pongal_parisu.md,ocr,731,19977,/Users/pugazhendhirajendran/Documents/Codex/2026-07-09/https-www-annavinpadaippugal-info/outputs/annavin_text_extractor/md_pages/sirukathaigal/pongal_parisu.md,/Users/pugazhendhirajendran/Documents/Codex/2026-07-09/https-www-annavinpadaippugal-info/outputs/annavin_text_extractor/ocr_text_corrected/sirukathaigal/pongal_parisu.md
sirukathaigal/prarthanai.md,ocr,714,38082,/Users/pugazhendhirajendran/Documents/Codex/2026-07-09/https-www-annavinpadaippugal-info/outputs/annavin_text_extractor/md_pages/sirukathaigal/prarthanai.md,/Users/pugazhendhirajendran/Documents/Codex/2026-07-09/https-www-annavinpadaippugal-info/outputs/annavin_text_extractor/ocr_text_corrected/sirukathaigal/prarthanai.md
sirukathaigal/prasang_booshanam.md,ocr,749,48330,/Users/pugazhendhirajendran/Documents/Codex/2026-07-09/https-www-annavinpadaippugal-info/outputs/annavin_text_extractor/md_pages/sirukathaigal/prasang_booshanam.md,/Users/pugazhendhirajendran/Documents/Codex/2026-07-09/https-www-annavinpadaippugal-info/outputs/annavin_text_extractor/ocr_text_corrected/sirukathaigal/prasang_booshanam.md
sirukathaigal/pulinagam.md,ocr,693,41889,/Users/pugazhendhirajendran/Documents/Codex/2026-07-09/https-www-annavinpadaippugal-info/outputs/annavin_text_extractor/md_pages/sirukathaigal/pulinagam.md,/Users/pugazhendhirajendran/Documents/Codex/2026-07-09/https-www-annavinpadaippugal-info/outputs/annavin_text_extractor/ocr_text_corrected/sirukathaigal/pulinagam.md
sirukathaigal/puthiya_nayanar.md,ocr,579,62206,/Users/pugazhendhirajendran/Documents/Codex/2026-07-09/https-www-annavinpadaippugal-info/outputs/annavin_text_extractor/md_pages/sirukathaigal/puthiya_nayanar.md,/Users/pugazhendhirajendran/Documents/Codex/2026-07-09/https-www-annavinpadaippugal-info/outputs/annavin_text_extractor/ocr_text_corrected/sirukathaigal/puthiya_nayanar.md
sirukathaigal/rajapart.md,ocr,566,19593,/Users/pugazhendhirajendran/Documents/Codex/2026-07-09/https-www-annavinpadaippugal-info/outputs/annavin_text_extractor/md_pages/sirukathaigal/rajapart.md,/Users/pugazhendhirajendran/Documents/Codex/2026-07-09/https-www-annavinpadaippugal-info/outputs/annavin_text_extractor/ocr_text_corrected/sirukathaigal/rajapart.md
sirukathaigal/rottithundu.md,ocr,741,43826,/Users/pugazhendhirajendran/Documents/Codex/2026-07-09/https-www-annavinpadaippugal-info/outputs/annavin_text_extractor/md_pages/sirukathaigal/rottithundu.md,/Users/pugazhendhirajendran/Documents/Codex/2026-07-09/https-www-annavinpadaippugal-info/outputs/annavin_text_extractor/ocr_text_corrected/sirukathaigal/rottithundu.md
sirukathaigal/saadhu.md,ocr,660,4360,/Users/pugazhendhirajendran/Documents/Codex/2026-07-09/https-www-annavinpadaippugal-info/outputs/annavin_text_extractor/md_pages/sirukathaigal/saadhu.md,/Users/pugazhendhirajendran/Documents/Codex/2026-07-09/https-www-annavinpadaippugal-info/outputs/annavin_text_extractor/ocr_text_corrected/sirukathaigal/saadhu.md
sirukathaigal/samayapurathamman.md,ocr,837,63409,/Users/pugazhendhirajendran/Documents/Codex/2026-07-09/https-www-annavinpadaippugal-info/outputs/annavin_text_extractor/md_pages/sirukathaigal/samayapurathamman.md,/Users/pugazhendhirajendran/Documents/Codex/2026-07-09/https-www-annavinpadaippugal-info/outputs/annavin_text_extractor/ocr_text_corrected/sirukathaigal/samayapurathamman.md
sirukathaigal/samooga_sevaki.md,ocr,766,52415,/Users/pugazhendhirajendran/Documents/Codex/2026-07-09/https-www-annavinpadaippugal-info/outputs/annavin_text_extractor/md_pages/sirukathaigal/samooga_sevaki.md,/Users/pugazhendhirajendran/Documents/Codex/2026-07-09/https-www-annavinpadaippugal-info/outputs/annavin_text_extractor/ocr_text_corrected/sirukathaigal/samooga_sevaki.md
sirukathaigal/saroja_aarana.md,ocr,713,4706,/Users/pugazhendhirajendran/Documents/Codex/2026-07-09/https-www-annavinpadaippugal-info/outputs/annavin_text_extractor/md_pages/sirukathaigal/saroja_aarana.md,/Users/pugazhendhirajendran/Documents/Codex/2026-07-09/https-www-annavinpadaippugal-info/outputs/annavin_text_extractor/ocr_text_corrected/sirukathaigal/saroja_aarana.md
sirukathaigal/sengarumbu.md,ocr,515,64557,/Users/pugazhendhirajendran/Documents/Codex/2026-07-09/https-www-annavinpadaippugal-info/outputs/annavin_text_extractor/md_pages/sirukathaigal/sengarumbu.md,/Users/pugazhendhirajendran/Documents/Codex/2026-07-09/https-www-annavinpadaippugal-info/outputs/annavin_text_extractor/ocr_text_corrected/sirukathaigal/sengarumbu.md
sirukathaigal/sevvazhai.md,ocr,693,37394,/Users/pugazhendhirajendran/Documents/Codex/2026-07-09/https-www-annavinpadaippugal-info/outputs/annavin_text_extractor/md_pages/sirukathaigal/sevvazhai.md,/Users/pugazhendhirajendran/Documents/Codex/2026-07-09/https-www-annavinpadaippugal-info/outputs/annavin_text_extractor/ocr_text_corrected/sirukathaigal/sevvazhai.md
sirukathaigal/sokki.md,ocr,675,53048,/Users/pugazhendhirajendran/Documents/Codex/2026-07-09/https-www-annavinpadaippugal-info/outputs/annavin_text_extractor/md_pages/sirukathaigal/sokki.md,/Users/pugazhendhirajendran/Documents/Codex/2026-07-09/https-www-annavinpadaippugal-info/outputs/annavin_text_extractor/ocr_text_corrected/sirukathaigal/sokki.md
sirukathaigal/sollathathu.md,ocr,711,21780,/Users/pugazhendhirajendran/Documents/Codex/2026-07-09/https-www-annavinpadaippugal-info/outputs/annavin_text_extractor/md_pages/sirukathaigal/sollathathu.md,/Users/pugazhendhirajendran/Documents/Codex/2026-07-09/https-www-annavinpadaippugal-info/outputs/annavin_text_extractor/ocr_text_corrected/sirukathaigal/sollathathu.md
sirukathaigal/solvathai_ezhuthaenda.md,ocr,787,11609,/Users/pugazhendhirajendran/Documents/Codex/2026-07-09/https-www-annavinpadaippugal-info/outputs/annavin_text_extractor/md_pages/sirukathaigal/solvathai_ezhuthaenda.md,/Users/pugazhendhirajendran/Documents/Codex/2026-07-09/https-www-annavinpadaippugal-info/outputs/annavin_text_extractor/ocr_text_corrected/sirukathaigal/solvathai_ezhuthaenda.md
sirukathaigal/soothadi.md,ocr,678,8198,/Users/pugazhendhirajendran/Documents/Codex/2026-07-09/https-www-annavinpadaippugal-info/outputs/annavin_text_extractor/md_pages/sirukathaigal/soothadi.md,/Users/pugazhendhirajendran/Documents/Codex/2026-07-09/https-www-annavinpadaippugal-info/outputs/annavin_text_extractor/ocr_text_corrected/sirukathaigal/soothadi.md
sirukathaigal/sudumoonchi.md,ocr,711,23396,/Users/pugazhendhirajendran/Documents/Codex/2026-07-09/https-www-annavinpadaippugal-info/outputs/annavin_text_extractor/md_pages/sirukathaigal/sudumoonchi.md,/Users/pugazhendhirajendran/Documents/Codex/2026-07-09/https-www-annavinpadaippugal-info/outputs/annavin_text_extractor/ocr_text_corrected/sirukathaigal/sudumoonchi.md
sirukathaigal/sumar_subbaiah.md,ocr,746,38260,/Users/pugazhendhirajendran/Documents/Codex/2026-07-09/https-www-annavinpadaippugal-info/outputs/annavin_text_extractor/md_pages/sirukathaigal/sumar_subbaiah.md,/Users/pugazhendhirajendran/Documents/Codex/2026-07-09/https-www-annavinpadaippugal-info/outputs/annavin_text_extractor/ocr_text_corrected/sirukathaigal/sumar_subbaiah.md
sirukathaigal/thangathin_kathalan.md,ocr,773,32058,/Users/pugazhendhirajendran/Documents/Codex/2026-07-09/https-www-annavinpadaippugal-info/outputs/annavin_text_extractor/md_pages/sirukathaigal/thangathin_kathalan.md,/Users/pugazhendhirajendran/Documents/Codex/2026-07-09/https-www-annavinpadaippugal-info/outputs/annavin_text_extractor/ocr_text_corrected/sirukathaigal/thangathin_kathalan.md
sirukathaigal/thavalayum_manithanum.md,ocr,779,38055,/Users/pugazhendhirajendran/Documents/Codex/2026-07-09/https-www-annavinpadaippugal-info/outputs/annavin_text_extractor/md_pages/sirukathaigal/thavalayum_manithanum.md,/Users/pugazhendhirajendran/Documents/Codex/2026-07-09/https-www-annavinpadaippugal-info/outputs/annavin_text_extractor/ocr_text_corrected/sirukathaigal/thavalayum_manithanum.md
sirukathaigal/thediyathu_vakeelai.md,ocr,761,50724,/Users/pugazhendhirajendran/Documents/Codex/2026-07-09/https-www-annavinpadaippugal-info/outputs/annavin_text_extractor/md_pages/sirukathaigal/thediyathu_vakeelai.md,/Users/pugazhendhirajendran/Documents/Codex/2026-07-09/https-www-annavinpadaippugal-info/outputs/annavin_text_extractor/ocr_text_corrected/sirukathaigal/thediyathu_vakeelai.md
sirukathaigal/theerpaliyungal.md,ocr,865,43999,/Users/pugazhendhirajendran/Documents/Codex/2026-07-09/https-www-annavinpadaippugal-info/outputs/annavin_text_extractor/md_pages/sirukathaigal/theerpaliyungal.md,/Users/pugazhendhirajendran/Documents/Codex/2026-07-09/https-www-annavinpadaippugal-info/outputs/annavin_text_extractor/ocr_text_corrected/sirukathaigal/theerpaliyungal.md
sirukathaigal/theetuthuni.md,ocr,723,4379,/Users/pugazhendhirajendran/Documents/Codex/2026-07-09/https-www-annavinpadaippugal-info/outputs/annavin_text_extractor/md_pages/sirukathaigal/theetuthuni.md,/Users/pugazhendhirajendran/Documents/Codex/2026-07-09/https-www-annavinpadaippugal-info/outputs/annavin_text_extractor/ocr_text_corrected/sirukathaigal/theetuthuni.md
sirukathaigal/thirappu_vizha.md,ocr,728,39552,/Users/pugazhendhirajendran/Documents/Codex/2026-07-09/https-www-annavinpadaippugal-info/outputs/annavin_text_extractor/md_pages/sirukathaigal/thirappu_vizha.md,/Users/pugazhendhirajendran/Documents/Codex/2026-07-09/https-www-annavinpadaippugal-info/outputs/annavin_text_extractor/ocr_text_corrected/sirukathaigal/thirappu_vizha.md
sirukathaigal/thunai_nadigai.md,ocr,716,18120,/Users/pugazhendhirajendran/Documents/Codex/2026-07-09/https-www-annavinpadaippugal-info/outputs/annavin_text_extractor/md_pages/sirukathaigal/thunai_nadigai.md,/Users/pugazhendhirajendran/Documents/Codex/2026-07-09/https-www-annavinpadaippugal-info/outputs/annavin_text_extractor/ocr_text_corrected/sirukathaigal/thunai_nadigai.md
sirukathaigal/ubakari_ulaga.md,ocr,745,46690,/Users/pugazhendhirajendran/Documents/Codex/2026-07-09/https-www-annavinpadaippugal-info/outputs/annavin_text_extractor/md_pages/sirukathaigal/ubakari_ulaga.md,/Users/pugazhendhirajendran/Documents/Codex/2026-07-09/https-www-annavinpadaippugal-info/outputs/annavin_text_extractor/ocr_text_corrected/sirukathaigal/ubakari_ulaga.md
sirukathaigal/udai_poattathum.md,ocr,737,28819,/Users/pugazhendhirajendran/Documents/Codex/2026-07-09/https-www-annavinpadaippugal-info/outputs/annavin_text_extractor/md_pages/sirukathaigal/udai_poattathum.md,/Users/pugazhendhirajendran/Documents/Codex/2026-07-09/https-www-annavinpadaippugal-info/outputs/annavin_text_extractor/ocr_text_corrected/sirukathaigal/udai_poattathum.md
sirukathaigal/udayar_ullam.md,ocr,734,43373,/Users/pugazhendhirajendran/Documents/Codex/2026-07-09/https-www-annavinpadaippugal-info/outputs/annavin_text_extractor/md_pages/sirukathaigal/udayar_ullam.md,/Users/pugazhendhirajendran/Documents/Codex/2026-07-09/https-www-annavinpadaippugal-info/outputs/annavin_text_extractor/ocr_text_corrected/sirukathaigal/udayar_ullam.md
sirukathaigal/unnaviratham_oru_thandanai.md,ocr,820,6279,/Users/pugazhendhirajendran/Documents/Codex/2026-07-09/https-www-annavinpadaippugal-info/outputs/annavin_text_extractor/md_pages/sirukathaigal/unnaviratham_oru_thandanai.md,/Users/pugazhendhirajendran/Documents/Codex/2026-07-09/https-www-annavinpadaippugal-info/outputs/annavin_text_extractor/ocr_text_corrected/sirukathaigal/unnaviratham_oru_thandanai.md
sirukathaigal/vaelai_kidaithathu.md,ocr,754,28877,/Users/pugazhendhirajendran/Documents/Codex/2026-07-09/https-www-annavinpadaippugal-info/outputs/annavin_text_extractor/md_pages/sirukathaigal/vaelai_kidaithathu.md,/Users/pugazhendhirajendran/Documents/Codex/2026-07-09/https-www-annavinpadaippugal-info/outputs/annavin_text_extractor/ocr_text_corrected/sirukathaigal/vaelai_kidaithathu.md
sirukathaigal/vaelai_pochu.md,ocr,561,47729,/Users/pugazhendhirajendran/Documents/Codex/2026-07-09/https-www-annavinpadaippugal-info/outputs/annavin_text_extractor/md_pages/sirukathaigal/vaelai_pochu.md,/Users/pugazhendhirajendran/Documents/Codex/2026-07-09/https-www-annavinpadaippugal-info/outputs/annavin_text_extractor/ocr_text_corrected/sirukathaigal/vaelai_pochu.md
sirukathaigal/valiba_virunthu.md,ocr,743,21938,/Users/pugazhendhirajendran/Documents/Codex/2026-07-09/https-www-annavinpadaippugal-info/outputs/annavin_text_extractor/md_pages/sirukathaigal/valiba_virunthu.md,/Users/pugazhendhirajendran/Documents/Codex/2026-07-09/https-www-annavinpadaippugal-info/outputs/annavin_text_extractor/ocr_text_corrected/sirukathaigal/valiba_virunthu.md
sirukathaigal/valli_nayakiyin.md,ocr,781,778,/Users/pugazhendhirajendran/Documents/Codex/2026-07-09/https-www-annavinpadaippugal-info/outputs/annavin_text_extractor/md_pages/sirukathaigal/valli_nayakiyin.md,/Users/pugazhendhirajendran/Documents/Codex/2026-07-09/https-www-annavinpadaippugal-info/outputs/annavin_text_extractor/ocr_text_corrected/sirukathaigal/valli_nayakiyin.md
sirukathaigal/valli_thirumanam.md,ocr,758,24403,/Users/pugazhendhirajendran/Documents/Codex/2026-07-09/https-www-annavinpadaippugal-info/outputs/annavin_text_extractor/md_pages/sirukathaigal/valli_thirumanam.md,/Users/pugazhendhirajendran/Documents/Codex/2026-07-09/https-www-annavinpadaippugal-info/outputs/annavin_text_extractor/ocr_text_corrected/sirukathaigal/valli_thirumanam.md
sirukathaigal/valliyin_devi.md,ocr,737,48590,/Users/pugazhendhirajendran/Documents/Codex/2026-07-09/https-www-annavinpadaippugal-info/outputs/annavin_text_extractor/md_pages/sirukathaigal/valliyin_devi.md,/Users/pugazhendhirajendran/Documents/Codex/2026-07-09/https-www-annavinpadaippugal-info/outputs/annavin_text_extractor/ocr_text_corrected/sirukathaigal/valliyin_devi.md
sirukathaigal/varavu_selavu.md,ocr,717,38028,/Users/pugazhendhirajendran/Documents/Codex/2026-07-09/https-www-annavinpadaippugal-info/outputs/annavin_text_extractor/md_pages/sirukathaigal/varavu_selavu.md,/Users/pugazhendhirajendran/Documents/Codex/2026-07-09/https-www-annavinpadaippugal-info/outputs/annavin_text_extractor/ocr_text_corrected/sirukathaigal/varavu_selavu.md
sirukathaigal/vazhuki_vizhunthavargal.md,ocr,809,30009,/Users/pugazhendhirajendran/Documents/Codex/2026-07-09/https-www-annavinpadaippugal-info/outputs/annavin_text_extractor/md_pages/sirukathaigal/vazhuki_vizhunthavargal.md,/Users/pugazhendhirajendran/Documents/Codex/2026-07-09/https-www-annavinpadaippugal-info/outputs/annavin_text_extractor/ocr_text_corrected/sirukathaigal/vazhuki_vizhunthavargal.md
sirukathaigal/velli_ratham.md,ocr,716,11209,/Users/pugazhendhirajendran/Documents/Codex/2026-07-09/https-www-annavinpadaippugal-info/outputs/annavin_text_extractor/md_pages/sirukathaigal/velli_ratham.md,/Users/pugazhendhirajendran/Documents/Codex/2026-07-09/https-www-annavinpadaippugal-info/outputs/annavin_text_extractor/ocr_text_corrected/sirukathaigal/velli_ratham.md
sirukathaigal/yaarmeethu_kobithu.md,ocr,632,60277,/Users/pugazhendhirajendran/Documents/Codex/2026-07-09/https-www-annavinpadaippugal-info/outputs/annavin_text_extractor/md_pages/sirukathaigal/yaarmeethu_kobithu.md,/Users/pugazhendhirajendran/Documents/Codex/2026-07-09/https-www-annavinpadaippugal-info/outputs/annavin_text_extractor/ocr_text_corrected/sirukathaigal/yaarmeethu_kobithu.md
sirukathaigal/yogapiyasam_1.md,ocr,723,61948,/Users/pugazhendhirajendran/Documents/Codex/2026-07-09/https-www-annavinpadaippugal-info/outputs/annavin_text_extractor/md_pages/sirukathaigal/yogapiyasam_1.md,/Users/pugazhendhirajendran/Documents/Codex/2026-07-09/https-www-annavinpadaippugal-info/outputs/annavin_text_extractor/ocr_text_corrected/sirukathaigal/yogapiyasam_1.md
sorpozhivugal/040767.md,ocr,797,4068,/Users/pugazhendhirajendran/Documents/Codex/2026-07-09/https-www-annavinpadaippugal-info/outputs/annavin_text_extractor/md_pages/sorpozhivugal/040767.md,/Users/pugazhendhirajendran/Documents/Codex/2026-07-09/https-www-annavinpadaippugal-info/outputs/annavin_text_extractor/ocr_text_corrected/sorpozhivugal/040767.md
sorpozhivugal/050767.md,ocr,797,15615,/Users/pugazhendhirajendran/Documents/Codex/2026-07-09/https-www-annavinpadaippugal-info/outputs/annavin_text_extractor/md_pages/sorpozhivugal/050767.md,/Users/pugazhendhirajendran/Documents/Codex/2026-07-09/https-www-annavinpadaippugal-info/outputs/annavin_text_extractor/ocr_text_corrected/sorpozhivugal/050767.md
sorpozhivugal/050767_2.md,ocr,803,67237,/Users/pugazhendhirajendran/Documents/Codex/2026-07-09/https-www-annavinpadaippugal-info/outputs/annavin_text_extractor/md_pages/sorpozhivugal/050767_2.md,/Users/pugazhendhirajendran/Documents/Codex/2026-07-09/https-www-annavinpadaippugal-info/outputs/annavin_text_extractor/ocr_text_corrected/sorpozhivugal/050767_2.md
sorpozhivugal/060368.md,ocr,797,103841,/Users/pugazhendhirajendran/Documents/Codex/2026-07-09/https-www-annavinpadaippugal-info/outputs/annavin_text_extractor/md_pages/sorpozhivugal/060368.md,/Users/pugazhendhirajendran/Documents/Codex/2026-07-09/https-www-annavinpadaippugal-info/outputs/annavin_text_extractor/ocr_text_corrected/sorpozhivugal/060368.md
sorpozhivugal/060767.md,ocr,797,34698,/Users/pugazhendhirajendran/Documents/Codex/2026-07-09/https-www-annavinpadaippugal-info/outputs/annavin_text_extractor/md_pages/sorpozhivugal/060767.md,/Users/pugazhendhirajendran/Documents/Codex/2026-07-09/https-www-annavinpadaippugal-info/outputs/annavin_text_extractor/ocr_text_corrected/sorpozhivugal/060767.md
sorpozhivugal/070767.md,ocr,797,6563,/Users/pugazhendhirajendran/Documents/Codex/2026-07-09/https-www-annavinpadaippugal-info/outputs/annavin_text_extractor/md_pages/sorpozhivugal/070767.md,/Users/pugazhendhirajendran/Documents/Codex/2026-07-09/https-www-annavinpadaippugal-info/outputs/annavin_text_extractor/ocr_text_corrected/sorpozhivugal/070767.md
sorpozhivugal/080767.md,ocr,797,60884,/Users/pugazhendhirajendran/Documents/Codex/2026-07-09/https-www-annavinpadaippugal-info/outputs/annavin_text_extractor/md_pages/sorpozhivugal/080767.md,/Users/pugazhendhirajendran/Documents/Codex/2026-07-09/https-www-annavinpadaippugal-info/outputs/annavin_text_extractor/ocr_text_corrected/sorpozhivugal/080767.md
sorpozhivugal/080767_2.md,ocr,803,62496,/Users/pugazhendhirajendran/Documents/Codex/2026-07-09/https-www-annavinpadaippugal-info/outputs/annavin_text_extractor/md_pages/sorpozhivugal/080767_2.md,/Users/pugazhendhirajendran/Documents/Codex/2026-07-09/https-www-annavinpadaippugal-info/outputs/annavin_text_extractor/ocr_text_corrected/sorpozhivugal/080767_2.md
sorpozhivugal/110667.md,ocr,1026,251321,/Users/pugazhendhirajendran/Documents/Codex/2026-07-09/https-www-annavinpadaippugal-info/outputs/annavin_text_extractor/md_pages/sorpozhivugal/110667.md,/Users/pugazhendhirajendran/Documents/Codex/2026-07-09/https-www-annavinpadaippugal-info/outputs/annavin_text_extractor/ocr_text_corrected/sorpozhivugal/110667.md
sorpozhivugal/120767.md,ocr,797,65584,/Users/pugazhendhirajendran/Documents/Codex/2026-07-09/https-www-annavinpadaippugal-info/outputs/annavin_text_extractor/md_pages/sorpozhivugal/120767.md,/Users/pugazhendhirajendran/Documents/Codex/2026-07-09/https-www-annavinpadaippugal-info/outputs/annavin_text_extractor/ocr_text_corrected/sorpozhivugal/120767.md
sorpozhivugal/130767.md,ocr,797,31076,/Users/pugazhendhirajendran/Documents/Codex/2026-07-09/https-www-annavinpadaippugal-info/outputs/annavin_text_extractor/md_pages/sorpozhivugal/130767.md,/Users/pugazhendhirajendran/Documents/Codex/2026-07-09/https-www-annavinpadaippugal-info/outputs/annavin_text_extractor/ocr_text_corrected/sorpozhivugal/130767.md
sorpozhivugal/150767_1.md,ocr,806,61952,/Users/pugazhendhirajendran/Documents/Codex/2026-07-09/https-www-annavinpadaippugal-info/outputs/annavin_text_extractor/md_pages/sorpozhivugal/150767_1.md,/Users/pugazhendhirajendran/Documents/Codex/2026-07-09/https-www-annavinpadaippugal-info/outputs/annavin_text_extractor/ocr_text_corrected/sorpozhivugal/150767_1.md
sorpozhivugal/170367.md,ocr,797,15165,/Users/pugazhendhirajendran/Documents/Codex/2026-07-09/https-www-annavinpadaippugal-info/outputs/annavin_text_extractor/md_pages/sorpozhivugal/170367.md,/Users/pugazhendhirajendran/Documents/Codex/2026-07-09/https-www-annavinpadaippugal-info/outputs/annavin_text_extractor/ocr_text_corrected/sorpozhivugal/170367.md
sorpozhivugal/170767.md,ocr,797,18149,/Users/pugazhendhirajendran/Documents/Codex/2026-07-09/https-www-annavinpadaippugal-info/outputs/annavin_text_extractor/md_pages/sorpozhivugal/170767.md,/Users/pugazhendhirajendran/Documents/Codex/2026-07-09/https-www-annavinpadaippugal-info/outputs/annavin_text_extractor/ocr_text_corrected/sorpozhivugal/170767.md
sorpozhivugal/170868.md,ocr,797,23168,/Users/pugazhendhirajendran/Documents/Codex/2026-07-09/https-www-annavinpadaippugal-info/outputs/annavin_text_extractor/md_pages/sorpozhivugal/170868.md,/Users/pugazhendhirajendran/Documents/Codex/2026-07-09/https-www-annavinpadaippugal-info/outputs/annavin_text_extractor/ocr_text_corrected/sorpozhivugal/170868.md
sorpozhivugal/170868_2.md,ocr,803,17618,/Users/pugazhendhirajendran/Documents/Codex/2026-07-09/https-www-annavinpadaippugal-info/outputs/annavin_text_extractor/md_pages/sorpozhivugal/170868_2.md,/Users/pugazhendhirajendran/Documents/Codex/2026-07-09/https-www-annavinpadaippugal-info/outputs/annavin_text_extractor/ocr_text_corrected/sorpozhivugal/170868_2.md
sorpozhivugal/180767.md,ocr,797,33400,/Users/pugazhendhirajendran/Documents/Codex/2026-07-09/https-www-annavinpadaippugal-info/outputs/annavin_text_extractor/md_pages/sorpozhivugal/180767.md,/Users/pugazhendhirajendran/Documents/Codex/2026-07-09/https-www-annavinpadaippugal-info/outputs/annavin_text_extractor/ocr_text_corrected/sorpozhivugal/180767.md
sorpozhivugal/180767_2.md,ocr,803,12158,/Users/pugazhendhirajendran/Documents/Codex/2026-07-09/https-www-annavinpadaippugal-info/outputs/annavin_text_extractor/md_pages/sorpozhivugal/180767_2.md,/Users/pugazhendhirajendran/Documents/Codex/2026-07-09/https-www-annavinpadaippugal-info/outputs/annavin_text_extractor/ocr_text_corrected/sorpozhivugal/180767_2.md
sorpozhivugal/190368.md,ocr,797,60103,/Users/pugazhendhirajendran/Documents/Codex/2026-07-09/https-www-annavinpadaippugal-info/outputs/annavin_text_extractor/md_pages/sorpozhivugal/190368.md,/Users/pugazhendhirajendran/Documents/Codex/2026-07-09/https-www-annavinpadaippugal-info/outputs/annavin_text_extractor/ocr_text_corrected/sorpozhivugal/190368.md
sorpozhivugal/190868.md,ocr,797,88605,/Users/pugazhendhirajendran/Documents/Codex/2026-07-09/https-www-annavinpadaippugal-info/outputs/annavin_text_extractor/md_pages/sorpozhivugal/190868.md,/Users/pugazhendhirajendran/Documents/Codex/2026-07-09/https-www-annavinpadaippugal-info/outputs/annavin_text_extractor/ocr_text_corrected/sorpozhivugal/190868.md
sorpozhivugal/1967.md,ocr,646,145183,/Users/pugazhendhirajendran/Documents/Codex/2026-07-09/https-www-annavinpadaippugal-info/outputs/annavin_text_extractor/md_pages/sorpozhivugal/1967.md,/Users/pugazhendhirajendran/Documents/Codex/2026-07-09/https-www-annavinpadaippugal-info/outputs/annavin_text_extractor/ocr_text_corrected/sorpozhivugal/1967.md
sorpozhivugal/200268.md,ocr,650,150265,/Users/pugazhendhirajendran/Documents/Codex/2026-07-09/https-www-annavinpadaippugal-info/outputs/annavin_text_extractor/md_pages/sorpozhivugal/200268.md,/Users/pugazhendhirajendran/Documents/Codex/2026-07-09/https-www-annavinpadaippugal-info/outputs/annavin_text_extractor/ocr_text_corrected/sorpozhivugal/200268.md
sorpozhivugal/200367.md,ocr,797,68527,/Users/pugazhendhirajendran/Documents/Codex/2026-07-09/https-www-annavinpadaippugal-info/outputs/annavin_text_extractor/md_pages/sorpozhivugal/200367.md,/Users/pugazhendhirajendran/Documents/Codex/2026-07-09/https-www-annavinpadaippugal-info/outputs/annavin_text_extractor/ocr_text_corrected/sorpozhivugal/200367.md
sorpozhivugal/200368.md,ocr,797,92335,/Users/pugazhendhirajendran/Documents/Codex/2026-07-09/https-www-annavinpadaippugal-info/outputs/annavin_text_extractor/md_pages/sorpozhivugal/200368.md,/Users/pugazhendhirajendran/Documents/Codex/2026-07-09/https-www-annavinpadaippugal-info/outputs/annavin_text_extractor/ocr_text_corrected/sorpozhivugal/200368.md
sorpozhivugal/200868.md,ocr,797,77644,/Users/pugazhendhirajendran/Documents/Codex/2026-07-09/https-www-annavinpadaippugal-info/outputs/annavin_text_extractor/md_pages/sorpozhivugal/200868.md,/Users/pugazhendhirajendran/Documents/Codex/2026-07-09/https-www-annavinpadaippugal-info/outputs/annavin_text_extractor/ocr_text_corrected/sorpozhivugal/200868.md
sorpozhivugal/210367.md,ocr,838,111087,/Users/pugazhendhirajendran/Documents/Codex/2026-07-09/https-www-annavinpadaippugal-info/outputs/annavin_text_extractor/md_pages/sorpozhivugal/210367.md,/Users/pugazhendhirajendran/Documents/Codex/2026-07-09/https-www-annavinpadaippugal-info/outputs/annavin_text_extractor/ocr_text_corrected/sorpozhivugal/210367.md
sorpozhivugal/230168.md,ocr,650,143137,/Users/pugazhendhirajendran/Documents/Codex/2026-07-09/https-www-annavinpadaippugal-info/outputs/annavin_text_extractor/md_pages/sorpozhivugal/230168.md,/Users/pugazhendhirajendran/Documents/Codex/2026-07-09/https-www-annavinpadaippugal-info/outputs/annavin_text_extractor/ocr_text_corrected/sorpozhivugal/230168.md
sorpozhivugal/230367.md,ocr,838,109606,/Users/pugazhendhirajendran/Documents/Codex/2026-07-09/https-www-annavinpadaippugal-info/outputs/annavin_text_extractor/md_pages/sorpozhivugal/230367.md,/Users/pugazhendhirajendran/Documents/Codex/2026-07-09/https-www-annavinpadaippugal-info/outputs/annavin_text_extractor/ocr_text_corrected/sorpozhivugal/230367.md
sorpozhivugal/230868.md,ocr,650,179961,/Users/pugazhendhirajendran/Documents/Codex/2026-07-09/https-www-annavinpadaippugal-info/outputs/annavin_text_extractor/md_pages/sorpozhivugal/230868.md,/Users/pugazhendhirajendran/Documents/Codex/2026-07-09/https-www-annavinpadaippugal-info/outputs/annavin_text_extractor/ocr_text_corrected/sorpozhivugal/230868.md
sorpozhivugal/240868.md,ocr,797,33030,/Users/pugazhendhirajendran/Documents/Codex/2026-07-09/https-www-annavinpadaippugal-info/outputs/annavin_text_extractor/md_pages/sorpozhivugal/240868.md,/Users/pugazhendhirajendran/Documents/Codex/2026-07-09/https-www-annavinpadaippugal-info/outputs/annavin_text_extractor/ocr_text_corrected/sorpozhivugal/240868.md
sorpozhivugal/241167.md,ocr,797,4000,/Users/pugazhendhirajendran/Documents/Codex/2026-07-09/https-www-annavinpadaippugal-info/outputs/annavin_text_extractor/md_pages/sorpozhivugal/241167.md,/Users/pugazhendhirajendran/Documents/Codex/2026-07-09/https-www-annavinpadaippugal-info/outputs/annavin_text_extractor/ocr_text_corrected/sorpozhivugal/241167.md
sorpozhivugal/250367.md,ocr,797,74194,/Users/pugazhendhirajendran/Documents/Codex/2026-07-09/https-www-annavinpadaippugal-info/outputs/annavin_text_extractor/md_pages/sorpozhivugal/250367.md,/Users/pugazhendhirajendran/Documents/Codex/2026-07-09/https-www-annavinpadaippugal-info/outputs/annavin_text_extractor/ocr_text_corrected/sorpozhivugal/250367.md
sorpozhivugal/250368.md,ocr,797,3991,/Users/pugazhendhirajendran/Documents/Codex/2026-07-09/https-www-annavinpadaippugal-info/outputs/annavin_text_extractor/md_pages/sorpozhivugal/250368.md,/Users/pugazhendhirajendran/Documents/Codex/2026-07-09/https-www-annavinpadaippugal-info/outputs/annavin_text_extractor/ocr_text_corrected/sorpozhivugal/250368.md
sorpozhivugal/260368.md,ocr,797,23471,/Users/pugazhendhirajendran/Documents/Codex/2026-07-09/https-www-annavinpadaippugal-info/outputs/annavin_text_extractor/md_pages/sorpozhivugal/260368.md,/Users/pugazhendhirajendran/Documents/Codex/2026-07-09/https-www-annavinpadaippugal-info/outputs/annavin_text_extractor/ocr_text_corrected/sorpozhivugal/260368.md
sorpozhivugal/260868.md,ocr,797,37174,/Users/pugazhendhirajendran/Documents/Codex/2026-07-09/https-www-annavinpadaippugal-info/outputs/annavin_text_extractor/md_pages/sorpozhivugal/260868.md,/Users/pugazhendhirajendran/Documents/Codex/2026-07-09/https-www-annavinpadaippugal-info/outputs/annavin_text_extractor/ocr_text_corrected/sorpozhivugal/260868.md
sorpozhivugal/270367.md,ocr,797,15630,/Users/pugazhendhirajendran/Documents/Codex/2026-07-09/https-www-annavinpadaippugal-info/outputs/annavin_text_extractor/md_pages/sorpozhivugal/270367.md,/Users/pugazhendhirajendran/Documents/Codex/2026-07-09/https-www-annavinpadaippugal-info/outputs/annavin_text_extractor/ocr_text_corrected/sorpozhivugal/270367.md
sorpozhivugal/270368.md,ocr,797,26322,/Users/pugazhendhirajendran/Documents/Codex/2026-07-09/https-www-annavinpadaippugal-info/outputs/annavin_text_extractor/md_pages/sorpozhivugal/270368.md,/Users/pugazhendhirajendran/Documents/Codex/2026-07-09/https-www-annavinpadaippugal-info/outputs/annavin_text_extractor/ocr_text_corrected/sorpozhivugal/270368.md
sorpozhivugal/270667.md,ocr,650,183697,/Users/pugazhendhirajendran/Documents/Codex/2026-07-09/https-www-annavinpadaippugal-info/outputs/annavin_text_extractor/md_pages/sorpozhivugal/270667.md,/Users/pugazhendhirajendran/Documents/Codex/2026-07-09/https-www-annavinpadaippugal-info/outputs/annavin_text_extractor/ocr_text_corrected/sorpozhivugal/270667.md
sorpozhivugal/271167.md,ocr,797,22090,/Users/pugazhendhirajendran/Documents/Codex/2026-07-09/https-www-annavinpadaippugal-info/outputs/annavin_text_extractor/md_pages/sorpozhivugal/271167.md,/Users/pugazhendhirajendran/Documents/Codex/2026-07-09/https-www-annavinpadaippugal-info/outputs/annavin_text_extractor/ocr_text_corrected/sorpozhivugal/271167.md
sorpozhivugal/280268.md,ocr,797,67763,/Users/pugazhendhirajendran/Documents/Codex/2026-07-09/https-www-annavinpadaippugal-info/outputs/annavin_text_extractor/md_pages/sorpozhivugal/280268.md,/Users/pugazhendhirajendran/Documents/Codex/2026-07-09/https-www-annavinpadaippugal-info/outputs/annavin_text_extractor/ocr_text_corrected/sorpozhivugal/280268.md
sorpozhivugal/280367.md,ocr,797,47100,/Users/pugazhendhirajendran/Documents/Codex/2026-07-09/https-www-annavinpadaippugal-info/outputs/annavin_text_extractor/md_pages/sorpozhivugal/280367.md,/Users/pugazhendhirajendran/Documents/Codex/2026-07-09/https-www-annavinpadaippugal-info/outputs/annavin_text_extractor/ocr_text_corrected/sorpozhivugal/280367.md
sorpozhivugal/280368.md,ocr,797,18106,/Users/pugazhendhirajendran/Documents/Codex/2026-07-09/https-www-annavinpadaippugal-info/outputs/annavin_text_extractor/md_pages/sorpozhivugal/280368.md,/Users/pugazhendhirajendran/Documents/Codex/2026-07-09/https-www-annavinpadaippugal-info/outputs/annavin_text_extractor/ocr_text_corrected/sorpozhivugal/280368.md
sorpozhivugal/280868.md,ocr,797,78174,/Users/pugazhendhirajendran/Documents/Codex/2026-07-09/https-www-annavinpadaippugal-info/outputs/annavin_text_extractor/md_pages/sorpozhivugal/280868.md,/Users/pugazhendhirajendran/Documents/Codex/2026-07-09/https-www-annavinpadaippugal-info/outputs/annavin_text_extractor/ocr_text_corrected/sorpozhivugal/280868.md
sorpozhivugal/280868_2.md,ocr,658,196119,/Users/pugazhendhirajendran/Documents/Codex/2026-07-09/https-www-annavinpadaippugal-info/outputs/annavin_text_extractor/md_pages/sorpozhivugal/280868_2.md,/Users/pugazhendhirajendran/Documents/Codex/2026-07-09/https-www-annavinpadaippugal-info/outputs/annavin_text_extractor/ocr_text_corrected/sorpozhivugal/280868_2.md
sorpozhivugal/300367.md,ocr,650,160039,/Users/pugazhendhirajendran/Documents/Codex/2026-07-09/https-www-annavinpadaippugal-info/outputs/annavin_text_extractor/md_pages/sorpozhivugal/300367.md,/Users/pugazhendhirajendran/Documents/Codex/2026-07-09/https-www-annavinpadaippugal-info/outputs/annavin_text_extractor/ocr_text_corrected/sorpozhivugal/300367.md
sorpozhivugal/300667.md,ocr,797,46441,/Users/pugazhendhirajendran/Documents/Codex/2026-07-09/https-www-annavinpadaippugal-info/outputs/annavin_text_extractor/md_pages/sorpozhivugal/300667.md,/Users/pugazhendhirajendran/Documents/Codex/2026-07-09/https-www-annavinpadaippugal-info/outputs/annavin_text_extractor/ocr_text_corrected/sorpozhivugal/300667.md
sorpozhivugal/310868.md,ocr,797,41597,/Users/pugazhendhirajendran/Documents/Codex/2026-07-09/https-www-annavinpadaippugal-info/outputs/annavin_text_extractor/md_pages/sorpozhivugal/310868.md,/Users/pugazhendhirajendran/Documents/Codex/2026-07-09/https-www-annavinpadaippugal-info/outputs/annavin_text_extractor/ocr_text_corrected/sorpozhivugal/310868.md
sorpozhivugal/a_stateless.md,ocr,812,22935,/Users/pugazhendhirajendran/Documents/Codex/2026-07-09/https-www-annavinpadaippugal-info/outputs/annavin_text_extractor/md_pages/sorpozhivugal/a_stateless.md,/Users/pugazhendhirajendran/Documents/Codex/2026-07-09/https-www-annavinpadaippugal-info/outputs/annavin_text_extractor/ocr_text_corrected/sorpozhivugal/a_stateless.md
sorpozhivugal/a_thought.md,ocr,806,30522,/Users/pugazhendhirajendran/Documents/Codex/2026-07-09/https-www-annavinpadaippugal-info/outputs/annavin_text_extractor/md_pages/sorpozhivugal/a_thought.md,/Users/pugazhendhirajendran/Documents/Codex/2026-07-09/https-www-annavinpadaippugal-info/outputs/annavin_text_extractor/ocr_text_corrected/sorpozhivugal/a_thought.md
sorpozhivugal/aabasa170259_2.md,ocr,821,12610,/Users/pugazhendhirajendran/Documents/Codex/2026-07-09/https-www-annavinpadaippugal-info/outputs/annavin_text_extractor/md_pages/sorpozhivugal/aabasa170259_2.md,/Users/pugazhendhirajendran/Documents/Codex/2026-07-09/https-www-annavinpadaippugal-info/outputs/annavin_text_extractor/ocr_text_corrected/sorpozhivugal/aabasa170259_2.md
sorpozhivugal/aalunar090259.md,ocr,818,99436,/Users/pugazhendhirajendran/Documents/Codex/2026-07-09/https-www-annavinpadaippugal-info/outputs/annavin_text_extractor/md_pages/sorpozhivugal/aalunar090259.md,/Users/pugazhendhirajendran/Documents/Codex/2026-07-09/https-www-annavinpadaippugal-info/outputs/annavin_text_extractor/ocr_text_corrected/sorpozhivugal/aalunar090259.md
sorpozhivugal/aalunar110860.md,ocr,818,81458,/Users/pugazhendhirajendran/Documents/Codex/2026-07-09/https-www-annavinpadaippugal-info/outputs/annavin_text_extractor/md_pages/sorpozhivugal/aalunar110860.md,/Users/pugazhendhirajendran/Documents/Codex/2026-07-09/https-www-annavinpadaippugal-info/outputs/annavin_text_extractor/ocr_text_corrected/sorpozhivugal/aalunar110860.md
sorpozhivugal/aalunar130258.md,ocr,678,128002,/Users/pugazhendhirajendran/Documents/Codex/2026-07-09/https-www-annavinpadaippugal-info/outputs/annavin_text_extractor/md_pages/sorpozhivugal/aalunar130258.md,/Users/pugazhendhirajendran/Documents/Codex/2026-07-09/https-www-annavinpadaippugal-info/outputs/annavin_text_extractor/ocr_text_corrected/sorpozhivugal/aalunar130258.md
sorpozhivugal/aalunar_vivath.md,ocr,821,75445,/Users/pugazhendhirajendran/Documents/Codex/2026-07-09/https-www-annavinpadaippugal-info/outputs/annavin_text_extractor/md_pages/sorpozhivugal/aalunar_vivath.md,/Users/pugazhendhirajendran/Documents/Codex/2026-07-09/https-www-annavinpadaippugal-info/outputs/annavin_text_extractor/ocr_text_corrected/sorpozhivugal/aalunar_vivath.md
sorpozhivugal/aasiriyar.md,ocr,806,24175,/Users/pugazhendhirajendran/Documents/Codex/2026-07-09/https-www-annavinpadaippugal-info/outputs/annavin_text_extractor/md_pages/sorpozhivugal/aasiriyar.md,/Users/pugazhendhirajendran/Documents/Codex/2026-07-09/https-www-annavinpadaippugal-info/outputs/annavin_text_extractor/ocr_text_corrected/sorpozhivugal/aasiriyar.md
sorpozhivugal/aatchmozhi_prachi.md,ocr,694,127244,/Users/pugazhendhirajendran/Documents/Codex/2026-07-09/https-www-annavinpadaippugal-info/outputs/annavin_text_extractor/md_pages/sorpozhivugal/aatchmozhi_prachi.md,/Users/pugazhendhirajendran/Documents/Codex/2026-07-09/https-www-annavinpadaippugal-info/outputs/annavin_text_extractor/ocr_text_corrected/sorpozhivugal/aatchmozhi_prachi.md
sorpozhivugal/aey_thazhntha.md,ocr,678,140100,/Users/pugazhendhirajendran/Documents/Codex/2026-07-09/https-www-annavinpadaippugal-info/outputs/annavin_text_extractor/md_pages/sorpozhivugal/aey_thazhntha.md,/Users/pugazhendhirajendran/Documents/Codex/2026-07-09/https-www-annavinpadaippugal-info/outputs/annavin_text_extractor/ocr_text_corrected/sorpozhivugal/aey_thazhntha.md
sorpozhivugal/aezhaikku.md,ocr,806,19635,/Users/pugazhendhirajendran/Documents/Codex/2026-07-09/https-www-annavinpadaippugal-info/outputs/annavin_text_extractor/md_pages/sorpozhivugal/aezhaikku.md,/Users/pugazhendhirajendran/Documents/Codex/2026-07-09/https-www-annavinpadaippugal-info/outputs/annavin_text_extractor/ocr_text_corrected/sorpozhivugal/aezhaikku.md
sorpozhivugal/allal_agala.md,ocr,812,27230,/Users/pugazhendhirajendran/Documents/Codex/2026-07-09/https-www-annavinpadaippugal-info/outputs/annavin_text_extractor/md_pages/sorpozhivugal/allal_agala.md,/Users/pugazhendhirajendran/Documents/Codex/2026-07-09/https-www-annavinpadaippugal-info/outputs/annavin_text_extractor/ocr_text_corrected/sorpozhivugal/allal_agala.md
sorpozhivugal/alunarukku_anna.md,ocr,824,44109,/Users/pugazhendhirajendran/Documents/Codex/2026-07-09/https-www-annavinpadaippugal-info/outputs/annavin_text_extractor/md_pages/sorpozhivugal/alunarukku_anna.md,/Users/pugazhendhirajendran/Documents/Codex/2026-07-09/https-www-annavinpadaippugal-info/outputs/annavin_text_extractor/ocr_text_corrected/sorpozhivugal/alunarukku_anna.md
sorpozhivugal/aluvalaga050960.md,ocr,824,81037,/Users/pugazhendhirajendran/Documents/Codex/2026-07-09/https-www-annavinpadaippugal-info/outputs/annavin_text_extractor/md_pages/sorpozhivugal/aluvalaga050960.md,/Users/pugazhendhirajendran/Documents/Codex/2026-07-09/https-www-annavinpadaippugal-info/outputs/annavin_text_extractor/ocr_text_corrected/sorpozhivugal/aluvalaga050960.md
sorpozhivugal/amaichar160361.md,ocr,821,33852,/Users/pugazhendhirajendran/Documents/Codex/2026-07-09/https-www-annavinpadaippugal-info/outputs/annavin_text_extractor/md_pages/sorpozhivugal/amaichar160361.md,/Users/pugazhendhirajendran/Documents/Codex/2026-07-09/https-www-annavinpadaippugal-info/outputs/annavin_text_extractor/ocr_text_corrected/sorpozhivugal/amaichar160361.md
sorpozhivugal/annal_nabi.md,ocr,666,112141,/Users/pugazhendhirajendran/Documents/Codex/2026-07-09/https-www-annavinpadaippugal-info/outputs/annavin_text_extractor/md_pages/sorpozhivugal/annal_nabi.md,/Users/pugazhendhirajendran/Documents/Codex/2026-07-09/https-www-annavinpadaippugal-info/outputs/annavin_text_extractor/ocr_text_corrected/sorpozhivugal/annal_nabi.md
sorpozhivugal/annamalai_perurai.md,ocr,1334,296620,/Users/pugazhendhirajendran/Documents/Codex/2026-07-09/https-www-annavinpadaippugal-info/outputs/annavin_text_extractor/md_pages/sorpozhivugal/annamalai_perurai.md,/Users/pugazhendhirajendran/Documents/Codex/2026-07-09/https-www-annavinpadaippugal-info/outputs/annavin_text_extractor/ocr_text_corrected/sorpozhivugal/annamalai_perurai.md
sorpozhivugal/annavin_thalaimai.md,ocr,830,78747,/Users/pugazhendhirajendran/Documents/Codex/2026-07-09/https-www-annavinpadaippugal-info/outputs/annavin_text_extractor/md_pages/sorpozhivugal/annavin_thalaimai.md,/Users/pugazhendhirajendran/Documents/Codex/2026-07-09/https-www-annavinpadaippugal-info/outputs/annavin_text_extractor/ocr_text_corrected/sorpozhivugal/annavin_thalaimai.md
sorpozhivugal/ara_nilaya.md,ocr,809,86298,/Users/pugazhendhirajendran/Documents/Codex/2026-07-09/https-www-annavinpadaippugal-info/outputs/annavin_text_extractor/md_pages/sorpozhivugal/ara_nilaya.md,/Users/pugazhendhirajendran/Documents/Codex/2026-07-09/https-www-annavinpadaippugal-info/outputs/annavin_text_extractor/ocr_text_corrected/sorpozhivugal/ara_nilaya.md
sorpozhivugal/arasoozhiyar.md,ocr,815,9540,/Users/pugazhendhirajendran/Documents/Codex/2026-07-09/https-www-annavinpadaippugal-info/outputs/annavin_text_extractor/md_pages/sorpozhivugal/arasoozhiyar.md,/Users/pugazhendhirajendran/Documents/Codex/2026-07-09/https-www-annavinpadaippugal-info/outputs/annavin_text_extractor/ocr_text_corrected/sorpozhivugal/arasoozhiyar.md
sorpozhivugal/arasu_endral.md,ocr,815,32632,/Users/pugazhendhirajendran/Documents/Codex/2026-07-09/https-www-annavinpadaippugal-info/outputs/annavin_text_extractor/md_pages/sorpozhivugal/arasu_endral.md,/Users/pugazhendhirajendran/Documents/Codex/2026-07-09/https-www-annavinpadaippugal-info/outputs/annavin_text_extractor/ocr_text_corrected/sorpozhivugal/arasu_endral.md
sorpozhivugal/arignaranna_perurai.md,ocr,836,46333,/Users/pugazhendhirajendran/Documents/Codex/2026-07-09/https-www-annavinpadaippugal-info/outputs/annavin_text_extractor/md_pages/sorpozhivugal/arignaranna_perurai.md,/Users/pugazhendhirajendran/Documents/Codex/2026-07-09/https-www-annavinpadaippugal-info/outputs/annavin_text_extractor/ocr_text_corrected/sorpozhivugal/arignaranna_perurai.md
sorpozhivugal/atchimozhi_hindiyanal.md,ocr,842,57394,/Users/pugazhendhirajendran/Documents/Codex/2026-07-09/https-www-annavinpadaippugal-info/outputs/annavin_text_extractor/md_pages/sorpozhivugal/atchimozhi_hindiyanal.md,/Users/pugazhendhirajendran/Documents/Codex/2026-07-09/https-www-annavinpadaippugal-info/outputs/annavin_text_extractor/ocr_text_corrected/sorpozhivugal/atchimozhi_hindiyanal.md
sorpozhivugal/budget1958.md,ocr,809,97191,/Users/pugazhendhirajendran/Documents/Codex/2026-07-09/https-www-annavinpadaippugal-info/outputs/annavin_text_extractor/md_pages/sorpozhivugal/budget1958.md,/Users/pugazhendhirajendran/Documents/Codex/2026-07-09/https-www-annavinpadaippugal-info/outputs/annavin_text_extractor/ocr_text_corrected/sorpozhivugal/budget1958.md
sorpozhivugal/call_to_the.md,ocr,812,19210,/Users/pugazhendhirajendran/Documents/Codex/2026-07-09/https-www-annavinpadaippugal-info/outputs/annavin_text_extractor/md_pages/sorpozhivugal/call_to_the.md,/Users/pugazhendhirajendran/Documents/Codex/2026-07-09/https-www-annavinpadaippugal-info/outputs/annavin_text_extractor/ocr_text_corrected/sorpozhivugal/call_to_the.md
sorpozhivugal/cheena_aakira.md,ocr,818,55675,/Users/pugazhendhirajendran/Documents/Codex/2026-07-09/https-www-annavinpadaippugal-info/outputs/annavin_text_extractor/md_pages/sorpozhivugal/cheena_aakira.md,/Users/pugazhendhirajendran/Documents/Codex/2026-07-09/https-www-annavinpadaippugal-info/outputs/annavin_text_extractor/ocr_text_corrected/sorpozhivugal/cheena_aakira.md
sorpozhivugal/chennai151261.md,ocr,818,73568,/Users/pugazhendhirajendran/Documents/Codex/2026-07-09/https-www-annavinpadaippugal-info/outputs/annavin_text_extractor/md_pages/sorpozhivugal/chennai151261.md,/Users/pugazhendhirajendran/Documents/Codex/2026-07-09/https-www-annavinpadaippugal-info/outputs/annavin_text_extractor/ocr_text_corrected/sorpozhivugal/chennai151261.md
sorpozhivugal/chennai220360.md,ocr,818,6515,/Users/pugazhendhirajendran/Documents/Codex/2026-07-09/https-www-annavinpadaippugal-info/outputs/annavin_text_extractor/md_pages/sorpozhivugal/chennai220360.md,/Users/pugazhendhirajendran/Documents/Codex/2026-07-09/https-www-annavinpadaippugal-info/outputs/annavin_text_extractor/ocr_text_corrected/sorpozhivugal/chennai220360.md
sorpozhivugal/chennai300161.md,ocr,818,8303,/Users/pugazhendhirajendran/Documents/Codex/2026-07-09/https-www-annavinpadaippugal-info/outputs/annavin_text_extractor/md_pages/sorpozhivugal/chennai300161.md,/Users/pugazhendhirajendran/Documents/Codex/2026-07-09/https-www-annavinpadaippugal-info/outputs/annavin_text_extractor/ocr_text_corrected/sorpozhivugal/chennai300161.md
sorpozhivugal/chennai_maanagar.md,ocr,827,55114,/Users/pugazhendhirajendran/Documents/Codex/2026-07-09/https-www-annavinpadaippugal-info/outputs/annavin_text_extractor/md_pages/sorpozhivugal/chennai_maanagar.md,/Users/pugazhendhirajendran/Documents/Codex/2026-07-09/https-www-annavinpadaippugal-info/outputs/annavin_text_extractor/ocr_text_corrected/sorpozhivugal/chennai_maanagar.md
sorpozhivugal/chennai_mavatta.md,ocr,824,38079,/Users/pugazhendhirajendran/Documents/Codex/2026-07-09/https-www-annavinpadaippugal-info/outputs/annavin_text_extractor/md_pages/sorpozhivugal/chennai_mavatta.md,/Users/pugazhendhirajendran/Documents/Codex/2026-07-09/https-www-annavinpadaippugal-info/outputs/annavin_text_extractor/ocr_text_corrected/sorpozhivugal/chennai_mavatta.md
sorpozhivugal/chennai_rayapuram.md,ocr,830,12123,/Users/pugazhendhirajendran/Documents/Codex/2026-07-09/https-www-annavinpadaippugal-info/outputs/annavin_text_extractor/md_pages/sorpozhivugal/chennai_rayapuram.md,/Users/pugazhendhirajendran/Documents/Codex/2026-07-09/https-www-annavinpadaippugal-info/outputs/annavin_text_extractor/ocr_text_corrected/sorpozhivugal/chennai_rayapuram.md
sorpozhivugal/chitoor_thimuka.md,ocr,686,142923,/Users/pugazhendhirajendran/Documents/Codex/2026-07-09/https-www-annavinpadaippugal-info/outputs/annavin_text_extractor/md_pages/sorpozhivugal/chitoor_thimuka.md,/Users/pugazhendhirajendran/Documents/Codex/2026-07-09/https-www-annavinpadaippugal-info/outputs/annavin_text_extractor/ocr_text_corrected/sorpozhivugal/chitoor_thimuka.md
sorpozhivugal/desiya131159.md,ocr,815,102588,/Users/pugazhendhirajendran/Documents/Codex/2026-07-09/https-www-annavinpadaippugal-info/outputs/annavin_text_extractor/md_pages/sorpozhivugal/desiya131159.md,/Users/pugazhendhirajendran/Documents/Codex/2026-07-09/https-www-annavinpadaippugal-info/outputs/annavin_text_extractor/ocr_text_corrected/sorpozhivugal/desiya131159.md
sorpozhivugal/desiya_vanipa.md,ocr,818,6124,/Users/pugazhendhirajendran/Documents/Codex/2026-07-09/https-www-annavinpadaippugal-info/outputs/annavin_text_extractor/md_pages/sorpozhivugal/desiya_vanipa.md,/Users/pugazhendhirajendran/Documents/Codex/2026-07-09/https-www-annavinpadaippugal-info/outputs/annavin_text_extractor/ocr_text_corrected/sorpozhivugal/desiya_vanipa.md
sorpozhivugal/dravida_desium.md,ocr,821,54983,/Users/pugazhendhirajendran/Documents/Codex/2026-07-09/https-www-annavinpadaippugal-info/outputs/annavin_text_extractor/md_pages/sorpozhivugal/dravida_desium.md,/Users/pugazhendhirajendran/Documents/Codex/2026-07-09/https-www-annavinpadaippugal-info/outputs/annavin_text_extractor/ocr_text_corrected/sorpozhivugal/dravida_desium.md
sorpozhivugal/dravidar_kazhaga_thani_1.md,ocr,854,58715,/Users/pugazhendhirajendran/Documents/Codex/2026-07-09/https-www-annavinpadaippugal-info/outputs/annavin_text_extractor/md_pages/sorpozhivugal/dravidar_kazhaga_thani_1.md,/Users/pugazhendhirajendran/Documents/Codex/2026-07-09/https-www-annavinpadaippugal-info/outputs/annavin_text_extractor/ocr_text_corrected/sorpozhivugal/dravidar_kazhaga_thani_1.md
sorpozhivugal/dravidar_nilai.md,ocr,682,197091,/Users/pugazhendhirajendran/Documents/Codex/2026-07-09/https-www-annavinpadaippugal-info/outputs/annavin_text_extractor/md_pages/sorpozhivugal/dravidar_nilai.md,/Users/pugazhendhirajendran/Documents/Codex/2026-07-09/https-www-annavinpadaippugal-info/outputs/annavin_text_extractor/ocr_text_corrected/sorpozhivugal/dravidar_nilai.md
sorpozhivugal/ennai_kavarntha.md,ocr,824,33034,/Users/pugazhendhirajendran/Documents/Codex/2026-07-09/https-www-annavinpadaippugal-info/outputs/annavin_text_extractor/md_pages/sorpozhivugal/ennai_kavarntha.md,/Users/pugazhendhirajendran/Documents/Codex/2026-07-09/https-www-annavinpadaippugal-info/outputs/annavin_text_extractor/ocr_text_corrected/sorpozhivugal/ennai_kavarntha.md
sorpozhivugal/gandhi_silai.md,ocr,815,41033,/Users/pugazhendhirajendran/Documents/Codex/2026-07-09/https-www-annavinpadaippugal-info/outputs/annavin_text_extractor/md_pages/sorpozhivugal/gandhi_silai.md,/Users/pugazhendhirajendran/Documents/Codex/2026-07-09/https-www-annavinpadaippugal-info/outputs/annavin_text_extractor/ocr_text_corrected/sorpozhivugal/gandhi_silai.md
sorpozhivugal/hidhi_thinippai.md,ocr,824,17188,/Users/pugazhendhirajendran/Documents/Codex/2026-07-09/https-www-annavinpadaippugal-info/outputs/annavin_text_extractor/md_pages/sorpozhivugal/hidhi_thinippai.md,/Users/pugazhendhirajendran/Documents/Codex/2026-07-09/https-www-annavinpadaippugal-info/outputs/annavin_text_extractor/ocr_text_corrected/sorpozhivugal/hidhi_thinippai.md
sorpozhivugal/hindi_ethirpu.md,ocr,818,44857,/Users/pugazhendhirajendran/Documents/Codex/2026-07-09/https-www-annavinpadaippugal-info/outputs/annavin_text_extractor/md_pages/sorpozhivugal/hindi_ethirpu.md,/Users/pugazhendhirajendran/Documents/Codex/2026-07-09/https-www-annavinpadaippugal-info/outputs/annavin_text_extractor/ocr_text_corrected/sorpozhivugal/hindi_ethirpu.md
sorpozhivugal/hindi_ethirpu_aen.md,ocr,694,151679,/Users/pugazhendhirajendran/Documents/Codex/2026-07-09/https-www-annavinpadaippugal-info/outputs/annavin_text_extractor/md_pages/sorpozhivugal/hindi_ethirpu_aen.md,/Users/pugazhendhirajendran/Documents/Codex/2026-07-09/https-www-annavinpadaippugal-info/outputs/annavin_text_extractor/ocr_text_corrected/sorpozhivugal/hindi_ethirpu_aen.md
sorpozhivugal/hindi_ethirpu_mana.md,ocr,833,29939,/Users/pugazhendhirajendran/Documents/Codex/2026-07-09/https-www-annavinpadaippugal-info/outputs/annavin_text_extractor/md_pages/sorpozhivugal/hindi_ethirpu_mana.md,/Users/pugazhendhirajendran/Documents/Codex/2026-07-09/https-www-annavinpadaippugal-info/outputs/annavin_text_extractor/ocr_text_corrected/sorpozhivugal/hindi_ethirpu_mana.md
sorpozhivugal/human_rights.md,ocr,815,5608,/Users/pugazhendhirajendran/Documents/Codex/2026-07-09/https-www-annavinpadaippugal-info/outputs/annavin_text_extractor/md_pages/sorpozhivugal/human_rights.md,/Users/pugazhendhirajendran/Documents/Codex/2026-07-09/https-www-annavinpadaippugal-info/outputs/annavin_text_extractor/ocr_text_corrected/sorpozhivugal/human_rights.md
sorpozhivugal/ideal_society.md,ocr,818,16459,/Users/pugazhendhirajendran/Documents/Codex/2026-07-09/https-www-annavinpadaippugal-info/outputs/annavin_text_extractor/md_pages/sorpozhivugal/ideal_society.md,/Users/pugazhendhirajendran/Documents/Codex/2026-07-09/https-www-annavinpadaippugal-info/outputs/annavin_text_extractor/ocr_text_corrected/sorpozhivugal/ideal_society.md
sorpozhivugal/irandavathu_manila1.md,ocr,836,34503,/Users/pugazhendhirajendran/Documents/Codex/2026-07-09/https-www-annavinpadaippugal-info/outputs/annavin_text_extractor/md_pages/sorpozhivugal/irandavathu_manila1.md,/Users/pugazhendhirajendran/Documents/Codex/2026-07-09/https-www-annavinpadaippugal-info/outputs/annavin_text_extractor/ocr_text_corrected/sorpozhivugal/irandavathu_manila1.md
sorpozhivugal/irandavathu_manila2.md,ocr,702,106642,/Users/pugazhendhirajendran/Documents/Codex/2026-07-09/https-www-annavinpadaippugal-info/outputs/annavin_text_extractor/md_pages/sorpozhivugal/irandavathu_manila2.md,/Users/pugazhendhirajendran/Documents/Codex/2026-07-09/https-www-annavinpadaippugal-info/outputs/annavin_text_extractor/ocr_text_corrected/sorpozhivugal/irandavathu_manila2.md
sorpozhivugal/jainaneri.md,ocr,806,11638,/Users/pugazhendhirajendran/Documents/Codex/2026-07-09/https-www-annavinpadaippugal-info/outputs/annavin_text_extractor/md_pages/sorpozhivugal/jainaneri.md,/Users/pugazhendhirajendran/Documents/Codex/2026-07-09/https-www-annavinpadaippugal-info/outputs/annavin_text_extractor/ocr_text_corrected/sorpozhivugal/jainaneri.md
sorpozhivugal/jananayagathin.md,ocr,821,22893,/Users/pugazhendhirajendran/Documents/Codex/2026-07-09/https-www-annavinpadaippugal-info/outputs/annavin_text_extractor/md_pages/sorpozhivugal/jananayagathin.md,/Users/pugazhendhirajendran/Documents/Codex/2026-07-09/https-www-annavinpadaippugal-info/outputs/annavin_text_extractor/ocr_text_corrected/sorpozhivugal/jananayagathin.md
sorpozhivugal/kadan_sambantha.md,ocr,824,7905,/Users/pugazhendhirajendran/Documents/Codex/2026-07-09/https-www-annavinpadaippugal-info/outputs/annavin_text_extractor/md_pages/sorpozhivugal/kadan_sambantha.md,/Users/pugazhendhirajendran/Documents/Codex/2026-07-09/https-www-annavinpadaippugal-info/outputs/annavin_text_extractor/ocr_text_corrected/sorpozhivugal/kadan_sambantha.md
sorpozhivugal/kaikodukkum.md,ocr,812,24166,/Users/pugazhendhirajendran/Documents/Codex/2026-07-09/https-www-annavinpadaippugal-info/outputs/annavin_text_extractor/md_pages/sorpozhivugal/kaikodukkum.md,/Users/pugazhendhirajendran/Documents/Codex/2026-07-09/https-www-annavinpadaippugal-info/outputs/annavin_text_extractor/ocr_text_corrected/sorpozhivugal/kaikodukkum.md
sorpozhivugal/kalaivanar_maraivu.md,ocr,833,48500,/Users/pugazhendhirajendran/Documents/Codex/2026-07-09/https-www-annavinpadaippugal-info/outputs/annavin_text_extractor/md_pages/sorpozhivugal/kalaivanar_maraivu.md,/Users/pugazhendhirajendran/Documents/Codex/2026-07-09/https-www-annavinpadaippugal-info/outputs/annavin_text_extractor/ocr_text_corrected/sorpozhivugal/kalaivanar_maraivu.md
sorpozhivugal/kalayin_nilamai.md,ocr,824,44628,/Users/pugazhendhirajendran/Documents/Codex/2026-07-09/https-www-annavinpadaippugal-info/outputs/annavin_text_extractor/md_pages/sorpozhivugal/kalayin_nilamai.md,/Users/pugazhendhirajendran/Documents/Codex/2026-07-09/https-www-annavinpadaippugal-info/outputs/annavin_text_extractor/ocr_text_corrected/sorpozhivugal/kalayin_nilamai.md
sorpozhivugal/kanchi_pattu.md,ocr,815,3404,/Users/pugazhendhirajendran/Documents/Codex/2026-07-09/https-www-annavinpadaippugal-info/outputs/annavin_text_extractor/md_pages/sorpozhivugal/kanchi_pattu.md,/Users/pugazhendhirajendran/Documents/Codex/2026-07-09/https-www-annavinpadaippugal-info/outputs/annavin_text_extractor/ocr_text_corrected/sorpozhivugal/kanchi_pattu.md
sorpozhivugal/kanchi_vazha.md,ocr,815,8806,/Users/pugazhendhirajendran/Documents/Codex/2026-07-09/https-www-annavinpadaippugal-info/outputs/annavin_text_extractor/md_pages/sorpozhivugal/kanchi_vazha.md,/Users/pugazhendhirajendran/Documents/Codex/2026-07-09/https-www-annavinpadaippugal-info/outputs/annavin_text_extractor/ocr_text_corrected/sorpozhivugal/kanchi_vazha.md
sorpozhivugal/kanivum.md,ocr,800,10708,/Users/pugazhendhirajendran/Documents/Codex/2026-07-09/https-www-annavinpadaippugal-info/outputs/annavin_text_extractor/md_pages/sorpozhivugal/kanivum.md,/Users/pugazhendhirajendran/Documents/Codex/2026-07-09/https-www-annavinpadaippugal-info/outputs/annavin_text_extractor/ocr_text_corrected/sorpozhivugal/kanivum.md
sorpozhivugal/kaveri_thayin.md,ocr,818,31751,/Users/pugazhendhirajendran/Documents/Codex/2026-07-09/https-www-annavinpadaippugal-info/outputs/annavin_text_extractor/md_pages/sorpozhivugal/kaveri_thayin.md,/Users/pugazhendhirajendran/Documents/Codex/2026-07-09/https-www-annavinpadaippugal-info/outputs/annavin_text_extractor/ocr_text_corrected/sorpozhivugal/kaveri_thayin.md
sorpozhivugal/kazhagathin_pilavu.md,ocr,833,18301,/Users/pugazhendhirajendran/Documents/Codex/2026-07-09/https-www-annavinpadaippugal-info/outputs/annavin_text_extractor/md_pages/sorpozhivugal/kazhagathin_pilavu.md,/Users/pugazhendhirajendran/Documents/Codex/2026-07-09/https-www-annavinpadaippugal-info/outputs/annavin_text_extractor/ocr_text_corrected/sorpozhivugal/kazhagathin_pilavu.md
sorpozhivugal/kerala310859.md,ocr,815,3544,/Users/pugazhendhirajendran/Documents/Codex/2026-07-09/https-www-annavinpadaippugal-info/outputs/annavin_text_extractor/md_pages/sorpozhivugal/kerala310859.md,/Users/pugazhendhirajendran/Documents/Codex/2026-07-09/https-www-annavinpadaippugal-info/outputs/annavin_text_extractor/ocr_text_corrected/sorpozhivugal/kerala310859.md
sorpozhivugal/kootu_endral.md,ocr,815,37215,/Users/pugazhendhirajendran/Documents/Codex/2026-07-09/https-www-annavinpadaippugal-info/outputs/annavin_text_extractor/md_pages/sorpozhivugal/kootu_endral.md,/Users/pugazhendhirajendran/Documents/Codex/2026-07-09/https-www-annavinpadaippugal-info/outputs/annavin_text_extractor/ocr_text_corrected/sorpozhivugal/kootu_endral.md
sorpozhivugal/kovai_thaerthal.md,ocr,824,26720,/Users/pugazhendhirajendran/Documents/Codex/2026-07-09/https-www-annavinpadaippugal-info/outputs/annavin_text_extractor/md_pages/sorpozhivugal/kovai_thaerthal.md,/Users/pugazhendhirajendran/Documents/Codex/2026-07-09/https-www-annavinpadaippugal-info/outputs/annavin_text_extractor/ocr_text_corrected/sorpozhivugal/kovai_thaerthal.md
sorpozhivugal/kulayum.md,ocr,800,26923,/Users/pugazhendhirajendran/Documents/Codex/2026-07-09/https-www-annavinpadaippugal-info/outputs/annavin_text_extractor/md_pages/sorpozhivugal/kulayum.md,/Users/pugazhendhirajendran/Documents/Codex/2026-07-09/https-www-annavinpadaippugal-info/outputs/annavin_text_extractor/ocr_text_corrected/sorpozhivugal/kulayum.md
sorpozhivugal/latchiyam_valar.md,ocr,824,42613,/Users/pugazhendhirajendran/Documents/Codex/2026-07-09/https-www-annavinpadaippugal-info/outputs/annavin_text_extractor/md_pages/sorpozhivugal/latchiyam_valar.md,/Users/pugazhendhirajendran/Documents/Codex/2026-07-09/https-www-annavinpadaippugal-info/outputs/annavin_text_extractor/ocr_text_corrected/sorpozhivugal/latchiyam_valar.md
sorpozhivugal/maanila300958.md,ocr,818,52291,/Users/pugazhendhirajendran/Documents/Codex/2026-07-09/https-www-annavinpadaippugal-info/outputs/annavin_text_extractor/md_pages/sorpozhivugal/maanila300958.md,/Users/pugazhendhirajendran/Documents/Codex/2026-07-09/https-www-annavinpadaippugal-info/outputs/annavin_text_extractor/ocr_text_corrected/sorpozhivugal/maanila300958.md
sorpozhivugal/maanila_suya.md,ocr,815,18699,/Users/pugazhendhirajendran/Documents/Codex/2026-07-09/https-www-annavinpadaippugal-info/outputs/annavin_text_extractor/md_pages/sorpozhivugal/maanila_suya.md,/Users/pugazhendhirajendran/Documents/Codex/2026-07-09/https-www-annavinpadaippugal-info/outputs/annavin_text_extractor/ocr_text_corrected/sorpozhivugal/maanila_suya.md
sorpozhivugal/maedai_paechu.md,ocr,818,34453,/Users/pugazhendhirajendran/Documents/Codex/2026-07-09/https-www-annavinpadaippugal-info/outputs/annavin_text_extractor/md_pages/sorpozhivugal/maedai_paechu.md,/Users/pugazhendhirajendran/Documents/Codex/2026-07-09/https-www-annavinpadaippugal-info/outputs/annavin_text_extractor/ocr_text_corrected/sorpozhivugal/maedai_paechu.md
sorpozhivugal/magalir_nithi.md,ocr,818,18095,/Users/pugazhendhirajendran/Documents/Codex/2026-07-09/https-www-annavinpadaippugal-info/outputs/annavin_text_extractor/md_pages/sorpozhivugal/magalir_nithi.md,/Users/pugazhendhirajendran/Documents/Codex/2026-07-09/https-www-annavinpadaippugal-info/outputs/annavin_text_extractor/ocr_text_corrected/sorpozhivugal/magalir_nithi.md
sorpozhivugal/mahathma_gandhi.md,ocr,824,36054,/Users/pugazhendhirajendran/Documents/Codex/2026-07-09/https-www-annavinpadaippugal-info/outputs/annavin_text_extractor/md_pages/sorpozhivugal/mahathma_gandhi.md,/Users/pugazhendhirajendran/Documents/Codex/2026-07-09/https-www-annavinpadaippugal-info/outputs/annavin_text_extractor/ocr_text_corrected/sorpozhivugal/mahathma_gandhi.md
sorpozhivugal/mahatma_gandhi_marai.md,ocr,839,32456,/Users/pugazhendhirajendran/Documents/Codex/2026-07-09/https-www-annavinpadaippugal-info/outputs/annavin_text_extractor/md_pages/sorpozhivugal/mahatma_gandhi_marai.md,/Users/pugazhendhirajendran/Documents/Codex/2026-07-09/https-www-annavinpadaippugal-info/outputs/annavin_text_extractor/ocr_text_corrected/sorpozhivugal/mahatma_gandhi_marai.md
sorpozhivugal/makkal_sakthi.md,ocr,818,47503,/Users/pugazhendhirajendran/Documents/Codex/2026-07-09/https-www-annavinpadaippugal-info/outputs/annavin_text_extractor/md_pages/sorpozhivugal/makkal_sakthi.md,/Users/pugazhendhirajendran/Documents/Codex/2026-07-09/https-www-annavinpadaippugal-info/outputs/annavin_text_extractor/ocr_text_corrected/sorpozhivugal/makkal_sakthi.md
sorpozhivugal/makkalukku_vidutha.md,ocr,833,10168,/Users/pugazhendhirajendran/Documents/Codex/2026-07-09/https-www-annavinpadaippugal-info/outputs/annavin_text_extractor/md_pages/sorpozhivugal/makkalukku_vidutha.md,/Users/pugazhendhirajendran/Documents/Codex/2026-07-09/https-www-annavinpadaippugal-info/outputs/annavin_text_extractor/ocr_text_corrected/sorpozhivugal/makkalukku_vidutha.md
sorpozhivugal/malarum_maanavar.md,ocr,827,24239,/Users/pugazhendhirajendran/Documents/Codex/2026-07-09/https-www-annavinpadaippugal-info/outputs/annavin_text_extractor/md_pages/sorpozhivugal/malarum_maanavar.md,/Users/pugazhendhirajendran/Documents/Codex/2026-07-09/https-www-annavinpadaippugal-info/outputs/annavin_text_extractor/ocr_text_corrected/sorpozhivugal/malarum_maanavar.md
sorpozhivugal/manamakkalukku.md,ocr,682,147056,/Users/pugazhendhirajendran/Documents/Codex/2026-07-09/https-www-annavinpadaippugal-info/outputs/annavin_text_extractor/md_pages/sorpozhivugal/manamakkalukku.md,/Users/pugazhendhirajendran/Documents/Codex/2026-07-09/https-www-annavinpadaippugal-info/outputs/annavin_text_extractor/ocr_text_corrected/sorpozhivugal/manamakkalukku.md
sorpozhivugal/manavamanigalin.md,ocr,824,27410,/Users/pugazhendhirajendran/Documents/Codex/2026-07-09/https-www-annavinpadaippugal-info/outputs/annavin_text_extractor/md_pages/sorpozhivugal/manavamanigalin.md,/Users/pugazhendhirajendran/Documents/Codex/2026-07-09/https-www-annavinpadaippugal-info/outputs/annavin_text_extractor/ocr_text_corrected/sorpozhivugal/manavamanigalin.md
sorpozhivugal/manavargalukku_vaelai.md,ocr,842,11989,/Users/pugazhendhirajendran/Documents/Codex/2026-07-09/https-www-annavinpadaippugal-info/outputs/annavin_text_extractor/md_pages/sorpozhivugal/manavargalukku_vaelai.md,/Users/pugazhendhirajendran/Documents/Codex/2026-07-09/https-www-annavinpadaippugal-info/outputs/annavin_text_extractor/ocr_text_corrected/sorpozhivugal/manavargalukku_vaelai.md
sorpozhivugal/manavargalum_samu.md,ocr,830,5161,/Users/pugazhendhirajendran/Documents/Codex/2026-07-09/https-www-annavinpadaippugal-info/outputs/annavin_text_extractor/md_pages/sorpozhivugal/manavargalum_samu.md,/Users/pugazhendhirajendran/Documents/Codex/2026-07-09/https-www-annavinpadaippugal-info/outputs/annavin_text_extractor/ocr_text_corrected/sorpozhivugal/manavargalum_samu.md
sorpozhivugal/manila_avai.md,ocr,812,96016,/Users/pugazhendhirajendran/Documents/Codex/2026-07-09/https-www-annavinpadaippugal-info/outputs/annavin_text_extractor/md_pages/sorpozhivugal/manila_avai.md,/Users/pugazhendhirajendran/Documents/Codex/2026-07-09/https-www-annavinpadaippugal-info/outputs/annavin_text_extractor/ocr_text_corrected/sorpozhivugal/manila_avai.md
sorpozhivugal/manilakalluri.md,ocr,818,13374,/Users/pugazhendhirajendran/Documents/Codex/2026-07-09/https-www-annavinpadaippugal-info/outputs/annavin_text_extractor/md_pages/sorpozhivugal/manilakalluri.md,/Users/pugazhendhirajendran/Documents/Codex/2026-07-09/https-www-annavinpadaippugal-info/outputs/annavin_text_extractor/ocr_text_corrected/sorpozhivugal/manilakalluri.md
sorpozhivugal/may_thinam.md,ocr,809,70640,/Users/pugazhendhirajendran/Documents/Codex/2026-07-09/https-www-annavinpadaippugal-info/outputs/annavin_text_extractor/md_pages/sorpozhivugal/may_thinam.md,/Users/pugazhendhirajendran/Documents/Codex/2026-07-09/https-www-annavinpadaippugal-info/outputs/annavin_text_extractor/ocr_text_corrected/sorpozhivugal/may_thinam.md
sorpozhivugal/moondravath111161.md,ocr,830,78916,/Users/pugazhendhirajendran/Documents/Codex/2026-07-09/https-www-annavinpadaippugal-info/outputs/annavin_text_extractor/md_pages/sorpozhivugal/moondravath111161.md,/Users/pugazhendhirajendran/Documents/Codex/2026-07-09/https-www-annavinpadaippugal-info/outputs/annavin_text_extractor/ocr_text_corrected/sorpozhivugal/moondravath111161.md
sorpozhivugal/mozhiprachinai.md,ocr,821,9911,/Users/pugazhendhirajendran/Documents/Codex/2026-07-09/https-www-annavinpadaippugal-info/outputs/annavin_text_extractor/md_pages/sorpozhivugal/mozhiprachinai.md,/Users/pugazhendhirajendran/Documents/Codex/2026-07-09/https-www-annavinpadaippugal-info/outputs/annavin_text_extractor/ocr_text_corrected/sorpozhivugal/mozhiprachinai.md
sorpozhivugal/mozhiyai.md,ocr,803,40414,/Users/pugazhendhirajendran/Documents/Codex/2026-07-09/https-www-annavinpadaippugal-info/outputs/annavin_text_extractor/md_pages/sorpozhivugal/mozhiyai.md,/Users/pugazhendhirajendran/Documents/Codex/2026-07-09/https-www-annavinpadaippugal-info/outputs/annavin_text_extractor/ocr_text_corrected/sorpozhivugal/mozhiyai.md
sorpozhivugal/muthal_manila.md,ocr,818,44622,/Users/pugazhendhirajendran/Documents/Codex/2026-07-09/https-www-annavinpadaippugal-info/outputs/annavin_text_extractor/md_pages/sorpozhivugal/muthal_manila.md,/Users/pugazhendhirajendran/Documents/Codex/2026-07-09/https-www-annavinpadaippugal-info/outputs/annavin_text_extractor/ocr_text_corrected/sorpozhivugal/muthal_manila.md
sorpozhivugal/muthamizh_manad.md,ocr,686,99518,/Users/pugazhendhirajendran/Documents/Codex/2026-07-09/https-www-annavinpadaippugal-info/outputs/annavin_text_extractor/md_pages/sorpozhivugal/muthamizh_manad.md,/Users/pugazhendhirajendran/Documents/Codex/2026-07-09/https-www-annavinpadaippugal-info/outputs/annavin_text_extractor/ocr_text_corrected/sorpozhivugal/muthamizh_manad.md
sorpozhivugal/naadu_nagram.md,ocr,815,39230,/Users/pugazhendhirajendran/Documents/Codex/2026-07-09/https-www-annavinpadaippugal-info/outputs/annavin_text_extractor/md_pages/sorpozhivugal/naadu_nagram.md,/Users/pugazhendhirajendran/Documents/Codex/2026-07-09/https-www-annavinpadaippugal-info/outputs/annavin_text_extractor/ocr_text_corrected/sorpozhivugal/naadu_nagram.md
sorpozhivugal/nadaga_valarchi.md,ocr,824,100655,/Users/pugazhendhirajendran/Documents/Codex/2026-07-09/https-www-annavinpadaippugal-info/outputs/annavin_text_extractor/md_pages/sorpozhivugal/nadaga_valarchi.md,/Users/pugazhendhirajendran/Documents/Codex/2026-07-09/https-www-annavinpadaippugal-info/outputs/annavin_text_extractor/ocr_text_corrected/sorpozhivugal/nadaga_valarchi.md
sorpozhivugal/nadagathil_oru.md,ocr,821,22265,/Users/pugazhendhirajendran/Documents/Codex/2026-07-09/https-www-annavinpadaippugal-info/outputs/annavin_text_extractor/md_pages/sorpozhivugal/nadagathil_oru.md,/Users/pugazhendhirajendran/Documents/Codex/2026-07-09/https-www-annavinpadaippugal-info/outputs/annavin_text_extractor/ocr_text_corrected/sorpozhivugal/nadagathil_oru.md
sorpozhivugal/nadagathilae.md,ocr,815,40976,/Users/pugazhendhirajendran/Documents/Codex/2026-07-09/https-www-annavinpadaippugal-info/outputs/annavin_text_extractor/md_pages/sorpozhivugal/nadagathilae.md,/Users/pugazhendhirajendran/Documents/Codex/2026-07-09/https-www-annavinpadaippugal-info/outputs/annavin_text_extractor/ocr_text_corrected/sorpozhivugal/nadagathilae.md
sorpozhivugal/nagaichuvai_mannar.md,ocr,833,10885,/Users/pugazhendhirajendran/Documents/Codex/2026-07-09/https-www-annavinpadaippugal-info/outputs/annavin_text_extractor/md_pages/sorpozhivugal/nagaichuvai_mannar.md,/Users/pugazhendhirajendran/Documents/Codex/2026-07-09/https-www-annavinpadaippugal-info/outputs/annavin_text_extractor/ocr_text_corrected/sorpozhivugal/nagaichuvai_mannar.md
sorpozhivugal/namakkal.md,ocr,803,40232,/Users/pugazhendhirajendran/Documents/Codex/2026-07-09/https-www-annavinpadaippugal-info/outputs/annavin_text_extractor/md_pages/sorpozhivugal/namakkal.md,/Users/pugazhendhirajendran/Documents/Codex/2026-07-09/https-www-annavinpadaippugal-info/outputs/annavin_text_extractor/ocr_text_corrected/sorpozhivugal/namakkal.md
sorpozhivugal/nambikkai301057.md,ocr,686,122024,/Users/pugazhendhirajendran/Documents/Codex/2026-07-09/https-www-annavinpadaippugal-info/outputs/annavin_text_extractor/md_pages/sorpozhivugal/nambikkai301057.md,/Users/pugazhendhirajendran/Documents/Codex/2026-07-09/https-www-annavinpadaippugal-info/outputs/annavin_text_extractor/ocr_text_corrected/sorpozhivugal/nambikkai301057.md
sorpozhivugal/nambikkai311057.md,ocr,824,6341,/Users/pugazhendhirajendran/Documents/Codex/2026-07-09/https-www-annavinpadaippugal-info/outputs/annavin_text_extractor/md_pages/sorpozhivugal/nambikkai311057.md,/Users/pugazhendhirajendran/Documents/Codex/2026-07-09/https-www-annavinpadaippugal-info/outputs/annavin_text_extractor/ocr_text_corrected/sorpozhivugal/nambikkai311057.md
sorpozhivugal/nan_kanda_nehru.md,ocr,824,60231,/Users/pugazhendhirajendran/Documents/Codex/2026-07-09/https-www-annavinpadaippugal-info/outputs/annavin_text_extractor/md_pages/sorpozhivugal/nan_kanda_nehru.md,/Users/pugazhendhirajendran/Documents/Codex/2026-07-09/https-www-annavinpadaippugal-info/outputs/annavin_text_extractor/ocr_text_corrected/sorpozhivugal/nan_kanda_nehru.md
sorpozhivugal/nattu_mathip111157.md,ocr,702,109280,/Users/pugazhendhirajendran/Documents/Codex/2026-07-09/https-www-annavinpadaippugal-info/outputs/annavin_text_extractor/md_pages/sorpozhivugal/nattu_mathip111157.md,/Users/pugazhendhirajendran/Documents/Codex/2026-07-09/https-www-annavinpadaippugal-info/outputs/annavin_text_extractor/ocr_text_corrected/sorpozhivugal/nattu_mathip111157.md
sorpozhivugal/nellai_mavatta.md,ocr,821,15619,/Users/pugazhendhirajendran/Documents/Codex/2026-07-09/https-www-annavinpadaippugal-info/outputs/annavin_text_extractor/md_pages/sorpozhivugal/nellai_mavatta.md,/Users/pugazhendhirajendran/Documents/Codex/2026-07-09/https-www-annavinpadaippugal-info/outputs/annavin_text_extractor/ocr_text_corrected/sorpozhivugal/nellai_mavatta.md
sorpozhivugal/neruvum_annavum.md,ocr,824,11938,/Users/pugazhendhirajendran/Documents/Codex/2026-07-09/https-www-annavinpadaippugal-info/outputs/annavin_text_extractor/md_pages/sorpozhivugal/neruvum_annavum.md,/Users/pugazhendhirajendran/Documents/Codex/2026-07-09/https-www-annavinpadaippugal-info/outputs/annavin_text_extractor/ocr_text_corrected/sorpozhivugal/neruvum_annavum.md
sorpozhivugal/nila_ucha290861.md,ocr,824,69273,/Users/pugazhendhirajendran/Documents/Codex/2026-07-09/https-www-annavinpadaippugal-info/outputs/annavin_text_extractor/md_pages/sorpozhivugal/nila_ucha290861.md,/Users/pugazhendhirajendran/Documents/Codex/2026-07-09/https-www-annavinpadaippugal-info/outputs/annavin_text_extractor/ocr_text_corrected/sorpozhivugal/nila_ucha290861.md
sorpozhivugal/nilaseer200460.md,ocr,821,113292,/Users/pugazhendhirajendran/Documents/Codex/2026-07-09/https-www-annavinpadaippugal-info/outputs/annavin_text_extractor/md_pages/sorpozhivugal/nilaseer200460.md,/Users/pugazhendhirajendran/Documents/Codex/2026-07-09/https-www-annavinpadaippugal-info/outputs/annavin_text_extractor/ocr_text_corrected/sorpozhivugal/nilaseer200460.md
sorpozhivugal/nilaucha301058.md,ocr,821,58275,/Users/pugazhendhirajendran/Documents/Codex/2026-07-09/https-www-annavinpadaippugal-info/outputs/annavin_text_extractor/md_pages/sorpozhivugal/nilaucha301058.md,/Users/pugazhendhirajendran/Documents/Codex/2026-07-09/https-www-annavinpadaippugal-info/outputs/annavin_text_extractor/ocr_text_corrected/sorpozhivugal/nilaucha301058.md
sorpozhivugal/nilayum_ninaippum.md,ocr,694,152179,/Users/pugazhendhirajendran/Documents/Codex/2026-07-09/https-www-annavinpadaippugal-info/outputs/annavin_text_extractor/md_pages/sorpozhivugal/nilayum_ninaippum.md,/Users/pugazhendhirajendran/Documents/Codex/2026-07-09/https-www-annavinpadaippugal-info/outputs/annavin_text_extractor/ocr_text_corrected/sorpozhivugal/nilayum_ninaippum.md
sorpozhivugal/nithi070458.md,ocr,812,46364,/Users/pugazhendhirajendran/Documents/Codex/2026-07-09/https-www-annavinpadaippugal-info/outputs/annavin_text_extractor/md_pages/sorpozhivugal/nithi070458.md,/Users/pugazhendhirajendran/Documents/Codex/2026-07-09/https-www-annavinpadaippugal-info/outputs/annavin_text_extractor/ocr_text_corrected/sorpozhivugal/nithi070458.md
sorpozhivugal/nithi080361.md,ocr,674,144994,/Users/pugazhendhirajendran/Documents/Codex/2026-07-09/https-www-annavinpadaippugal-info/outputs/annavin_text_extractor/md_pages/sorpozhivugal/nithi080361.md,/Users/pugazhendhirajendran/Documents/Codex/2026-07-09/https-www-annavinpadaippugal-info/outputs/annavin_text_extractor/ocr_text_corrected/sorpozhivugal/nithi080361.md
sorpozhivugal/nithi100359.md,ocr,674,137953,/Users/pugazhendhirajendran/Documents/Codex/2026-07-09/https-www-annavinpadaippugal-info/outputs/annavin_text_extractor/md_pages/sorpozhivugal/nithi100359.md,/Users/pugazhendhirajendran/Documents/Codex/2026-07-09/https-www-annavinpadaippugal-info/outputs/annavin_text_extractor/ocr_text_corrected/sorpozhivugal/nithi100359.md
sorpozhivugal/nithi140361.md,ocr,812,52324,/Users/pugazhendhirajendran/Documents/Codex/2026-07-09/https-www-annavinpadaippugal-info/outputs/annavin_text_extractor/md_pages/sorpozhivugal/nithi140361.md,/Users/pugazhendhirajendran/Documents/Codex/2026-07-09/https-www-annavinpadaippugal-info/outputs/annavin_text_extractor/ocr_text_corrected/sorpozhivugal/nithi140361.md
sorpozhivugal/nithi180358.md,ocr,812,52469,/Users/pugazhendhirajendran/Documents/Codex/2026-07-09/https-www-annavinpadaippugal-info/outputs/annavin_text_extractor/md_pages/sorpozhivugal/nithi180358.md,/Users/pugazhendhirajendran/Documents/Codex/2026-07-09/https-www-annavinpadaippugal-info/outputs/annavin_text_extractor/ocr_text_corrected/sorpozhivugal/nithi180358.md
sorpozhivugal/nithi230359.md,ocr,812,43169,/Users/pugazhendhirajendran/Documents/Codex/2026-07-09/https-www-annavinpadaippugal-info/outputs/annavin_text_extractor/md_pages/sorpozhivugal/nithi230359.md,/Users/pugazhendhirajendran/Documents/Codex/2026-07-09/https-www-annavinpadaippugal-info/outputs/annavin_text_extractor/ocr_text_corrected/sorpozhivugal/nithi230359.md
sorpozhivugal/nithi300460.md,ocr,812,36543,/Users/pugazhendhirajendran/Documents/Codex/2026-07-09/https-www-annavinpadaippugal-info/outputs/annavin_text_extractor/md_pages/sorpozhivugal/nithi300460.md,/Users/pugazhendhirajendran/Documents/Codex/2026-07-09/https-www-annavinpadaippugal-info/outputs/annavin_text_extractor/ocr_text_corrected/sorpozhivugal/nithi300460.md
sorpozhivugal/nithi_othukka260757.md,ocr,836,28744,/Users/pugazhendhirajendran/Documents/Codex/2026-07-09/https-www-annavinpadaippugal-info/outputs/annavin_text_extractor/md_pages/sorpozhivugal/nithi_othukka260757.md,/Users/pugazhendhirajendran/Documents/Codex/2026-07-09/https-www-annavinpadaippugal-info/outputs/annavin_text_extractor/ocr_text_corrected/sorpozhivugal/nithi_othukka260757.md
sorpozhivugal/noolnilayangal.md,ocr,821,58288,/Users/pugazhendhirajendran/Documents/Codex/2026-07-09/https-www-annavinpadaippugal-info/outputs/annavin_text_extractor/md_pages/sorpozhivugal/noolnilayangal.md,/Users/pugazhendhirajendran/Documents/Codex/2026-07-09/https-www-annavinpadaippugal-info/outputs/annavin_text_extractor/ocr_text_corrected/sorpozhivugal/noolnilayangal.md
sorpozhivugal/oayvunaeram.md,ocr,812,44363,/Users/pugazhendhirajendran/Documents/Codex/2026-07-09/https-www-annavinpadaippugal-info/outputs/annavin_text_extractor/md_pages/sorpozhivugal/oayvunaeram.md,/Users/pugazhendhirajendran/Documents/Codex/2026-07-09/https-www-annavinpadaippugal-info/outputs/annavin_text_extractor/ocr_text_corrected/sorpozhivugal/oayvunaeram.md
sorpozhivugal/ooratchi240958.md,ocr,821,93732,/Users/pugazhendhirajendran/Documents/Codex/2026-07-09/https-www-annavinpadaippugal-info/outputs/annavin_text_extractor/md_pages/sorpozhivugal/ooratchi240958.md,/Users/pugazhendhirajendran/Documents/Codex/2026-07-09/https-www-annavinpadaippugal-info/outputs/annavin_text_extractor/ocr_text_corrected/sorpozhivugal/ooratchi240958.md
sorpozhivugal/oviyar_madhavan.md,ocr,824,11007,/Users/pugazhendhirajendran/Documents/Codex/2026-07-09/https-www-annavinpadaippugal-info/outputs/annavin_text_extractor/md_pages/sorpozhivugal/oviyar_madhavan.md,/Users/pugazhendhirajendran/Documents/Codex/2026-07-09/https-www-annavinpadaippugal-info/outputs/annavin_text_extractor/ocr_text_corrected/sorpozhivugal/oviyar_madhavan.md
sorpozhivugal/paerunthu030959.md,ocr,824,87779,/Users/pugazhendhirajendran/Documents/Codex/2026-07-09/https-www-annavinpadaippugal-info/outputs/annavin_text_extractor/md_pages/sorpozhivugal/paerunthu030959.md,/Users/pugazhendhirajendran/Documents/Codex/2026-07-09/https-www-annavinpadaippugal-info/outputs/annavin_text_extractor/ocr_text_corrected/sorpozhivugal/paerunthu030959.md
sorpozhivugal/pathirikai_thozhil.md,ocr,833,41437,/Users/pugazhendhirajendran/Documents/Codex/2026-07-09/https-www-annavinpadaippugal-info/outputs/annavin_text_extractor/md_pages/sorpozhivugal/pathirikai_thozhil.md,/Users/pugazhendhirajendran/Documents/Codex/2026-07-09/https-www-annavinpadaippugal-info/outputs/annavin_text_extractor/ocr_text_corrected/sorpozhivugal/pathirikai_thozhil.md
sorpozhivugal/pazhayana.md,ocr,806,6246,/Users/pugazhendhirajendran/Documents/Codex/2026-07-09/https-www-annavinpadaippugal-info/outputs/annavin_text_extractor/md_pages/sorpozhivugal/pazhayana.md,/Users/pugazhendhirajendran/Documents/Codex/2026-07-09/https-www-annavinpadaippugal-info/outputs/annavin_text_extractor/ocr_text_corrected/sorpozhivugal/pazhayana.md
sorpozhivugal/pengal_unavu.md,ocr,815,3930,/Users/pugazhendhirajendran/Documents/Codex/2026-07-09/https-www-annavinpadaippugal-info/outputs/annavin_text_extractor/md_pages/sorpozhivugal/pengal_unavu.md,/Users/pugazhendhirajendran/Documents/Codex/2026-07-09/https-www-annavinpadaippugal-info/outputs/annavin_text_extractor/ocr_text_corrected/sorpozhivugal/pengal_unavu.md
sorpozhivugal/pirivinai_thadai.md,ocr,690,122136,/Users/pugazhendhirajendran/Documents/Codex/2026-07-09/https-www-annavinpadaippugal-info/outputs/annavin_text_extractor/md_pages/sorpozhivugal/pirivinai_thadai.md,/Users/pugazhendhirajendran/Documents/Codex/2026-07-09/https-www-annavinpadaippugal-info/outputs/annavin_text_extractor/ocr_text_corrected/sorpozhivugal/pirivinai_thadai.md
sorpozhivugal/poar_murasu_1.md,ocr,818,84291,/Users/pugazhendhirajendran/Documents/Codex/2026-07-09/https-www-annavinpadaippugal-info/outputs/annavin_text_extractor/md_pages/sorpozhivugal/poar_murasu_1.md,/Users/pugazhendhirajendran/Documents/Codex/2026-07-09/https-www-annavinpadaippugal-info/outputs/annavin_text_extractor/ocr_text_corrected/sorpozhivugal/poar_murasu_1.md
sorpozhivugal/poar_murasu_kotti.md,ocr,830,29223,/Users/pugazhendhirajendran/Documents/Codex/2026-07-09/https-www-annavinpadaippugal-info/outputs/annavin_text_extractor/md_pages/sorpozhivugal/poar_murasu_kotti.md,/Users/pugazhendhirajendran/Documents/Codex/2026-07-09/https-www-annavinpadaippugal-info/outputs/annavin_text_extractor/ocr_text_corrected/sorpozhivugal/poar_murasu_kotti.md
sorpozhivugal/poarkodi.md,ocr,803,34539,/Users/pugazhendhirajendran/Documents/Codex/2026-07-09/https-www-annavinpadaippugal-info/outputs/annavin_text_extractor/md_pages/sorpozhivugal/poarkodi.md,/Users/pugazhendhirajendran/Documents/Codex/2026-07-09/https-www-annavinpadaippugal-info/outputs/annavin_text_extractor/ocr_text_corrected/sorpozhivugal/poarkodi.md
sorpozhivugal/poarvaal.md,ocr,803,56797,/Users/pugazhendhirajendran/Documents/Codex/2026-07-09/https-www-annavinpadaippugal-info/outputs/annavin_text_extractor/md_pages/sorpozhivugal/poarvaal.md,/Users/pugazhendhirajendran/Documents/Codex/2026-07-09/https-www-annavinpadaippugal-info/outputs/annavin_text_extractor/ocr_text_corrected/sorpozhivugal/poarvaal.md
sorpozhivugal/pooja_mano.md,ocr,809,41721,/Users/pugazhendhirajendran/Documents/Codex/2026-07-09/https-www-annavinpadaippugal-info/outputs/annavin_text_extractor/md_pages/sorpozhivugal/pooja_mano.md,/Users/pugazhendhirajendran/Documents/Codex/2026-07-09/https-www-annavinpadaippugal-info/outputs/annavin_text_extractor/ocr_text_corrected/sorpozhivugal/pooja_mano.md
sorpozhivugal/porul.md,ocr,794,80847,/Users/pugazhendhirajendran/Documents/Codex/2026-07-09/https-www-annavinpadaippugal-info/outputs/annavin_text_extractor/md_pages/sorpozhivugal/porul.md,/Users/pugazhendhirajendran/Documents/Codex/2026-07-09/https-www-annavinpadaippugal-info/outputs/annavin_text_extractor/ocr_text_corrected/sorpozhivugal/porul.md
sorpozhivugal/pothu_maanadu.md,ocr,818,36147,/Users/pugazhendhirajendran/Documents/Codex/2026-07-09/https-www-annavinpadaippugal-info/outputs/annavin_text_extractor/md_pages/sorpozhivugal/pothu_maanadu.md,/Users/pugazhendhirajendran/Documents/Codex/2026-07-09/https-www-annavinpadaippugal-info/outputs/annavin_text_extractor/ocr_text_corrected/sorpozhivugal/pothu_maanadu.md
sorpozhivugal/pothuvaelai_niru.md,ocr,827,96397,/Users/pugazhendhirajendran/Documents/Codex/2026-07-09/https-www-annavinpadaippugal-info/outputs/annavin_text_extractor/md_pages/sorpozhivugal/pothuvaelai_niru.md,/Users/pugazhendhirajendran/Documents/Codex/2026-07-09/https-www-annavinpadaippugal-info/outputs/annavin_text_extractor/ocr_text_corrected/sorpozhivugal/pothuvaelai_niru.md
sorpozhivugal/puthiya_unarchi.md,ocr,824,8278,/Users/pugazhendhirajendran/Documents/Codex/2026-07-09/https-www-annavinpadaippugal-info/outputs/annavin_text_extractor/md_pages/sorpozhivugal/puthiya_unarchi.md,/Users/pugazhendhirajendran/Documents/Codex/2026-07-09/https-www-annavinpadaippugal-info/outputs/annavin_text_extractor/ocr_text_corrected/sorpozhivugal/puthiya_unarchi.md
sorpozhivugal/reapraisal.md,ocr,809,19067,/Users/pugazhendhirajendran/Documents/Codex/2026-07-09/https-www-annavinpadaippugal-info/outputs/annavin_text_extractor/md_pages/sorpozhivugal/reapraisal.md,/Users/pugazhendhirajendran/Documents/Codex/2026-07-09/https-www-annavinpadaippugal-info/outputs/annavin_text_extractor/ocr_text_corrected/sorpozhivugal/reapraisal.md
sorpozhivugal/samadarmam.md,ocr,809,31351,/Users/pugazhendhirajendran/Documents/Codex/2026-07-09/https-www-annavinpadaippugal-info/outputs/annavin_text_extractor/md_pages/sorpozhivugal/samadarmam.md,/Users/pugazhendhirajendran/Documents/Codex/2026-07-09/https-www-annavinpadaippugal-info/outputs/annavin_text_extractor/ocr_text_corrected/sorpozhivugal/samadarmam.md
sorpozhivugal/samooga_pani.md,ocr,815,8402,/Users/pugazhendhirajendran/Documents/Codex/2026-07-09/https-www-annavinpadaippugal-info/outputs/annavin_text_extractor/md_pages/sorpozhivugal/samooga_pani.md,/Users/pugazhendhirajendran/Documents/Codex/2026-07-09/https-www-annavinpadaippugal-info/outputs/annavin_text_extractor/ocr_text_corrected/sorpozhivugal/samooga_pani.md
sorpozhivugal/samuthaya170358.md,ocr,824,46845,/Users/pugazhendhirajendran/Documents/Codex/2026-07-09/https-www-annavinpadaippugal-info/outputs/annavin_text_extractor/md_pages/sorpozhivugal/samuthaya170358.md,/Users/pugazhendhirajendran/Documents/Codex/2026-07-09/https-www-annavinpadaippugal-info/outputs/annavin_text_extractor/ocr_text_corrected/sorpozhivugal/samuthaya170358.md
sorpozhivugal/sangaralinga.md,ocr,815,7898,/Users/pugazhendhirajendran/Documents/Codex/2026-07-09/https-www-annavinpadaippugal-info/outputs/annavin_text_extractor/md_pages/sorpozhivugal/sangaralinga.md,/Users/pugazhendhirajendran/Documents/Codex/2026-07-09/https-www-annavinpadaippugal-info/outputs/annavin_text_extractor/ocr_text_corrected/sorpozhivugal/sangaralinga.md
sorpozhivugal/sangeetha_sangam.md,ocr,827,7359,/Users/pugazhendhirajendran/Documents/Codex/2026-07-09/https-www-annavinpadaippugal-info/outputs/annavin_text_extractor/md_pages/sorpozhivugal/sangeetha_sangam.md,/Users/pugazhendhirajendran/Documents/Codex/2026-07-09/https-www-annavinpadaippugal-info/outputs/annavin_text_extractor/ocr_text_corrected/sorpozhivugal/sangeetha_sangam.md
sorpozhivugal/satta_04_07_1957.md,ocr,690,109986,/Users/pugazhendhirajendran/Documents/Codex/2026-07-09/https-www-annavinpadaippugal-info/outputs/annavin_text_extractor/md_pages/sorpozhivugal/satta_04_07_1957.md,/Users/pugazhendhirajendran/Documents/Codex/2026-07-09/https-www-annavinpadaippugal-info/outputs/annavin_text_extractor/ocr_text_corrected/sorpozhivugal/satta_04_07_1957.md
sorpozhivugal/satta_10_12_1959.md,ocr,690,169992,/Users/pugazhendhirajendran/Documents/Codex/2026-07-09/https-www-annavinpadaippugal-info/outputs/annavin_text_extractor/md_pages/sorpozhivugal/satta_10_12_1959.md,/Users/pugazhendhirajendran/Documents/Codex/2026-07-09/https-www-annavinpadaippugal-info/outputs/annavin_text_extractor/ocr_text_corrected/sorpozhivugal/satta_10_12_1959.md
sorpozhivugal/satta_11_03_1958.md,ocr,827,29555,/Users/pugazhendhirajendran/Documents/Codex/2026-07-09/https-www-annavinpadaippugal-info/outputs/annavin_text_extractor/md_pages/sorpozhivugal/satta_11_03_1958.md,/Users/pugazhendhirajendran/Documents/Codex/2026-07-09/https-www-annavinpadaippugal-info/outputs/annavin_text_extractor/ocr_text_corrected/sorpozhivugal/satta_11_03_1958.md
sorpozhivugal/satta_16_03_1960.md,ocr,690,164008,/Users/pugazhendhirajendran/Documents/Codex/2026-07-09/https-www-annavinpadaippugal-info/outputs/annavin_text_extractor/md_pages/sorpozhivugal/satta_16_03_1960.md,/Users/pugazhendhirajendran/Documents/Codex/2026-07-09/https-www-annavinpadaippugal-info/outputs/annavin_text_extractor/ocr_text_corrected/sorpozhivugal/satta_16_03_1960.md
sorpozhivugal/satta_17_02_1959.md,ocr,827,84367,/Users/pugazhendhirajendran/Documents/Codex/2026-07-09/https-www-annavinpadaippugal-info/outputs/annavin_text_extractor/md_pages/sorpozhivugal/satta_17_02_1959.md,/Users/pugazhendhirajendran/Documents/Codex/2026-07-09/https-www-annavinpadaippugal-info/outputs/annavin_text_extractor/ocr_text_corrected/sorpozhivugal/satta_17_02_1959.md
sorpozhivugal/satta_17_07_1957.md,ocr,690,107831,/Users/pugazhendhirajendran/Documents/Codex/2026-07-09/https-www-annavinpadaippugal-info/outputs/annavin_text_extractor/md_pages/sorpozhivugal/satta_17_07_1957.md,/Users/pugazhendhirajendran/Documents/Codex/2026-07-09/https-www-annavinpadaippugal-info/outputs/annavin_text_extractor/ocr_text_corrected/sorpozhivugal/satta_17_07_1957.md
sorpozhivugal/satta_desiya_ava.md,ocr,827,31487,/Users/pugazhendhirajendran/Documents/Codex/2026-07-09/https-www-annavinpadaippugal-info/outputs/annavin_text_extractor/md_pages/sorpozhivugal/satta_desiya_ava.md,/Users/pugazhendhirajendran/Documents/Codex/2026-07-09/https-www-annavinpadaippugal-info/outputs/annavin_text_extractor/ocr_text_corrected/sorpozhivugal/satta_desiya_ava.md
sorpozhivugal/sattamandram_first.md,ocr,833,97892,/Users/pugazhendhirajendran/Documents/Codex/2026-07-09/https-www-annavinpadaippugal-info/outputs/annavin_text_extractor/md_pages/sorpozhivugal/sattamandram_first.md,/Users/pugazhendhirajendran/Documents/Codex/2026-07-09/https-www-annavinpadaippugal-info/outputs/annavin_text_extractor/ocr_text_corrected/sorpozhivugal/sattamandram_first.md
sorpozhivugal/seermigu_seerani.md,ocr,827,31400,/Users/pugazhendhirajendran/Documents/Codex/2026-07-09/https-www-annavinpadaippugal-info/outputs/annavin_text_extractor/md_pages/sorpozhivugal/seermigu_seerani.md,/Users/pugazhendhirajendran/Documents/Codex/2026-07-09/https-www-annavinpadaippugal-info/outputs/annavin_text_extractor/ocr_text_corrected/sorpozhivugal/seermigu_seerani.md
sorpozhivugal/sollum_payan.md,ocr,815,58240,/Users/pugazhendhirajendran/Documents/Codex/2026-07-09/https-www-annavinpadaippugal-info/outputs/annavin_text_extractor/md_pages/sorpozhivugal/sollum_payan.md,/Users/pugazhendhirajendran/Documents/Codex/2026-07-09/https-www-annavinpadaippugal-info/outputs/annavin_text_extractor/ocr_text_corrected/sorpozhivugal/sollum_payan.md
sorpozhivugal/sootchamam.md,ocr,809,12790,/Users/pugazhendhirajendran/Documents/Codex/2026-07-09/https-www-annavinpadaippugal-info/outputs/annavin_text_extractor/md_pages/sorpozhivugal/sootchamam.md,/Users/pugazhendhirajendran/Documents/Codex/2026-07-09/https-www-annavinpadaippugal-info/outputs/annavin_text_extractor/ocr_text_corrected/sorpozhivugal/sootchamam.md
sorpozhivugal/standly.md,ocr,800,21702,/Users/pugazhendhirajendran/Documents/Codex/2026-07-09/https-www-annavinpadaippugal-info/outputs/annavin_text_extractor/md_pages/sorpozhivugal/standly.md,/Users/pugazhendhirajendran/Documents/Codex/2026-07-09/https-www-annavinpadaippugal-info/outputs/annavin_text_extractor/ocr_text_corrected/sorpozhivugal/standly.md
sorpozhivugal/sthabana_aykyam.md,ocr,824,39003,/Users/pugazhendhirajendran/Documents/Codex/2026-07-09/https-www-annavinpadaippugal-info/outputs/annavin_text_extractor/md_pages/sorpozhivugal/sthabana_aykyam.md,/Users/pugazhendhirajendran/Documents/Codex/2026-07-09/https-www-annavinpadaippugal-info/outputs/annavin_text_extractor/ocr_text_corrected/sorpozhivugal/sthabana_aykyam.md
sorpozhivugal/sudhanthira_kaiyelu.md,ocr,841,11403,/Users/pugazhendhirajendran/Documents/Codex/2026-07-09/https-www-annavinpadaippugal-info/outputs/annavin_text_extractor/md_pages/sorpozhivugal/sudhanthira_kaiyelu.md,/Users/pugazhendhirajendran/Documents/Codex/2026-07-09/https-www-annavinpadaippugal-info/outputs/annavin_text_extractor/ocr_text_corrected/sorpozhivugal/sudhanthira_kaiyelu.md
sorpozhivugal/suthanthira_indiavil.md,ocr,839,28551,/Users/pugazhendhirajendran/Documents/Codex/2026-07-09/https-www-annavinpadaippugal-info/outputs/annavin_text_extractor/md_pages/sorpozhivugal/suthanthira_indiavil.md,/Users/pugazhendhirajendran/Documents/Codex/2026-07-09/https-www-annavinpadaippugal-info/outputs/annavin_text_extractor/ocr_text_corrected/sorpozhivugal/suthanthira_indiavil.md
sorpozhivugal/tamil_azhikum.md,ocr,818,28861,/Users/pugazhendhirajendran/Documents/Codex/2026-07-09/https-www-annavinpadaippugal-info/outputs/annavin_text_extractor/md_pages/sorpozhivugal/tamil_azhikum.md,/Users/pugazhendhirajendran/Documents/Codex/2026-07-09/https-www-annavinpadaippugal-info/outputs/annavin_text_extractor/ocr_text_corrected/sorpozhivugal/tamil_azhikum.md
sorpozhivugal/tamil_umathu.md,ocr,815,56051,/Users/pugazhendhirajendran/Documents/Codex/2026-07-09/https-www-annavinpadaippugal-info/outputs/annavin_text_extractor/md_pages/sorpozhivugal/tamil_umathu.md,/Users/pugazhendhirajendran/Documents/Codex/2026-07-09/https-www-annavinpadaippugal-info/outputs/annavin_text_extractor/ocr_text_corrected/sorpozhivugal/tamil_umathu.md
sorpozhivugal/tamilarignan.md,ocr,815,5095,/Users/pugazhendhirajendran/Documents/Codex/2026-07-09/https-www-annavinpadaippugal-info/outputs/annavin_text_extractor/md_pages/sorpozhivugal/tamilarignan.md,/Users/pugazhendhirajendran/Documents/Codex/2026-07-09/https-www-annavinpadaippugal-info/outputs/annavin_text_extractor/ocr_text_corrected/sorpozhivugal/tamilarignan.md
sorpozhivugal/tamilarin_thani.md,ocr,824,40289,/Users/pugazhendhirajendran/Documents/Codex/2026-07-09/https-www-annavinpadaippugal-info/outputs/annavin_text_extractor/md_pages/sorpozhivugal/tamilarin_thani.md,/Users/pugazhendhirajendran/Documents/Codex/2026-07-09/https-www-annavinpadaippugal-info/outputs/annavin_text_extractor/ocr_text_corrected/sorpozhivugal/tamilarin_thani.md
sorpozhivugal/thaeni_pothu.md,ocr,815,8538,/Users/pugazhendhirajendran/Documents/Codex/2026-07-09/https-www-annavinpadaippugal-info/outputs/annavin_text_extractor/md_pages/sorpozhivugal/thaeni_pothu.md,/Users/pugazhendhirajendran/Documents/Codex/2026-07-09/https-www-annavinpadaippugal-info/outputs/annavin_text_extractor/ocr_text_corrected/sorpozhivugal/thaeni_pothu.md
sorpozhivugal/thaiyarkalayum.md,ocr,821,53041,/Users/pugazhendhirajendran/Documents/Codex/2026-07-09/https-www-annavinpadaippugal-info/outputs/annavin_text_extractor/md_pages/sorpozhivugal/thaiyarkalayum.md,/Users/pugazhendhirajendran/Documents/Codex/2026-07-09/https-www-annavinpadaippugal-info/outputs/annavin_text_extractor/ocr_text_corrected/sorpozhivugal/thaiyarkalayum.md
sorpozhivugal/thambiyae_va.md,ocr,815,18301,/Users/pugazhendhirajendran/Documents/Codex/2026-07-09/https-www-annavinpadaippugal-info/outputs/annavin_text_extractor/md_pages/sorpozhivugal/thambiyae_va.md,/Users/pugazhendhirajendran/Documents/Codex/2026-07-09/https-www-annavinpadaippugal-info/outputs/annavin_text_extractor/ocr_text_corrected/sorpozhivugal/thambiyae_va.md
sorpozhivugal/thambiyudayan.md,ocr,818,90256,/Users/pugazhendhirajendran/Documents/Codex/2026-07-09/https-www-annavinpadaippugal-info/outputs/annavin_text_extractor/md_pages/sorpozhivugal/thambiyudayan.md,/Users/pugazhendhirajendran/Documents/Codex/2026-07-09/https-www-annavinpadaippugal-info/outputs/annavin_text_extractor/ocr_text_corrected/sorpozhivugal/thambiyudayan.md
sorpozhivugal/thamizhagathirku.md,ocr,827,15063,/Users/pugazhendhirajendran/Documents/Codex/2026-07-09/https-www-annavinpadaippugal-info/outputs/annavin_text_extractor/md_pages/sorpozhivugal/thamizhagathirku.md,/Users/pugazhendhirajendran/Documents/Codex/2026-07-09/https-www-annavinpadaippugal-info/outputs/annavin_text_extractor/ocr_text_corrected/sorpozhivugal/thamizhagathirku.md
sorpozhivugal/thamizhinamae.md,ocr,818,40681,/Users/pugazhendhirajendran/Documents/Codex/2026-07-09/https-www-annavinpadaippugal-info/outputs/annavin_text_extractor/md_pages/sorpozhivugal/thamizhinamae.md,/Users/pugazhendhirajendran/Documents/Codex/2026-07-09/https-www-annavinpadaippugal-info/outputs/annavin_text_extractor/ocr_text_corrected/sorpozhivugal/thamizhinamae.md
sorpozhivugal/thaniyar_kalvi.md,ocr,821,16642,/Users/pugazhendhirajendran/Documents/Codex/2026-07-09/https-www-annavinpadaippugal-info/outputs/annavin_text_extractor/md_pages/sorpozhivugal/thaniyar_kalvi.md,/Users/pugazhendhirajendran/Documents/Codex/2026-07-09/https-www-annavinpadaippugal-info/outputs/annavin_text_extractor/ocr_text_corrected/sorpozhivugal/thaniyar_kalvi.md
sorpozhivugal/thanjai_manattil.md,ocr,827,27639,/Users/pugazhendhirajendran/Documents/Codex/2026-07-09/https-www-annavinpadaippugal-info/outputs/annavin_text_extractor/md_pages/sorpozhivugal/thanjai_manattil.md,/Users/pugazhendhirajendran/Documents/Codex/2026-07-09/https-www-annavinpadaippugal-info/outputs/annavin_text_extractor/ocr_text_corrected/sorpozhivugal/thanjai_manattil.md
sorpozhivugal/tharugiraen50.md,ocr,818,34083,/Users/pugazhendhirajendran/Documents/Codex/2026-07-09/https-www-annavinpadaippugal-info/outputs/annavin_text_extractor/md_pages/sorpozhivugal/tharugiraen50.md,/Users/pugazhendhirajendran/Documents/Codex/2026-07-09/https-www-annavinpadaippugal-info/outputs/annavin_text_extractor/ocr_text_corrected/sorpozhivugal/tharugiraen50.md
sorpozhivugal/thazhtha200358.md,ocr,821,53607,/Users/pugazhendhirajendran/Documents/Codex/2026-07-09/https-www-annavinpadaippugal-info/outputs/annavin_text_extractor/md_pages/sorpozhivugal/thazhtha200358.md,/Users/pugazhendhirajendran/Documents/Codex/2026-07-09/https-www-annavinpadaippugal-info/outputs/annavin_text_extractor/ocr_text_corrected/sorpozhivugal/thazhtha200358.md
sorpozhivugal/the_role_of.md,ocr,812,21917,/Users/pugazhendhirajendran/Documents/Codex/2026-07-09/https-www-annavinpadaippugal-info/outputs/annavin_text_extractor/md_pages/sorpozhivugal/the_role_of.md,/Users/pugazhendhirajendran/Documents/Codex/2026-07-09/https-www-annavinpadaippugal-info/outputs/annavin_text_extractor/ocr_text_corrected/sorpozhivugal/the_role_of.md
sorpozhivugal/thee_paravattum_1.md,ocr,830,101921,/Users/pugazhendhirajendran/Documents/Codex/2026-07-09/https-www-annavinpadaippugal-info/outputs/annavin_text_extractor/md_pages/sorpozhivugal/thee_paravattum_1.md,/Users/pugazhendhirajendran/Documents/Codex/2026-07-09/https-www-annavinpadaippugal-info/outputs/annavin_text_extractor/ocr_text_corrected/sorpozhivugal/thee_paravattum_1.md
sorpozhivugal/thee_paravattum_2_1.md,ocr,836,73094,/Users/pugazhendhirajendran/Documents/Codex/2026-07-09/https-www-annavinpadaippugal-info/outputs/annavin_text_extractor/md_pages/sorpozhivugal/thee_paravattum_2_1.md,/Users/pugazhendhirajendran/Documents/Codex/2026-07-09/https-www-annavinpadaippugal-info/outputs/annavin_text_extractor/ocr_text_corrected/sorpozhivugal/thee_paravattum_2_1.md
sorpozhivugal/theendamai.md,ocr,809,32021,/Users/pugazhendhirajendran/Documents/Codex/2026-07-09/https-www-annavinpadaippugal-info/outputs/annavin_text_extractor/md_pages/sorpozhivugal/theendamai.md,/Users/pugazhendhirajendran/Documents/Codex/2026-07-09/https-www-annavinpadaippugal-info/outputs/annavin_text_extractor/ocr_text_corrected/sorpozhivugal/theendamai.md
sorpozhivugal/thimuka_moondravathu.md,ocr,839,15578,/Users/pugazhendhirajendran/Documents/Codex/2026-07-09/https-www-annavinpadaippugal-info/outputs/annavin_text_extractor/md_pages/sorpozhivugal/thimuka_moondravathu.md,/Users/pugazhendhirajendran/Documents/Codex/2026-07-09/https-www-annavinpadaippugal-info/outputs/annavin_text_extractor/ocr_text_corrected/sorpozhivugal/thimuka_moondravathu.md
sorpozhivugal/thimuka_pothu.md,ocr,818,9946,/Users/pugazhendhirajendran/Documents/Codex/2026-07-09/https-www-annavinpadaippugal-info/outputs/annavin_text_extractor/md_pages/sorpozhivugal/thimuka_pothu.md,/Users/pugazhendhirajendran/Documents/Codex/2026-07-09/https-www-annavinpadaippugal-info/outputs/annavin_text_extractor/ocr_text_corrected/sorpozhivugal/thimuka_pothu.md
sorpozhivugal/thimuka_thaer_sira.md,ocr,833,14017,/Users/pugazhendhirajendran/Documents/Codex/2026-07-09/https-www-annavinpadaippugal-info/outputs/annavin_text_extractor/md_pages/sorpozhivugal/thimuka_thaer_sira.md,/Users/pugazhendhirajendran/Documents/Codex/2026-07-09/https-www-annavinpadaippugal-info/outputs/annavin_text_extractor/ocr_text_corrected/sorpozhivugal/thimuka_thaer_sira.md
sorpozhivugal/thimuka_thuvak.md,ocr,821,73593,/Users/pugazhendhirajendran/Documents/Codex/2026-07-09/https-www-annavinpadaippugal-info/outputs/annavin_text_extractor/md_pages/sorpozhivugal/thimuka_thuvak.md,/Users/pugazhendhirajendran/Documents/Codex/2026-07-09/https-www-annavinpadaippugal-info/outputs/annavin_text_extractor/ocr_text_corrected/sorpozhivugal/thimuka_thuvak.md
sorpozhivugal/thiruppathur.md,ocr,815,30421,/Users/pugazhendhirajendran/Documents/Codex/2026-07-09/https-www-annavinpadaippugal-info/outputs/annavin_text_extractor/md_pages/sorpozhivugal/thiruppathur.md,/Users/pugazhendhirajendran/Documents/Codex/2026-07-09/https-www-annavinpadaippugal-info/outputs/annavin_text_extractor/ocr_text_corrected/sorpozhivugal/thiruppathur.md
sorpozhivugal/thithikkkum.md,ocr,812,23146,/Users/pugazhendhirajendran/Documents/Codex/2026-07-09/https-www-annavinpadaippugal-info/outputs/annavin_text_extractor/md_pages/sorpozhivugal/thithikkkum.md,/Users/pugazhendhirajendran/Documents/Codex/2026-07-09/https-www-annavinpadaippugal-info/outputs/annavin_text_extractor/ocr_text_corrected/sorpozhivugal/thithikkkum.md
sorpozhivugal/thoazhamaya.md,ocr,812,33551,/Users/pugazhendhirajendran/Documents/Codex/2026-07-09/https-www-annavinpadaippugal-info/outputs/annavin_text_extractor/md_pages/sorpozhivugal/thoazhamaya.md,/Users/pugazhendhirajendran/Documents/Codex/2026-07-09/https-www-annavinpadaippugal-info/outputs/annavin_text_extractor/ocr_text_corrected/sorpozhivugal/thoazhamaya.md
sorpozhivugal/thozhamayai.md,ocr,812,4398,/Users/pugazhendhirajendran/Documents/Codex/2026-07-09/https-www-annavinpadaippugal-info/outputs/annavin_text_extractor/md_pages/sorpozhivugal/thozhamayai.md,/Users/pugazhendhirajendran/Documents/Codex/2026-07-09/https-www-annavinpadaippugal-info/outputs/annavin_text_extractor/ocr_text_corrected/sorpozhivugal/thozhamayai.md
sorpozhivugal/thozhil080460.md,ocr,818,87471,/Users/pugazhendhirajendran/Documents/Codex/2026-07-09/https-www-annavinpadaippugal-info/outputs/annavin_text_extractor/md_pages/sorpozhivugal/thozhil080460.md,/Users/pugazhendhirajendran/Documents/Codex/2026-07-09/https-www-annavinpadaippugal-info/outputs/annavin_text_extractor/ocr_text_corrected/sorpozhivugal/thozhil080460.md
sorpozhivugal/thozhil240757.md,ocr,818,46824,/Users/pugazhendhirajendran/Documents/Codex/2026-07-09/https-www-annavinpadaippugal-info/outputs/annavin_text_extractor/md_pages/sorpozhivugal/thozhil240757.md,/Users/pugazhendhirajendran/Documents/Codex/2026-07-09/https-www-annavinpadaippugal-info/outputs/annavin_text_extractor/ocr_text_corrected/sorpozhivugal/thozhil240757.md
sorpozhivugal/ullatchi051157.md,ocr,821,46519,/Users/pugazhendhirajendran/Documents/Codex/2026-07-09/https-www-annavinpadaippugal-info/outputs/annavin_text_extractor/md_pages/sorpozhivugal/ullatchi051157.md,/Users/pugazhendhirajendran/Documents/Codex/2026-07-09/https-www-annavinpadaippugal-info/outputs/annavin_text_extractor/ocr_text_corrected/sorpozhivugal/ullatchi051157.md
sorpozhivugal/unavu100958.md,ocr,812,66469,/Users/pugazhendhirajendran/Documents/Codex/2026-07-09/https-www-annavinpadaippugal-info/outputs/annavin_text_extractor/md_pages/sorpozhivugal/unavu100958.md,/Users/pugazhendhirajendran/Documents/Codex/2026-07-09/https-www-annavinpadaippugal-info/outputs/annavin_text_extractor/ocr_text_corrected/sorpozhivugal/unavu100958.md
sorpozhivugal/urimai161259.md,ocr,815,30516,/Users/pugazhendhirajendran/Documents/Codex/2026-07-09/https-www-annavinpadaippugal-info/outputs/annavin_text_extractor/md_pages/sorpozhivugal/urimai161259.md,/Users/pugazhendhirajendran/Documents/Codex/2026-07-09/https-www-annavinpadaippugal-info/outputs/annavin_text_extractor/ocr_text_corrected/sorpozhivugal/urimai161259.md
sorpozhivugal/uruvagum_varalaru.md,ocr,694,167975,/Users/pugazhendhirajendran/Documents/Codex/2026-07-09/https-www-annavinpadaippugal-info/outputs/annavin_text_extractor/md_pages/sorpozhivugal/uruvagum_varalaru.md,/Users/pugazhendhirajendran/Documents/Codex/2026-07-09/https-www-annavinpadaippugal-info/outputs/annavin_text_extractor/ocr_text_corrected/sorpozhivugal/uruvagum_varalaru.md
sorpozhivugal/uthagai.md,ocr,800,11626,/Users/pugazhendhirajendran/Documents/Codex/2026-07-09/https-www-annavinpadaippugal-info/outputs/annavin_text_extractor/md_pages/sorpozhivugal/uthagai.md,/Users/pugazhendhirajendran/Documents/Codex/2026-07-09/https-www-annavinpadaippugal-info/outputs/annavin_text_extractor/ocr_text_corrected/sorpozhivugal/uthagai.md
sorpozhivugal/veetirkor_putha.md,ocr,824,35353,/Users/pugazhendhirajendran/Documents/Codex/2026-07-09/https-www-annavinpadaippugal-info/outputs/annavin_text_extractor/md_pages/sorpozhivugal/veetirkor_putha.md,/Users/pugazhendhirajendran/Documents/Codex/2026-07-09/https-www-annavinpadaippugal-info/outputs/annavin_text_extractor/ocr_text_corrected/sorpozhivugal/veetirkor_putha.md
sorpozhivugal/veettuku_oar.md,ocr,815,14433,/Users/pugazhendhirajendran/Documents/Codex/2026-07-09/https-www-annavinpadaippugal-info/outputs/annavin_text_extractor/md_pages/sorpozhivugal/veettuku_oar.md,/Users/pugazhendhirajendran/Documents/Codex/2026-07-09/https-www-annavinpadaippugal-info/outputs/annavin_text_extractor/ocr_text_corrected/sorpozhivugal/veettuku_oar.md
sorpozhivugal/velanmai180948.md,ocr,821,38874,/Users/pugazhendhirajendran/Documents/Codex/2026-07-09/https-www-annavinpadaippugal-info/outputs/annavin_text_extractor/md_pages/sorpozhivugal/velanmai180948.md,/Users/pugazhendhirajendran/Documents/Codex/2026-07-09/https-www-annavinpadaippugal-info/outputs/annavin_text_extractor/ocr_text_corrected/sorpozhivugal/velanmai180948.md
sorpozhivugal/velanmai190359.md,ocr,821,44708,/Users/pugazhendhirajendran/Documents/Codex/2026-07-09/https-www-annavinpadaippugal-info/outputs/annavin_text_extractor/md_pages/sorpozhivugal/velanmai190359.md,/Users/pugazhendhirajendran/Documents/Codex/2026-07-09/https-www-annavinpadaippugal-info/outputs/annavin_text_extractor/ocr_text_corrected/sorpozhivugal/velanmai190359.md
sorpozhivugal/velanmai260358.md,ocr,821,50987,/Users/pugazhendhirajendran/Documents/Codex/2026-07-09/https-www-annavinpadaippugal-info/outputs/annavin_text_extractor/md_pages/sorpozhivugal/velanmai260358.md,/Users/pugazhendhirajendran/Documents/Codex/2026-07-09/https-www-annavinpadaippugal-info/outputs/annavin_text_extractor/ocr_text_corrected/sorpozhivugal/velanmai260358.md
sorpozhivugal/velludai.md,ocr,803,62117,/Users/pugazhendhirajendran/Documents/Codex/2026-07-09/https-www-annavinpadaippugal-info/outputs/annavin_text_extractor/md_pages/sorpozhivugal/velludai.md,/Users/pugazhendhirajendran/Documents/Codex/2026-07-09/https-www-annavinpadaippugal-info/outputs/annavin_text_extractor/ocr_text_corrected/sorpozhivugal/velludai.md
sorpozhivugal/vetri_veerargalukku.md,ocr,836,37954,/Users/pugazhendhirajendran/Documents/Codex/2026-07-09/https-www-annavinpadaippugal-info/outputs/annavin_text_extractor/md_pages/sorpozhivugal/vetri_veerargalukku.md,/Users/pugazhendhirajendran/Documents/Codex/2026-07-09/https-www-annavinpadaippugal-info/outputs/annavin_text_extractor/ocr_text_corrected/sorpozhivugal/vetri_veerargalukku.md
sorpozhivugal/viduthalai_iyakkam.md,ocr,833,43355,/Users/pugazhendhirajendran/Documents/Codex/2026-07-09/https-www-annavinpadaippugal-info/outputs/annavin_text_extractor/md_pages/sorpozhivugal/viduthalai_iyakkam.md,/Users/pugazhendhirajendran/Documents/Codex/2026-07-09/https-www-annavinpadaippugal-info/outputs/annavin_text_extractor/ocr_text_corrected/sorpozhivugal/viduthalai_iyakkam.md
sorpozhivugal/viduthalai_thirunalil.md,ocr,842,30741,/Users/pugazhendhirajendran/Documents/Codex/2026-07-09/https-www-annavinpadaippugal-info/outputs/annavin_text_extractor/md_pages/sorpozhivugal/viduthalai_thirunalil.md,/Users/pugazhendhirajendran/Documents/Codex/2026-07-09/https-www-annavinpadaippugal-info/outputs/annavin_text_extractor/ocr_text_corrected/sorpozhivugal/viduthalai_thirunalil.md
sorpozhivugal/vilanginai.md,ocr,809,56165,/Users/pugazhendhirajendran/Documents/Codex/2026-07-09/https-www-annavinpadaippugal-info/outputs/annavin_text_extractor/md_pages/sorpozhivugal/vilanginai.md,/Users/pugazhendhirajendran/Documents/Codex/2026-07-09/https-www-annavinpadaippugal-info/outputs/annavin_text_extractor/ocr_text_corrected/sorpozhivugal/vilanginai.md
sorpozhivugal/vithikku_adimai.md,ocr,824,36139,/Users/pugazhendhirajendran/Documents/Codex/2026-07-09/https-www-annavinpadaippugal-info/outputs/annavin_text_extractor/md_pages/sorpozhivugal/vithikku_adimai.md,/Users/pugazhendhirajendran/Documents/Codex/2026-07-09/https-www-annavinpadaippugal-info/outputs/annavin_text_extractor/ocr_text_corrected/sorpozhivugal/vithikku_adimai.md
sorpozhivugal/yathum_oorae.md,ocr,815,15253,/Users/pugazhendhirajendran/Documents/Codex/2026-07-09/https-www-annavinpadaippugal-info/outputs/annavin_text_extractor/md_pages/sorpozhivugal/yathum_oorae.md,/Users/pugazhendhirajendran/Documents/Codex/2026-07-09/https-www-annavinpadaippugal-info/outputs/annavin_text_extractor/ocr_text_corrected/sorpozhivugal/yathum_oorae.md
